fold,rule_id,family,description,params,signal_count,corridors_with_signals,mean_lift,median_lift,mean_bps,mean_signals_per_week,positive_share,mean_cluster_share,passed
wf_2022,level__pct_w20_p05,level,Курс входит в нижние 5% за 20 публикаций,"{'window': 20, 'threshold': 0.05}",182,5,1.058927309630485,0.9552825552825553,10.848425317708223,0.7137254901960783,0.4,0.46559073144439,False
wf_2022,level__pct_w20_p10,level,Курс входит в нижние 10% за 20 публикаций,"{'window': 20, 'threshold': 0.1}",277,5,1.152193404260872,1.0927014873746108,13.382733733167944,1.0862745098039217,0.8,0.6665402669932184,True
wf_2022,level__pct_w20_p20,level,Курс входит в нижние 20% за 20 публикаций,"{'window': 20, 'threshold': 0.2}",412,5,1.0806082399331556,1.0956336022781206,10.856301711050829,1.615686274509804,0.8,0.7400366244689089,True
wf_2022,level__pct_w60_p05,level,Курс входит в нижние 5% за 60 публикаций,"{'window': 60, 'threshold': 0.05}",166,5,1.4690797475708464,1.5997366688610928,22.81575522440165,0.6509803921568628,0.8,0.7228075634349607,True
wf_2022,level__pct_w60_p10,level,Курс входит в нижние 10% за 60 публикаций,"{'window': 60, 'threshold': 0.1}",247,5,1.4673335324716947,1.562198649951784,27.735136332582208,0.968627450980392,0.8,0.7596747628707715,True
wf_2022,level__pct_w60_p20,level,Курс входит в нижние 20% за 60 публикаций,"{'window': 60, 'threshold': 0.2}",385,5,1.253621491011154,1.2296015180265656,20.33267384948298,1.5098039215686274,1.0,0.7652213019954957,True
wf_2022,level__pct_w90_p05,level,Курс входит в нижние 5% за 90 публикаций,"{'window': 90, 'threshold': 0.05}",164,5,1.6410509345376174,1.8,32.01118258151119,0.6431372549019608,0.8,0.7253174603174604,True
wf_2022,level__pct_w90_p10,level,Курс входит в нижние 10% за 90 публикаций,"{'window': 90, 'threshold': 0.1}",258,5,1.4759126511619507,1.4100580270793037,35.198025871735084,1.011764705882353,0.8,0.7463499746351945,True
wf_2022,level__pct_w90_p20,level,Курс входит в нижние 20% за 90 публикаций,"{'window': 90, 'threshold': 0.2}",435,5,1.249154562183581,1.2220502901353967,19.056016717453815,1.7058823529411764,1.0,0.8418903059427334,True
wf_2022,level__pct_w120_p05,level,Курс входит в нижние 5% за 120 публикаций,"{'window': 120, 'threshold': 0.05}",201,5,1.6110936426840499,1.732620320855615,36.33967951801604,0.7882352941176471,0.8,0.7421895751307516,True
wf_2022,level__pct_w120_p10,level,Курс входит в нижние 10% за 120 публикаций,"{'window': 120, 'threshold': 0.1}",303,5,1.3414621501724333,1.3144016227180528,25.922381598756807,1.188235294117647,1.0,0.7705751660099939,True
wf_2022,level__pct_w120_p20,level,Курс входит в нижние 20% за 120 публикаций,"{'window': 120, 'threshold': 0.2}",493,5,1.289591987421813,1.299980186249257,19.68135619770169,1.9333333333333331,1.0,0.8639489912295437,True
wf_2022,level__pct_w250_p05,level,Курс входит в нижние 5% за 250 публикаций,"{'window': 250, 'threshold': 0.05}",221,5,1.501428242597822,1.494809688581315,32.31621539521464,0.8666666666666666,1.0,0.7862472766884532,True
wf_2022,level__pct_w250_p10,level,Курс входит в нижние 10% за 250 публикаций,"{'window': 250, 'threshold': 0.1}",398,5,1.388921727363266,1.4294117647058824,24.60888962294021,1.5607843137254902,1.0,0.8329888947031805,True
wf_2022,level__pct_w250_p20,level,Курс входит в нижние 20% за 250 публикаций,"{'window': 250, 'threshold': 0.2}",635,5,1.165219455106176,1.2,10.85727064670459,2.490196078431373,0.8,0.9215547744747437,True
wf_2022,level__near_min_w20_bp0,level,Курс не дальше 0 б.п. от минимума за 20 публикаций,"{'window': 20, 'tolerance_bp': 0}",182,5,1.058927309630485,0.9552825552825553,10.848425317708223,0.7137254901960783,0.4,0.46559073144439,False
wf_2022,level__near_min_w20_bp10,level,Курс не дальше 10 б.п. от минимума за 20 публикаций,"{'window': 20, 'tolerance_bp': 10}",236,5,0.9704334883617876,0.9496309161962657,8.783128404931634,0.9254901960784313,0.4,0.588131783086346,False
wf_2022,level__near_min_w20_bp25,level,Курс не дальше 25 б.п. от минимума за 20 публикаций,"{'window': 20, 'tolerance_bp': 25}",310,5,1.0652442817929673,1.0664576802507837,10.760836935788682,1.2156862745098038,0.6,0.7084046043299896,True
wf_2022,level__near_min_w20_bp50,level,Курс не дальше 50 б.п. от минимума за 20 публикаций,"{'window': 20, 'tolerance_bp': 50}",421,5,1.0369991363782902,1.0776053215077606,5.717908268511513,1.6509803921568629,0.6,0.7815833299958616,True
wf_2022,level__near_min_w60_bp0,level,Курс не дальше 0 б.п. от минимума за 60 публикаций,"{'window': 60, 'tolerance_bp': 0}",76,5,1.524430428767078,1.5497448979591837,27.056588802949413,0.29803921568627445,0.6,0.44744720965309204,True
wf_2022,level__near_min_w60_bp10,level,Курс не дальше 10 б.п. от минимума за 60 публикаций,"{'window': 60, 'tolerance_bp': 10}",99,5,1.3745350213051073,1.4660633484162897,20.124572385460134,0.38823529411764707,0.6,0.5762078528681944,True
wf_2022,level__near_min_w60_bp25,level,Курс не дальше 25 б.п. от минимума за 60 публикаций,"{'window': 60, 'tolerance_bp': 25}",147,5,1.441560876495625,1.6740858505564389,20.545801858296056,0.5764705882352941,0.8,0.6843570731857177,True
wf_2022,level__near_min_w60_bp50,level,Курс не дальше 50 б.п. от минимума за 60 публикаций,"{'window': 60, 'tolerance_bp': 50}",209,5,1.3185330557994253,1.3485016648168702,17.167674370862,0.819607843137255,0.8,0.7712379697595846,True
wf_2022,level__near_min_w120_bp0,level,Курс не дальше 0 б.п. от минимума за 120 публикаций,"{'window': 120, 'tolerance_bp': 0}",63,5,1.6739306945724834,1.9058823529411766,32.71624638419285,0.24705882352941178,0.6,0.4166666666666667,True
wf_2022,level__near_min_w120_bp10,level,Курс не дальше 10 б.п. от минимума за 120 публикаций,"{'window': 120, 'tolerance_bp': 10}",84,5,1.5226652948238646,1.6572890025575449,25.906161330331116,0.32941176470588235,0.8,0.5567818654775176,True
wf_2022,level__near_min_w120_bp25,level,Курс не дальше 25 б.п. от минимума за 120 публикаций,"{'window': 120, 'tolerance_bp': 25}",120,5,1.5760881575088534,1.8217993079584776,29.52593951629953,0.47058823529411764,0.6,0.6773576097105508,True
wf_2022,level__near_min_w120_bp50,level,Курс не дальше 50 б.п. от минимума за 120 публикаций,"{'window': 120, 'tolerance_bp': 50}",167,5,1.4034039405013286,1.4889705882352942,21.96315764387959,0.6549019607843137,0.8,0.7674736495388669,True
wf_2022,level__z_sma_w10_m0p5,level,Курс ниже SMA(10) на 0.5 sigma,"{'kind': 'sma', 'window': 10, 'threshold': -0.5}",523,5,0.9515012569363748,0.9007943512797881,2.0673565206329223,2.0509803921568626,0.2,0.7480900991964677,False
wf_2022,level__z_sma_w10_m1p0,level,Курс ниже SMA(10) на 1.0 sigma,"{'kind': 'sma', 'window': 10, 'threshold': -1.0}",376,5,1.046959276638781,1.0735446985446986,8.472356879559166,1.4745098039215687,0.8,0.6661539859186918,True
wf_2022,level__z_sma_w10_m1p5,level,Курс ниже SMA(10) на 1.5 sigma,"{'kind': 'sma', 'window': 10, 'threshold': -1.5}",148,5,0.8942016590537388,0.8580508474576272,1.925722935693513,0.580392156862745,0.4,0.45628397140493915,False
wf_2022,level__z_sma_w20_m0p5,level,Курс ниже SMA(20) на 0.5 sigma,"{'kind': 'sma', 'window': 20, 'threshold': -0.5}",571,5,1.0330093127974787,1.0296610169491525,9.190049312053052,2.23921568627451,0.6,0.8140269824938681,True
wf_2022,level__z_sma_w20_m1p0,level,Курс ниже SMA(20) на 1.0 sigma,"{'kind': 'sma', 'window': 20, 'threshold': -1.0}",364,5,1.0729796048685292,1.072987012987013,10.58683327059938,1.4274509803921567,0.8,0.7459742071897855,True
wf_2022,level__z_sma_w20_m1p5,level,Курс ниже SMA(20) на 1.5 sigma,"{'kind': 'sma', 'window': 20, 'threshold': -1.5}",175,5,1.2829969171442925,1.4165341812400638,19.019128299840947,0.6862745098039216,0.6,0.6803090986760127,True
wf_2022,level__z_sma_w60_m0p5,level,Курс ниже SMA(60) на 0.5 sigma,"{'kind': 'sma', 'window': 60, 'threshold': -0.5}",564,5,1.1580192200702744,1.1479591836734695,15.613789101951792,2.211764705882353,1.0,0.8812739300484662,True
wf_2022,level__z_sma_w60_m1p0,level,Курс ниже SMA(60) на 1.0 sigma,"{'kind': 'sma', 'window': 60, 'threshold': -1.0}",339,5,1.3399306161813729,1.3597761685319287,23.44581927597138,1.3294117647058825,0.8,0.7818120003649123,True
wf_2022,level__z_sma_w60_m1p5,level,Курс ниже SMA(60) на 1.5 sigma,"{'kind': 'sma', 'window': 60, 'threshold': -1.5}",144,5,1.6406726411318349,1.6530612244897958,28.45084633889533,0.5647058823529412,0.8,0.7775132275132275,True
wf_2022,level__z_sma_w120_m0p5,level,Курс ниже SMA(120) на 0.5 sigma,"{'kind': 'sma', 'window': 120, 'threshold': -0.5}",707,5,1.1896420029571726,1.1874101753377406,10.048552072479577,2.772549019607843,1.0,0.9199364760530738,True
wf_2022,level__z_sma_w120_m1p0,level,Курс ниже SMA(120) на 1.0 sigma,"{'kind': 'sma', 'window': 120, 'threshold': -1.0}",412,5,1.2541260870260131,1.235190615835777,16.582922981006483,1.615686274509804,1.0,0.8718381648927551,True
wf_2022,level__z_sma_w120_m1p5,level,Курс ниже SMA(120) на 1.5 sigma,"{'kind': 'sma', 'window': 120, 'threshold': -1.5}",182,5,1.5639156778837957,1.7100633356790993,32.065689895673906,0.7137254901960783,0.8,0.8358358595427561,True
wf_2022,level__z_ema_w10_m0p5,level,Курс ниже EMA(10) на 0.5 sigma,"{'kind': 'ema', 'window': 10, 'threshold': -0.5}",506,5,0.9963702131382697,0.972,5.33246422302948,1.9843137254901961,0.4,0.7422850410233588,False
wf_2022,level__z_ema_w10_m1p0,level,Курс ниже EMA(10) на 1.0 sigma,"{'kind': 'ema', 'window': 10, 'threshold': -1.0}",302,5,0.9709640264731061,0.9598420013166556,7.288862027786335,1.184313725490196,0.4,0.5578707549670395,False
wf_2022,level__z_ema_w10_m1p5,level,Курс ниже EMA(10) на 1.5 sigma,"{'kind': 'ema', 'window': 10, 'threshold': -1.5}",93,5,0.83364141057632,0.8751500600240096,1.2060887562500746,0.3647058823529411,0.2,0.3512191240132417,False
wf_2022,level__z_ema_w20_m0p5,level,Курс ниже EMA(20) на 0.5 sigma,"{'kind': 'ema', 'window': 20, 'threshold': -0.5}",537,5,1.0127744405909263,1.0133444537114262,9.060795851111266,2.105882352941176,0.6,0.799649180192801,True
wf_2022,level__z_ema_w20_m1p0,level,Курс ниже EMA(20) на 1.0 sigma,"{'kind': 'ema', 'window': 20, 'threshold': -1.0}",309,5,1.081058691289001,1.0210084033613445,9.865058193094185,1.2117647058823529,0.8,0.6899843272997417,True
wf_2022,level__z_ema_w20_m1p5,level,Курс ниже EMA(20) на 1.5 sigma,"{'kind': 'ema', 'window': 20, 'threshold': -1.5}",118,5,1.3843560102795727,1.3525046382189239,17.40818637976561,0.4627450980392157,1.0,0.6480783777625883,True
wf_2022,level__z_ema_w60_m0p5,level,Курс ниже EMA(60) на 0.5 sigma,"{'kind': 'ema', 'window': 60, 'threshold': -0.5}",587,5,1.0619537536858183,1.0710743801652893,10.714322636085688,2.3019607843137253,1.0,0.8912691739944115,True
wf_2022,level__z_ema_w60_m1p0,level,Курс ниже EMA(60) на 1.0 sigma,"{'kind': 'ema', 'window': 60, 'threshold': -1.0}",330,5,1.1849849138702855,1.1668667466986795,17.964091993076348,1.2941176470588234,0.8,0.7765186909351995,True
wf_2022,level__z_ema_w60_m1p5,level,Курс ниже EMA(60) на 1.5 sigma,"{'kind': 'ema', 'window': 60, 'threshold': -1.5}",140,5,1.4574938162940547,1.1525691699604743,27.027462719760422,0.5490196078431373,0.8,0.7478547539417105,True
wf_2022,level__z_ema_w120_m0p5,level,Курс ниже EMA(120) на 0.5 sigma,"{'kind': 'ema', 'window': 120, 'threshold': -0.5}",674,5,1.1147506340399436,1.0842163970998326,11.814164433874058,2.643137254901961,0.8,0.9114935831016053,True
wf_2022,level__z_ema_w120_m1p0,level,Курс ниже EMA(120) на 1.0 sigma,"{'kind': 'ema', 'window': 120, 'threshold': -1.0}",351,5,1.1765654817246511,1.0671661069491087,10.383295788212541,1.3764705882352941,1.0,0.8863987638731802,True
wf_2022,level__z_ema_w120_m1p5,level,Курс ниже EMA(120) на 1.5 sigma,"{'kind': 'ema', 'window': 120, 'threshold': -1.5}",196,5,1.209715796814852,1.136103896103896,10.335809907173973,0.7686274509803922,0.6,0.8456200611896316,True
wf_2022,level__boll_w10_k1p0,level,Курс ниже нижней Bollinger band 10/1.0,"{'window': 10, 'width': 1.0}",376,5,1.046959276638781,1.0735446985446986,8.472356879559166,1.4745098039215687,0.8,0.6661539859186918,True
wf_2022,level__boll_w10_k1p5,level,Курс ниже нижней Bollinger band 10/1.5,"{'window': 10, 'width': 1.5}",148,5,0.8942016590537388,0.8580508474576272,1.925722935693513,0.580392156862745,0.4,0.45628397140493915,False
wf_2022,level__boll_w10_k2p0,level,Курс ниже нижней Bollinger band 10/2.0,"{'window': 10, 'width': 2.0}",32,5,0.8579894829568664,0.8836363636363637,-5.616642103406685,0.12549019607843137,0.2,0.18,False
wf_2022,level__boll_w20_k1p0,level,Курс ниже нижней Bollinger band 20/1.0,"{'window': 20, 'width': 1.0}",364,5,1.0729796048685292,1.072987012987013,10.58683327059938,1.4274509803921567,0.8,0.7459742071897855,True
wf_2022,level__boll_w20_k1p5,level,Курс ниже нижней Bollinger band 20/1.5,"{'window': 20, 'width': 1.5}",175,5,1.2829969171442925,1.4165341812400638,19.019128299840947,0.6862745098039216,0.6,0.6803090986760127,True
wf_2022,level__boll_w20_k2p0,level,Курс ниже нижней Bollinger band 20/2.0,"{'window': 20, 'width': 2.0}",62,5,1.4589973450563112,1.4660633484162897,16.875013185917997,0.2431372549019608,0.8,0.5056166056166056,True
wf_2022,level__boll_w60_k1p0,level,Курс ниже нижней Bollinger band 60/1.0,"{'window': 60, 'width': 1.0}",339,5,1.3399306161813729,1.3597761685319287,23.44581927597138,1.3294117647058825,0.8,0.7818120003649123,True
wf_2022,level__boll_w60_k1p5,level,Курс ниже нижней Bollinger band 60/1.5,"{'window': 60, 'width': 1.5}",144,5,1.6406726411318349,1.6530612244897958,28.45084633889533,0.5647058823529412,0.8,0.7775132275132275,True
wf_2022,level__boll_w60_k2p0,level,Курс ниже нижней Bollinger band 60/2.0,"{'window': 60, 'width': 2.0}",74,5,1.5974070261030806,0.9918367346938776,19.883353543613445,0.2901960784313726,0.4,0.7106349206349206,False
wf_2022,momentum__down_streak_2,momentum,Курс снижается не менее 2 публикаций подряд,{'length': 2},341,5,0.9154520104753073,0.9074978454467106,-3.0663031884977516,1.3372549019607844,0.0,0.5372342066653767,False
wf_2022,momentum__down_streak_3,momentum,Курс снижается не менее 3 публикаций подряд,{'length': 3},184,5,1.0266779954663672,1.0103950103950106,2.695508241776226,0.7215686274509803,0.6,0.4741721768037558,True
wf_2022,momentum__down_streak_4,momentum,Курс снижается не менее 4 публикаций подряд,{'length': 4},88,5,1.2901784025238698,1.4877551020408162,7.3131423877895685,0.34509803921568627,0.8,0.5056459330143541,True
wf_2022,momentum__down_streak_5,momentum,Курс снижается не менее 5 публикаций подряд,{'length': 5},45,5,1.0403876838159705,0.823728813559322,1.858018082032072,0.1764705882352941,0.4,0.4333333333333334,False
wf_2022,momentum__ret_h1_w60_p10,momentum,Падение за 1 публикаций в нижнем 10% диапазоне,"{'horizon': 1, 'window': 60, 'quantile': 0.1}",108,5,1.0938384361490525,1.0296610169491525,22.64587103289052,0.4235294117647059,0.6,0.06367519589487552,True
wf_2022,momentum__ret_h1_w60_p20,momentum,Падение за 1 публикаций в нижнем 20% диапазоне,"{'horizon': 1, 'window': 60, 'quantile': 0.2}",227,5,0.9343248633182011,0.9848931466470154,4.082705137282665,0.8901960784313726,0.4,0.11284044297622227,False
wf_2022,momentum__ret_h1_w120_p10,momentum,Падение за 1 публикаций в нижнем 10% диапазоне,"{'horizon': 1, 'window': 120, 'quantile': 0.1}",101,5,1.0168180181874813,0.907563025210084,21.224507430266065,0.39607843137254906,0.4,0.08551073762838468,False
wf_2022,momentum__ret_h1_w120_p20,momentum,Падение за 1 публикаций в нижнем 20% диапазоне,"{'horizon': 1, 'window': 120, 'quantile': 0.2}",209,5,0.9554796514634049,1.0045473336089292,6.096237760619235,0.8196078431372549,0.6,0.11385985288424313,True
wf_2022,momentum__ret_h3_w60_p10,momentum,Падение за 3 публикаций в нижнем 10% диапазоне,"{'horizon': 3, 'window': 60, 'quantile': 0.1}",108,5,1.2758105507038784,1.239795918367347,21.821329515933,0.4235294117647059,0.6,0.3224652540442014,True
wf_2022,momentum__ret_h3_w60_p20,momentum,Падение за 3 публикаций в нижнем 20% диапазоне,"{'horizon': 3, 'window': 60, 'quantile': 0.2}",222,5,0.9588819444768346,0.9152542372881355,6.296176083884765,0.8705882352941178,0.4,0.48496250078779857,False
wf_2022,momentum__ret_h3_w120_p10,momentum,Падение за 3 публикаций в нижнем 10% диапазоне,"{'horizon': 3, 'window': 120, 'quantile': 0.1}",88,5,1.434752164441997,1.4013840830449829,26.73225418706098,0.34509803921568627,1.0,0.3036746844486783,True
wf_2022,momentum__ret_h3_w120_p20,momentum,Падение за 3 публикаций в нижнем 20% диапазоне,"{'horizon': 3, 'window': 120, 'quantile': 0.2}",194,5,1.050435361645828,1.0440386680988185,10.681608264477685,0.7607843137254902,0.6,0.45236424394319136,True
wf_2022,momentum__ret_h5_w60_p10,momentum,Падение за 5 публикаций в нижнем 10% диапазоне,"{'horizon': 5, 'window': 60, 'quantile': 0.1}",99,5,1.2283384326825433,1.235593220338983,21.919360045756115,0.38823529411764707,0.8,0.40169934640522875,True
wf_2022,momentum__ret_h5_w60_p20,momentum,Падение за 5 публикаций в нижнем 20% диапазоне,"{'horizon': 5, 'window': 60, 'quantile': 0.2}",211,5,1.1211152791980843,1.239795918367347,11.753876021613257,0.8274509803921568,0.8,0.5240170940170941,True
wf_2022,momentum__ret_h5_w120_p10,momentum,Падение за 5 публикаций в нижнем 10% диапазоне,"{'horizon': 5, 'window': 120, 'quantile': 0.1}",65,5,1.455579999689813,1.2113659022931207,25.26317462669307,0.2549019607843137,1.0,0.3811570782159018,True
wf_2022,momentum__ret_h5_w120_p20,momentum,Падение за 5 публикаций в нижнем 20% диапазоне,"{'horizon': 5, 'window': 120, 'quantile': 0.2}",184,5,1.1601875129570616,1.2252100840336133,11.655519568415283,0.7215686274509805,0.6,0.5210225885225885,True
wf_2022,momentum__ret_h10_w60_p10,momentum,Падение за 10 публикаций в нижнем 10% диапазоне,"{'horizon': 10, 'window': 60, 'quantile': 0.1}",99,5,1.1854739830251593,1.3224489795918368,21.97793976002611,0.38823529411764707,0.6,0.5107220950928044,True
wf_2022,momentum__ret_h10_w60_p20,momentum,Падение за 10 публикаций в нижнем 20% диапазоне,"{'horizon': 10, 'window': 60, 'quantile': 0.2}",216,5,1.006311469257923,1.051948051948052,7.674545842995341,0.8470588235294118,0.8,0.6519237076566304,True
wf_2022,momentum__ret_h10_w120_p10,momentum,Падение за 10 публикаций в нижнем 10% диапазоне,"{'horizon': 10, 'window': 120, 'quantile': 0.1}",82,5,1.330787970146481,1.2623376623376623,23.917198292655222,0.3215686274509804,0.8,0.5938345864661654,True
wf_2022,momentum__ret_h10_w120_p20,momentum,Падение за 10 публикаций в нижнем 20% диапазоне,"{'horizon': 10, 'window': 120, 'quantile': 0.2}",192,5,1.2396551010590322,1.215,19.30518695039104,0.7529411764705882,1.0,0.6505497509026921,True
wf_2022,momentum__ret_h20_w60_p10,momentum,Падение за 20 публикаций в нижнем 10% диапазоне,"{'horizon': 20, 'window': 60, 'quantile': 0.1}",119,5,1.1434595819363658,1.1767554479418885,4.928767204962574,0.4666666666666667,0.8,0.586984126984127,True
wf_2022,momentum__ret_h20_w60_p20,momentum,Падение за 20 публикаций в нижнем 20% диапазоне,"{'horizon': 20, 'window': 60, 'quantile': 0.2}",229,5,0.9242044453396993,0.9529411764705883,0.5134667270902217,0.8980392156862745,0.2,0.7514800390687785,False
wf_2022,momentum__ret_h20_w120_p10,momentum,Падение за 20 публикаций в нижнем 10% диапазоне,"{'horizon': 20, 'window': 120, 'quantile': 0.1}",63,5,1.955109433366804,1.5840938722294655,51.680682401369474,0.24705882352941178,1.0,0.5997191697191697,True
wf_2022,momentum__ret_h20_w120_p20,momentum,Падение за 20 публикаций в нижнем 20% диапазоне,"{'horizon': 20, 'window': 120, 'quantile': 0.2}",140,5,1.368673048543822,1.2870762711864407,22.735711440509284,0.5490196078431373,0.8,0.6101205936920222,True
wf_2022,momentum__slope_w5_m0p5,momentum,Нормированный нисходящий тренд за 5 публикаций,"{'window': 5, 'threshold': -0.5}",270,5,1.2785487523181547,1.35,14.821762817148828,1.0588235294117647,1.0,0.6550933014354067,True
wf_2022,momentum__slope_w5_m1p0,momentum,Нормированный нисходящий тренд за 5 публикаций,"{'window': 5, 'threshold': -1.0}",82,5,1.4759410021013613,1.49768875192604,21.103545110745035,0.3215686274509804,0.8,0.40720439691027926,True
wf_2022,momentum__slope_w10_m0p5,momentum,Нормированный нисходящий тренд за 10 публикаций,"{'window': 10, 'threshold': -0.5}",138,5,1.4275887875023474,1.45026525198939,13.768155302097915,0.5411764705882353,1.0,0.7486781609195402,True
wf_2022,momentum__slope_w10_m1p0,momentum,Нормированный нисходящий тренд за 10 публикаций,"{'window': 10, 'threshold': -1.0}",2,1,0.0,0.0,-12.245885044731288,0.00784313725490196,0.0,0.5,False
wf_2022,momentum__slope_w20_m0p5,momentum,Нормированный нисходящий тренд за 20 публикаций,"{'window': 20, 'threshold': -0.5}",24,4,2.6281828990337393,1.9979278074866311,68.58243025640415,0.09411764705882353,1.0,0.5034722222222222,False
wf_2022,momentum__slope_w20_m1p0,momentum,Нормированный нисходящий тренд за 20 публикаций,"{'window': 20, 'threshold': -1.0}",0,0,,,,0.0,0.0,,False
wf_2022,momentum__slope_w60_m0p5,momentum,Нормированный нисходящий тренд за 60 публикаций,"{'window': 60, 'threshold': -0.5}",0,0,,,,0.0,0.0,,False
wf_2022,momentum__slope_w60_m1p0,momentum,Нормированный нисходящий тренд за 60 публикаций,"{'window': 60, 'threshold': -1.0}",0,0,,,,0.0,0.0,,False
wf_2022,oversold__rsi_w5_p20,oversold,RSI(5) не выше 20,"{'window': 5, 'threshold': 20}",244,5,1.3341733976475225,1.361344537815126,19.160999309945275,0.9568627450980391,1.0,0.6145190634393293,True
wf_2022,oversold__rsi_w5_p30,oversold,RSI(5) не выше 30,"{'window': 5, 'threshold': 30}",369,5,1.242144213432309,1.308673469387755,9.498929691933984,1.447058823529412,1.0,0.6696297628324241,True
wf_2022,oversold__rsi_w5_p40,oversold,RSI(5) не выше 40,"{'window': 5, 'threshold': 40}",501,5,1.059680873021971,1.0414285714285714,3.1738956966886978,1.9647058823529413,1.0,0.7280278292203224,True
wf_2022,oversold__rsi_w10_p20,oversold,RSI(10) не выше 20,"{'window': 10, 'threshold': 20}",99,5,1.3835758731141685,1.3744343891402715,18.877130836879267,0.38823529411764707,1.0,0.6167745567126373,True
wf_2022,oversold__rsi_w10_p30,oversold,RSI(10) не выше 30,"{'window': 10, 'threshold': 30}",254,5,1.1147833430065162,1.1470588235294117,10.393020121970778,0.996078431372549,0.8,0.714940355940356,True
wf_2022,oversold__rsi_w10_p40,oversold,RSI(10) не выше 40,"{'window': 10, 'threshold': 40}",437,5,0.9005171286745357,0.8841722255912675,4.719572142659725,1.7137254901960783,0.2,0.7881313167221451,False
wf_2022,oversold__rsi_w14_p20,oversold,RSI(14) не выше 20,"{'window': 14, 'threshold': 20}",40,5,1.5466744556743435,1.588235294117647,24.377096425987535,0.15686274509803924,0.8,0.5009523809523809,False
wf_2022,oversold__rsi_w14_p30,oversold,RSI(14) не выше 30,"{'window': 14, 'threshold': 30}",164,5,0.9963094032575501,1.0222355769230769,8.90230939472456,0.6431372549019608,0.6,0.683824185998099,True
wf_2022,oversold__rsi_w14_p40,oversold,RSI(14) не выше 40,"{'window': 14, 'threshold': 40}",426,5,1.1158753502134087,1.0875959079283888,10.27934546353247,1.6705882352941177,1.0,0.8201808933479878,True
wf_2022,oversold__rsi_w20_p20,oversold,RSI(20) не выше 20,"{'window': 20, 'threshold': 20}",12,5,3.057486672990875,3.573529411764706,84.7804755497124,0.047058823529411764,0.8,0.35,False
wf_2022,oversold__rsi_w20_p30,oversold,RSI(20) не выше 30,"{'window': 20, 'threshold': 30}",98,5,1.3953568006555472,1.3775510204081634,9.532084388500554,0.38431372549019605,0.8,0.6962250712250713,True
wf_2022,oversold__rsi_w20_p40,oversold,RSI(20) не выше 40,"{'window': 20, 'threshold': 40}",285,5,1.2245544289642627,1.239795918367347,9.628571668062246,1.1176470588235294,1.0,0.7694861388611388,True
wf_2022,oversold__stoch_w10_p10,oversold,Stochastic(10) не выше 10%,"{'window': 10, 'threshold': 0.1}",378,5,0.9700914699528124,0.9184975194897237,7.071872196848733,1.4823529411764707,0.2,0.6582647903738047,False
wf_2022,oversold__stoch_w10_p20,oversold,Stochastic(10) не выше 20%,"{'window': 10, 'threshold': 0.2}",471,5,0.9693159805638197,0.9664772727272728,2.8718391960470346,1.8470588235294119,0.2,0.7453586324449049,False
wf_2022,oversold__stoch_w20_p10,oversold,Stochastic(20) не выше 10%,"{'window': 20, 'threshold': 0.1}",324,5,1.0987587300794006,1.1113801452784502,12.708055065722059,1.2705882352941178,0.8,0.7055289570979004,True
wf_2022,oversold__stoch_w20_p20,oversold,Stochastic(20) не выше 20%,"{'window': 20, 'threshold': 0.2}",444,5,0.9971712641256201,1.0205570291777188,7.032257996292515,1.7411764705882355,0.6,0.7859901469430307,True
wf_2022,oversold__stoch_w60_p10,oversold,Stochastic(60) не выше 10%,"{'window': 60, 'threshold': 0.1}",248,5,1.2699616685743376,1.3745454545454545,18.431227190639937,0.972549019607843,0.8,0.7771652003910068,True
wf_2022,oversold__stoch_w60_p20,oversold,Stochastic(60) не выше 20%,"{'window': 60, 'threshold': 0.2}",401,5,1.19622368874394,1.2641056422569028,17.13705376776072,1.5725490196078433,0.8,0.8523985093334099,True
wf_2022,confirmation__stabilize_h3,confirmation,Курс дешёвый после снижения за 3 публикаций и стабилизировался,{'horizon': 3},76,5,2.261042141596662,2.2569659442724457,55.63635178383775,0.2980392156862745,1.0,0.0956766917293233,True
wf_2022,confirmation__stabilize_h5,confirmation,Курс дешёвый после снижения за 5 публикаций и стабилизировался,{'horizon': 5},97,5,1.8774174968671837,1.9836734693877551,47.32057265267026,0.3803921568627451,1.0,0.2369607843137255,True
wf_2022,confirmation__stabilize_h10,confirmation,Курс дешёвый после снижения за 10 публикаций и стабилизировался,{'horizon': 10},97,5,1.4726123713204615,1.4877551020408162,37.21146084901999,0.3803921568627451,1.0,0.24733333333333332,True
wf_2022,regime__cheap_calm,regime,Дешёвый курс в режиме волатильности: calm,{'regime': 'calm'},156,5,1.3595127453433542,1.5173951828724352,25.920672619135985,0.6117647058823529,0.8,0.5882218988331043,True
wf_2022,regime__cheap_normal,regime,Дешёвый курс в режиме волатильности: normal,{'regime': 'normal'},116,5,0.715792785845996,0.7378542510121457,-5.7566008080977245,0.4549019607843137,0.2,0.47350794097543325,False
wf_2022,regime__cheap_volatile,regime,Дешёвый курс в режиме волатильности: volatile,{'regime': 'volatile'},113,5,1.6720059591455403,1.649321266968326,37.99972873962328,0.4431372549019608,1.0,0.6616866466866467,True
wf_2022,relative__usd_ret_1_w60_p10,relative,Коридор аномально дешевеет относительно usd_ret_1 за 60 публикаций,"{'context': 'usd_ret_1', 'window': 60, 'quantile': 0.1}",119,5,1.3020756355298546,1.2352941176470589,-4.942707229115451,0.4666666666666667,1.0,0.18336103561910014,False
wf_2022,relative__usd_ret_1_w120_p10,relative,Коридор аномально дешевеет относительно usd_ret_1 за 120 публикаций,"{'context': 'usd_ret_1', 'window': 120, 'quantile': 0.1}",113,5,1.1869713011747565,1.0358056265984654,-11.805521210416396,0.4431372549019608,0.6,0.1275601210383819,False
wf_2022,relative__eur_ret_1_w60_p10,relative,Коридор аномально дешевеет относительно eur_ret_1 за 60 публикаций,"{'context': 'eur_ret_1', 'window': 60, 'quantile': 0.1}",111,5,1.0795707872380649,1.1911764705882353,-5.161130825658292,0.4352941176470588,0.6,0.10036046079524341,False
wf_2022,relative__eur_ret_1_w120_p10,relative,Коридор аномально дешевеет относительно eur_ret_1 за 120 публикаций,"{'context': 'eur_ret_1', 'window': 120, 'quantile': 0.1}",85,5,1.071917663114959,0.9152542372881355,-6.805486010016182,0.33333333333333337,0.4,0.06313492063492063,False
wf_2022,relative__cny_ret_1_w60_p10,relative,Коридор аномально дешевеет относительно cny_ret_1 за 60 публикаций,"{'context': 'cny_ret_1', 'window': 60, 'quantile': 0.1}",116,5,0.8138607313726682,0.6214833759590793,-12.858013775890067,0.4549019607843138,0.4,0.10542446586382512,False
wf_2022,relative__cny_ret_1_w120_p10,relative,Коридор аномально дешевеет относительно cny_ret_1 за 120 публикаций,"{'context': 'cny_ret_1', 'window': 120, 'quantile': 0.1}",91,5,0.8667576322875823,0.8408304498269897,-20.985427158664855,0.35686274509803917,0.4,0.09804774083546464,False
wf_2022,relative__residual_usd_1_w60_p10,relative,Коридор аномально дешевеет относительно residual_usd_1 за 60 публикаций,"{'context': 'residual_usd_1', 'window': 60, 'quantile': 0.1}",119,5,1.3020756355298546,1.2352941176470589,-4.942707229115451,0.4666666666666667,1.0,0.18336103561910014,False
wf_2022,relative__residual_usd_1_w120_p10,relative,Коридор аномально дешевеет относительно residual_usd_1 за 120 публикаций,"{'context': 'residual_usd_1', 'window': 120, 'quantile': 0.1}",113,5,1.1869713011747565,1.0358056265984654,-11.805521210416396,0.4431372549019608,0.6,0.1275601210383819,False
wf_2023,level__pct_w20_p05,level,Курс входит в нижние 5% за 20 публикаций,"{'window': 20, 'threshold': 0.05}",151,5,0.6753242241519068,0.6875,37.78854844114587,0.6092219020172911,0.0,0.5719382932058454,False
wf_2023,level__pct_w20_p10,level,Курс входит в нижние 10% за 20 публикаций,"{'window': 20, 'threshold': 0.1}",226,5,0.6891945000937069,0.7202380952380952,10.406950817759483,0.9118155619596543,0.0,0.6955437950605922,False
wf_2023,level__pct_w20_p20,level,Курс входит в нижние 20% за 20 публикаций,"{'window': 20, 'threshold': 0.2}",368,5,0.7772776558504566,0.7202380952380952,-32.689436714898726,1.4847262247838617,0.0,0.8298258258258258,False
wf_2023,level__pct_w60_p05,level,Курс входит в нижние 5% за 60 публикаций,"{'window': 60, 'threshold': 0.05}",148,5,0.5781349793662235,0.590964590964591,4.983018781240871,0.5971181556195966,0.0,0.8300248865766108,False
wf_2023,level__pct_w60_p10,level,Курс входит в нижние 10% за 60 публикаций,"{'window': 60, 'threshold': 0.1}",211,5,0.6180224409441111,0.6146031746031746,-11.064866715432643,0.8512968299711815,0.0,0.8323625818669612,False
wf_2023,level__pct_w60_p20,level,Курс входит в нижние 20% за 60 публикаций,"{'window': 60, 'threshold': 0.2}",307,5,0.6838385889769201,0.6879886282871357,-5.314921791236005,1.2386167146974063,0.0,0.8754885273759246,False
wf_2023,level__pct_w90_p05,level,Курс входит в нижние 5% за 90 публикаций,"{'window': 90, 'threshold': 0.05}",152,5,0.5598937380176171,0.48790322580645157,1.1338287405285101,0.6132564841498559,0.0,0.884162017948096,False
wf_2023,level__pct_w90_p10,level,Курс входит в нижние 10% за 90 публикаций,"{'window': 90, 'threshold': 0.1}",210,5,0.5960291491239038,0.6302083333333333,-5.2787393316759275,0.8472622478386167,0.0,0.8912450348032189,False
wf_2023,level__pct_w90_p20,level,Курс входит в нижние 20% за 90 публикаций,"{'window': 90, 'threshold': 0.2}",297,5,0.7311546284667261,0.6519396551724138,-4.1725345842821975,1.1982708933717579,0.0,0.9219820322396941,False
wf_2023,level__pct_w120_p05,level,Курс входит в нижние 5% за 120 публикаций,"{'window': 120, 'threshold': 0.05}",171,5,0.57933840410666,0.5908203125,-3.017842669627984,0.6899135446685879,0.0,0.8579712922736178,False
wf_2023,level__pct_w120_p10,level,Курс входит в нижние 10% за 120 публикаций,"{'window': 120, 'threshold': 0.1}",227,5,0.6620610581126647,0.7348178137651822,10.606129329567572,0.9158501440922191,0.0,0.891938729373108,False
wf_2023,level__pct_w120_p20,level,Курс входит в нижние 20% за 120 публикаций,"{'window': 120, 'threshold': 0.2}",304,5,0.7398962523736661,0.6971830985915493,3.798544854302917,1.2265129682997116,0.0,0.9331811706811706,False
wf_2023,level__pct_w250_p05,level,Курс входит в нижние 5% за 250 публикаций,"{'window': 250, 'threshold': 0.05}",218,5,0.6937120154575676,0.7348178137651822,23.860175103143284,0.8795389048991356,0.0,0.8923706702654071,False
wf_2023,level__pct_w250_p10,level,Курс входит в нижние 10% за 250 публикаций,"{'window': 250, 'threshold': 0.1}",300,5,0.7833195328642872,0.8271484375,23.09818656617982,1.2103746397694524,0.0,0.9205148490749757,False
wf_2023,level__pct_w250_p20,level,Курс входит в нижние 20% за 250 публикаций,"{'window': 250, 'threshold': 0.2}",482,5,0.8832557784227527,0.8609742747673782,17.073761129826774,1.9446685878962537,0.2,0.9418512514366988,False
wf_2023,level__near_min_w20_bp0,level,Курс не дальше 0 б.п. от минимума за 20 публикаций,"{'window': 20, 'tolerance_bp': 0}",151,5,0.6753242241519068,0.6875,37.78854844114587,0.6092219020172911,0.0,0.5719382932058454,False
wf_2023,level__near_min_w20_bp10,level,Курс не дальше 10 б.п. от минимума за 20 публикаций,"{'window': 20, 'tolerance_bp': 10}",163,5,0.7342802378366355,0.7153716216216216,28.098765164064467,0.6576368876080692,0.2,0.567948446980705,False
wf_2023,level__near_min_w20_bp25,level,Курс не дальше 25 б.п. от минимума за 20 публикаций,"{'window': 20, 'tolerance_bp': 25}",194,5,0.7417474064031392,0.708984375,2.8731392882533497,0.7827089337175793,0.2,0.6626960784313726,False
wf_2023,level__near_min_w20_bp50,level,Курс не дальше 50 б.п. от минимума за 20 публикаций,"{'window': 20, 'tolerance_bp': 50}",240,5,0.8016030047438389,0.8115358819584171,-0.9978534106286275,0.9682997118155621,0.2,0.7289648910411622,False
wf_2023,level__near_min_w60_bp0,level,Курс не дальше 0 б.п. от минимума за 60 публикаций,"{'window': 60, 'tolerance_bp': 0}",83,5,0.5316786639766625,0.4801587301587301,71.51004166625964,0.33487031700288183,0.0,0.642199730094467,False
wf_2023,level__near_min_w60_bp10,level,Курс не дальше 10 б.п. от минимума за 60 публикаций,"{'window': 60, 'tolerance_bp': 10}",91,5,0.5551657510854602,0.4609523809523809,62.84131567160587,0.36714697406340063,0.0,0.6371818181818181,False
wf_2023,level__near_min_w60_bp25,level,Курс не дальше 25 б.п. от минимума за 60 публикаций,"{'window': 60, 'tolerance_bp': 25}",100,5,0.5022156250891717,0.4432234432234432,20.273375402279367,0.4034582132564841,0.0,0.737753036437247,False
wf_2023,level__near_min_w60_bp50,level,Курс не дальше 50 б.п. от минимума за 60 публикаций,"{'window': 60, 'tolerance_bp': 50}",106,5,0.5235919678471833,0.4869215291750502,27.05715709515768,0.42766570605187326,0.0,0.7631278195488722,False
wf_2023,level__near_min_w120_bp0,level,Курс не дальше 0 б.п. от минимума за 120 публикаций,"{'window': 120, 'tolerance_bp': 0}",76,5,0.5367500639324121,0.47265625,55.14189336391466,0.306628242074928,0.0,0.6461274233013363,False
wf_2023,level__near_min_w120_bp10,level,Курс не дальше 10 б.п. от минимума за 120 публикаций,"{'window': 120, 'tolerance_bp': 10}",82,5,0.49063985521315023,0.45488721804511273,35.444182401136054,0.33083573487031703,0.0,0.6420084301663248,False
wf_2023,level__near_min_w120_bp25,level,Курс не дальше 25 б.п. от минимума за 120 публикаций,"{'window': 120, 'tolerance_bp': 25}",91,5,0.4377412730705699,0.3746130030959752,-8.72394328744858,0.3671469740634006,0.0,0.7534887955182074,False
wf_2023,level__near_min_w120_bp50,level,Курс не дальше 50 б.п. от минимума за 120 публикаций,"{'window': 120, 'tolerance_bp': 50}",97,5,0.46320307458314547,0.4268077601410934,-0.700030238129331,0.39135446685878966,0.0,0.7808812102929751,False
wf_2023,level__z_sma_w10_m0p5,level,Курс ниже SMA(10) на 0.5 sigma,"{'kind': 'sma', 'window': 10, 'threshold': -0.5}",508,5,0.6689005337197187,0.647240990990991,-69.77738366217224,2.04956772334294,0.0,0.862366160057815,False
wf_2023,level__z_sma_w10_m1p0,level,Курс ниже SMA(10) на 1.0 sigma,"{'kind': 'sma', 'window': 10, 'threshold': -1.0}",345,5,0.5844706260370012,0.5497501135847341,-49.5066752887342,1.3919308357348705,0.0,0.7286816909706879,False
wf_2023,level__z_sma_w10_m1p5,level,Курс ниже SMA(10) на 1.5 sigma,"{'kind': 'sma', 'window': 10, 'threshold': -1.5}",148,5,0.6680136193986819,0.5908203125,43.85333884493057,0.5971181556195966,0.0,0.4382741730307867,False
wf_2023,level__z_sma_w20_m0p5,level,Курс ниже SMA(20) на 0.5 sigma,"{'kind': 'sma', 'window': 20, 'threshold': -0.5}",459,5,0.8049754135625438,0.8039867109634551,-31.73415267475078,1.8518731988472623,0.0,0.8794674386110855,False
wf_2023,level__z_sma_w20_m1p0,level,Курс ниже SMA(20) на 1.0 sigma,"{'kind': 'sma', 'window': 20, 'threshold': -1.0}",321,5,0.7225208506309803,0.7042328042328041,-36.77846446713392,1.2951008645533144,0.0,0.8359118392507627,False
wf_2023,level__z_sma_w20_m1p5,level,Курс ниже SMA(20) на 1.5 sigma,"{'kind': 'sma', 'window': 20, 'threshold': -1.5}",162,5,0.6954391812115671,0.5729166666666666,47.47532207436292,0.6536023054755044,0.2,0.6554769573964621,False
wf_2023,level__z_sma_w60_m0p5,level,Курс ниже SMA(60) на 0.5 sigma,"{'kind': 'sma', 'window': 60, 'threshold': -0.5}",390,5,0.689524312639769,0.667279411764706,-19.434073517751965,1.5734870317002883,0.0,0.9465464611147937,False
wf_2023,level__z_sma_w60_m1p0,level,Курс ниже SMA(60) на 1.0 sigma,"{'kind': 'sma', 'window': 60, 'threshold': -1.0}",240,5,0.7781230622396778,0.7926429831191735,33.35135330668711,0.9682997118155618,0.0,0.8750710346601206,False
wf_2023,level__z_sma_w60_m1p5,level,Курс ниже SMA(60) на 1.5 sigma,"{'kind': 'sma', 'window': 60, 'threshold': -1.5}",63,5,1.634511451993027,1.3633802816901408,489.8652827068104,0.25417867435158503,0.8,0.5437865194386934,True
wf_2023,level__z_sma_w120_m0p5,level,Курс ниже SMA(120) на 0.5 sigma,"{'kind': 'sma', 'window': 120, 'threshold': -0.5}",446,5,0.879259291973176,0.8278598795840174,9.526698576524234,1.7994236311239196,0.2,0.9459464887456892,False
wf_2023,level__z_sma_w120_m1p0,level,Курс ниже SMA(120) на 1.0 sigma,"{'kind': 'sma', 'window': 120, 'threshold': -1.0}",243,5,0.7166216308946958,0.7017398508699253,19.42346511904079,0.9804034582132564,0.0,0.9110245862085605,False
wf_2023,level__z_sma_w120_m1p5,level,Курс ниже SMA(120) на 1.5 sigma,"{'kind': 'sma', 'window': 120, 'threshold': -1.5}",89,5,0.8402046427236382,0.75625,272.83045277531085,0.3590778097982709,0.2,0.7765513433934488,False
wf_2023,level__z_ema_w10_m0p5,level,Курс ниже EMA(10) на 0.5 sigma,"{'kind': 'ema', 'window': 10, 'threshold': -0.5}",450,5,0.6839761928505896,0.7026713124274099,-53.52192788857907,1.8155619596541785,0.0,0.8250565549330957,False
wf_2023,level__z_ema_w10_m1p0,level,Курс ниже EMA(10) на 1.0 sigma,"{'kind': 'ema', 'window': 10, 'threshold': -1.0}",254,5,0.6627282011776302,0.6522911051212937,-8.916403850280258,1.02478386167147,0.0,0.6601292337909275,False
wf_2023,level__z_ema_w10_m1p5,level,Курс ниже EMA(10) на 1.5 sigma,"{'kind': 'ema', 'window': 10, 'threshold': -1.5}",101,5,0.997490094189644,0.94679186228482,130.65456746423897,0.4074927953890491,0.2,0.31117827895321504,False
wf_2023,level__z_ema_w20_m0p5,level,Курс ниже EMA(20) на 0.5 sigma,"{'kind': 'ema', 'window': 20, 'threshold': -0.5}",421,5,0.7175812664926385,0.6942053930005737,-48.342298930737705,1.6985590778097983,0.0,0.8644139313434435,False
wf_2023,level__z_ema_w20_m1p0,level,Курс ниже EMA(20) на 1.0 sigma,"{'kind': 'ema', 'window': 20, 'threshold': -1.0}",255,5,0.5931927421808808,0.5690770135214579,-9.104881281544857,1.0288184438040346,0.0,0.7976055124892334,False
wf_2023,level__z_ema_w20_m1p5,level,Курс ниже EMA(20) на 1.5 sigma,"{'kind': 'ema', 'window': 20, 'threshold': -1.5}",117,5,0.6765306996118765,0.590964590964591,57.68421395103231,0.4720461095100864,0.2,0.606962341071738,False
wf_2023,level__z_ema_w60_m0p5,level,Курс ниже EMA(60) на 0.5 sigma,"{'kind': 'ema', 'window': 60, 'threshold': -0.5}",423,5,0.8251663625935871,0.7796391752577319,12.346369169812139,1.706628242074928,0.0,0.9062361234237798,False
wf_2023,level__z_ema_w60_m1p0,level,Курс ниже EMA(60) на 1.0 sigma,"{'kind': 'ema', 'window': 60, 'threshold': -1.0}",173,5,0.9757377301483767,0.9791472144413319,182.07391059260868,0.6979827089337176,0.4,0.7340237670825905,False
wf_2023,level__z_ema_w60_m1p5,level,Курс ниже EMA(60) на 1.5 sigma,"{'kind': 'ema', 'window': 60, 'threshold': -1.5}",32,5,2.111594415420398,1.6805555555555554,424.1912938043541,0.12910662824207494,1.0,0.39555555555555555,False
wf_2023,level__z_ema_w120_m0p5,level,Курс ниже EMA(120) на 0.5 sigma,"{'kind': 'ema', 'window': 120, 'threshold': -0.5}",467,5,0.8339514885171873,0.854891304347826,10.947267926334039,1.884149855907781,0.2,0.9333515060651493,False
wf_2023,level__z_ema_w120_m1p0,level,Курс ниже EMA(120) на 1.0 sigma,"{'kind': 'ema', 'window': 120, 'threshold': -1.0}",210,5,0.7974575448569087,0.7682539682539682,32.50293187074329,0.8472622478386167,0.2,0.8592126179831098,False
wf_2023,level__z_ema_w120_m1p5,level,Курс ниже EMA(120) на 1.5 sigma,"{'kind': 'ema', 'window': 120, 'threshold': -1.5}",62,5,1.0191884991179478,0.9453125,381.14312040059343,0.2501440922190202,0.4,0.7396198830409356,False
wf_2023,level__boll_w10_k1p0,level,Курс ниже нижней Bollinger band 10/1.0,"{'window': 10, 'width': 1.0}",345,5,0.5844706260370012,0.5497501135847341,-49.5066752887342,1.3919308357348705,0.0,0.7286816909706879,False
wf_2023,level__boll_w10_k1p5,level,Курс ниже нижней Bollinger band 10/1.5,"{'window': 10, 'width': 1.5}",148,5,0.6680136193986819,0.5908203125,43.85333884493057,0.5971181556195966,0.0,0.4382741730307867,False
wf_2023,level__boll_w10_k2p0,level,Курс ниже нижней Bollinger band 10/2.0,"{'window': 10, 'width': 2.0}",29,5,1.300800365055832,1.278169014084507,90.5671349487588,0.11700288184438042,0.6,0.05833333333333333,False
wf_2023,level__boll_w20_k1p0,level,Курс ниже нижней Bollinger band 20/1.0,"{'window': 20, 'width': 1.0}",321,5,0.7225208506309803,0.7042328042328041,-36.77846446713392,1.2951008645533144,0.0,0.8359118392507627,False
wf_2023,level__boll_w20_k1p5,level,Курс ниже нижней Bollinger band 20/1.5,"{'window': 20, 'width': 1.5}",162,5,0.6954391812115671,0.5729166666666666,47.47532207436292,0.6536023054755044,0.2,0.6554769573964621,False
wf_2023,level__boll_w20_k2p0,level,Курс ниже нижней Bollinger band 20/2.0,"{'window': 20, 'width': 2.0}",37,5,1.1652773782068628,1.0803571428571428,193.02260172651705,0.14927953890489915,0.6,0.36995670995670993,False
wf_2023,level__boll_w60_k1p0,level,Курс ниже нижней Bollinger band 60/1.0,"{'window': 60, 'width': 1.0}",240,5,0.7781230622396778,0.7926429831191735,33.35135330668711,0.9682997118155618,0.0,0.8750710346601206,False
wf_2023,level__boll_w60_k1p5,level,Курс ниже нижней Bollinger band 60/1.5,"{'window': 60, 'width': 1.5}",63,5,1.634511451993027,1.3633802816901408,489.8652827068104,0.25417867435158503,0.8,0.5437865194386934,True
wf_2023,level__boll_w60_k2p0,level,Курс ниже нижней Bollinger band 60/2.0,"{'window': 60, 'width': 2.0}",4,4,3.6469950918964074,3.78125,762.6625855528359,0.016138328530259365,1.0,0.0,False
wf_2023,momentum__down_streak_2,momentum,Курс снижается не менее 2 публикаций подряд,{'length': 2},376,5,0.6711406139612845,0.68582995951417,-58.36412122448244,1.5170028818443806,0.0,0.616545018038376,False
wf_2023,momentum__down_streak_3,momentum,Курс снижается не менее 3 публикаций подряд,{'length': 3},232,5,0.5669713003646886,0.6014913007456504,-69.79626605627625,0.9360230547550433,0.0,0.6400212081322217,False
wf_2023,momentum__down_streak_4,momentum,Курс снижается не менее 4 публикаций подряд,{'length': 4},149,5,0.5349007337223664,0.605,-47.97948629682354,0.6011527377521615,0.0,0.6278207282913165,False
wf_2023,momentum__down_streak_5,momentum,Курс снижается не менее 5 публикаций подряд,{'length': 5},95,5,0.6803480618327304,0.6576086956521738,-35.33007980866829,0.38328530259365995,0.2,0.638463768115942,False
wf_2023,momentum__ret_h1_w60_p10,momentum,Падение за 1 публикаций в нижнем 10% диапазоне,"{'horizon': 1, 'window': 60, 'quantile': 0.1}",131,5,0.8269774768759298,0.7823275862068965,104.5337374488212,0.5285302593659942,0.2,0.1824827586206897,False
wf_2023,momentum__ret_h1_w60_p20,momentum,Падение за 1 публикаций в нижнем 20% диапазоне,"{'horizon': 1, 'window': 60, 'quantile': 0.2}",243,5,0.7071042117507818,0.7409675443968156,24.037519925889306,0.9804034582132566,0.0,0.33336459246048095,False
wf_2023,momentum__ret_h1_w120_p10,momentum,Падение за 1 публикаций в нижнем 10% диапазоне,"{'horizon': 1, 'window': 120, 'quantile': 0.1}",146,5,0.7850398375667732,0.7823275862068965,67.80153874020883,0.5890489913544668,0.0,0.24425536149674082,False
wf_2023,momentum__ret_h1_w120_p20,momentum,Падение за 1 публикаций в нижнем 20% диапазоне,"{'horizon': 1, 'window': 120, 'quantile': 0.2}",281,5,0.6675902385478402,0.6144967682363803,-18.668302029092324,1.1337175792507206,0.0,0.4099450429530451,False
wf_2023,momentum__ret_h3_w60_p10,momentum,Падение за 3 публикаций в нижнем 10% диапазоне,"{'horizon': 3, 'window': 60, 'quantile': 0.1}",116,5,0.34214220725659145,0.3025,-132.24853015310197,0.46801152737752166,0.0,0.5446666666666667,False
wf_2023,momentum__ret_h3_w60_p20,momentum,Падение за 3 публикаций в нижнем 20% диапазоне,"{'horizon': 3, 'window': 60, 'quantile': 0.2}",219,5,0.4771271533358149,0.4898785425101215,-89.52181898572205,0.8835734870317002,0.0,0.6251234755582582,False
wf_2023,momentum__ret_h3_w120_p10,momentum,Падение за 3 публикаций в нижнем 10% диапазоне,"{'horizon': 3, 'window': 120, 'quantile': 0.1}",139,5,0.2540175189501079,0.2434607645875251,-137.8373282597548,0.560806916426513,0.0,0.6557753357753358,False
wf_2023,momentum__ret_h3_w120_p20,momentum,Падение за 3 публикаций в нижнем 20% диапазоне,"{'horizon': 3, 'window': 120, 'quantile': 0.2}",250,5,0.38452320353185054,0.3492063492063492,-131.92170271049886,1.0086455331412103,0.0,0.6921954971712005,False
wf_2023,momentum__ret_h5_w60_p10,momentum,Падение за 5 публикаций в нижнем 10% диапазоне,"{'horizon': 5, 'window': 60, 'quantile': 0.1}",120,5,0.302833744260418,0.3025,-244.7478690078217,0.48414985590778103,0.0,0.6921884057971013,False
wf_2023,momentum__ret_h5_w60_p20,momentum,Падение за 5 публикаций в нижнем 20% диапазоне,"{'horizon': 5, 'window': 60, 'quantile': 0.2}",213,5,0.4976590235914299,0.4001322751322751,-115.87640177684759,0.8593659942363112,0.0,0.7415468957329423,False
wf_2023,momentum__ret_h5_w120_p10,momentum,Падение за 5 публикаций в нижнем 10% диапазоне,"{'horizon': 5, 'window': 120, 'quantile': 0.1}",146,5,0.3684232034515772,0.3298500681508405,-182.80114129162192,0.5890489913544669,0.0,0.7918529352835103,False
wf_2023,momentum__ret_h5_w120_p20,momentum,Падение за 5 публикаций в нижнем 20% диапазоне,"{'horizon': 5, 'window': 120, 'quantile': 0.2}",251,5,0.43146686262413303,0.41736131072147165,-165.78286308965224,1.0126801152737752,0.0,0.777374695697677,False
wf_2023,momentum__ret_h10_w60_p10,momentum,Падение за 10 публикаций в нижнем 10% диапазоне,"{'horizon': 10, 'window': 60, 'quantile': 0.1}",120,5,0.7421191740130587,0.7682539682539682,-152.15799940084176,0.48414985590778103,0.0,0.6845439686171951,False
wf_2023,momentum__ret_h10_w60_p20,momentum,Падение за 10 публикаций в нижнем 20% диапазоне,"{'horizon': 10, 'window': 60, 'quantile': 0.2}",227,5,0.8603559610218035,0.8536155202821868,-57.556609062392155,0.9158501440922191,0.2,0.7711815498721789,False
wf_2023,momentum__ret_h10_w120_p10,momentum,Падение за 10 публикаций в нижнем 10% диапазоне,"{'horizon': 10, 'window': 120, 'quantile': 0.1}",120,5,0.597164426073443,0.5789473684210527,-174.4908091687464,0.4841498559077809,0.0,0.8053872053872053,False
wf_2023,momentum__ret_h10_w120_p20,momentum,Падение за 10 публикаций в нижнем 20% диапазоне,"{'horizon': 10, 'window': 120, 'quantile': 0.2}",251,5,0.5471317222366142,0.5391255917571707,-167.32453841456862,1.0126801152737752,0.0,0.8572302201802084,False
wf_2023,momentum__ret_h20_w60_p10,momentum,Падение за 20 публикаций в нижнем 10% диапазоне,"{'horizon': 20, 'window': 60, 'quantile': 0.1}",121,5,0.8906564093104183,0.9219047619047618,57.369285072737306,0.4881844380403459,0.2,0.7906648659772598,False
wf_2023,momentum__ret_h20_w60_p20,momentum,Падение за 20 публикаций в нижнем 20% диапазоне,"{'horizon': 20, 'window': 60, 'quantile': 0.2}",224,5,1.0083100765922548,1.03671970624235,73.288702153203,0.9037463976945246,0.6,0.8300358534057832,True
wf_2023,momentum__ret_h20_w120_p10,momentum,Падение за 20 публикаций в нижнем 10% диапазоне,"{'horizon': 20, 'window': 120, 'quantile': 0.1}",119,5,0.571757257674362,0.5927740355174524,-39.35058492338338,0.48011527377521607,0.0,0.8543711331468768,False
wf_2023,momentum__ret_h20_w120_p20,momentum,Падение за 20 публикаций в нижнем 20% диапазоне,"{'horizon': 20, 'window': 120, 'quantile': 0.2}",204,5,0.5372845318131547,0.6213093709884467,-73.71121140662567,0.8230547550432277,0.0,0.8985394667139301,False
wf_2023,momentum__slope_w5_m0p5,momentum,Нормированный нисходящий тренд за 5 публикаций,"{'window': 5, 'threshold': -0.5}",333,5,0.5623944941761752,0.5251736111111112,-71.95014769434121,1.3435158501440925,0.0,0.7226519750617024,False
wf_2023,momentum__slope_w5_m1p0,momentum,Нормированный нисходящий тренд за 5 публикаций,"{'window': 5, 'threshold': -1.0}",140,5,0.5625961342353114,0.5729166666666666,-23.841773634726962,0.5648414985590778,0.2,0.5724408924408924,False
wf_2023,momentum__slope_w10_m0p5,momentum,Нормированный нисходящий тренд за 10 публикаций,"{'window': 10, 'threshold': -0.5}",235,5,0.7046644755361875,0.6875,-80.37385701698469,0.9481268011527378,0.0,0.8061232059345267,False
wf_2023,momentum__slope_w10_m1p0,momentum,Нормированный нисходящий тренд за 10 публикаций,"{'window': 10, 'threshold': -1.0}",65,5,0.6200612587124669,0.7076023391812865,-178.74652149634875,0.26224783861671475,0.0,0.684047619047619,False
wf_2023,momentum__slope_w20_m0p5,momentum,Нормированный нисходящий тренд за 20 публикаций,"{'window': 20, 'threshold': -0.5}",92,5,1.044452292929869,1.1634615384615385,193.7774059681942,0.37118155619596543,0.6,0.8672649572649572,True
wf_2023,momentum__slope_w20_m1p0,momentum,Нормированный нисходящий тренд за 20 публикаций,"{'window': 20, 'threshold': -1.0}",7,2,2.0706845238095237,2.0706845238095237,505.3043889745988,0.028242074927953893,1.0,0.7083333333333333,False
wf_2023,momentum__slope_w60_m0p5,momentum,Нормированный нисходящий тренд за 60 публикаций,"{'window': 60, 'threshold': -0.5}",0,0,,,,0.0,0.0,,False
wf_2023,momentum__slope_w60_m1p0,momentum,Нормированный нисходящий тренд за 60 публикаций,"{'window': 60, 'threshold': -1.0}",0,0,,,,0.0,0.0,,False
wf_2023,oversold__rsi_w5_p20,oversold,RSI(5) не выше 20,"{'window': 5, 'threshold': 20}",338,5,0.5773221169596507,0.5671875,-91.38400284053444,1.3636887608069166,0.0,0.7618321333838575,False
wf_2023,oversold__rsi_w5_p30,oversold,RSI(5) не выше 30,"{'window': 5, 'threshold': 30}",441,5,0.591108918876732,0.5274983232729712,-92.87489918354281,1.7792507204610952,0.0,0.811011963276111,False
wf_2023,oversold__rsi_w5_p40,oversold,RSI(5) не выше 40,"{'window': 5, 'threshold': 40}",529,5,0.6344374051002374,0.6302083333333333,-82.34909087833378,2.134293948126801,0.0,0.850466436464352,False
wf_2023,oversold__rsi_w10_p20,oversold,RSI(10) не выше 20,"{'window': 10, 'threshold': 20}",208,5,0.7752013140776666,0.7153716216216216,-52.56108378498762,0.839193083573487,0.2,0.7365118933518386,False
wf_2023,oversold__rsi_w10_p30,oversold,RSI(10) не выше 30,"{'window': 10, 'threshold': 30}",316,5,0.8083092572749431,0.859375,-49.23993761158351,1.2749279538904899,0.0,0.8348975713756026,False
wf_2023,oversold__rsi_w10_p40,oversold,RSI(10) не выше 40,"{'window': 10, 'threshold': 40}",455,5,0.8418368094433426,0.8133802816901409,-21.290412455555334,1.8357348703170029,0.2,0.8500683454569675,False
wf_2023,oversold__rsi_w14_p20,oversold,RSI(14) не выше 20,"{'window': 14, 'threshold': 20}",137,5,0.6781307345864864,0.7877604166666666,48.21756099655114,0.5527377521613832,0.0,0.7405336617405583,False
wf_2023,oversold__rsi_w14_p30,oversold,RSI(14) не выше 30,"{'window': 14, 'threshold': 30}",254,5,0.7507012564895154,0.7515527950310559,17.365252139587454,1.02478386167147,0.0,0.8089472811928056,False
wf_2023,oversold__rsi_w14_p40,oversold,RSI(14) не выше 40,"{'window': 14, 'threshold': 40}",407,5,0.8226781348324324,0.7809103260869565,-0.24525766543436234,1.6420749279538907,0.0,0.8463868420932439,False
wf_2023,oversold__rsi_w20_p20,oversold,RSI(20) не выше 20,"{'window': 20, 'threshold': 20}",76,5,1.2274221750112506,1.1578947368421053,298.8603112318525,0.3066282420749279,0.6,0.7842160737812912,True
wf_2023,oversold__rsi_w20_p30,oversold,RSI(20) не выше 30,"{'window': 20, 'threshold': 30}",171,5,0.9567240755353449,0.9649122807017544,110.37780756806967,0.689913544668588,0.4,0.8045978899868842,False
wf_2023,oversold__rsi_w20_p40,oversold,RSI(20) не выше 40,"{'window': 20, 'threshold': 40}",317,5,0.8501640735370541,0.6706979087931468,21.843732964514867,1.2789625360230548,0.2,0.8645244490312564,False
wf_2023,oversold__stoch_w10_p10,oversold,Stochastic(10) не выше 10%,"{'window': 10, 'threshold': 0.1}",384,5,0.6114282094360164,0.5433761992243314,-73.57152182955568,1.5492795389048992,0.0,0.776561474464726,False
wf_2023,oversold__stoch_w10_p20,oversold,Stochastic(10) не выше 20%,"{'window': 10, 'threshold': 0.2}",459,5,0.655340446720961,0.6302083333333333,-74.02160329174417,1.8518731988472623,0.0,0.836386654282677,False
wf_2023,oversold__stoch_w20_p10,oversold,Stochastic(20) не выше 10%,"{'window': 20, 'threshold': 0.1}",275,5,0.7558928696308935,0.7247678945792153,-23.044322234828442,1.1095100864553316,0.0,0.7813947425739878,False
wf_2023,oversold__stoch_w20_p20,oversold,Stochastic(20) не выше 20%,"{'window': 20, 'threshold': 0.2}",348,5,0.723557799035931,0.7042328042328041,-40.73775891293693,1.4040345821325648,0.0,0.8625350140056021,False
wf_2023,oversold__stoch_w60_p10,oversold,Stochastic(60) не выше 10%,"{'window': 60, 'threshold': 0.1}",218,5,0.5939235698035917,0.6664626682986536,-15.546188250285415,0.8795389048991353,0.0,0.8858287240386126,False
wf_2023,oversold__stoch_w60_p20,oversold,Stochastic(60) не выше 20%,"{'window': 60, 'threshold': 0.2}",312,5,0.5869307728409312,0.5970394736842105,-34.646876129298015,1.2587896253602306,0.0,0.9311195693692497,False
wf_2023,confirmation__stabilize_h3,confirmation,Курс дешёвый после снижения за 3 публикаций и стабилизировался,{'horizon': 3},74,5,0.9252874802858504,0.8402777777777777,9.771376009439404,0.2985590778097983,0.4,0.25972222222222224,False
wf_2023,confirmation__stabilize_h5,confirmation,Курс дешёвый после снижения за 5 публикаций и стабилизировался,{'horizon': 5},80,5,0.7797726760171163,0.7960526315789473,-15.812654552775296,0.3227665706051873,0.4,0.3431578947368421,False
wf_2023,confirmation__stabilize_h10,confirmation,Курс дешёвый после снижения за 10 публикаций и стабилизировался,{'horizon': 10},89,5,0.9674556372368459,0.9453125,62.5145278693944,0.3590778097982709,0.4,0.3520652173913043,False
wf_2023,regime__cheap_calm,regime,Дешёвый курс в режиме волатильности: calm,{'regime': 'calm'},150,5,0.269586675953276,0.3538011695906432,-205.4866696799104,0.6051873198847263,0.0,0.8148280423280424,False
wf_2023,regime__cheap_normal,regime,Дешёвый курс в режиме волатильности: normal,{'regime': 'normal'},48,5,0.7847209793850823,0.5789473684210527,187.34503329718444,0.1936599423631124,0.4,0.3804545454545455,False
wf_2023,regime__cheap_volatile,regime,Дешёвый курс в режиме волатильности: volatile,{'regime': 'volatile'},109,5,1.2303742964610271,1.2604166666666665,198.48934956674947,0.4397694524495678,1.0,0.6324814814814815,True
wf_2023,relative__usd_ret_1_w60_p10,relative,Коридор аномально дешевеет относительно usd_ret_1 за 60 публикаций,"{'context': 'usd_ret_1', 'window': 60, 'quantile': 0.1}",120,5,0.8668998259737777,0.8572874493927125,44.040484703029136,0.4841498559077809,0.2,0.26248899841577183,False
wf_2023,relative__usd_ret_1_w120_p10,relative,Коридор аномально дешевеет относительно usd_ret_1 за 120 публикаций,"{'context': 'usd_ret_1', 'window': 120, 'quantile': 0.1}",124,5,0.6828203309755215,0.6922196796338672,-31.296057104462363,0.5002881844380404,0.2,0.3050259485641794,False
wf_2023,relative__eur_ret_1_w60_p10,relative,Коридор аномально дешевеет относительно eur_ret_1 за 60 публикаций,"{'context': 'eur_ret_1', 'window': 60, 'quantile': 0.1}",133,5,1.1012932350307865,1.1203703703703702,38.53154926379158,0.536599423631124,0.6,0.11945141958935064,True
wf_2023,relative__eur_ret_1_w120_p10,relative,Коридор аномально дешевеет относительно eur_ret_1 за 120 публикаций,"{'context': 'eur_ret_1', 'window': 120, 'quantile': 0.1}",154,5,1.0566519895552942,1.0234962406015038,8.05554646534581,0.6213256484149856,0.8,0.16426962199021022,True
wf_2023,relative__cny_ret_1_w60_p10,relative,Коридор аномально дешевеет относительно cny_ret_1 за 60 публикаций,"{'context': 'cny_ret_1', 'window': 60, 'quantile': 0.1}",134,5,1.2047210421397783,1.2292063492063492,184.1281826829051,0.5406340057636888,1.0,0.23244444444444445,True
wf_2023,relative__cny_ret_1_w120_p10,relative,Коридор аномально дешевеет относительно cny_ret_1 за 120 публикаций,"{'context': 'cny_ret_1', 'window': 120, 'quantile': 0.1}",166,5,1.2321718958978038,1.1827067669172933,153.18152943413503,0.6697406340057637,0.8,0.24753246753246755,True
wf_2023,relative__residual_usd_1_w60_p10,relative,Коридор аномально дешевеет относительно residual_usd_1 за 60 публикаций,"{'context': 'residual_usd_1', 'window': 60, 'quantile': 0.1}",120,5,0.8668998259737777,0.8572874493927125,44.040484703029136,0.4841498559077809,0.2,0.26248899841577183,False
wf_2023,relative__residual_usd_1_w120_p10,relative,Коридор аномально дешевеет относительно residual_usd_1 за 120 публикаций,"{'context': 'residual_usd_1', 'window': 120, 'quantile': 0.1}",124,5,0.6828203309755215,0.6922196796338672,-31.296057104462363,0.5002881844380404,0.2,0.3050259485641794,False
wf_2024,level__pct_w20_p05,level,Курс входит в нижние 5% за 20 публикаций,"{'window': 20, 'threshold': 0.05}",83,5,0.6092983924070277,0.48271276595744683,12.420481854233756,0.33487031700288183,0.2,0.5741666666666666,False
wf_2024,level__pct_w20_p10,level,Курс входит в нижние 10% за 20 публикаций,"{'window': 20, 'threshold': 0.1}",126,5,0.5610253156804725,0.5363475177304965,-0.44524962966314874,0.5083573487031701,0.0,0.6901080699467796,False
wf_2024,level__pct_w20_p20,level,Курс входит в нижние 20% за 20 публикаций,"{'window': 20, 'threshold': 0.2}",189,5,0.638189659696692,0.6057571964956195,-9.472276425688978,0.7625360230547551,0.0,0.7981121433258499,False
wf_2024,level__pct_w60_p05,level,Курс входит в нижние 5% за 60 публикаций,"{'window': 60, 'threshold': 0.05}",98,5,0.47064110817012794,0.4852130325814536,-35.919140192441276,0.39538904899135446,0.0,0.8049133703824779,False
wf_2024,level__pct_w60_p10,level,Курс входит в нижние 10% за 60 публикаций,"{'window': 60, 'threshold': 0.1}",132,5,0.43218698323895965,0.43920145190562615,-25.432441398819584,0.5325648414985591,0.0,0.8843673248845662,False
wf_2024,level__pct_w60_p20,level,Курс входит в нижние 20% за 60 публикаций,"{'window': 60, 'threshold': 0.2}",160,5,0.4695511134003416,0.459726443768997,-20.656607566448073,0.6455331412103746,0.0,0.932801740243342,False
wf_2024,level__pct_w90_p05,level,Курс входит в нижние 5% за 90 публикаций,"{'window': 90, 'threshold': 0.05}",59,5,0.7292826109777886,0.7355623100303952,-23.42251587721151,0.23804034582132566,0.0,0.8212092731829573,False
wf_2024,level__pct_w90_p10,level,Курс входит в нижние 10% за 90 публикаций,"{'window': 90, 'threshold': 0.1}",99,5,0.5364140432894865,0.5179240235420011,2.493712140076167,0.3994236311239193,0.0,0.8932592592592593,False
wf_2024,level__pct_w90_p20,level,Курс входит в нижние 20% за 90 публикаций,"{'window': 90, 'threshold': 0.2}",163,5,0.679787246845551,0.6368421052631579,5.71070182903864,0.6576368876080692,0.0,0.9288070175438596,False
wf_2024,level__pct_w120_p05,level,Курс входит в нижние 5% за 120 публикаций,"{'window': 120, 'threshold': 0.05}",8,1,1.2736842105263158,1.2736842105263158,84.74608075741293,0.03227665706051873,1.0,0.75,False
wf_2024,level__pct_w120_p10,level,Курс входит в нижние 10% за 120 публикаций,"{'window': 120, 'threshold': 0.1}",16,2,1.1827067669172933,1.1827067669172933,76.82589948148104,0.06455331412103746,1.0,0.6785714285714286,False
wf_2024,level__pct_w120_p20,level,Курс входит в нижние 20% за 120 публикаций,"{'window': 120, 'threshold': 0.2}",107,5,1.009518562768937,0.979757085020243,56.270827145342125,0.431700288184438,0.4,0.9014248908985751,False
wf_2024,level__pct_w250_p05,level,Курс входит в нижние 5% за 250 публикаций,"{'window': 250, 'threshold': 0.05}",0,0,,,,0.0,0.0,,False
wf_2024,level__pct_w250_p10,level,Курс входит в нижние 10% за 250 публикаций,"{'window': 250, 'threshold': 0.1}",0,0,,,,0.0,0.0,,False
wf_2024,level__pct_w250_p20,level,Курс входит в нижние 20% за 250 публикаций,"{'window': 250, 'threshold': 0.2}",0,0,,,,0.0,0.0,,False
wf_2024,level__near_min_w20_bp0,level,Курс не дальше 0 б.п. от минимума за 20 публикаций,"{'window': 20, 'tolerance_bp': 0}",83,5,0.6092983924070277,0.48271276595744683,12.420481854233756,0.33487031700288183,0.2,0.5741666666666666,False
wf_2024,level__near_min_w20_bp10,level,Курс не дальше 10 б.п. от минимума за 20 публикаций,"{'window': 20, 'tolerance_bp': 10}",89,5,0.5757141658832714,0.42907801418439717,10.55267200309363,0.3590778097982709,0.2,0.5874999999999999,False
wf_2024,level__near_min_w20_bp25,level,Курс не дальше 25 б.п. от минимума за 20 публикаций,"{'window': 20, 'tolerance_bp': 25}",109,5,0.45398296862633875,0.3677811550151976,-19.433398073231658,0.4397694524495678,0.0,0.7081912290607943,False
wf_2024,level__near_min_w20_bp50,level,Курс не дальше 50 б.п. от минимума за 20 публикаций,"{'window': 20, 'tolerance_bp': 50}",135,5,0.521175100606105,0.4898785425101215,-16.611862340299062,0.5446685878962535,0.0,0.7928676687297378,False
wf_2024,level__near_min_w60_bp0,level,Курс не дальше 0 б.п. от минимума за 60 публикаций,"{'window': 60, 'tolerance_bp': 0}",47,5,0.6366983180319115,0.6436170212765958,-16.67838563449457,0.18962536023054755,0.0,0.43611111111111106,False
wf_2024,level__near_min_w60_bp10,level,Курс не дальше 10 б.п. от минимума за 60 публикаций,"{'window': 60, 'tolerance_bp': 10}",53,5,0.569901541584519,0.5148936170212767,-17.139760248557742,0.21383285302593658,0.0,0.48105672105672104,False
wf_2024,level__near_min_w60_bp25,level,Курс не дальше 25 б.п. от минимума за 60 публикаций,"{'window': 60, 'tolerance_bp': 25}",68,5,0.4346032806689852,0.3677811550151976,-43.33152523876066,0.27435158501440926,0.0,0.6730769230769231,False
wf_2024,level__near_min_w60_bp50,level,Курс не дальше 50 б.п. от минимума за 60 публикаций,"{'window': 60, 'tolerance_bp': 50}",90,5,0.44185248644466835,0.42907801418439717,-40.03381622116887,0.3631123919308358,0.0,0.8337176274018379,False
wf_2024,level__near_min_w120_bp0,level,Курс не дальше 0 б.п. от минимума за 120 публикаций,"{'window': 120, 'tolerance_bp': 0}",0,0,,,,0.0,0.0,,False
wf_2024,level__near_min_w120_bp10,level,Курс не дальше 10 б.п. от минимума за 120 публикаций,"{'window': 120, 'tolerance_bp': 10}",0,0,,,,0.0,0.0,,False
wf_2024,level__near_min_w120_bp25,level,Курс не дальше 25 б.п. от минимума за 120 публикаций,"{'window': 120, 'tolerance_bp': 25}",0,0,,,,0.0,0.0,,False
wf_2024,level__near_min_w120_bp50,level,Курс не дальше 50 б.п. от минимума за 120 публикаций,"{'window': 120, 'tolerance_bp': 50}",0,0,,,,0.0,0.0,,False
wf_2024,level__z_sma_w10_m0p5,level,Курс ниже SMA(10) на 0.5 sigma,"{'kind': 'sma', 'window': 10, 'threshold': -0.5}",359,5,0.7732332834352876,0.7811929824561402,-4.254884372174095,1.448414985590778,0.0,0.810555140935435,False
wf_2024,level__z_sma_w10_m1p0,level,Курс ниже SMA(10) на 1.0 sigma,"{'kind': 'sma', 'window': 10, 'threshold': -1.0}",212,5,0.673602591473578,0.6716003700277521,-2.1347615432589047,0.8553314121037465,0.0,0.6923047050108136,False
wf_2024,level__z_sma_w10_m1p5,level,Курс ниже SMA(10) на 1.5 sigma,"{'kind': 'sma', 'window': 10, 'threshold': -1.5}",103,5,0.5795973163167041,0.5537757437070938,-2.4416385532214973,0.41556195965417864,0.0,0.5818644437179906,False
wf_2024,level__z_sma_w20_m0p5,level,Курс ниже SMA(20) на 0.5 sigma,"{'kind': 'sma', 'window': 20, 'threshold': -0.5}",276,5,0.7111518620778586,0.7067167292448895,-0.14261141251639947,1.1135446685878965,0.0,0.8644896345996406,False
wf_2024,level__z_sma_w20_m1p0,level,Курс ниже SMA(20) на 1.0 sigma,"{'kind': 'sma', 'window': 20, 'threshold': -1.0}",161,5,0.5772828806776664,0.5507823613086771,-4.159064046399443,0.6495677233429396,0.0,0.8164010194436158,False
wf_2024,level__z_sma_w20_m1p5,level,Курс ниже SMA(20) на 1.5 sigma,"{'kind': 'sma', 'window': 20, 'threshold': -1.5}",92,5,0.47270834447590176,0.42907801418439717,13.151470964107016,0.3711815561959655,0.0,0.7716546267629859,False
wf_2024,level__z_sma_w60_m0p5,level,Курс ниже SMA(60) на 0.5 sigma,"{'kind': 'sma', 'window': 60, 'threshold': -0.5}",223,5,0.6541779543938302,0.6585848589807026,1.6974820604409608,0.8997118155619598,0.0,0.9324739756367663,False
wf_2024,level__z_sma_w60_m1p0,level,Курс ниже SMA(60) на 1.0 sigma,"{'kind': 'sma', 'window': 60, 'threshold': -1.0}",162,5,0.5264057161481672,0.5244582043343653,-9.655843749071764,0.6536023054755045,0.0,0.9329427740354914,False
wf_2024,level__z_sma_w60_m1p5,level,Курс ниже SMA(60) на 1.5 sigma,"{'kind': 'sma', 'window': 60, 'threshold': -1.5}",127,5,0.409191152636552,0.42907801418439717,-25.91507239968171,0.512391930835735,0.0,0.9126566416040098,False
wf_2024,level__z_sma_w120_m0p5,level,Курс ниже SMA(120) на 0.5 sigma,"{'kind': 'sma', 'window': 120, 'threshold': -0.5}",143,5,0.8956109383777765,0.9268085106382978,28.06974097501874,0.5769452449567725,0.2,0.9349368131868132,False
wf_2024,level__z_sma_w120_m1p0,level,Курс ниже SMA(120) на 1.0 sigma,"{'kind': 'sma', 'window': 120, 'threshold': -1.0}",87,5,1.1610418750070297,1.208489388264669,85.44339983380111,0.3510086455331412,0.6,0.8674967923049763,True
wf_2024,level__z_sma_w120_m1p5,level,Курс ниже SMA(120) на 1.5 sigma,"{'kind': 'sma', 'window': 120, 'threshold': -1.5}",24,2,1.555235457063712,1.555235457063712,97.76143267910261,0.0968299711815562,1.0,0.5473684210526316,False
wf_2024,level__z_ema_w10_m0p5,level,Курс ниже EMA(10) на 0.5 sigma,"{'kind': 'ema', 'window': 10, 'threshold': -0.5}",284,5,0.7211322553582711,0.7278195488721804,4.5010455402509315,1.145821325648415,0.0,0.780666409613778,False
wf_2024,level__z_ema_w10_m1p0,level,Курс ниже EMA(10) на 1.0 sigma,"{'kind': 'ema', 'window': 10, 'threshold': -1.0}",151,5,0.6194959778043584,0.6175438596491228,-7.743600836947715,0.6092219020172911,0.0,0.650727028347996,False
wf_2024,level__z_ema_w10_m1p5,level,Курс ниже EMA(10) на 1.5 sigma,"{'kind': 'ema', 'window': 10, 'threshold': -1.5}",70,5,0.4008488349729212,0.31842105263157894,-55.859657101967706,0.28242074927953886,0.0,0.5260714285714286,False
wf_2024,level__z_ema_w20_m0p5,level,Курс ниже EMA(20) на 0.5 sigma,"{'kind': 'ema', 'window': 20, 'threshold': -0.5}",247,5,0.6386548663976022,0.6426966292134831,-3.9533674917462482,0.9965417867435159,0.0,0.8641281158928218,False
wf_2024,level__z_ema_w20_m1p0,level,Курс ниже EMA(20) на 1.0 sigma,"{'kind': 'ema', 'window': 20, 'threshold': -1.0}",123,5,0.6085443939776639,0.5878542510121457,2.958499225942588,0.49625360230547555,0.0,0.7422262922262922,False
wf_2024,level__z_ema_w20_m1p5,level,Курс ниже EMA(20) на 1.5 sigma,"{'kind': 'ema', 'window': 20, 'threshold': -1.5}",67,5,0.45442202777950225,0.5094736842105263,29.276913374035605,0.27031700288184435,0.0,0.7305494505494505,False
wf_2024,level__z_ema_w60_m0p5,level,Курс ниже EMA(60) на 0.5 sigma,"{'kind': 'ema', 'window': 60, 'threshold': -0.5}",180,5,0.639542708535551,0.681476846057572,5.579596493348736,0.7262247838616716,0.0,0.9281249572999932,False
wf_2024,level__z_ema_w60_m1p0,level,Курс ниже EMA(60) на 1.0 sigma,"{'kind': 'ema', 'window': 60, 'threshold': -1.0}",125,5,0.43615633521064867,0.4477335800185014,-17.10307520562185,0.5043227665706052,0.0,0.901125231035276,False
wf_2024,level__z_ema_w60_m1p5,level,Курс ниже EMA(60) на 1.5 sigma,"{'kind': 'ema', 'window': 60, 'threshold': -1.5}",47,5,0.6433049184040666,0.5438202247191012,-12.687007204983335,0.18962536023054755,0.0,0.65,False
wf_2024,level__z_ema_w120_m0p5,level,Курс ниже EMA(120) на 0.5 sigma,"{'kind': 'ema', 'window': 120, 'threshold': -0.5}",72,5,0.9606286727687383,0.9901800327332243,66.53050243641198,0.2904899135446686,0.4,0.8042307692307693,False
wf_2024,level__z_ema_w120_m1p0,level,Курс ниже EMA(120) на 1.0 sigma,"{'kind': 'ema', 'window': 120, 'threshold': -1.0}",13,2,1.6982456140350877,1.6982456140350877,65.21425578679388,0.05244956772334294,0.5,0.4583333333333333,False
wf_2024,level__z_ema_w120_m1p5,level,Курс ниже EMA(120) на 1.5 sigma,"{'kind': 'ema', 'window': 120, 'threshold': -1.5}",0,0,,,,0.0,0.0,,False
wf_2024,level__boll_w10_k1p0,level,Курс ниже нижней Bollinger band 10/1.0,"{'window': 10, 'width': 1.0}",212,5,0.673602591473578,0.6716003700277521,-2.1347615432589047,0.8553314121037465,0.0,0.6923047050108136,False
wf_2024,level__boll_w10_k1p5,level,Курс ниже нижней Bollinger band 10/1.5,"{'window': 10, 'width': 1.5}",103,5,0.5795973163167041,0.5537757437070938,-2.4416385532214973,0.41556195965417864,0.0,0.5818644437179906,False
wf_2024,level__boll_w10_k2p0,level,Курс ниже нижней Bollinger band 10/2.0,"{'window': 10, 'width': 2.0}",30,5,0.2768682344158268,0.31842105263157894,-71.63287655085387,0.12103746397694523,0.0,0.2966666666666667,False
wf_2024,level__boll_w20_k1p0,level,Курс ниже нижней Bollinger band 20/1.0,"{'window': 20, 'width': 1.0}",161,5,0.5772828806776664,0.5507823613086771,-4.159064046399443,0.6495677233429396,0.0,0.8164010194436158,False
wf_2024,level__boll_w20_k1p5,level,Курс ниже нижней Bollinger band 20/1.5,"{'window': 20, 'width': 1.5}",92,5,0.47270834447590176,0.42907801418439717,13.151470964107016,0.3711815561959655,0.0,0.7716546267629859,False
wf_2024,level__boll_w20_k2p0,level,Курс ниже нижней Bollinger band 20/2.0,"{'window': 20, 'width': 2.0}",41,5,0.565324148885242,0.5148936170212767,70.95795973668686,0.16541786743515852,0.0,0.5846825396825397,False
wf_2024,level__boll_w60_k1p0,level,Курс ниже нижней Bollinger band 60/1.0,"{'window': 60, 'width': 1.0}",162,5,0.5264057161481672,0.5244582043343653,-9.655843749071764,0.6536023054755045,0.0,0.9329427740354914,False
wf_2024,level__boll_w60_k1p5,level,Курс ниже нижней Bollinger band 60/1.5,"{'window': 60, 'width': 1.5}",127,5,0.409191152636552,0.42907801418439717,-25.91507239968171,0.512391930835735,0.0,0.9126566416040098,False
wf_2024,level__boll_w60_k2p0,level,Курс ниже нижней Bollinger band 60/2.0,"{'window': 60, 'width': 2.0}",50,5,0.599968918830665,0.5438202247191012,-10.962205420571149,0.20172910662824212,0.0,0.684978354978355,False
wf_2024,momentum__down_streak_2,momentum,Курс снижается не менее 2 публикаций подряд,{'length': 2},289,5,0.7215707842800083,0.6895896656534954,-8.32920802117115,1.1659942363112392,0.0,0.5593217893217892,False
wf_2024,momentum__down_streak_3,momentum,Курс снижается не менее 3 публикаций подряд,{'length': 3},162,5,0.7192214669359756,0.6884779516358464,10.645296880654204,0.6536023054755044,0.0,0.5514784427284427,False
wf_2024,momentum__down_streak_4,momentum,Курс снижается не менее 4 публикаций подряд,{'length': 4},90,5,0.6815081731434638,0.6774916013437849,42.700601884413686,0.3631123919308358,0.0,0.5718052999631947,False
wf_2024,momentum__down_streak_5,momentum,Курс снижается не менее 5 публикаций подряд,{'length': 5},52,5,0.8885872739186276,0.9063670411985019,106.78082710741356,0.20979827089337175,0.0,0.4011655011655012,False
wf_2024,momentum__ret_h1_w60_p10,momentum,Падение за 1 публикаций в нижнем 10% диапазоне,"{'horizon': 1, 'window': 60, 'quantile': 0.1}",118,5,0.5522236118625514,0.5851063829787234,-38.059970359048926,0.4760806916426514,0.0,0.2851067193675889,False
wf_2024,momentum__ret_h1_w60_p20,momentum,Падение за 1 публикаций в нижнем 20% диапазоне,"{'horizon': 1, 'window': 60, 'quantile': 0.2}",245,5,0.5604869511243625,0.5663829787234043,-29.880997337356423,0.9884726224783862,0.0,0.3376533911223352,False
wf_2024,momentum__ret_h1_w120_p10,momentum,Падение за 1 публикаций в нижнем 10% диапазоне,"{'horizon': 1, 'window': 120, 'quantile': 0.1}",113,5,0.4589857917147846,0.47288715192965314,-40.884783917991115,0.45590778097982715,0.0,0.2559617918313571,False
wf_2024,momentum__ret_h1_w120_p20,momentum,Падение за 1 публикаций в нижнем 20% диапазоне,"{'horizon': 1, 'window': 120, 'quantile': 0.2}",258,5,0.5655500808211241,0.5993808049535603,-28.330450721952,1.0409221902017294,0.0,0.36570435266305107,False
wf_2024,momentum__ret_h3_w60_p10,momentum,Падение за 3 публикаций в нижнем 10% диапазоне,"{'horizon': 3, 'window': 60, 'quantile': 0.1}",134,5,0.6577668929136433,0.6436170212765958,-12.065557512674513,0.5406340057636888,0.0,0.6033177550418929,False
wf_2024,momentum__ret_h3_w60_p20,momentum,Падение за 3 публикаций в нижнем 20% диапазоне,"{'horizon': 3, 'window': 60, 'quantile': 0.2}",249,5,0.6095528548554855,0.5751944684528955,-16.022932726500663,1.0046109510086456,0.0,0.66012267471091,False
wf_2024,momentum__ret_h3_w120_p10,momentum,Падение за 3 публикаций в нижнем 10% диапазоне,"{'horizon': 3, 'window': 120, 'quantile': 0.1}",134,5,0.6553190796051782,0.6368421052631579,0.5965000006453621,0.5406340057636888,0.0,0.6096857249031162,False
wf_2024,momentum__ret_h3_w120_p20,momentum,Падение за 3 публикаций в нижнем 20% диапазоне,"{'horizon': 3, 'window': 120, 'quantile': 0.2}",272,5,0.6060681965096488,0.6085106382978723,-18.782568422659388,1.097406340057637,0.0,0.6582311418744622,False
wf_2024,momentum__ret_h5_w60_p10,momentum,Падение за 5 публикаций в нижнем 10% диапазоне,"{'horizon': 5, 'window': 60, 'quantile': 0.1}",149,5,0.7882551288230623,0.7240691489361702,19.253651648529182,0.6011527377521613,0.2,0.6492616796440489,False
wf_2024,momentum__ret_h5_w60_p20,momentum,Падение за 5 публикаций в нижнем 20% диапазоне,"{'horizon': 5, 'window': 60, 'quantile': 0.2}",292,5,0.774716576629784,0.7921440261865794,9.72670475670676,1.1780979827089337,0.0,0.7283466852680524,False
wf_2024,momentum__ret_h5_w120_p10,momentum,Падение за 5 публикаций в нижнем 10% диапазоне,"{'horizon': 5, 'window': 120, 'quantile': 0.1}",160,5,0.8588530734811659,0.8217317487266552,30.871933433972565,0.6455331412103746,0.2,0.6688495486171008,False
wf_2024,momentum__ret_h5_w120_p20,momentum,Падение за 5 публикаций в нижнем 20% диапазоне,"{'horizon': 5, 'window': 120, 'quantile': 0.2}",292,5,0.7434812630755717,0.7286230429546368,3.8532276286295897,1.1780979827089335,0.0,0.7334196405657247,False
wf_2024,momentum__ret_h10_w60_p10,momentum,Падение за 10 публикаций в нижнем 10% диапазоне,"{'horizon': 10, 'window': 60, 'quantile': 0.1}",163,5,0.8661373147498411,0.8438589693917087,24.38372709763177,0.6576368876080693,0.2,0.7122095979659939,False
wf_2024,momentum__ret_h10_w60_p20,momentum,Падение за 10 публикаций в нижнем 20% диапазоне,"{'horizon': 10, 'window': 60, 'quantile': 0.2}",296,5,0.7504795564361977,0.7678238148562897,4.0039957513413835,1.1942363112391932,0.0,0.8097032923181139,False
wf_2024,momentum__ret_h10_w120_p10,momentum,Падение за 10 публикаций в нижнем 10% диапазоне,"{'horizon': 10, 'window': 120, 'quantile': 0.1}",165,5,0.8115980727696968,0.7960526315789473,34.22300856911308,0.6657060518731989,0.0,0.7315161817415138,False
wf_2024,momentum__ret_h10_w120_p20,momentum,Падение за 10 публикаций в нижнем 20% диапазоне,"{'horizon': 10, 'window': 120, 'quantile': 0.2}",329,5,0.7562810847430853,0.7571964956195245,10.122687628418124,1.3273775216138328,0.0,0.8198043053776441,False
wf_2024,momentum__ret_h20_w60_p10,momentum,Падение за 20 публикаций в нижнем 10% диапазоне,"{'horizon': 20, 'window': 60, 'quantile': 0.1}",224,5,0.8124905588462239,0.8776595744680851,18.02247659277179,0.9037463976945246,0.2,0.7934354074182097,False
wf_2024,momentum__ret_h20_w60_p20,momentum,Падение за 20 публикаций в нижнем 20% диапазоне,"{'horizon': 20, 'window': 60, 'quantile': 0.2}",355,5,0.8738295715329084,0.9169338385310405,10.4835148304319,1.432276657060519,0.2,0.8673012610583228,False
wf_2024,momentum__ret_h20_w120_p10,momentum,Падение за 20 публикаций в нижнем 10% диапазоне,"{'horizon': 20, 'window': 120, 'quantile': 0.1}",177,5,0.7438134507211982,0.7278195488721804,10.917374067246275,0.714121037463977,0.0,0.8065662649029788,False
wf_2024,momentum__ret_h20_w120_p20,momentum,Падение за 20 публикаций в нижнем 20% диапазоне,"{'horizon': 20, 'window': 120, 'quantile': 0.2}",317,5,0.866818303090558,0.8581560283687943,19.369043902864274,1.2789625360230548,0.2,0.8450485050193229,False
wf_2024,momentum__slope_w5_m0p5,momentum,Нормированный нисходящий тренд за 5 публикаций,"{'window': 5, 'threshold': -0.5}",223,5,0.7304072794205186,0.7278195488721804,7.234982076217056,0.8997118155619598,0.0,0.6760992907801419,False
wf_2024,momentum__slope_w5_m1p0,momentum,Нормированный нисходящий тренд за 5 публикаций,"{'window': 5, 'threshold': -1.0}",73,5,0.6623039890684618,0.6368421052631579,49.482177144583495,0.2945244956772335,0.0,0.5289224664224663,False
wf_2024,momentum__slope_w10_m0p5,momentum,Нормированный нисходящий тренд за 10 публикаций,"{'window': 10, 'threshold': -0.5}",104,5,0.7345172139049512,0.8105263157894737,50.0639600825054,0.4195965417867436,0.0,0.758926406926407,False
wf_2024,momentum__slope_w10_m1p0,momentum,Нормированный нисходящий тренд за 10 публикаций,"{'window': 10, 'threshold': -1.0}",4,4,2.5609182530795076,2.5609182530795076,462.4609201588213,0.016138328530259365,1.0,0.0,False
wf_2024,momentum__slope_w20_m0p5,momentum,Нормированный нисходящий тренд за 20 публикаций,"{'window': 20, 'threshold': -0.5}",25,4,1.578555431131019,1.4588652482269504,151.9211398931656,0.10086455331412103,0.5,0.29166666666666663,False
wf_2024,momentum__slope_w20_m1p0,momentum,Нормированный нисходящий тренд за 20 публикаций,"{'window': 20, 'threshold': -1.0}",0,0,,,,0.0,0.0,,False
wf_2024,momentum__slope_w60_m0p5,momentum,Нормированный нисходящий тренд за 60 публикаций,"{'window': 60, 'threshold': -0.5}",0,0,,,,0.0,0.0,,False
wf_2024,momentum__slope_w60_m1p0,momentum,Нормированный нисходящий тренд за 60 публикаций,"{'window': 60, 'threshold': -1.0}",0,0,,,,0.0,0.0,,False
wf_2024,oversold__rsi_w5_p20,oversold,RSI(5) не выше 20,"{'window': 5, 'threshold': 20}",213,5,0.7071648497339453,0.7108935128518972,-2.46397517915842,0.8593659942363112,0.0,0.6948677207524527,False
wf_2024,oversold__rsi_w5_p30,oversold,RSI(5) не выше 30,"{'window': 5, 'threshold': 30}",301,5,0.7972496054450108,0.7957446808510639,3.5076739887758506,1.2144092219020173,0.0,0.7102272747665624,False
wf_2024,oversold__rsi_w5_p40,oversold,RSI(5) не выше 40,"{'window': 5, 'threshold': 40}",374,5,0.8242265024554444,0.8379501385041551,6.326388146048664,1.5089337175792508,0.0,0.758557593077717,False
wf_2024,oversold__rsi_w10_p20,oversold,RSI(10) не выше 20,"{'window': 10, 'threshold': 20}",94,5,0.6366077640469305,0.6436170212765958,22.680908933690397,0.3792507204610951,0.0,0.7369856459330144,False
wf_2024,oversold__rsi_w10_p30,oversold,RSI(10) не выше 30,"{'window': 10, 'threshold': 30}",207,5,0.6151469376261616,0.5987135081642752,2.7905559799884676,0.8351585014409222,0.0,0.763688497171197,False
wf_2024,oversold__rsi_w10_p40,oversold,RSI(10) не выше 40,"{'window': 10, 'threshold': 40}",343,5,0.7103210285756507,0.6733224222585925,-0.42072382883160503,1.3838616714697407,0.0,0.8368255021185588,False
wf_2024,oversold__rsi_w14_p20,oversold,RSI(14) не выше 20,"{'window': 14, 'threshold': 20}",60,5,0.6991300230767512,0.6057571964956195,70.36069111409059,0.24207492795389052,0.2,0.5912231559290382,False
wf_2024,oversold__rsi_w14_p30,oversold,RSI(14) не выше 30,"{'window': 14, 'threshold': 30}",179,5,0.7146982117875584,0.7261320240043645,30.169060176286223,0.7221902017291066,0.0,0.8038288288288289,False
wf_2024,oversold__rsi_w14_p40,oversold,RSI(14) не выше 40,"{'window': 14, 'threshold': 40}",268,5,0.9689948491546009,0.9901800327332243,28.32878013891618,1.0812680115273774,0.4,0.8428395649757878,False
wf_2024,oversold__rsi_w20_p20,oversold,RSI(20) не выше 20,"{'window': 20, 'threshold': 20}",41,4,0.49413773796192606,0.5121836506159014,27.21587966322881,0.1654178674351585,0.0,0.6840909090909091,False
wf_2024,oversold__rsi_w20_p30,oversold,RSI(20) не выше 30,"{'window': 20, 'threshold': 30}",101,5,0.8880639439954084,0.6947368421052631,75.55412998582709,0.407492795389049,0.2,0.8174825174825175,False
wf_2024,oversold__rsi_w20_p40,oversold,RSI(20) не выше 40,"{'window': 20, 'threshold': 40}",185,5,0.8501264217082415,0.8581560283687943,43.41577497842832,0.7463976945244957,0.0,0.8284082779333101,False
wf_2024,oversold__stoch_w10_p10,oversold,Stochastic(10) не выше 10%,"{'window': 10, 'threshold': 0.1}",231,5,0.7543459841409904,0.7199084668192218,-7.255487355904194,0.9319884726224783,0.0,0.7103348971410952,False
wf_2024,oversold__stoch_w10_p20,oversold,Stochastic(10) не выше 20%,"{'window': 10, 'threshold': 0.2}",307,5,0.8467809332536207,0.8440878967561911,1.0841528483023215,1.2386167146974063,0.0,0.7882205631020666,False
wf_2024,oversold__stoch_w20_p10,oversold,Stochastic(20) не выше 10%,"{'window': 20, 'threshold': 0.1}",144,5,0.5384970549535182,0.4717348927875243,-14.867422735719686,0.5809798270893372,0.0,0.8228446583285292,False
wf_2024,oversold__stoch_w20_p20,oversold,Stochastic(20) не выше 20%,"{'window': 20, 'threshold': 0.2}",209,5,0.6083909637552201,0.5516717325227963,-1.0908525995845104,0.843227665706052,0.0,0.8549325674325674,False
wf_2024,oversold__stoch_w60_p10,oversold,Stochastic(60) не выше 10%,"{'window': 60, 'threshold': 0.1}",129,5,0.5232065287738128,0.5270417422867513,-6.966418131156082,0.5204610951008645,0.0,0.8645120167189132,False
wf_2024,oversold__stoch_w60_p20,oversold,Stochastic(60) не выше 20%,"{'window': 60, 'threshold': 0.2}",189,5,0.6730105747293375,0.670360110803324,5.920012434020452,0.7625360230547551,0.0,0.9312067330488383,False
wf_2024,confirmation__stabilize_h3,confirmation,Курс дешёвый после снижения за 3 публикаций и стабилизировался,{'horizon': 3},31,5,0.288485276063695,0.31842105263157894,-56.74287225552562,0.12507204610951012,0.0,0.15071428571428572,False
wf_2024,confirmation__stabilize_h5,confirmation,Курс дешёвый после снижения за 5 публикаций и стабилизировался,{'horizon': 5},36,5,0.2107966725323948,0.0,-67.04259600859646,0.14524495677233432,0.0,0.16785714285714284,False
wf_2024,confirmation__stabilize_h10,confirmation,Курс дешёвый после снижения за 10 публикаций и стабилизировался,{'horizon': 10},47,5,0.20902511278594926,0.24719101123595508,-31.53371052759372,0.1896253602305476,0.0,0.15898989898989901,False
wf_2024,regime__cheap_calm,regime,Дешёвый курс в режиме волатильности: calm,{'regime': 'calm'},97,5,0.487451516821846,0.4543178973717147,-24.34905484475226,0.39135446685878966,0.0,0.7494934266612823,False
wf_2024,regime__cheap_normal,regime,Дешёвый курс в режиме волатильности: normal,{'regime': 'normal'},55,5,0.43110004947945485,0.3960720130932897,-23.94895700725835,0.22190201729106632,0.0,0.6101787101787102,False
wf_2024,regime__cheap_volatile,regime,Дешёвый курс в режиме волатильности: volatile,{'regime': 'volatile'},8,3,1.0757145673171693,0.6797752808988764,197.85606651379678,0.03227665706051873,0.3333333333333333,0.38888888888888884,False
wf_2024,relative__usd_ret_1_w60_p10,relative,Коридор аномально дешевеет относительно usd_ret_1 за 60 публикаций,"{'context': 'usd_ret_1', 'window': 60, 'quantile': 0.1}",136,5,0.8415394624711997,0.8151578947368421,5.257270368485001,0.5487031700288185,0.2,0.29066666666666663,False
wf_2024,relative__usd_ret_1_w120_p10,relative,Коридор аномально дешевеет относительно usd_ret_1 за 120 публикаций,"{'context': 'usd_ret_1', 'window': 120, 'quantile': 0.1}",132,5,0.8843909852326248,0.9097744360902256,4.708384031903482,0.5325648414985591,0.2,0.25367965367965367,False
wf_2024,relative__eur_ret_1_w60_p10,relative,Коридор аномально дешевеет относительно eur_ret_1 за 60 публикаций,"{'context': 'eur_ret_1', 'window': 60, 'quantile': 0.1}",116,5,1.1415448646225448,1.213032581453634,33.40142813517482,0.46801152737752155,0.8,0.1008451693234302,True
wf_2024,relative__eur_ret_1_w120_p10,relative,Коридор аномально дешевеет относительно eur_ret_1 за 120 публикаций,"{'context': 'eur_ret_1', 'window': 120, 'quantile': 0.1}",96,5,1.1804109439867898,1.213032581453634,37.42363639558495,0.3873198847262248,1.0,0.10360275689223057,True
wf_2024,relative__cny_ret_1_w60_p10,relative,Коридор аномально дешевеет относительно cny_ret_1 за 60 публикаций,"{'context': 'cny_ret_1', 'window': 60, 'quantile': 0.1}",122,5,0.9924551139080657,0.979757085020243,12.261540327456277,0.4922190201729107,0.4,0.17327647714604238,False
wf_2024,relative__cny_ret_1_w120_p10,relative,Коридор аномально дешевеет относительно cny_ret_1 за 120 публикаций,"{'context': 'cny_ret_1', 'window': 120, 'quantile': 0.1}",109,5,0.9911025597047175,1.0531914893617023,19.848484289201956,0.4397694524495678,0.6,0.1384284136915716,True
wf_2024,relative__residual_usd_1_w60_p10,relative,Коридор аномально дешевеет относительно residual_usd_1 за 60 публикаций,"{'context': 'residual_usd_1', 'window': 60, 'quantile': 0.1}",136,5,0.8415394624711997,0.8151578947368421,5.257270368485001,0.5487031700288185,0.2,0.29066666666666663,False
wf_2024,relative__residual_usd_1_w120_p10,relative,Коридор аномально дешевеет относительно residual_usd_1 за 120 публикаций,"{'context': 'residual_usd_1', 'window': 120, 'quantile': 0.1}",132,5,0.8843909852326248,0.9097744360902256,4.708384031903482,0.5325648414985591,0.2,0.25367965367965367,False
wf_2025,level__pct_w20_p05,level,Курс входит в нижние 5% за 20 публикаций,"{'window': 20, 'threshold': 0.05}",106,5,0.9188926881941588,0.9529411764705882,44.46339171218868,0.4252148997134671,0.2,0.5378851540616246,False
wf_2025,level__pct_w20_p10,level,Курс входит в нижние 10% за 20 публикаций,"{'window': 20, 'threshold': 0.1}",152,5,1.0614298642533937,1.048235294117647,59.732219526383325,0.6097421203438396,0.8,0.643921568627451,True
wf_2025,level__pct_w20_p20,level,Курс входит в нижние 20% за 20 публикаций,"{'window': 20, 'threshold': 0.2}",297,5,0.8709528817124456,0.8640000000000001,29.497046621185923,1.191404011461318,0.2,0.7464241205019236,False
wf_2025,level__pct_w60_p05,level,Курс входит в нижние 5% за 60 публикаций,"{'window': 60, 'threshold': 0.05}",92,5,1.1471726142781464,1.2940828402366864,89.17455431758724,0.369054441260745,0.8,0.5469471388826227,True
wf_2025,level__pct_w60_p10,level,Курс входит в нижние 10% за 60 публикаций,"{'window': 60, 'threshold': 0.1}",168,5,0.9706683196028003,1.0285714285714285,48.83924074083783,0.6739255014326648,0.6,0.735432546177227,True
wf_2025,level__pct_w60_p20,level,Курс входит в нижние 20% за 60 публикаций,"{'window': 60, 'threshold': 0.2}",276,5,0.7741975094759919,0.7796791443850266,10.309115679963131,1.1071633237822351,0.0,0.9024298965087818,False
wf_2025,level__pct_w90_p05,level,Курс входит в нижние 5% за 90 публикаций,"{'window': 90, 'threshold': 0.05}",94,5,1.2803954897095315,1.35,105.04851358529314,0.3770773638968481,1.0,0.6120046082949309,True
wf_2025,level__pct_w90_p10,level,Курс входит в нижние 10% за 90 публикаций,"{'window': 90, 'threshold': 0.1}",176,5,0.9384273079861316,0.9818181818181819,38.24438855958853,0.7060171919770774,0.4,0.842491299550123,False
wf_2025,level__pct_w90_p20,level,Курс входит в нижние 20% за 90 публикаций,"{'window': 90, 'threshold': 0.2}",260,5,0.9466505112534526,0.8836363636363636,29.070501753737496,1.0429799426934099,0.4,0.874526307026307,False
wf_2025,level__pct_w120_p05,level,Курс входит в нижние 5% за 120 публикаций,"{'window': 120, 'threshold': 0.05}",104,5,1.2931247943233237,1.2272727272727273,101.48950292396289,0.4171919770773639,0.8,0.6818625818625819,True
wf_2025,level__pct_w120_p10,level,Курс входит в нижние 10% за 120 публикаций,"{'window': 120, 'threshold': 0.1}",167,5,1.0957679915017113,1.123109243697479,64.05083110046363,0.6699140401146132,0.8,0.8594347756702797,True
wf_2025,level__pct_w120_p20,level,Курс входит в нижние 20% за 120 публикаций,"{'window': 120, 'threshold': 0.2}",235,5,1.1307836264778865,1.2149999999999999,52.50203127949902,0.9426934097421205,0.8,0.8331611459030814,True
wf_2025,level__pct_w250_p05,level,Курс входит в нижние 5% за 250 публикаций,"{'window': 250, 'threshold': 0.05}",88,5,1.9051914996767938,1.8,238.74087484449586,0.3530085959885387,0.8,0.5028571428571429,True
wf_2025,level__pct_w250_p10,level,Курс входит в нижние 10% за 250 публикаций,"{'window': 250, 'threshold': 0.1}",120,5,1.693760623277651,2.001176470588235,177.87784911129296,0.4813753581661892,0.8,0.6844110275689224,True
wf_2025,level__pct_w250_p20,level,Курс входит в нижние 20% за 250 публикаций,"{'window': 250, 'threshold': 0.2}",181,5,1.2814990627020038,1.2578823529411765,96.47009969669202,0.7260744985673353,0.8,0.8130714285714286,True
wf_2025,level__near_min_w20_bp0,level,Курс не дальше 0 б.п. от минимума за 20 публикаций,"{'window': 20, 'tolerance_bp': 0}",106,5,0.9188926881941588,0.9529411764705882,44.46339171218868,0.4252148997134671,0.2,0.5378851540616246,False
wf_2025,level__near_min_w20_bp10,level,Курс не дальше 10 б.п. от минимума за 20 публикаций,"{'window': 20, 'tolerance_bp': 10}",121,5,0.887877129215463,0.8338235294117647,37.20780740952303,0.48538681948424073,0.2,0.5779415512024207,False
wf_2025,level__near_min_w20_bp25,level,Курс не дальше 25 б.п. от минимума за 20 публикаций,"{'window': 20, 'tolerance_bp': 25}",141,5,0.8874386877828055,0.9062937062937063,38.485554800309174,0.5656160458452721,0.0,0.6205363438304614,False
wf_2025,level__near_min_w20_bp50,level,Курс не дальше 50 б.п. от минимума за 20 публикаций,"{'window': 20, 'tolerance_bp': 50}",195,5,0.7926079283120754,0.7838709677419355,29.119001070161495,0.7822349570200574,0.0,0.7390492359932089,False
wf_2025,level__near_min_w60_bp0,level,Курс не дальше 0 б.п. от минимума за 60 публикаций,"{'window': 60, 'tolerance_bp': 0}",48,5,1.064335811247576,1.1571428571428573,97.90841847210655,0.19255014326647565,0.6,0.538795518207283,False
wf_2025,level__near_min_w60_bp10,level,Курс не дальше 10 б.п. от минимума за 60 публикаций,"{'window': 60, 'tolerance_bp': 10}",52,5,1.0708531793284117,1.1571428571428573,94.0238427856013,0.20859598853868197,0.6,0.5616541353383459,True
wf_2025,level__near_min_w60_bp25,level,Курс не дальше 25 б.п. от минимума за 60 публикаций,"{'window': 60, 'tolerance_bp': 25}",56,5,1.06758447434918,1.1571428571428573,91.68996536988172,0.22464183381088826,0.6,0.5664069264069264,True
wf_2025,level__near_min_w60_bp50,level,Курс не дальше 50 б.п. от минимума за 60 публикаций,"{'window': 60, 'tolerance_bp': 50}",74,5,0.9854074779709455,1.143529411764706,74.39442309381451,0.2968481375358166,0.6,0.6040935672514619,True
wf_2025,level__near_min_w120_bp0,level,Курс не дальше 0 б.п. от минимума за 120 публикаций,"{'window': 120, 'tolerance_bp': 0}",25,5,1.5881742081447963,1.4294117647058824,174.09456685432139,0.10028653295128939,1.0,0.48,False
wf_2025,level__near_min_w120_bp10,level,Курс не дальше 10 б.п. от минимума за 120 публикаций,"{'window': 120, 'tolerance_bp': 10}",26,5,1.6380203619909501,1.4294117647058824,171.01347865948247,0.10429799426934097,1.0,0.5,False
wf_2025,level__near_min_w120_bp25,level,Курс не дальше 25 б.п. от минимума за 120 публикаций,"{'window': 120, 'tolerance_bp': 25}",29,5,1.5852206616912499,1.4294117647058824,162.95670462196074,0.1163323782234957,1.0,0.49004329004329,False
wf_2025,level__near_min_w120_bp50,level,Курс не дальше 50 б.п. от минимума за 120 публикаций,"{'window': 120, 'tolerance_bp': 50}",44,5,1.3681839851325148,1.35,128.29114753583252,0.17650429799426934,0.8,0.5726190476190476,False
wf_2025,level__z_sma_w10_m0p5,level,Курс ниже SMA(10) на 0.5 sigma,"{'kind': 'sma', 'window': 10, 'threshold': -0.5}",355,5,0.8912289275357551,0.8567307692307692,20.054808828168895,1.4240687679083097,0.2,0.7489947864986879,False
wf_2025,level__z_sma_w10_m1p0,level,Курс ниже SMA(10) на 1.0 sigma,"{'kind': 'sma', 'window': 10, 'threshold': -1.0}",235,5,0.9279821883998354,0.9096256684491978,28.877452361581923,0.9426934097421202,0.2,0.6622424242424242,False
wf_2025,level__z_sma_w10_m1p5,level,Курс ниже SMA(10) на 1.5 sigma,"{'kind': 'sma', 'window': 10, 'threshold': -1.5}",122,5,1.052699023086447,1.05,56.056329779598265,0.48939828080229225,0.6,0.47514235955615264,True
wf_2025,level__z_sma_w20_m0p5,level,Курс ниже SMA(20) на 0.5 sigma,"{'kind': 'sma', 'window': 20, 'threshold': -0.5}",387,5,0.879426012979071,0.8885532591414944,25.166752000762802,1.55243553008596,0.0,0.8383119771160104,False
wf_2025,level__z_sma_w20_m1p0,level,Курс ниже SMA(20) на 1.0 sigma,"{'kind': 'sma', 'window': 20, 'threshold': -1.0}",247,5,0.8833651688237929,0.9504563233376793,38.5141342828741,0.9908309455587393,0.2,0.7263480663299064,False
wf_2025,level__z_sma_w20_m1p5,level,Курс ниже SMA(20) на 1.5 sigma,"{'kind': 'sma', 'window': 20, 'threshold': -1.5}",108,5,1.175768956746578,1.143529411764706,78.89243688180112,0.4332378223495702,1.0,0.5873105590062112,True
wf_2025,level__z_sma_w60_m0p5,level,Курс ниже SMA(60) на 0.5 sigma,"{'kind': 'sma', 'window': 60, 'threshold': -0.5}",332,5,0.7467100747176417,0.7260504201680672,6.229599866606495,1.3318051575931233,0.0,0.9215868199625618,False
wf_2025,level__z_sma_w60_m1p0,level,Курс ниже SMA(60) на 1.0 sigma,"{'kind': 'sma', 'window': 60, 'threshold': -1.0}",232,5,0.7902629585488041,0.81,19.347886743022165,0.9306590257879657,0.0,0.8646130952380953,False
wf_2025,level__z_sma_w60_m1p5,level,Курс ниже SMA(60) на 1.5 sigma,"{'kind': 'sma', 'window': 60, 'threshold': -1.5}",107,5,1.247580639948287,1.2461538461538464,73.38367968323135,0.4292263610315187,0.6,0.638956043956044,True
wf_2025,level__z_sma_w120_m0p5,level,Курс ниже SMA(120) на 0.5 sigma,"{'kind': 'sma', 'window': 120, 'threshold': -0.5}",355,5,1.1539623309771718,1.1911764705882353,37.490635227439334,1.4240687679083095,0.8,0.8778906290221276,True
wf_2025,level__z_sma_w120_m1p0,level,Курс ниже SMA(120) на 1.0 sigma,"{'kind': 'sma', 'window': 120, 'threshold': -1.0}",222,5,1.0905337570099296,1.1262032085561495,55.870846792377925,0.89054441260745,0.8,0.8938424327664836,True
wf_2025,level__z_sma_w120_m1p5,level,Курс ниже SMA(120) на 1.5 sigma,"{'kind': 'sma', 'window': 120, 'threshold': -1.5}",134,5,1.168854983517946,1.1250000000000002,88.69351686428813,0.5375358166189113,0.6,0.7436974789915967,True
wf_2025,level__z_ema_w10_m0p5,level,Курс ниже EMA(10) на 0.5 sigma,"{'kind': 'ema', 'window': 10, 'threshold': -0.5}",332,5,0.8775715406388901,0.8844827586206897,23.095683934666834,1.3318051575931233,0.0,0.7382178009089728,False
wf_2025,level__z_ema_w10_m1p0,level,Курс ниже EMA(10) на 1.0 sigma,"{'kind': 'ema', 'window': 10, 'threshold': -1.0}",180,5,0.9642246999801178,0.963109756097561,42.858364551524204,0.7220630372492837,0.4,0.5446695078367765,False
wf_2025,level__z_ema_w10_m1p5,level,Курс ниже EMA(10) на 1.5 sigma,"{'kind': 'ema', 'window': 10, 'threshold': -1.5}",62,5,1.23930349062702,1.1682692307692308,90.15706922960491,0.24871060171919773,1.0,0.30194139194139197,True
wf_2025,level__z_ema_w20_m0p5,level,Курс ниже EMA(20) на 0.5 sigma,"{'kind': 'ema', 'window': 20, 'threshold': -0.5}",340,5,0.8526169153709885,0.8760910815939279,27.008391390363705,1.3638968481375362,0.0,0.8257811072271583,False
wf_2025,level__z_ema_w20_m1p0,level,Курс ниже EMA(20) на 1.0 sigma,"{'kind': 'ema', 'window': 20, 'threshold': -1.0}",177,5,0.9674780894114517,1.0340425531914894,48.87934109212658,0.710028653295129,0.6,0.6537864923044674,True
wf_2025,level__z_ema_w20_m1p5,level,Курс ниже EMA(20) на 1.5 sigma,"{'kind': 'ema', 'window': 20, 'threshold': -1.5}",74,5,1.127374948580831,1.08,81.77255083007266,0.2968481375358166,0.8,0.5438903743315509,True
wf_2025,level__z_ema_w60_m0p5,level,Курс ниже EMA(60) на 0.5 sigma,"{'kind': 'ema', 'window': 60, 'threshold': -0.5}",318,5,0.87482810118215,0.9169811320754716,21.90254599618059,1.2756446991404011,0.0,0.8903207344772761,False
wf_2025,level__z_ema_w60_m1p0,level,Курс ниже EMA(60) на 1.0 sigma,"{'kind': 'ema', 'window': 60, 'threshold': -1.0}",195,5,1.0436104666680568,1.046769230769231,54.83168595778187,0.7822349570200574,0.8,0.7766387805742645,True
wf_2025,level__z_ema_w60_m1p5,level,Курс ниже EMA(60) на 1.5 sigma,"{'kind': 'ema', 'window': 60, 'threshold': -1.5}",82,5,1.2756269603558208,1.35,117.4189956660936,0.32893982808022926,0.6,0.5760732323232324,True
wf_2025,level__z_ema_w120_m0p5,level,Курс ниже EMA(120) на 0.5 sigma,"{'kind': 'ema', 'window': 120, 'threshold': -0.5}",268,5,1.0276262360495168,1.0637482900136799,40.601858450483185,1.0750716332378223,0.8,0.8785390953328429,True
wf_2025,level__z_ema_w120_m1p0,level,Курс ниже EMA(120) на 1.0 sigma,"{'kind': 'ema', 'window': 120, 'threshold': -1.0}",154,5,1.1911010650765337,1.3453287197231834,97.16820750363888,0.6177650429799427,0.6,0.781763730367769,True
wf_2025,level__z_ema_w120_m1p5,level,Курс ниже EMA(120) на 1.5 sigma,"{'kind': 'ema', 'window': 120, 'threshold': -1.5}",85,5,1.5864364175378374,1.62,154.835959957649,0.34097421203438394,0.8,0.6410727969348659,True
wf_2025,level__boll_w10_k1p0,level,Курс ниже нижней Bollinger band 10/1.0,"{'window': 10, 'width': 1.0}",235,5,0.9279821883998354,0.9096256684491978,28.877452361581923,0.9426934097421202,0.2,0.6622424242424242,False
wf_2025,level__boll_w10_k1p5,level,Курс ниже нижней Bollinger band 10/1.5,"{'window': 10, 'width': 1.5}",122,5,1.052699023086447,1.05,56.056329779598265,0.48939828080229225,0.6,0.47514235955615264,True
wf_2025,level__boll_w10_k2p0,level,Курс ниже нижней Bollinger band 10/2.0,"{'window': 10, 'width': 2.0}",43,5,1.1550572074983838,1.0125,95.17352746305292,0.17249283667621776,0.6,0.3176984126984127,False
wf_2025,level__boll_w20_k1p0,level,Курс ниже нижней Bollinger band 20/1.0,"{'window': 20, 'width': 1.0}",247,5,0.8833651688237929,0.9504563233376793,38.5141342828741,0.9908309455587393,0.2,0.7263480663299064,False
wf_2025,level__boll_w20_k1p5,level,Курс ниже нижней Bollinger band 20/1.5,"{'window': 20, 'width': 1.5}",108,5,1.175768956746578,1.143529411764706,78.89243688180112,0.4332378223495702,1.0,0.5873105590062112,True
wf_2025,level__boll_w20_k2p0,level,Курс ниже нижней Bollinger band 20/2.0,"{'window': 20, 'width': 2.0}",49,5,1.3411980666392431,1.3594405594405594,113.45646265063013,0.19656160458452723,0.8,0.5056721056721056,False
wf_2025,level__boll_w60_k1p0,level,Курс ниже нижней Bollinger band 60/1.0,"{'window': 60, 'width': 1.0}",232,5,0.7902629585488041,0.81,19.347886743022165,0.9306590257879657,0.0,0.8646130952380953,False
wf_2025,level__boll_w60_k1p5,level,Курс ниже нижней Bollinger band 60/1.5,"{'window': 60, 'width': 1.5}",107,5,1.247580639948287,1.2461538461538464,73.38367968323135,0.4292263610315187,0.6,0.638956043956044,True
wf_2025,level__boll_w60_k2p0,level,Курс ниже нижней Bollinger band 60/2.0,"{'window': 60, 'width': 2.0}",57,5,1.0397028926955398,1.35,133.42328753158327,0.22865329512893987,0.6,0.6214285714285714,True
wf_2025,momentum__down_streak_2,momentum,Курс снижается не менее 2 публикаций подряд,{'length': 2},293,5,0.8905290218639402,0.823728813559322,6.135151941273518,1.175358166189112,0.2,0.5058670143415906,False
wf_2025,momentum__down_streak_3,momentum,Курс снижается не менее 3 публикаций подряд,{'length': 3},148,5,0.979132133343412,0.9969230769230769,21.953732473170618,0.5936962750716333,0.4,0.4700049069807134,False
wf_2025,momentum__down_streak_4,momentum,Курс снижается не менее 4 публикаций подряд,{'length': 4},70,5,0.9765650525944644,0.9,40.33065158037458,0.2808022922636103,0.4,0.41908581614463963,False
wf_2025,momentum__down_streak_5,momentum,Курс снижается не менее 5 публикаций подряд,{'length': 5},30,5,1.7305045248868776,1.62,127.79448732146022,0.12034383954154729,1.0,0.3911111111111111,False
wf_2025,momentum__ret_h1_w60_p10,momentum,Падение за 1 публикаций в нижнем 10% диапазоне,"{'horizon': 1, 'window': 60, 'quantile': 0.1}",126,5,1.012664932126697,1.0125,-12.846800065530207,0.5054441260744985,0.6,0.310982905982906,False
wf_2025,momentum__ret_h1_w60_p20,momentum,Падение за 1 публикаций в нижнем 20% диапазоне,"{'horizon': 1, 'window': 60, 'quantile': 0.2}",248,5,0.8104136684877192,0.8627218934911243,-12.885085475098274,0.9948424068767909,0.0,0.3441566332218506,False
wf_2025,momentum__ret_h1_w120_p10,momentum,Падение за 1 публикаций в нижнем 10% диапазоне,"{'horizon': 1, 'window': 120, 'quantile': 0.1}",115,5,0.9451854930236004,0.9529411764705882,-5.292187613084507,0.46131805157593125,0.2,0.3038206286467156,False
wf_2025,momentum__ret_h1_w120_p20,momentum,Падение за 1 публикаций в нижнем 20% диапазоне,"{'horizon': 1, 'window': 120, 'quantile': 0.2}",217,5,0.8354889008570684,0.8162790697674419,-16.302178759109257,0.8704871060171921,0.0,0.33774856757667676,False
wf_2025,momentum__ret_h3_w60_p10,momentum,Падение за 3 публикаций в нижнем 10% диапазоне,"{'horizon': 3, 'window': 60, 'quantile': 0.1}",131,5,1.1761538088421852,1.164705882352941,46.27105611689806,0.5255014326647565,1.0,0.533056138597368,True
wf_2025,momentum__ret_h3_w60_p20,momentum,Падение за 3 публикаций в нижнем 20% диапазоне,"{'horizon': 3, 'window': 60, 'quantile': 0.2}",247,5,1.030913692579784,1.02,28.749901189630783,0.9908309455587393,0.8,0.5712281640807492,True
wf_2025,momentum__ret_h3_w120_p10,momentum,Падение за 3 публикаций в нижнем 10% диапазоне,"{'horizon': 3, 'window': 120, 'quantile': 0.1}",116,5,1.574582363608259,1.615856777493606,84.43264515453113,0.4653295128939828,1.0,0.5881837003576134,True
wf_2025,momentum__ret_h3_w120_p20,momentum,Падение за 3 публикаций в нижнем 20% диапазоне,"{'horizon': 3, 'window': 120, 'quantile': 0.2}",204,5,1.143390689828997,1.1682692307692308,39.4571679860101,0.8183381088825215,1.0,0.533737724591383,True
wf_2025,momentum__ret_h5_w60_p10,momentum,Падение за 5 публикаций в нижнем 10% диапазоне,"{'horizon': 5, 'window': 60, 'quantile': 0.1}",121,5,1.1702650561124885,1.173913043478261,56.60456843828862,0.48538681948424073,1.0,0.5712423245031941,True
wf_2025,momentum__ret_h5_w60_p20,momentum,Падение за 5 публикаций в нижнем 20% диапазоне,"{'horizon': 5, 'window': 60, 'quantile': 0.2}",242,5,0.9886704686617245,1.0384615384615385,25.35421850745943,0.9707736389684815,0.6,0.6096946999302622,True
wf_2025,momentum__ret_h5_w120_p10,momentum,Падение за 5 публикаций в нижнем 10% диапазоне,"{'horizon': 5, 'window': 120, 'quantile': 0.1}",98,5,1.7564354652017986,1.8055727554179564,117.56103082723635,0.39312320916905447,1.0,0.5646256163284027,True
wf_2025,momentum__ret_h5_w120_p20,momentum,Падение за 5 публикаций в нижнем 20% диапазоне,"{'horizon': 5, 'window': 120, 'quantile': 0.2}",193,5,1.1919393066560249,1.1728506787330315,44.000568114169475,0.7742120343839541,1.0,0.6567679134242601,True
wf_2025,momentum__ret_h10_w60_p10,momentum,Падение за 10 публикаций в нижнем 10% диапазоне,"{'horizon': 10, 'window': 60, 'quantile': 0.1}",120,5,1.016675179123327,1.0005882352941176,87.66067701388957,0.48137535816618915,0.6,0.6480925666199159,True
wf_2025,momentum__ret_h10_w60_p20,momentum,Падение за 10 публикаций в нижнем 20% диапазоне,"{'horizon': 10, 'window': 60, 'quantile': 0.2}",260,5,0.9599152995558778,0.9,42.01169225800458,1.0429799426934099,0.4,0.7255367231638419,False
wf_2025,momentum__ret_h10_w120_p10,momentum,Падение за 10 публикаций в нижнем 10% диапазоне,"{'horizon': 10, 'window': 120, 'quantile': 0.1}",112,5,1.3499061205048821,1.4865882352941175,106.90375923849463,0.4492836676217765,0.8,0.6816140350877193,True
wf_2025,momentum__ret_h10_w120_p20,momentum,Падение за 10 публикаций в нижнем 20% диапазоне,"{'horizon': 10, 'window': 120, 'quantile': 0.2}",200,5,1.084941526029922,1.0637482900136799,64.02708499514407,0.8022922636103151,0.8,0.7259710313925881,True
wf_2025,momentum__ret_h20_w60_p10,momentum,Падение за 20 публикаций в нижнем 10% диапазоне,"{'horizon': 20, 'window': 60, 'quantile': 0.1}",165,5,0.6369086499758275,0.6726643598615917,16.66457886019468,0.66189111747851,0.0,0.7233448045885021,False
wf_2025,momentum__ret_h20_w60_p20,momentum,Падение за 20 публикаций в нижнем 20% диапазоне,"{'horizon': 20, 'window': 60, 'quantile': 0.2}",242,5,0.6810725434675149,0.7147058823529412,12.452086787987449,0.9707736389684815,0.0,0.7738501197580481,False
wf_2025,momentum__ret_h20_w120_p10,momentum,Падение за 20 публикаций в нижнем 10% диапазоне,"{'horizon': 20, 'window': 120, 'quantile': 0.1}",79,5,1.1575246309848386,1.2,109.26489775621216,0.3169054441260745,0.8,0.5242334771746536,True
wf_2025,momentum__ret_h20_w120_p20,momentum,Падение за 20 публикаций в нижнем 20% диапазоне,"{'horizon': 20, 'window': 120, 'quantile': 0.2}",162,5,0.768860323113419,0.6930481283422459,33.0973769614075,0.6498567335243554,0.2,0.7242943216627428,False
wf_2025,momentum__slope_w5_m0p5,momentum,Нормированный нисходящий тренд за 5 публикаций,"{'window': 5, 'threshold': -0.5}",211,5,0.9011636188888511,0.8177884615384615,28.553980194549077,0.8464183381088827,0.2,0.6557595912859071,False
wf_2025,momentum__slope_w5_m1p0,momentum,Нормированный нисходящий тренд за 5 публикаций,"{'window': 5, 'threshold': -1.0}",60,5,1.3224254348592583,1.1571428571428573,81.63034196008533,0.24068767908309457,1.0,0.4832900432900432,True
wf_2025,momentum__slope_w10_m0p5,momentum,Нормированный нисходящий тренд за 10 публикаций,"{'window': 10, 'threshold': -0.5}",86,5,1.1520711814137419,1.1771626297577853,63.47795012214393,0.3449856733524356,0.6,0.6529492566257272,True
wf_2025,momentum__slope_w10_m1p0,momentum,Нормированный нисходящий тренд за 10 публикаций,"{'window': 10, 'threshold': -1.0}",3,1,1.0125,1.0125,38.58699810251505,0.012034383954154728,1.0,0.3333333333333333,False
wf_2025,momentum__slope_w20_m0p5,momentum,Нормированный нисходящий тренд за 20 публикаций,"{'window': 20, 'threshold': -0.5}",7,1,0.4339285714285714,0.4339285714285714,-43.991855207370584,0.028080229226361032,0.0,0.7142857142857143,False
wf_2025,momentum__slope_w20_m1p0,momentum,Нормированный нисходящий тренд за 20 публикаций,"{'window': 20, 'threshold': -1.0}",0,0,,,,0.0,0.0,,False
wf_2025,momentum__slope_w60_m0p5,momentum,Нормированный нисходящий тренд за 60 публикаций,"{'window': 60, 'threshold': -0.5}",0,0,,,,0.0,0.0,,False
wf_2025,momentum__slope_w60_m1p0,momentum,Нормированный нисходящий тренд за 60 публикаций,"{'window': 60, 'threshold': -1.0}",0,0,,,,0.0,0.0,,False
wf_2025,oversold__rsi_w5_p20,oversold,RSI(5) не выше 20,"{'window': 5, 'threshold': 20}",173,5,1.1221157777232258,1.039572192513369,50.48156917325248,0.6939828080229227,0.6,0.612026311502118,True
wf_2025,oversold__rsi_w5_p30,oversold,RSI(5) не выше 30,"{'window': 5, 'threshold': 30}",278,5,0.9753075224330786,0.9204545454545455,25.099864101988874,1.1151862464183382,0.4,0.6896931499872677,False
wf_2025,oversold__rsi_w5_p40,oversold,RSI(5) не выше 40,"{'window': 5, 'threshold': 40}",379,5,0.918984611987048,0.9040178571428571,16.638797328620317,1.5203438395415474,0.2,0.7238555135779059,False
wf_2025,oversold__rsi_w10_p20,oversold,RSI(10) не выше 20,"{'window': 10, 'threshold': 20}",54,5,1.3020863842040313,1.2461538461538462,98.79132029387517,0.2166189111747851,1.0,0.4898752228163993,True
wf_2025,oversold__rsi_w10_p30,oversold,RSI(10) не выше 30,"{'window': 10, 'threshold': 30}",168,5,1.1835451759313351,1.143529411764706,55.18709094277358,0.6739255014326647,1.0,0.6624145658263305,True
wf_2025,oversold__rsi_w10_p40,oversold,RSI(10) не выше 40,"{'window': 10, 'threshold': 40}",336,5,0.9407343372743042,0.9160714285714286,32.85075092319458,1.3478510028653299,0.2,0.8172092869832385,False
wf_2025,oversold__rsi_w14_p20,oversold,RSI(14) не выше 20,"{'window': 14, 'threshold': 20}",12,5,2.5312805429864254,2.7,292.7795492949494,0.048137535816618914,1.0,0.16999999999999998,False
wf_2025,oversold__rsi_w14_p30,oversold,RSI(14) не выше 30,"{'window': 14, 'threshold': 30}",102,5,1.1246729676033307,1.0720588235294117,71.21422664602493,0.4091690544412607,0.6,0.6186274509803922,True
wf_2025,oversold__rsi_w14_p40,oversold,RSI(14) не выше 40,"{'window': 14, 'threshold': 40}",283,5,0.8885003797154674,0.8796380090497737,20.225762275238633,1.1352435530085958,0.0,0.812017324896366,False
wf_2025,oversold__rsi_w20_p20,oversold,RSI(20) не выше 20,"{'window': 20, 'threshold': 20}",6,2,2.172980769230769,2.172980769230769,221.75912637565682,0.024068767908309457,0.5,0.3,False
wf_2025,oversold__rsi_w20_p30,oversold,RSI(20) не выше 30,"{'window': 20, 'threshold': 30}",57,5,0.6701345419286595,0.675,50.25628447247251,0.2286532951289398,0.2,0.6712337662337662,False
wf_2025,oversold__rsi_w20_p40,oversold,RSI(20) не выше 40,"{'window': 20, 'threshold': 40}",204,5,0.713454485741962,0.7377609108159392,16.753291569405754,0.8183381088825215,0.0,0.807781036168133,False
wf_2025,oversold__stoch_w10_p10,oversold,Stochastic(10) не выше 10%,"{'window': 10, 'threshold': 0.1}",202,5,0.9767473250169634,0.9918367346938775,32.96160537958637,0.8103151862464184,0.4,0.6109228039041703,False
wf_2025,oversold__stoch_w10_p20,oversold,Stochastic(10) не выше 20%,"{'window': 10, 'threshold': 0.2}",265,5,0.9386786429865348,0.9334933973589434,28.695640331795335,1.0630372492836675,0.2,0.6882140964625437,False
wf_2025,oversold__stoch_w20_p10,oversold,Stochastic(20) не выше 10%,"{'window': 20, 'threshold': 0.1}",161,5,0.9420027055487207,0.9529411764705882,47.8962565645606,0.6458452722063037,0.2,0.6689759344598054,False
wf_2025,oversold__stoch_w20_p20,oversold,Stochastic(20) не выше 20%,"{'window': 20, 'threshold': 0.2}",240,5,0.902133914978837,0.8894117647058823,35.55668244311958,0.9627507163323783,0.2,0.7470929765236101,False
wf_2025,oversold__stoch_w60_p10,oversold,Stochastic(60) не выше 10%,"{'window': 60, 'threshold': 0.1}",95,5,0.8130656669997641,0.8307692307692308,45.49571317457446,0.38108882521489973,0.2,0.7023159636062862,False
wf_2025,oversold__stoch_w60_p20,oversold,Stochastic(60) не выше 20%,"{'window': 60, 'threshold': 0.2}",158,5,0.7340378968081585,0.7560000000000001,0.17754037044248888,0.6338108882521489,0.0,0.8555786196159835,False
wf_2025,confirmation__stabilize_h3,confirmation,Курс дешёвый после снижения за 3 публикаций и стабилизировался,{'horizon': 3},64,5,1.2306276958335782,1.299465240641711,47.89317560291657,0.2567335243553009,1.0,0.19818181818181818,True
wf_2025,confirmation__stabilize_h5,confirmation,Курс дешёвый после снижения за 5 публикаций и стабилизировался,{'horizon': 5},86,5,0.9200858792909876,0.91125,38.81373422338656,0.3449856733524356,0.2,0.38770387507229614,False
wf_2025,confirmation__stabilize_h10,confirmation,Курс дешёвый после снижения за 10 публикаций и стабилизировался,{'horizon': 10},94,5,0.9371303354540196,0.8576470588235293,18.373493307220823,0.3770773638968482,0.2,0.4011654135338346,False
wf_2025,regime__cheap_calm,regime,Дешёвый курс в режиме волатильности: calm,{'regime': 'calm'},90,5,0.8416449484019817,0.7476923076923078,-0.6126095727718223,0.36103151862464183,0.2,0.5821923583662715,False
wf_2025,regime__cheap_normal,regime,Дешёвый курс в режиме волатильности: normal,{'regime': 'normal'},106,5,0.9025703012158119,0.8526315789473684,16.918775715158354,0.4252148997134671,0.2,0.5227158806106174,False
wf_2025,regime__cheap_volatile,regime,Дешёвый курс в режиме волатильности: volatile,{'regime': 'volatile'},80,5,0.5807879767291532,0.5340659340659341,23.427146607659132,0.3209169054441261,0.0,0.6992717086834734,False
wf_2025,relative__usd_ret_1_w60_p10,relative,Коридор аномально дешевеет относительно usd_ret_1 за 60 публикаций,"{'context': 'usd_ret_1', 'window': 60, 'quantile': 0.1}",135,5,0.8747522433030415,0.7886409736308316,-17.38518536690178,0.5415472779369628,0.4,0.25169860124882615,False
wf_2025,relative__usd_ret_1_w120_p10,relative,Коридор аномально дешевеет относительно usd_ret_1 за 120 публикаций,"{'context': 'usd_ret_1', 'window': 120, 'quantile': 0.1}",137,5,0.9336029791774673,0.6455407969639468,-11.429072374020308,0.5495702005730659,0.4,0.26007465084661974,False
wf_2025,relative__eur_ret_1_w60_p10,relative,Коридор аномально дешевеет относительно eur_ret_1 за 60 публикаций,"{'context': 'eur_ret_1', 'window': 60, 'quantile': 0.1}",119,5,0.9158948276787152,0.9244565217391305,-18.275932196269803,0.4773638968481375,0.2,0.09138904573687182,False
wf_2025,relative__eur_ret_1_w120_p10,relative,Коридор аномально дешевеет относительно eur_ret_1 за 120 публикаций,"{'context': 'eur_ret_1', 'window': 120, 'quantile': 0.1}",108,5,1.019670962030297,1.1571428571428573,-12.962568211951105,0.4332378223495702,0.6,0.09335403726708073,False
wf_2025,relative__cny_ret_1_w60_p10,relative,Коридор аномально дешевеет относительно cny_ret_1 за 60 публикаций,"{'context': 'cny_ret_1', 'window': 60, 'quantile': 0.1}",136,5,0.8466354345451709,0.8723076923076923,-20.09788145254298,0.5455587392550145,0.2,0.2945433876468359,False
wf_2025,relative__cny_ret_1_w120_p10,relative,Коридор аномально дешевеет относительно cny_ret_1 за 120 публикаций,"{'context': 'cny_ret_1', 'window': 120, 'quantile': 0.1}",141,5,0.9213594470046083,0.9189075630252102,-11.703421811744388,0.5656160458452723,0.2,0.3002481389578164,False
wf_2025,relative__residual_usd_1_w60_p10,relative,Коридор аномально дешевеет относительно residual_usd_1 за 60 публикаций,"{'context': 'residual_usd_1', 'window': 60, 'quantile': 0.1}",135,5,0.8747522433030415,0.7886409736308316,-17.38518536690178,0.5415472779369628,0.4,0.25169860124882615,False
wf_2025,relative__residual_usd_1_w120_p10,relative,Коридор аномально дешевеет относительно residual_usd_1 за 120 публикаций,"{'context': 'residual_usd_1', 'window': 120, 'quantile': 0.1}",137,5,0.9336029791774673,0.6455407969639468,-11.429072374020308,0.5495702005730659,0.4,0.26007465084661974,False
oot,level__pct_w20_p05,level,Курс входит в нижние 5% за 20 публикаций,"{'window': 20, 'threshold': 0.05}",144,5,0.9497653437868412,0.8406947890818859,5.483722071685754,0.5694915254237289,0.4,0.5018209579044082,False
oot,level__pct_w20_p10,level,Курс входит в нижние 10% за 20 публикаций,"{'window': 20, 'threshold': 0.1}",230,5,0.9421130971440277,0.8972932888394511,-7.656530511486314,0.9096045197740112,0.4,0.6863200301423065,False
oot,level__pct_w20_p20,level,Курс входит в нижние 20% за 20 публикаций,"{'window': 20, 'threshold': 0.2}",382,5,0.8677181473715629,0.8397310778572977,-19.55017558650015,1.5107344632768362,0.4,0.7777496842975202,False
oot,level__pct_w60_p05,level,Курс входит в нижние 5% за 60 публикаций,"{'window': 60, 'threshold': 0.05}",288,5,0.8214126907837447,0.6766076421248834,-36.63210711524016,1.1389830508474577,0.2,0.7583656694924301,False
oot,level__pct_w60_p10,level,Курс входит в нижние 10% за 60 публикаций,"{'window': 60, 'threshold': 0.1}",391,5,0.7605792274765564,0.7064404305783616,-33.653576537201815,1.5463276836158193,0.2,0.8453382752026112,False
oot,level__pct_w60_p20,level,Курс входит в нижние 20% за 60 публикаций,"{'window': 60, 'threshold': 0.2}",542,5,0.5954071725649347,0.5928019596758997,-40.89570576192741,2.143502824858757,0.0,0.9447507109282297,False
oot,level__pct_w90_p05,level,Курс входит в нижние 5% за 90 публикаций,"{'window': 90, 'threshold': 0.05}",282,5,0.8001699623727754,0.6984126984126984,-30.88882469064103,1.1152542372881356,0.2,0.7841487240829346,False
oot,level__pct_w90_p10,level,Курс входит в нижние 10% за 90 публикаций,"{'window': 90, 'threshold': 0.1}",423,5,0.6650748644999462,0.6468858593958834,-42.63456732181835,1.6728813559322036,0.0,0.9042783281205932,False
oot,level__pct_w90_p20,level,Курс входит в нижние 20% за 90 публикаций,"{'window': 90, 'threshold': 0.2}",536,5,0.619576622664308,0.6258620689655173,-43.77118262433202,2.1197740112994348,0.0,0.9452174153330738,False
oot,level__pct_w120_p05,level,Курс входит в нижние 5% за 120 публикаций,"{'window': 120, 'threshold': 0.05}",317,5,0.800019574624848,0.7786357786357786,-16.979775411944033,1.253672316384181,0.2,0.8444833552577535,False
oot,level__pct_w120_p10,level,Курс входит в нижние 10% за 120 публикаций,"{'window': 120, 'threshold': 0.1}",450,5,0.6108243985491242,0.6181353767560663,-28.556236583968087,1.7796610169491527,0.0,0.9524423904041889,False
oot,level__pct_w120_p20,level,Курс входит в нижние 20% за 120 публикаций,"{'window': 120, 'threshold': 0.2}",523,5,0.6588209915106467,0.6017094017094018,-32.82937526798678,2.0683615819209042,0.0,0.9678873978873979,False
oot,level__pct_w250_p05,level,Курс входит в нижние 5% за 250 публикаций,"{'window': 250, 'threshold': 0.05}",386,5,0.6826270161285728,0.6664371772805509,-4.336308695828697,1.5265536723163844,0.0,0.9109075643733849,False
oot,level__pct_w250_p10,level,Курс входит в нижние 10% за 250 публикаций,"{'window': 250, 'threshold': 0.1}",471,5,0.7275705181492791,0.6702623906705539,-14.99961579852175,1.86271186440678,0.0,0.949012339427086,False
oot,level__pct_w250_p20,level,Курс входит в нижние 20% за 250 публикаций,"{'window': 250, 'threshold': 0.2}",546,5,0.7893219794254277,0.7682539682539683,-15.71007510743786,2.159322033898305,0.0,0.9647174122174123,False
oot,level__near_min_w20_bp0,level,Курс не дальше 0 б.п. от минимума за 20 публикаций,"{'window': 20, 'tolerance_bp': 0}",144,5,0.9497653437868412,0.8406947890818859,5.483722071685754,0.5694915254237289,0.4,0.5018209579044082,False
oot,level__near_min_w20_bp10,level,Курс не дальше 10 б.п. от минимума за 20 публикаций,"{'window': 20, 'tolerance_bp': 10}",169,5,0.9799915562888362,0.9603174603174602,-1.0458963069165454,0.668361581920904,0.4,0.5492287784679089,False
oot,level__near_min_w20_bp25,level,Курс не дальше 25 б.п. от минимума за 20 публикаций,"{'window': 20, 'tolerance_bp': 25}",210,5,0.9038021223239895,0.8558797524314765,-6.951944706394649,0.8305084745762713,0.4,0.6172592065443202,False
oot,level__near_min_w20_bp50,level,Курс не дальше 50 б.п. от минимума за 20 публикаций,"{'window': 20, 'tolerance_bp': 50}",260,5,0.7911592595063062,0.8344827586206895,-16.609555391318235,1.0282485875706215,0.0,0.7300720126107123,False
oot,level__near_min_w60_bp0,level,Курс не дальше 0 б.п. от минимума за 60 публикаций,"{'window': 60, 'tolerance_bp': 0}",122,5,0.937151416427102,0.9712374581939799,-10.790423147121484,0.4824858757062147,0.4,0.5146695034835524,False
oot,level__near_min_w60_bp10,level,Курс не дальше 10 б.п. от минимума за 60 публикаций,"{'window': 60, 'tolerance_bp': 10}",142,5,1.0010891508622017,0.9603174603174602,-17.75106490262661,0.5615819209039549,0.4,0.5508093266632166,False
oot,level__near_min_w60_bp25,level,Курс не дальше 25 б.п. от минимума за 60 публикаций,"{'window': 60, 'tolerance_bp': 25}",176,5,0.8716478757994699,0.7972446840371369,-27.036871941794168,0.696045197740113,0.4,0.6247250443476859,False
oot,level__near_min_w60_bp50,level,Курс не дальше 50 б.п. от минимума за 60 публикаций,"{'window': 60, 'tolerance_bp': 50}",224,5,0.7441988068646417,0.7091575091575092,-38.45653663108258,0.8858757062146893,0.0,0.722753036437247,False
oot,level__near_min_w120_bp0,level,Курс не дальше 0 б.п. от минимума за 120 публикаций,"{'window': 120, 'tolerance_bp': 0}",93,5,1.0095100828714172,0.9797570850202428,36.1483628275422,0.36779661016949156,0.4,0.4850359231411863,False
oot,level__near_min_w120_bp10,level,Курс не дальше 10 б.п. от минимума за 120 публикаций,"{'window': 120, 'tolerance_bp': 10}",112,5,1.078341020065158,1.0381810381810381,22.04869832927384,0.4429378531073446,0.6,0.5303732303732304,True
oot,level__near_min_w120_bp25,level,Курс не дальше 25 б.п. от минимума за 120 публикаций,"{'window': 120, 'tolerance_bp': 25}",144,5,0.9109203751249744,0.8350586611456176,7.412486382758972,0.5694915254237289,0.4,0.6363148667601684,False
oot,level__near_min_w120_bp50,level,Курс не дальше 50 б.п. от минимума за 120 публикаций,"{'window': 120, 'tolerance_bp': 50}",189,5,0.7655560936677089,0.7412976886661096,-4.93632698586123,0.7474576271186442,0.0,0.7261549707602339,False
oot,level__z_sma_w10_m0p5,level,Курс ниже SMA(10) на 0.5 sigma,"{'kind': 'sma', 'window': 10, 'threshold': -0.5}",440,5,1.016780174131879,1.0662835249042146,-16.480545237373857,1.7401129943502824,0.6,0.8020943465875453,False
oot,level__z_sma_w10_m1p0,level,Курс ниже SMA(10) на 1.0 sigma,"{'kind': 'sma', 'window': 10, 'threshold': -1.0}",305,5,0.9618468920706029,0.8877476155539251,-18.11121284997543,1.2062146892655368,0.4,0.7108466561507079,False
oot,level__z_sma_w10_m1p5,level,Курс ниже SMA(10) на 1.5 sigma,"{'kind': 'sma', 'window': 10, 'threshold': -1.5}",147,5,0.9857645993852892,1.043103448275862,8.65774651623023,0.5813559322033898,0.6,0.518827365163572,True
oot,level__z_sma_w20_m0p5,level,Курс ниже SMA(20) на 0.5 sigma,"{'kind': 'sma', 'window': 20, 'threshold': -0.5}",513,5,0.8869251547633599,0.9490196078431374,-15.134477977648123,2.028813559322034,0.2,0.8604416797352024,False
oot,level__z_sma_w20_m1p0,level,Курс ниже SMA(20) на 1.0 sigma,"{'kind': 'sma', 'window': 20, 'threshold': -1.0}",338,5,0.8836195532798724,0.8113026819923371,-16.86976489335563,1.336723163841808,0.4,0.7908964791427479,False
oot,level__z_sma_w20_m1p5,level,Курс ниже SMA(20) на 1.5 sigma,"{'kind': 'sma', 'window': 20, 'threshold': -1.5}",168,5,0.8834995257937507,0.8536155202821868,-17.97874011408562,0.6644067796610169,0.4,0.7082917150600078,False
oot,level__z_sma_w60_m0p5,level,Курс ниже SMA(60) на 0.5 sigma,"{'kind': 'sma', 'window': 60, 'threshold': -0.5}",614,5,0.6310278624017815,0.6062481579722959,-41.58874868612428,2.4282485875706215,0.0,0.9712731322318225,False
oot,level__z_sma_w60_m1p0,level,Курс ниже SMA(60) на 1.0 sigma,"{'kind': 'sma', 'window': 60, 'threshold': -1.0}",510,5,0.6052508957808563,0.5335097001763668,-41.913462747584006,2.016949152542373,0.0,0.9283409512550802,False
oot,level__z_sma_w60_m1p5,level,Курс ниже SMA(60) на 1.5 sigma,"{'kind': 'sma', 'window': 60, 'threshold': -1.5}",183,5,0.8969193605386577,0.8687179487179487,-53.2948976249639,0.7237288135593222,0.2,0.7711897559991934,False
oot,level__z_sma_w120_m0p5,level,Курс ниже SMA(120) на 0.5 sigma,"{'kind': 'sma', 'window': 120, 'threshold': -0.5}",592,5,0.7304338138494738,0.6854679802955665,-29.023410709406203,2.3412429378531074,0.0,0.9769937268123673,False
oot,level__z_sma_w120_m1p0,level,Курс ниже SMA(120) на 1.0 sigma,"{'kind': 'sma', 'window': 120, 'threshold': -1.0}",485,5,0.6112033356673606,0.5702503681885126,-38.65947528506898,1.9180790960451979,0.0,0.9666261900046628,False
oot,level__z_sma_w120_m1p5,level,Курс ниже SMA(120) на 1.5 sigma,"{'kind': 'sma', 'window': 120, 'threshold': -1.5}",250,5,0.6319713032090183,0.5689655172413793,-41.27892509653462,0.9887005649717514,0.0,0.9399898414888928,False
oot,level__z_ema_w10_m0p5,level,Курс ниже EMA(10) на 0.5 sigma,"{'kind': 'ema', 'window': 10, 'threshold': -0.5}",444,5,0.9498755901429634,0.9272030651340996,-22.097612319386123,1.7559322033898304,0.2,0.7658800416773456,False
oot,level__z_ema_w10_m1p0,level,Курс ниже EMA(10) на 1.0 sigma,"{'kind': 'ema', 'window': 10, 'threshold': -1.0}",252,5,0.8212124060071695,0.6984126984126984,-25.644034668148834,0.9966101694915256,0.2,0.6215627103822894,False
oot,level__z_ema_w10_m1p5,level,Курс ниже EMA(10) на 1.5 sigma,"{'kind': 'ema', 'window': 10, 'threshold': -1.5}",92,5,0.8787516895659968,0.8273504273504273,-16.240320707396826,0.3638418079096045,0.2,0.27534851621808143,False
oot,level__z_ema_w20_m0p5,level,Курс ниже EMA(20) на 0.5 sigma,"{'kind': 'ema', 'window': 20, 'threshold': -0.5}",518,5,0.8417737378682988,0.921904761904762,-16.74253932083928,2.0485875706214687,0.0,0.8627082701238408,False
oot,level__z_ema_w20_m1p0,level,Курс ниже EMA(20) на 1.0 sigma,"{'kind': 'ema', 'window': 20, 'threshold': -1.0}",328,5,0.8201366040200659,0.7649425287356322,-23.118113440435717,1.297175141242938,0.4,0.7804283710374692,False
oot,level__z_ema_w20_m1p5,level,Курс ниже EMA(20) на 1.5 sigma,"{'kind': 'ema', 'window': 20, 'threshold': -1.5}",178,5,0.8242966974217977,0.8933185677371723,-43.65610204119644,0.703954802259887,0.2,0.7161207423067888,False
oot,level__z_ema_w60_m0p5,level,Курс ниже EMA(60) на 0.5 sigma,"{'kind': 'ema', 'window': 60, 'threshold': -0.5}",632,5,0.6865508475789257,0.653318335208099,-35.73784034302283,2.4994350282485875,0.0,0.9654978509555605,False
oot,level__z_ema_w60_m1p0,level,Курс ниже EMA(60) на 1.0 sigma,"{'kind': 'ema', 'window': 60, 'threshold': -1.0}",476,5,0.7900719343523136,0.7530410183875531,-24.697757970235767,1.8824858757062146,0.0,0.902826421528038,False
oot,level__z_ema_w60_m1p5,level,Курс ниже EMA(60) на 1.5 sigma,"{'kind': 'ema', 'window': 60, 'threshold': -1.5}",179,5,0.8729663094238578,0.7665158371040723,-11.019726684956657,0.707909604519774,0.2,0.7845500969618617,False
oot,level__z_ema_w120_m0p5,level,Курс ниже EMA(120) на 0.5 sigma,"{'kind': 'ema', 'window': 120, 'threshold': -0.5}",613,5,0.7646343288209051,0.7330667636011148,-25.862691324085763,2.4242937853107343,0.0,0.9742145516616798,False
oot,level__z_ema_w120_m1p0,level,Курс ниже EMA(120) на 1.0 sigma,"{'kind': 'ema', 'window': 120, 'threshold': -1.0}",350,5,0.5972892911647529,0.5563218390804597,-40.28646345707308,1.384180790960452,0.0,0.9271224205784947,False
oot,level__z_ema_w120_m1p5,level,Курс ниже EMA(120) на 1.5 sigma,"{'kind': 'ema', 'window': 120, 'threshold': -1.5}",126,5,0.8308974633562339,0.7857142857142857,-39.45559861309995,0.49830508474576274,0.2,0.8920948616600791,False
oot,level__boll_w10_k1p0,level,Курс ниже нижней Bollinger band 10/1.0,"{'window': 10, 'width': 1.0}",305,5,0.9618468920706029,0.8877476155539251,-18.11121284997543,1.2062146892655368,0.4,0.7108466561507079,False
oot,level__boll_w10_k1p5,level,Курс ниже нижней Bollinger band 10/1.5,"{'window': 10, 'width': 1.5}",147,5,0.9857645993852892,1.043103448275862,8.65774651623023,0.5813559322033898,0.6,0.518827365163572,True
oot,level__boll_w10_k2p0,level,Курс ниже нижней Bollinger band 10/2.0,"{'window': 10, 'width': 2.0}",47,5,1.0812772701968103,0.9272030651340996,-0.7033602502640678,0.18587570621468927,0.4,0.3177777777777778,False
oot,level__boll_w20_k1p0,level,Курс ниже нижней Bollinger band 20/1.0,"{'window': 20, 'width': 1.0}",338,5,0.8836195532798724,0.8113026819923371,-16.86976489335563,1.336723163841808,0.4,0.7908964791427479,False
oot,level__boll_w20_k1p5,level,Курс ниже нижней Bollinger band 20/1.5,"{'window': 20, 'width': 1.5}",168,5,0.8834995257937507,0.8536155202821868,-17.97874011408562,0.6644067796610169,0.4,0.7082917150600078,False
oot,level__boll_w20_k2p0,level,Курс ниже нижней Bollinger band 20/2.0,"{'window': 20, 'width': 2.0}",64,5,1.0416106760417105,1.0371428571428571,11.920392951795334,0.25310734463276835,0.8,0.4051082251082251,True
oot,level__boll_w60_k1p0,level,Курс ниже нижней Bollinger band 60/1.0,"{'window': 60, 'width': 1.0}",510,5,0.6052508957808563,0.5335097001763668,-41.913462747584006,2.016949152542373,0.0,0.9283409512550802,False
oot,level__boll_w60_k1p5,level,Курс ниже нижней Bollinger band 60/1.5,"{'window': 60, 'width': 1.5}",183,5,0.8969193605386577,0.8687179487179487,-53.2948976249639,0.7237288135593222,0.2,0.7711897559991934,False
oot,level__boll_w60_k2p0,level,Курс ниже нижней Bollinger band 60/2.0,"{'window': 60, 'width': 2.0}",58,5,0.805817579610683,0.6205128205128205,-21.98148043832331,0.22937853107344633,0.2,0.7466666666666668,False
oot,momentum__down_streak_2,momentum,Курс снижается не менее 2 публикаций подряд,{'length': 2},326,5,1.0009512848463877,0.9877551020408163,-29.009530788330114,1.289265536723164,0.4,0.48448739495798315,False
oot,momentum__down_streak_3,momentum,Курс снижается не менее 3 публикаций подряд,{'length': 3},160,5,0.8667515954215462,0.7897435897435898,-22.900151663388236,0.632768361581921,0.2,0.49393939393939396,False
oot,momentum__down_streak_4,momentum,Курс снижается не менее 4 публикаций подряд,{'length': 4},79,5,0.9964178449452282,0.8134453781512605,17.802327208727526,0.31242937853107344,0.2,0.38392156862745097,False
oot,momentum__down_streak_5,momentum,Курс снижается не менее 5 публикаций подряд,{'length': 5},31,5,1.5058898572691675,1.241025641025641,78.0393164967904,0.12259887005649717,1.0,0.3433333333333333,False
oot,momentum__ret_h1_w60_p10,momentum,Падение за 1 публикаций в нижнем 10% диапазоне,"{'horizon': 1, 'window': 60, 'quantile': 0.1}",111,5,0.9390617872426075,0.9145880574452002,-67.32264346289962,0.4389830508474577,0.2,0.3264539808018069,False
oot,momentum__ret_h1_w60_p20,momentum,Падение за 1 публикаций в нижнем 20% диапазоне,"{'horizon': 1, 'window': 60, 'quantile': 0.2}",240,5,0.8388497906882473,0.8466472303206998,-55.347576341271704,0.9491525423728815,0.2,0.35350629613547546,False
oot,momentum__ret_h1_w120_p10,momentum,Падение за 1 публикаций в нижнем 10% диапазоне,"{'horizon': 1, 'window': 120, 'quantile': 0.1}",110,5,0.7285557875170212,0.6585034013605442,-73.03040962408667,0.43502824858757067,0.2,0.2915678524374176,False
oot,momentum__ret_h1_w120_p20,momentum,Падение за 1 публикаций в нижнем 20% диапазоне,"{'horizon': 1, 'window': 120, 'quantile': 0.2}",256,5,0.7357986313655668,0.6675862068965517,-78.52705213745949,1.0124293785310734,0.2,0.4493298130440987,False
oot,momentum__ret_h3_w60_p10,momentum,Падение за 3 публикаций в нижнем 10% диапазоне,"{'horizon': 3, 'window': 60, 'quantile': 0.1}",92,5,1.2720398684859024,1.3176043557168782,-4.173093578978279,0.3638418079096045,0.6,0.47844349063389313,False
oot,momentum__ret_h3_w60_p20,momentum,Падение за 3 публикаций в нижнем 20% диапазоне,"{'horizon': 3, 'window': 60, 'quantile': 0.2}",206,5,1.0299196097921735,0.9675162418790604,-20.131969964840657,0.8146892655367232,0.4,0.5504282673847891,False
oot,momentum__ret_h3_w120_p10,momentum,Падение за 3 публикаций в нижнем 10% диапазоне,"{'horizon': 3, 'window': 120, 'quantile': 0.1}",118,5,1.0539960565504793,0.9680000000000002,-13.550846527251082,0.4666666666666667,0.4,0.5598919631093543,False
oot,momentum__ret_h3_w120_p20,momentum,Падение за 3 публикаций в нижнем 20% диапазоне,"{'horizon': 3, 'window': 120, 'quantile': 0.2}",230,5,0.9388328027845635,0.8113026819923371,-44.57549654530511,0.9096045197740115,0.2,0.6565070921985815,False
oot,momentum__ret_h5_w60_p10,momentum,Падение за 5 публикаций в нижнем 10% диапазоне,"{'horizon': 5, 'window': 60, 'quantile': 0.1}",99,5,1.3441688550457023,1.303076923076923,49.621027974611145,0.3915254237288136,1.0,0.5853968253968254,True
oot,momentum__ret_h5_w60_p20,momentum,Падение за 5 публикаций в нижнем 20% диапазоне,"{'horizon': 5, 'window': 60, 'quantile': 0.2}",217,5,1.1822052519456083,1.1489255372313842,4.012791542764965,0.8581920903954803,0.8,0.6964622812661768,True
oot,momentum__ret_h5_w120_p10,momentum,Падение за 5 публикаций в нижнем 10% диапазоне,"{'horizon': 5, 'window': 120, 'quantile': 0.1}",124,5,1.3189461386522856,1.2292063492063492,30.599854018159327,0.49039548022598867,1.0,0.6555748792270532,True
oot,momentum__ret_h5_w120_p20,momentum,Падение за 5 публикаций в нижнем 20% диапазоне,"{'horizon': 5, 'window': 120, 'quantile': 0.2}",243,5,0.9477509516110967,0.8713584288052374,-40.49480133397034,0.9610169491525424,0.4,0.7943582506652416,False
oot,momentum__ret_h10_w60_p10,momentum,Падение за 10 публикаций в нижнем 10% диапазоне,"{'horizon': 10, 'window': 60, 'quantile': 0.1}",112,5,1.197217671769475,1.1331103678929766,39.98045718492921,0.4429378531073446,0.8,0.7333888079883504,True
oot,momentum__ret_h10_w60_p20,momentum,Падение за 10 публикаций в нижнем 20% диапазоне,"{'horizon': 10, 'window': 60, 'quantile': 0.2}",224,5,1.2395528173850272,1.1846153846153846,36.123803398906404,0.8858757062146893,0.8,0.7499603000480578,True
oot,momentum__ret_h10_w120_p10,momentum,Падение за 10 публикаций в нижнем 10% диапазоне,"{'horizon': 10, 'window': 120, 'quantile': 0.1}",158,5,1.2205648253806338,0.9855203619909503,42.201691251223096,0.624858757062147,0.4,0.7717874507248321,False
oot,momentum__ret_h10_w120_p20,momentum,Падение за 10 публикаций в нижнем 20% диапазоне,"{'horizon': 10, 'window': 120, 'quantile': 0.2}",232,5,1.1509354370433829,1.0755555555555554,12.00798922390673,0.9175141242937853,0.6,0.788695652173913,True
oot,momentum__ret_h20_w60_p10,momentum,Падение за 20 публикаций в нижнем 10% диапазоне,"{'horizon': 20, 'window': 60, 'quantile': 0.1}",144,5,1.1282977591317775,1.1152073732718895,0.16007629684384028,0.5694915254237289,0.6,0.6613750584385227,True
oot,momentum__ret_h20_w60_p20,momentum,Падение за 20 публикаций в нижнем 20% диапазоне,"{'horizon': 20, 'window': 60, 'quantile': 0.2}",250,5,1.0475375399875753,1.0476190476190474,-23.500161052674358,0.9887005649717515,0.6,0.8095862708719851,False
oot,momentum__ret_h20_w120_p10,momentum,Падение за 20 публикаций в нижнем 10% диапазоне,"{'horizon': 20, 'window': 120, 'quantile': 0.1}",176,5,0.9755553666637127,0.9573626373626373,-34.63519852706102,0.696045197740113,0.4,0.817953360205871,False
oot,momentum__ret_h20_w120_p20,momentum,Падение за 20 публикаций в нижнем 20% диапазоне,"{'horizon': 20, 'window': 120, 'quantile': 0.2}",269,5,0.7685391961205349,0.7300150829562594,-57.666628057047525,1.0638418079096046,0.0,0.8884003055767762,False
oot,momentum__slope_w5_m0p5,momentum,Нормированный нисходящий тренд за 5 публикаций,"{'window': 5, 'threshold': -0.5}",252,5,0.9670209923640855,0.8760180995475113,-20.507865069363163,0.9966101694915255,0.2,0.6863842912062281,False
oot,momentum__slope_w5_m1p0,momentum,Нормированный нисходящий тренд за 5 публикаций,"{'window': 5, 'threshold': -1.0}",73,5,1.194092354006147,1.0637362637362637,46.98000499222026,0.28870056497175145,0.6,0.3617460317460318,True
oot,momentum__slope_w10_m0p5,momentum,Нормированный нисходящий тренд за 10 публикаций,"{'window': 10, 'threshold': -0.5}",146,5,1.3587477018511502,1.192118226600985,53.710824481518365,0.5774011299435029,0.6,0.7591721815859747,True
oot,momentum__slope_w10_m1p0,momentum,Нормированный нисходящий тренд за 10 публикаций,"{'window': 10, 'threshold': -1.0}",2,2,3.649206349206349,3.649206349206349,188.9629701730906,0.007909604519774013,1.0,0.0,False
oot,momentum__slope_w20_m0p5,momentum,Нормированный нисходящий тренд за 20 публикаций,"{'window': 20, 'threshold': -0.5}",30,4,1.390204171854418,1.4610544217687074,81.80783686053995,0.11864406779661016,1.0,0.8660714285714286,False
oot,momentum__slope_w20_m1p0,momentum,Нормированный нисходящий тренд за 20 публикаций,"{'window': 20, 'threshold': -1.0}",0,0,,,,0.0,0.0,,False
oot,momentum__slope_w60_m0p5,momentum,Нормированный нисходящий тренд за 60 публикаций,"{'window': 60, 'threshold': -0.5}",0,0,,,,0.0,0.0,,False
oot,momentum__slope_w60_m1p0,momentum,Нормированный нисходящий тренд за 60 публикаций,"{'window': 60, 'threshold': -1.0}",0,0,,,,0.0,0.0,,False
oot,oversold__rsi_w5_p20,oversold,RSI(5) не выше 20,"{'window': 5, 'threshold': 20}",225,5,0.9968389230962262,0.9272030651340996,-10.418530239228698,0.8898305084745763,0.2,0.6988755430615895,False
oot,oversold__rsi_w5_p30,oversold,RSI(5) не выше 30,"{'window': 5, 'threshold': 30}",329,5,1.0433059330089516,1.0496638473216222,-19.283663337328115,1.3011299435028247,0.6,0.734254616203281,False
oot,oversold__rsi_w5_p40,oversold,RSI(5) не выше 40,"{'window': 5, 'threshold': 40}",452,5,1.0155771667090159,1.0917293233082708,-19.517815128525772,1.7875706214689266,0.6,0.7601777953595598,False
oot,oversold__rsi_w10_p20,oversold,RSI(10) не выше 20,"{'window': 10, 'threshold': 20}",90,5,1.5300413645028954,1.37165991902834,44.31199479035091,0.35593220338983056,1.0,0.6000814536340853,True
oot,oversold__rsi_w10_p30,oversold,RSI(10) не выше 30,"{'window': 10, 'threshold': 30}",216,5,1.1438879861152496,0.9307692307692308,22.36935589010918,0.8542372881355933,0.4,0.7407556355875684,False
oot,oversold__rsi_w10_p40,oversold,RSI(10) не выше 40,"{'window': 10, 'threshold': 40}",413,5,1.065122930674552,1.0199233716475093,14.511655519499453,1.6333333333333335,0.6,0.8022094796974277,True
oot,oversold__rsi_w14_p20,oversold,RSI(14) не выше 20,"{'window': 14, 'threshold': 20}",25,5,1.0857063913098395,1.0803571428571428,89.12125486245148,0.09887005649717515,0.6,0.635,False
oot,oversold__rsi_w14_p30,oversold,RSI(14) не выше 30,"{'window': 14, 'threshold': 30}",132,5,0.8907609828643015,0.6402116402116401,0.2945689016477502,0.5220338983050847,0.2,0.7298663324979114,False
oot,oversold__rsi_w14_p40,oversold,RSI(14) не выше 40,"{'window': 14, 'threshold': 40}",409,5,0.6631063826364295,0.6540540540540541,-38.63855824988087,1.6175141242937854,0.0,0.8047992334590273,False
oot,oversold__rsi_w20_p20,oversold,RSI(20) не выше 20,"{'window': 20, 'threshold': 20}",6,2,2.1590585659551174,2.1590585659551174,223.9948838613777,0.023728813559322035,1.0,0.3,False
oot,oversold__rsi_w20_p30,oversold,RSI(20) не выше 30,"{'window': 20, 'threshold': 30}",136,5,1.0573327922546352,0.8086883876357559,-19.664193158153612,0.5378531073446329,0.2,0.6848081494057725,False
oot,oversold__rsi_w20_p40,oversold,RSI(20) не выше 40,"{'window': 20, 'threshold': 40}",408,5,0.7545537049016253,0.6802248677248677,-39.02106765180345,1.6135593220338982,0.0,0.8684757555990433,False
oot,oversold__stoch_w10_p10,oversold,Stochastic(10) не выше 10%,"{'window': 10, 'threshold': 0.1}",282,5,0.9776766549838577,0.9746505567401089,-13.183505011315328,1.1152542372881356,0.4,0.660424094104377,False
oot,oversold__stoch_w10_p20,oversold,Stochastic(10) не выше 20%,"{'window': 10, 'threshold': 0.2}",374,5,0.9732181978957073,0.962864721485411,-17.88592843518538,1.4790960451977404,0.4,0.7743082809108633,False
oot,oversold__stoch_w20_p10,oversold,Stochastic(20) не выше 10%,"{'window': 20, 'threshold': 0.1}",242,5,0.8674915698286387,0.8692528735632183,-17.86534897416063,0.9570621468926553,0.2,0.6927916666666667,False
oot,oversold__stoch_w20_p20,oversold,Stochastic(20) не выше 20%,"{'window': 20, 'threshold': 0.2}",374,5,0.9425729362597826,0.9082805536007506,-14.879937511120222,1.4790960451977402,0.2,0.820562601790672,False
oot,oversold__stoch_w60_p10,oversold,Stochastic(60) не выше 10%,"{'window': 60, 'threshold': 0.1}",393,5,0.7247507778657756,0.6622879036672139,-39.63784837529505,1.554237288135593,0.2,0.8937494997999199,False
oot,oversold__stoch_w60_p20,oversold,Stochastic(60) не выше 20%,"{'window': 60, 'threshold': 0.2}",577,5,0.6285935782957693,0.6268415088230532,-36.06631297831562,2.2819209039548025,0.0,0.944223966896152,False
oot,confirmation__stabilize_h3,confirmation,Курс дешёвый после снижения за 3 публикаций и стабилизировался,{'horizon': 3},122,5,0.5777771065986076,0.6355042016806722,-34.91696347402856,0.4824858757062147,0.0,0.15490360619772386,False
oot,confirmation__stabilize_h5,confirmation,Курс дешёвый после снижения за 5 публикаций и стабилизировался,{'horizon': 5},129,5,0.7042990815424313,0.8642857142857143,-38.42413387973917,0.5101694915254238,0.0,0.23322344322344318,False
oot,confirmation__stabilize_h10,confirmation,Курс дешёвый после снижения за 10 публикаций и стабилизировался,{'horizon': 10},179,5,0.6274017068614475,0.6745644599303137,-21.895876001052088,0.707909604519774,0.0,0.3720277064612751,False
oot,regime__cheap_calm,regime,Дешёвый курс в режиме волатильности: calm,{'regime': 'calm'},212,5,0.6159404195948424,0.6262939958592133,-45.68787860325608,0.8384180790960452,0.0,0.7071080368906455,False
oot,regime__cheap_normal,regime,Дешёвый курс в режиме волатильности: normal,{'regime': 'normal'},217,5,0.5930720767596344,0.5349248452696729,-23.28654450296157,0.8581920903954803,0.2,0.5915269791017265,False
oot,regime__cheap_volatile,regime,Дешёвый курс в режиме волатильности: volatile,{'regime': 'volatile'},113,5,0.6035182283458146,0.6402116402116401,-72.53913054782342,0.44689265536723166,0.0,0.6537933537933538,False
oot,relative__usd_ret_1_w60_p10,relative,Коридор аномально дешевеет относительно usd_ret_1 за 60 публикаций,"{'context': 'usd_ret_1', 'window': 60, 'quantile': 0.1}",138,5,0.6201379791003412,0.531868131868132,-61.15617631809501,0.5457627118644068,0.2,0.28085201944025473,False
oot,relative__usd_ret_1_w120_p10,relative,Коридор аномально дешевеет относительно usd_ret_1 за 120 публикаций,"{'context': 'usd_ret_1', 'window': 120, 'quantile': 0.1}",131,5,0.6881910024841058,0.4636015325670498,-54.27275084448979,0.5180790960451978,0.2,0.26857142857142857,False
oot,relative__eur_ret_1_w60_p10,relative,Коридор аномально дешевеет относительно eur_ret_1 за 60 публикаций,"{'context': 'eur_ret_1', 'window': 60, 'quantile': 0.1}",131,5,1.0704890190154288,1.0803571428571428,-23.391530986699635,0.5180790960451978,0.6,0.10397674788979136,False
oot,relative__eur_ret_1_w120_p10,relative,Коридор аномально дешевеет относительно eur_ret_1 за 120 публикаций,"{'context': 'eur_ret_1', 'window': 120, 'quantile': 0.1}",149,5,0.9044397579249797,0.9260204081632653,-38.559124747139954,0.5892655367231638,0.2,0.1146103896103896,False
oot,relative__cny_ret_1_w60_p10,relative,Коридор аномально дешевеет относительно cny_ret_1 за 60 публикаций,"{'context': 'cny_ret_1', 'window': 60, 'quantile': 0.1}",116,5,0.9339854593256891,0.8536155202821868,-27.036825871039305,0.45875706214689266,0.4,0.19604597701149423,False
oot,relative__cny_ret_1_w120_p10,relative,Коридор аномально дешевеет относительно cny_ret_1 за 120 публикаций,"{'context': 'cny_ret_1', 'window': 120, 'quantile': 0.1}",102,5,0.997547760993012,1.0670194003527336,-23.82367315496999,0.40338983050847455,0.6,0.15288410419989368,False
oot,relative__residual_usd_1_w60_p10,relative,Коридор аномально дешевеет относительно residual_usd_1 за 60 публикаций,"{'context': 'residual_usd_1', 'window': 60, 'quantile': 0.1}",138,5,0.6201379791003412,0.531868131868132,-61.15617631809501,0.5457627118644068,0.2,0.28085201944025473,False
oot,relative__residual_usd_1_w120_p10,relative,Коридор аномально дешевеет относительно residual_usd_1 за 120 публикаций,"{'context': 'residual_usd_1', 'window': 120, 'quantile': 0.1}",131,5,0.6881910024841058,0.4636015325670498,-54.27275084448979,0.5180790960451978,0.2,0.26857142857142857,False
