horizon,corridor,method,split,eligible_days,signal_count,target_positives,signal_hit_rate,random_hit_rate,freq_matched_hit_rate,lift,lift_freq_matched,bps_forward,value_observations,moment_advantage_bps,regret_observations,customer_regret_bps_mean,customer_regret_bps_max,customer_regret_cvar_95_bps,customer_regret_worst_five_mean_bps,useful_signals_per_week,useful_signals_per_100_weeks,eligible_weeks,pushes_per_week,pushes_p50_per_week,pushes_p90_per_week,zero_push_week_rate,over_budget_week_rate,cluster_rate,signals_per_week,cluster_share,lift_at_risk,feature_groups,training_horizon,evaluation_horizon,threshold_metric
1,RUB->AMD,logreg,y2022,247,2,124,1.0,0.5020242914979757,0.55,1.991935483870968,1.8181818181818181,448.9817570898724,2,-64.01241099282029,2,0.0,0.0,0.0,0.0,0.0392156862745098,3.9215686274509802,51,0.0392156862745098,0.0,0.0,0.9607843137254902,0.0,0.0,0.0392156862745098,0.0,10.790470118879222,A,5,1,lar
1,RUB->KGS,logreg,y2022,247,0,123,,0.4979757085020243,,,,,0,,0,,,,,0.0,0.0,51,0.0,0.0,0.0,1.0,0.0,,0.0,,,A,5,1,lar
1,RUB->KZT,logreg,y2022,247,0,116,,0.46963562753036436,,,,,0,,0,,,,,0.0,0.0,51,0.0,0.0,0.0,1.0,0.0,,0.0,,,A,5,1,lar
1,RUB->TJS,logreg,y2022,247,2,131,0.5,0.5303643724696356,0.54,0.9427480916030534,0.9259259259259258,68.07496743176377,2,-11.158887395196771,2,40.18361752800792,80.36723505601584,80.36723505601584,40.18361752800792,0.0196078431372549,1.9607843137254901,51,0.0392156862745098,0.0,0.0,0.9607843137254902,0.0,0.0,0.0392156862745098,0.0,2.994745058968054,A,5,1,lar
1,RUB->UZS,logreg,y2022,247,0,119,,0.4817813765182186,,,,,0,,0,,,,,0.0,0.0,51,0.0,0.0,0.0,1.0,0.0,,0.0,,,A,5,1,lar
10,RUB->AMD,logreg,y2022,247,2,59,0.5,0.2388663967611336,0.23,2.0932203389830506,2.1739130434782608,645.7739341369306,2,258.31389261972373,2,71.93403122989662,143.86806245979324,143.86806245979324,71.93403122989662,0.0196078431372549,1.9607843137254901,51,0.0392156862745098,0.0,0.0,0.9607843137254902,0.0,0.0,0.0392156862745098,0.0,2.084943882683069,A,5,10,lar
10,RUB->KGS,logreg,y2022,247,0,51,,0.20647773279352227,,,,,0,,0,,,,,0.0,0.0,51,0.0,0.0,0.0,1.0,0.0,,0.0,,,A,5,10,lar
10,RUB->KZT,logreg,y2022,247,0,51,,0.20647773279352227,,,,,0,,0,,,,,0.0,0.0,51,0.0,0.0,0.0,1.0,0.0,,0.0,,,A,5,10,lar
10,RUB->TJS,logreg,y2022,247,2,57,0.0,0.23076923076923078,0.24,0.0,0.0,-709.7927613492411,2,-26.733377050552342,2,1444.272141646774,1486.630468391501,1486.630468391501,1444.272141646774,0.0,0.0,51,0.0392156862745098,0.0,0.0,0.9607843137254902,0.0,0.0,0.0392156862745098,0.0,,A,5,10,lar
10,RUB->UZS,logreg,y2022,247,0,51,,0.20647773279352227,,,,,0,,0,,,,,0.0,0.0,51,0.0,0.0,0.0,1.0,0.0,,0.0,,,A,5,10,lar
1,RUB->AMD,logreg,wf_oos,656,120,353,0.5083333333333333,0.538109756097561,0.5356666666666667,0.9446647780925401,0.9489732420659612,8.483303050240872,120,-2.997576119158934,120,24.081653589770323,178.71011713239682,150.78575485663566,154.53299249095622,0.4420289855072464,44.20289855072464,138,0.8695652173913043,0.0,2.0,0.5072463768115942,0.07971014492753623,0.49166666666666664,0.8695652173913043,0.38333333333333336,1.294573441114682,A,5,1,lar
1,RUB->KGS,logreg,wf_oos,656,89,348,0.4606741573033708,0.5304878048780488,0.5197752808988764,0.8683972620431357,0.8862948551664506,-1.23178574248319,88,-9.812535454130948,88,24.965743856849528,189.05190951901352,152.91357510199478,152.91357510199478,0.2971014492753623,29.71014492753623,138,0.644927536231884,0.0,2.0,0.6376811594202898,0.07971014492753623,0.5168539325842697,0.644927536231884,0.43820224719101125,1.0995516639512297,A,5,1,lar
1,RUB->KZT,logreg,wf_oos,656,83,333,0.4457831325301205,0.5076219512195121,0.5224096385542168,0.8781793842034806,0.8533210332103321,9.794895848965835,82,-12.802414506469157,82,27.865213029443005,166.4829775831911,130.63399390076125,130.63399390076123,0.26811594202898553,26.81159420289855,138,0.6014492753623188,0.0,2.0,0.6666666666666666,0.07971014492753623,0.46987951807228917,0.6014492753623188,0.4457831325301205,1.4102231429615684,A,5,1,lar
1,RUB->TJS,logreg,wf_oos,656,147,361,0.5374149659863946,0.5503048780487805,0.5476190476190476,0.9765767802966062,0.9813664596273294,6.5843684353528475,146,-3.211062244112691,146,26.001457865248607,346.75179408548695,181.16348763863837,203.76370652753593,0.572463768115942,57.2463768115942,138,1.065217391304348,1.0,3.0,0.43478260869565216,0.13043478260869565,0.5238095238095238,1.065217391304348,0.43537414965986393,1.2554678994076043,A,5,1,lar
1,RUB->UZS,logreg,wf_oos,656,92,345,0.45652173913043476,0.5259146341463414,0.5156521739130435,0.8680529300567108,0.8853288364249577,-4.847089388082524,92,-10.789802999352784,92,32.649298203665865,231.45256084902587,182.71941865347506,182.71941865347506,0.30434782608695654,30.434782608695652,138,0.6666666666666666,0.0,2.0,0.6159420289855072,0.07971014492753623,0.4891304347826087,0.6666666666666666,0.40217391304347827,1.2579233557330938,A,5,1,lar
10,RUB->AMD,logreg,wf_oos,656,120,174,0.21666666666666667,0.2652439024390244,0.26583333333333337,0.8168582375478927,0.8150470219435736,4.1106016175388564,119,14.130311546895204,119,176.21785700111988,1053.3363774466343,934.3785711897708,964.9344788052958,0.18840579710144925,18.840579710144926,138,0.8695652173913043,0.0,2.0,0.5072463768115942,0.07971014492753623,0.49166666666666664,0.8695652173913043,0.38333333333333336,0.8176009156987405,A,5,10,lar
10,RUB->KGS,logreg,wf_oos,656,89,167,0.15730337078651685,0.2545731707317073,0.24943820224719102,0.6179102469218866,0.6306306306306306,-23.881619252792966,85,1.8352035853196687,85,186.48332578010218,1033.0189147102287,909.9573378266898,909.9573378266896,0.10144927536231885,10.144927536231885,138,0.644927536231884,0.0,2.0,0.6376811594202898,0.07971014492753623,0.5168539325842697,0.644927536231884,0.43820224719101125,0.5834890812764845,A,5,10,lar
10,RUB->KZT,logreg,wf_oos,656,83,137,0.08433734939759036,0.20884146341463414,0.21301204819277106,0.40383431536364434,0.3959276018099548,-21.556155852013017,77,21.34018104899352,77,217.57734553492327,1041.777647152471,1014.1459312064333,998.6584329248402,0.050724637681159424,5.072463768115942,138,0.6014492753623188,0.0,2.0,0.6666666666666666,0.07971014492753623,0.46987951807228917,0.6014492753623188,0.4457831325301205,0.5902591489569631,A,5,10,lar
10,RUB->TJS,logreg,wf_oos,656,147,180,0.272108843537415,0.27439024390243905,0.2763265306122449,0.9916855631141346,0.9847365829640573,14.51429962520068,143,6.792488667248424,143,168.50790076079025,1083.5193114327458,909.1507630250649,1001.6719613025665,0.2898550724637681,28.985507246376812,138,1.065217391304348,1.0,3.0,0.43478260869565216,0.13043478260869565,0.5238095238095238,1.065217391304348,0.43537414965986393,0.8420094877321258,A,5,10,lar
10,RUB->UZS,logreg,wf_oos,656,92,156,0.14130434782608695,0.23780487804878048,0.2491304347826087,0.5942028985507246,0.5671902268760907,-22.40999902008573,86,13.674108945138626,86,207.1551674418615,1050.8687759952284,930.8152154239484,930.8152154239484,0.09420289855072463,9.420289855072463,138,0.6666666666666666,0.0,2.0,0.6159420289855072,0.07971014492753623,0.4891304347826087,0.6666666666666666,0.40217391304347827,0.5835175982340592,A,5,10,lar
1,RUB->AMD,logreg,oot,247,5,132,0.8,0.5344129554655871,0.484,1.4969696969696968,1.6528925619834711,76.9871348828226,5,-7.4943336042734305,5,1.4409150307312935,7.204575153656467,7.204575153656467,1.4409150307312935,0.07547169811320754,7.547169811320755,53,0.09433962264150944,0.0,0.0,0.9056603773584906,0.0,0.0,0.09433962264150944,0.0,3.1026188867126723,A,5,1,lar
1,RUB->KGS,logreg,oot,247,0,117,,0.47368421052631576,,,,,0,,0,,,,,0.0,0.0,53,0.0,0.0,0.0,1.0,0.0,,0.0,,,A,5,1,lar
1,RUB->KZT,logreg,oot,247,0,142,,0.5748987854251012,,,,,0,,0,,,,,0.0,0.0,53,0.0,0.0,0.0,1.0,0.0,,0.0,,,A,5,1,lar
1,RUB->TJS,logreg,oot,247,2,125,0.5,0.5060728744939271,0.47,0.988,1.0638297872340425,101.2441964126698,2,4.395091229859034,2,22.895262072951674,45.79052414590335,45.79052414590335,22.895262072951674,0.018867924528301886,1.8867924528301887,53,0.03773584905660377,0.0,0.0,0.9622641509433962,0.0,0.0,0.03773584905660377,0.0,0.8259889337811556,A,5,1,lar
1,RUB->UZS,logreg,oot,247,0,136,,0.5506072874493927,,,,,0,,0,,,,,0.0,0.0,53,0.0,0.0,0.0,1.0,0.0,,0.0,,,A,5,1,lar
10,RUB->AMD,logreg,oot,238,5,56,0.0,0.23529411764705882,0.22399999999999998,0.0,0.0,14.352377492047541,5,64.83080054254954,5,122.05884916674492,385.44240206191074,385.44240206191074,122.05884916674495,0.0,0.0,51,0.09803921568627451,0.0,0.0,0.9019607843137255,0.0,0.0,0.09803921568627451,0.0,0.0,A,5,10,lar
10,RUB->KGS,logreg,oot,238,0,53,,0.22268907563025211,,,,,0,,0,,,,,0.0,0.0,51,0.0,0.0,0.0,1.0,0.0,,0.0,,,A,5,10,lar
10,RUB->KZT,logreg,oot,238,0,65,,0.27310924369747897,,,,,0,,0,,,,,0.0,0.0,51,0.0,0.0,0.0,1.0,0.0,,0.0,,,A,5,10,lar
10,RUB->TJS,logreg,oot,238,2,54,0.0,0.226890756302521,0.25,0.0,0.0,163.47635415379648,2,155.1656431399595,2,75.31893546916191,104.84734679242047,104.84734679242047,75.31893546916191,0.0,0.0,51,0.0392156862745098,0.0,0.0,0.9607843137254902,0.0,0.0,0.0392156862745098,0.0,0.0,A,5,10,lar
10,RUB->UZS,logreg,oot,238,0,63,,0.2647058823529412,,,,,0,,0,,,,,0.0,0.0,51,0.0,0.0,0.0,1.0,0.0,,0.0,,,A,5,10,lar
5,RUB->AMD,logreg,y2022,247,2,72,0.5,0.291497975708502,0.31,1.715277777777778,1.6129032258064517,643.821777562149,2,128.09180256258045,2,45.15772480693458,90.31544961386916,90.31544961386916,45.15772480693458,0.0196078431372549,1.9607843137254901,51,0.0392156862745098,0.0,0.0,0.9607843137254902,0.0,0.0,0.0392156862745098,0.0,3.7104008262418526,A,5,5,lar
5,RUB->KGS,logreg,y2022,247,0,65,,0.2631578947368421,,,,,0,,0,,,,,0.0,0.0,51,0.0,0.0,0.0,1.0,0.0,,0.0,,,A,5,5,lar
5,RUB->KZT,logreg,y2022,247,0,64,,0.2591093117408907,,,,,0,,0,,,,,0.0,0.0,51,0.0,0.0,0.0,1.0,0.0,,0.0,,,A,5,5,lar
5,RUB->TJS,logreg,y2022,247,2,77,0.0,0.3117408906882591,0.35,0.0,0.0,-418.3477574464267,2,-46.41569222419261,2,811.6104157413117,1002.2372546282487,1002.2372546282487,811.6104157413117,0.0,0.0,51,0.0392156862745098,0.0,0.0,0.9607843137254902,0.0,0.0,0.0392156862745098,0.0,,A,5,5,lar
5,RUB->UZS,logreg,y2022,247,0,65,,0.2631578947368421,,,,,0,,0,,,,,0.0,0.0,51,0.0,0.0,0.0,1.0,0.0,,0.0,,,A,5,5,lar
5,RUB->AMD,logreg,wf_oos,656,120,215,0.275,0.3277439024390244,0.3303333333333333,0.8390697674418605,0.832492431886983,8.483172514162671,120,3.9721227220992366,120,99.78026057343996,1019.9723906321911,599.0255155178444,646.5243489004382,0.2391304347826087,23.91304347826087,138,0.8695652173913043,0.0,2.0,0.5072463768115942,0.07971014492753623,0.49166666666666664,0.8695652173913043,0.38333333333333336,1.0150917857178698,A,5,5,lar
5,RUB->KGS,logreg,wf_oos,656,89,215,0.21348314606741572,0.3277439024390244,0.3155056179775281,0.6513718317219754,0.6766381766381766,-18.206862376909957,86,-7.867659362248333,86,109.94923966092526,812.0986469953051,551.4367834691391,551.4367834691391,0.13768115942028986,13.768115942028986,138,0.644927536231884,0.0,2.0,0.6376811594202898,0.07971014492753623,0.5168539325842697,0.644927536231884,0.43820224719101125,0.8845485950939828,A,5,5,lar
5,RUB->KZT,logreg,wf_oos,656,83,183,0.18072289156626506,0.27896341463414637,0.2749397590361446,0.6478372506419119,0.6573181419807186,-12.33882744201129,78,-0.8089762247315019,78,117.87643457027508,936.7084397984681,558.1310639327008,518.7766873474242,0.10869565217391304,10.869565217391305,138,0.6014492753623188,0.0,2.0,0.6666666666666666,0.07971014492753623,0.46987951807228917,0.6014492753623188,0.4457831325301205,0.9163484899314103,A,5,5,lar
5,RUB->TJS,logreg,wf_oos,656,147,230,0.36054421768707484,0.35060975609756095,0.3442176870748299,1.0283348121857439,1.0474308300395259,8.976252747802912,145,-3.690431373007225,145,103.8244154758953,891.342142054632,624.4437264245826,768.0357653516726,0.38405797101449274,38.405797101449274,138,1.065217391304348,1.0,3.0,0.43478260869565216,0.13043478260869565,0.5238095238095238,1.065217391304348,0.43537414965986393,1.1188100521782234,A,5,5,lar
5,RUB->UZS,logreg,wf_oos,656,92,204,0.22826086956521738,0.31097560975609756,0.31521739130434784,0.7340153452685422,0.7241379310344827,-24.588987405355603,88,-2.666907615541769,88,135.65555485136866,799.7051035233516,728.5344621710831,728.5344621710831,0.15217391304347827,15.217391304347826,138,0.6666666666666666,0.0,2.0,0.6159420289855072,0.07971014492753623,0.4891304347826087,0.6666666666666666,0.40217391304347827,0.4089286175277521,A,5,5,lar
5,RUB->AMD,logreg,oot,243,5,74,0.2,0.3045267489711934,0.292,0.6567567567567568,0.6849315068493151,45.723078811981345,5,34.00159514900202,5,58.30389131436897,157.8484654731449,157.8484654731449,58.30389131436897,0.019230769230769232,1.9230769230769231,52,0.09615384615384616,0.0,0.0,0.9038461538461539,0.0,0.0,0.09615384615384616,0.0,1.0595581789938582,A,5,5,lar
5,RUB->KGS,logreg,oot,243,0,70,,0.2880658436213992,,,,,0,,0,,,,,0.0,0.0,52,0.0,0.0,0.0,1.0,0.0,,0.0,,,A,5,5,lar
5,RUB->KZT,logreg,oot,243,0,80,,0.3292181069958848,,,,,0,,0,,,,,0.0,0.0,52,0.0,0.0,0.0,1.0,0.0,,0.0,,,A,5,5,lar
5,RUB->TJS,logreg,oot,243,2,73,0.5,0.3004115226337449,0.28,1.6643835616438356,1.7857142857142856,203.61191072897023,2,162.47756094829313,2,22.895262072951674,45.79052414590335,45.79052414590335,22.895262072951674,0.019230769230769232,1.9230769230769231,52,0.038461538461538464,0.0,0.0,0.9615384615384616,0.0,0.0,0.038461538461538464,0.0,1.226057658178562,A,5,5,lar
5,RUB->UZS,logreg,oot,243,0,83,,0.34156378600823045,,,,,0,,0,,,,,0.0,0.0,52,0.0,0.0,0.0,1.0,0.0,,0.0,,,A,5,5,lar
1,RUB->AMD,logreg,y2022,247,101,124,0.44554455445544555,0.5020242914979757,0.4914851485148515,0.8874960076652827,0.9065269943593877,-5.974383883756787,100,18.32781478197039,100,75.5202003692745,808.2600538011176,538.1875757746535,538.1875757746535,0.8823529411764706,88.23529411764706,51,1.9803921568627452,2.0,5.0,0.27450980392156865,0.37254901960784315,0.7029702970297029,1.9803921568627452,0.6633663366336634,1.4836521274861474,"A,B",5,1,lar
1,RUB->KGS,logreg,y2022,247,79,123,0.5063291139240507,0.4979757085020243,0.4858227848101266,1.0167747247092724,1.0422094841063054,2.3747813286061645,78,12.457536950045034,78,87.47517606743025,831.6226786883641,601.6050889574954,574.3281340213802,0.7843137254901962,78.43137254901961,51,1.5490196078431373,1.0,4.0,0.35294117647058826,0.29411764705882354,0.6455696202531646,1.5490196078431373,0.6075949367088608,0.7967333209678781,"A,B",5,1,lar
1,RUB->KZT,logreg,y2022,247,103,116,0.4563106796116505,0.46963562753036436,0.47825242718446603,0.9716270505523937,0.9541209906617946,14.527627059444741,103,21.76159554526625,103,73.11538590001864,815.4568874071888,445.50141192305085,468.9566707213318,0.9215686274509803,92.15686274509804,51,2.019607843137255,2.0,4.0,0.23529411764705882,0.43137254901960786,0.7669902912621359,2.019607843137255,0.6601941747572816,1.9723101487547663,"A,B",5,1,lar
1,RUB->TJS,logreg,y2022,247,87,131,0.5172413793103449,0.5303643724696356,0.5177011494252874,0.9752566464859174,0.9991119005328596,-4.248838690025731,86,28.157710715131486,86,81.5350531154477,1591.6580820487459,670.7763488624008,670.7763488624008,0.8823529411764706,88.23529411764706,51,1.7058823529411764,1.0,4.0,0.27450980392156865,0.29411764705882354,0.6551724137931034,1.7058823529411764,0.5977011494252874,2.883615107619253,"A,B",5,1,lar
1,RUB->UZS,logreg,y2022,247,97,119,0.4639175257731959,0.4817813765182186,0.4839175257731958,0.9629212509746167,0.9586706433745209,-9.42923128948603,96,14.11544137775841,96,78.89535653844815,848.1230869016821,616.3423590783661,616.3423590783661,0.8823529411764706,88.23529411764706,51,1.9019607843137254,2.0,4.0,0.23529411764705882,0.3333333333333333,0.711340206185567,1.9019607843137254,0.6494845360824743,1.123909190055388,"A,B",5,1,lar
10,RUB->AMD,logreg,y2022,247,101,59,0.21782178217821782,0.2388663967611336,0.23148514851485147,0.9118979694579628,0.9409751924721985,56.36347692543192,94,185.7005062096583,98,500.97039779075817,2154.35554905911,1792.0046480266349,1792.0046480266349,0.43137254901960786,43.13725490196079,51,1.9803921568627452,2.0,5.0,0.27450980392156865,0.37254901960784315,0.7029702970297029,1.9803921568627452,0.6633663366336634,1.3302235462760006,"A,B",5,10,lar
10,RUB->KGS,logreg,y2022,247,79,51,0.22784810126582278,0.20647773279352227,0.20658227848101263,1.1034996276991809,1.1029411764705883,113.81344078937185,75,199.38679208983254,77,483.4825923158245,2009.8322013880465,1754.4619693989002,1697.095450111461,0.35294117647058826,35.294117647058826,51,1.5490196078431373,1.0,4.0,0.35294117647058826,0.29411764705882354,0.6455696202531646,1.5490196078431373,0.6075949367088608,1.5955990296594034,"A,B",5,10,lar
10,RUB->KZT,logreg,y2022,247,103,51,0.2621359223300971,0.20647773279352227,0.20252427184466018,1.26956025128498,1.2943432406519655,126.26393349197141,101,216.51821140519567,103,467.8798612978984,1936.8510638297876,1718.346053060927,1749.3815452306649,0.5294117647058824,52.94117647058823,51,2.019607843137255,2.0,4.0,0.23529411764705882,0.43137254901960786,0.7669902912621359,2.019607843137255,0.6601941747572816,1.7689572601421044,"A,B",5,10,lar
10,RUB->TJS,logreg,y2022,247,87,57,0.22988505747126436,0.23076923076923078,0.22735632183908044,0.9961685823754789,1.0111223458038423,67.83500157496852,83,228.36721012266375,84,505.40044030355887,2750.76360927921,2098.223814876481,2098.223814876481,0.3921568627450981,39.21568627450981,51,1.7058823529411764,1.0,4.0,0.27450980392156865,0.29411764705882354,0.6551724137931034,1.7058823529411764,0.5977011494252874,11.937145938156343,"A,B",5,10,lar
10,RUB->UZS,logreg,y2022,247,97,51,0.2268041237113402,0.20647773279352227,0.20123711340206182,1.0984435011117848,1.127049180327869,20.003633210948948,93,195.51967918886265,95,543.8037519126974,2642.338625206073,2187.2503590292454,2187.250359029245,0.43137254901960786,43.13725490196079,51,1.9019607843137254,2.0,4.0,0.23529411764705882,0.3333333333333333,0.711340206185567,1.9019607843137254,0.6494845360824743,1.2991611657451008,"A,B",5,10,lar
1,RUB->AMD,logreg,wf_oos,656,49,353,0.5714285714285714,0.538109756097561,0.5485714285714286,1.0619182517199515,1.0416666666666665,18.348190970483827,49,-5.352616240154403,49,14.836915096394373,121.50407784661698,98.30199823025983,83.56793917993866,0.2028985507246377,20.28985507246377,138,0.35507246376811596,0.0,1.0,0.8043478260869565,0.043478260869565216,0.5306122448979592,0.35507246376811596,0.4897959183673469,1.3795130334964865,"A,B",5,1,lar
1,RUB->KGS,logreg,wf_oos,656,34,348,0.5,0.5304878048780488,0.5423529411764706,0.9425287356321839,0.9219088937093275,5.842712577973904,33,-5.5884275045958045,33,14.578558507166818,85.09984343933796,82.55926696819404,60.329802576490444,0.12318840579710144,12.318840579710145,138,0.2463768115942029,0.0,1.0,0.8768115942028986,0.043478260869565216,0.5882352941176471,0.2463768115942029,0.5294117647058824,1.0281864011637059,"A,B",5,1,lar
1,RUB->KZT,logreg,wf_oos,656,30,333,0.5,0.5076219512195121,0.5046666666666667,0.9849849849849851,0.9907529722589167,18.4252760427609,30,-6.135582307424799,30,18.946570029105676,84.31570784950715,81.68180553726256,72.03340422948256,0.10869565217391304,10.869565217391305,138,0.21739130434782608,0.0,1.0,0.8695652173913043,0.028985507246376812,0.4666666666666667,0.21739130434782608,0.4,2.0188841362045724,"A,B",5,1,lar
1,RUB->TJS,logreg,wf_oos,656,63,361,0.6349206349206349,0.5503048780487805,0.5342857142857141,1.1537615969748933,1.1883541295306004,22.727908699902116,62,-4.743290169302915,62,13.042508813920772,164.6205059762429,106.67288666343644,99.4178109311803,0.2898550724637681,28.985507246376812,138,0.45652173913043476,0.0,2.0,0.7681159420289855,0.057971014492753624,0.5396825396825397,0.45652173913043476,0.5238095238095238,1.328691469102638,"A,B",5,1,lar
1,RUB->UZS,logreg,wf_oos,656,29,345,0.5862068965517241,0.5259146341463414,0.5317241379310345,1.1146426786606696,1.1024643320363163,26.385668713585993,29,-6.981952767925861,29,13.090259538340522,80.0709312872283,73.04996543258667,52.48897968207622,0.12318840579710144,12.318840579710145,138,0.21014492753623187,0.0,1.0,0.8695652173913043,0.021739130434782608,0.4482758620689655,0.21014492753623187,0.3793103448275862,1.8625253028273394,"A,B",5,1,lar
10,RUB->AMD,logreg,wf_oos,656,49,174,0.22448979591836735,0.2652439024390244,0.26857142857142857,0.846352334037063,0.8358662613981763,45.76083427328659,48,33.40285513951824,48,113.54878820017923,781.5990331121459,596.9536338551337,468.55592154880776,0.07971014492753623,7.971014492753623,138,0.35507246376811596,0.0,1.0,0.8043478260869565,0.043478260869565216,0.5306122448979592,0.35507246376811596,0.4897959183673469,1.1997269327352433,"A,B",5,10,lar
10,RUB->KGS,logreg,wf_oos,656,34,167,0.20588235294117646,0.2545731707317073,0.2688235294117647,0.8087354702359986,0.7658643326039387,38.94468989491797,33,17.8432565004409,33,67.42654256268406,266.8804878290243,249.5075183876305,216.90031336400438,0.050724637681159424,5.072463768115942,138,0.2463768115942029,0.0,1.0,0.8768115942028986,0.043478260869565216,0.5882352941176471,0.2463768115942029,0.5294117647058824,0.7934184395927903,"A,B",5,10,lar
10,RUB->KZT,logreg,wf_oos,656,30,137,0.06666666666666667,0.20884146341463414,0.18666666666666665,0.31922141119221414,0.35714285714285715,-12.141190310236857,30,28.726963969876206,30,170.3321570973477,1008.7075086326824,972.7079742155753,587.1680655763951,0.014492753623188406,1.4492753623188406,138,0.21739130434782608,0.0,1.0,0.8695652173913043,0.028985507246376812,0.4666666666666667,0.21739130434782608,0.4,0.5504687527999795,"A,B",5,10,lar
10,RUB->TJS,logreg,wf_oos,656,63,180,0.3333333333333333,0.27439024390243905,0.2752380952380952,1.2148148148148146,1.2110726643598615,64.91361246146727,59,33.37431574260247,59,95.93225770854608,764.3914649765837,754.9487658958952,658.4686336984344,0.15217391304347827,15.217391304347826,138,0.45652173913043476,0.0,2.0,0.7681159420289855,0.057971014492753624,0.5396825396825397,0.45652173913043476,0.5238095238095238,0.9771588575587611,"A,B",5,10,lar
10,RUB->UZS,logreg,wf_oos,656,29,156,0.20689655172413793,0.23780487804878048,0.23241379310344826,0.870026525198939,0.8902077151335313,59.932647650303096,24,54.56674678652439,24,72.24029181102404,255.95843184597732,223.02193230107625,184.31827192170357,0.043478260869565216,4.3478260869565215,138,0.21014492753623187,0.0,1.0,0.8695652173913043,0.021739130434782608,0.4482758620689655,0.21014492753623187,0.3793103448275862,2.083722197497295,"A,B",5,10,lar
1,RUB->AMD,logreg,oot,247,14,132,0.6428571428571429,0.5344129554655871,0.5528571428571428,1.202922077922078,1.1627906976744187,21.118786900251596,14,-6.502815606416666,14,31.280741865051805,148.1806023151777,148.1806023151777,87.58607722214506,0.169811320754717,16.9811320754717,53,0.2641509433962264,0.0,1.0,0.8113207547169812,0.018867924528301886,0.2857142857142857,0.2641509433962264,0.2857142857142857,1.1172176458447591,"A,B",5,1,lar
1,RUB->KGS,logreg,oot,247,10,117,0.6,0.47368421052631576,0.478,1.2666666666666666,1.2552301255230125,42.979903127188905,10,-10.523727050222751,10,18.32353838796319,80.14705342332506,80.14705342332506,36.64707677592638,0.11320754716981131,11.320754716981131,53,0.18867924528301888,0.0,1.0,0.8679245283018868,0.018867924528301886,0.3,0.18867924528301888,0.2,1.0170096801930266,"A,B",5,1,lar
1,RUB->KZT,logreg,oot,247,9,142,0.6666666666666666,0.5748987854251012,0.58,1.1596244131455398,1.1494252873563218,34.11423704324703,9,-17.121654082960944,9,18.27733936611336,89.71670057911885,89.71670057911885,32.89921085900404,0.11320754716981131,11.320754716981131,53,0.16981132075471697,0.0,0.8000000000000043,0.8867924528301887,0.018867924528301886,0.3333333333333333,0.16981132075471697,0.1111111111111111,1.1768808310644956,"A,B",5,1,lar
1,RUB->TJS,logreg,oot,247,15,125,0.6666666666666666,0.5060728744939271,0.5093333333333333,1.3173333333333332,1.3089005235602094,39.70087342559866,14,-2.61945542078463,15,14.895839732925374,76.831489716791,76.831489716791,44.687519198776116,0.18867924528301888,18.867924528301888,53,0.2830188679245283,0.0,1.0,0.8113207547169812,0.018867924528301886,0.4,0.2830188679245283,0.4,1.6368517048341453,"A,B",5,1,lar
1,RUB->UZS,logreg,oot,247,8,136,0.5,0.5506072874493927,0.5425,0.9080882352941176,0.9216589861751152,19.354452207285544,8,-19.58189201551608,8,26.84720761994164,136.40819396854243,136.40819396854243,42.95553219190662,0.07547169811320754,7.547169811320755,53,0.1509433962264151,0.0,1.0,0.8679245283018868,0.0,0.125,0.1509433962264151,0.0,0.805964796747437,"A,B",5,1,lar
10,RUB->AMD,logreg,oot,238,14,56,0.2857142857142857,0.23529411764705882,0.22999999999999995,1.2142857142857142,1.2422360248447206,-24.93483522980542,10,-54.13489721474074,12,306.5803989071546,655.5771542194067,655.5771542194067,512.6364692976697,0.0784313725490196,7.8431372549019605,51,0.27450980392156865,0.0,1.0,0.803921568627451,0.0196078431372549,0.2857142857142857,0.27450980392156865,0.2857142857142857,0.9906461785678575,"A,B",5,10,lar
10,RUB->KGS,logreg,oot,238,8,53,0.375,0.22268907563025211,0.225,1.6839622641509433,1.6666666666666665,76.54773597872477,5,-12.534234121787334,6,223.81593495505913,557.519965859905,557.519965859905,268.5791219460709,0.05882352941176471,5.882352941176471,51,0.1568627450980392,0.0,1.0,0.8823529411764706,0.0196078431372549,0.25,0.1568627450980392,0.125,0.608349834302449,"A,B",5,10,lar
10,RUB->KZT,logreg,oot,238,9,65,0.3333333333333333,0.27310924369747897,0.2733333333333333,1.2205128205128206,1.2195121951219512,221.4855549273758,9,105.22410621976194,9,88.64881253298466,327.32264470299646,327.32264470299646,153.13840104334545,0.05882352941176471,5.882352941176471,51,0.17647058823529413,0.0,1.0,0.8823529411764706,0.0196078431372549,0.3333333333333333,0.17647058823529413,0.1111111111111111,0.5493676408991327,"A,B",5,10,lar
10,RUB->TJS,logreg,oot,238,15,54,0.5333333333333333,0.226890756302521,0.21333333333333335,2.3506172839506174,2.5,144.15681202518408,7,16.074665775709374,13,96.15400801006928,416.64111044533934,416.64111044533934,239.80715263568217,0.1568627450980392,15.686274509803921,51,0.29411764705882354,0.0,1.0,0.803921568627451,0.0196078431372549,0.4,0.29411764705882354,0.4,0.9618083658595941,"A,B",5,10,lar
10,RUB->UZS,logreg,oot,238,8,63,0.125,0.2647058823529412,0.2675,0.4722222222222222,0.4672897196261682,13.721334993592047,7,-16.345941302868813,8,227.52683390543456,470.34163772649686,470.34163772649686,335.1858327398967,0.0196078431372549,1.9607843137254901,51,0.1568627450980392,0.0,1.0,0.8627450980392157,0.0,0.125,0.1568627450980392,0.0,0.32783849781583324,"A,B",5,10,lar
5,RUB->AMD,logreg,y2022,247,101,72,0.27722772277227725,0.291497975708502,0.2831683168316832,0.9510451045104512,0.979020979020979,14.394393262178262,98,90.75960402778807,99,277.93436169365515,1153.6322484811355,1128.3605466888216,1128.3605466888216,0.5490196078431372,54.90196078431372,51,1.9803921568627452,2.0,5.0,0.27450980392156865,0.37254901960784315,0.7029702970297029,1.9803921568627452,0.6633663366336634,1.411931859491718,"A,B",5,5,lar
5,RUB->KGS,logreg,y2022,247,79,65,0.27848101265822783,0.2631578947368421,0.260759493670886,1.058227848101266,1.0679611650485439,54.59697908276875,76,95.85074240320374,77,292.9446147213341,2009.8322013880465,1321.6950557064001,1233.107390669658,0.43137254901960786,43.13725490196079,51,1.5490196078431373,1.0,4.0,0.35294117647058826,0.29411764705882354,0.6455696202531646,1.5490196078431373,0.6075949367088608,1.8176102978538935,"A,B",5,5,lar
5,RUB->KZT,logreg,y2022,247,103,64,0.30097087378640774,0.2591093117408907,0.2629126213592232,1.1615594660194173,1.1447562776957168,70.66330122357785,103,113.19365377854753,103,281.3805285584618,1179.6445289005608,1038.9515984213283,1059.0250505618526,0.6078431372549019,60.78431372549019,51,2.019607843137255,2.0,4.0,0.23529411764705882,0.43137254901960786,0.7669902912621359,2.019607843137255,0.6601941747572816,1.3385037402933389,"A,B",5,5,lar
5,RUB->TJS,logreg,y2022,247,87,77,0.3218390804597701,0.3117408906882591,0.3181609195402299,1.03239289446186,1.0115606936416184,15.717187458596742,85,112.53946428908282,85,304.09415654452715,1863.3515280619872,1334.9430511387404,1334.9430511387404,0.5490196078431372,54.90196078431372,51,1.7058823529411764,1.0,4.0,0.27450980392156865,0.29411764705882354,0.6551724137931034,1.7058823529411764,0.5977011494252874,6.124075184248436,"A,B",5,5,lar
5,RUB->UZS,logreg,y2022,247,97,65,0.26804123711340205,0.2631578947368421,0.2620618556701031,1.0185567010309278,1.022816679779701,-28.078929769379187,95,77.43317326399435,95,321.61087588710734,1379.2396705958865,1202.1398111445224,1202.1398111445224,0.5098039215686274,50.98039215686274,51,1.9019607843137254,2.0,4.0,0.23529411764705882,0.3333333333333333,0.711340206185567,1.9019607843137254,0.6494845360824743,2.105987285488681,"A,B",5,5,lar
5,RUB->AMD,logreg,wf_oos,656,49,215,0.30612244897959184,0.3277439024390244,0.3273469387755102,0.9340294257237779,0.9351620947630923,30.890035596455416,49,14.646225150552688,49,65.96288975441709,781.5990331121459,407.2804025976111,303.8693798541679,0.10869565217391304,10.869565217391305,138,0.35507246376811596,0.0,1.0,0.8043478260869565,0.043478260869565216,0.5306122448979592,0.35507246376811596,0.4897959183673469,1.5497834012889222,"A,B",5,5,lar
5,RUB->KGS,logreg,wf_oos,656,34,215,0.2647058823529412,0.3277439024390244,0.34294117647058825,0.8076607387140903,0.7718696397941681,16.3709569318611,33,4.455134037984863,33,51.38186728323086,209.17413131213758,201.494958431212,170.14185055294507,0.06521739130434782,6.521739130434782,138,0.2463768115942029,0.0,1.0,0.8768115942028986,0.043478260869565216,0.5882352941176471,0.2463768115942029,0.5294117647058824,0.8059992716815715,"A,B",5,5,lar
5,RUB->KZT,logreg,wf_oos,656,30,183,0.13333333333333333,0.27896341463414637,0.2853333333333333,0.477959927140255,0.4672897196261682,1.2298363060031514,30,17.92776239903367,30,104.34648988212217,936.7084397984681,579.367965173514,342.41112242402096,0.028985507246376812,2.898550724637681,138,0.21739130434782608,0.0,1.0,0.8695652173913043,0.028985507246376812,0.4666666666666667,0.21739130434782608,0.4,1.097579748552168,"A,B",5,5,lar
5,RUB->TJS,logreg,wf_oos,656,63,230,0.4126984126984127,0.35060975609756095,0.3555555555555555,1.1770876466528641,1.1607142857142858,36.23257453810712,61,9.079627663001425,61,74.08397058577776,764.3914649765837,609.1789671955478,535.5594650409582,0.18840579710144925,18.840579710144926,138,0.45652173913043476,0.0,2.0,0.7681159420289855,0.057971014492753624,0.5396825396825397,0.45652173913043476,0.5238095238095238,1.3015428081170477,"A,B",5,5,lar
5,RUB->UZS,logreg,wf_oos,656,29,204,0.3103448275862069,0.31097560975609756,0.3055172413793104,0.9979716024340771,1.0158013544018056,36.32378504940132,26,25.158361561316305,26,43.9029080801996,137.54173729173758,135.6656713862048,121.02606232817693,0.06521739130434782,6.521739130434782,138,0.21014492753623187,0.0,1.0,0.8695652173913043,0.021739130434782608,0.4482758620689655,0.21014492753623187,0.3793103448275862,2.2185082518180383,"A,B",5,5,lar
5,RUB->AMD,logreg,oot,243,14,74,0.42857142857142855,0.3045267489711934,0.3057142857142857,1.4073359073359073,1.4018691588785046,25.495033104445756,13,-15.898263091086696,14,93.91360890306645,305.6875098666745,305.6875098666745,217.4953203147627,0.11538461538461538,11.538461538461538,52,0.2692307692307692,0.0,1.0,0.8076923076923077,0.019230769230769232,0.2857142857142857,0.2692307692307692,0.2857142857142857,1.6253464444356707,"A,B",5,5,lar
5,RUB->KGS,logreg,oot,243,10,70,0.5,0.2880658436213992,0.272,1.7357142857142855,1.838235294117647,97.18875512755176,7,-11.80743983194074,8,78.51942981998788,381.84712971919276,381.84712971919276,125.6310877119806,0.09615384615384615,9.615384615384615,52,0.19230769230769232,0.0,1.0,0.8653846153846154,0.019230769230769232,0.3,0.19230769230769232,0.2,0.8568098696366616,"A,B",5,5,lar
5,RUB->KZT,logreg,oot,243,9,80,0.4444444444444444,0.3292181069958848,0.37111111111111106,1.3499999999999999,1.1976047904191618,112.83816667940093,9,26.825250664342448,9,63.272380828439786,217.0743149859877,217.0743149859877,113.89028549119162,0.07692307692307693,7.6923076923076925,52,0.17307692307692307,0.0,0.8999999999999986,0.8846153846153846,0.019230769230769232,0.3333333333333333,0.17307692307692307,0.1111111111111111,0.6779539963737445,"A,B",5,5,lar
5,RUB->TJS,logreg,oot,243,15,73,0.6,0.3004115226337449,0.25733333333333336,1.9972602739726026,2.33160621761658,121.5446586658567,10,1.5778279614314656,15,53.123038030426905,416.64111044533934,416.64111044533934,158.1910411485432,0.17307692307692307,17.307692307692307,52,0.28846153846153844,0.0,1.0,0.8076923076923077,0.019230769230769232,0.4,0.28846153846153844,0.4,1.0904319639833318,"A,B",5,5,lar
5,RUB->UZS,logreg,oot,243,8,83,0.375,0.34156378600823045,0.335,1.0978915662650603,1.1194029850746268,41.71303527465267,7,-10.139955577502167,8,94.1311560091887,223.54718940052808,223.54718940052808,150.60984961470191,0.05769230769230769,5.769230769230769,52,0.15384615384615385,0.0,1.0,0.8653846153846154,0.0,0.125,0.15384615384615385,0.0,0.8557153670637001,"A,B",5,5,lar
1,RUB->AMD,logreg,y2022,247,1,124,1.0,0.5020242914979757,0.56,1.991935483870968,1.7857142857142856,228.98318654923867,1,62.578062449960555,1,0.0,0.0,0.0,0.0,0.0196078431372549,1.9607843137254901,51,0.0196078431372549,0.0,0.0,0.9803921568627451,0.0,0.0,0.0196078431372549,0.0,3.6983516944248684,"A,B,C",5,1,lar
1,RUB->KGS,logreg,y2022,247,1,123,1.0,0.4979757085020243,0.52,2.008130081300813,1.923076923076923,213.8249807125403,1,59.600706188804864,1,0.0,0.0,0.0,0.0,0.0196078431372549,1.9607843137254901,51,0.0196078431372549,0.0,0.0,0.9803921568627451,0.0,0.0,0.0196078431372549,0.0,4.364792591239725,"A,B,C",5,1,lar
1,RUB->KZT,logreg,y2022,247,0,116,,0.46963562753036436,,,,,0,,0,,,,,0.0,0.0,51,0.0,0.0,0.0,1.0,0.0,,0.0,,,"A,B,C",5,1,lar
1,RUB->TJS,logreg,y2022,247,1,131,1.0,0.5303643724696356,0.56,1.8854961832061068,1.7857142857142856,221.01453095604296,1,61.99794243952006,1,0.0,0.0,0.0,0.0,0.0196078431372549,1.9607843137254901,51,0.0196078431372549,0.0,0.0,0.9803921568627451,0.0,0.0,0.0196078431372549,0.0,4.864791954367813,"A,B,C",5,1,lar
1,RUB->UZS,logreg,y2022,247,3,119,0.6666666666666666,0.4817813765182186,0.41999999999999993,1.3837535014005602,1.5873015873015874,73.46274749068128,3,196.8801210906923,3,4.406772741409141,13.220318224227423,13.220318224227423,4.406772741409141,0.0392156862745098,3.9215686274509802,51,0.058823529411764705,0.0,0.0,0.9411764705882353,0.0,0.0,0.058823529411764705,0.0,25.07865861578496,"A,B,C",5,1,lar
10,RUB->AMD,logreg,y2022,247,1,59,1.0,0.2388663967611336,0.28,4.186440677966101,3.571428571428571,682.6581265011988,1,381.83689808990005,1,0.0,0.0,0.0,0.0,0.0196078431372549,1.9607843137254901,51,0.0196078431372549,0.0,0.0,0.9803921568627451,0.0,0.0,0.0196078431372549,0.0,5.591992558076627,"A,B,C",5,10,lar
10,RUB->KGS,logreg,y2022,247,1,51,1.0,0.20647773279352227,0.18,4.8431372549019605,5.555555555555555,672.938956599256,1,398.4863288772611,1,0.0,0.0,0.0,0.0,0.0196078431372549,1.9607843137254901,51,0.0196078431372549,0.0,0.0,0.9803921568627451,0.0,0.0,0.0196078431372549,0.0,7.3776882497737395,"A,B,C",5,10,lar
10,RUB->KZT,logreg,y2022,247,0,51,,0.20647773279352227,,,,,0,,0,,,,,0.0,0.0,51,0.0,0.0,0.0,1.0,0.0,,0.0,,,"A,B,C",5,10,lar
10,RUB->TJS,logreg,y2022,247,1,57,1.0,0.23076923076923078,0.18,4.333333333333333,5.555555555555555,682.6130114340723,1,403.2541675354606,1,0.0,0.0,0.0,0.0,0.0196078431372549,1.9607843137254901,51,0.0196078431372549,0.0,0.0,0.9803921568627451,0.0,0.0,0.0196078431372549,0.0,8.217348350581817,"A,B,C",5,10,lar
10,RUB->UZS,logreg,y2022,247,3,51,0.3333333333333333,0.20647773279352227,0.18,1.61437908496732,1.8518518518518519,-273.03625286811103,3,492.9285949276337,3,1285.3507920236843,2434.6699312440646,2434.6699312440646,1285.3507920236843,0.0196078431372549,1.9607843137254901,51,0.058823529411764705,0.0,0.0,0.9411764705882353,0.0,0.0,0.058823529411764705,0.0,5.203518669457448,"A,B,C",5,10,lar
1,RUB->AMD,logreg,wf_oos,656,1,353,1.0,0.538109756097561,0.6,1.8583569405099152,1.6666666666666667,56.890477129718505,1,-3.622529814967246,1,0.0,0.0,0.0,0.0,0.007246376811594203,0.7246376811594203,138,0.007246376811594203,0.0,0.0,0.9927536231884058,0.0,0.0,0.007246376811594203,0.0,8.381985202055297,"A,B,C",5,1,lar
1,RUB->KGS,logreg,wf_oos,656,0,348,,0.5304878048780488,,,,,0,,0,,,,,0.0,0.0,138,0.0,0.0,0.0,1.0,0.0,,0.0,,,"A,B,C",5,1,lar
1,RUB->KZT,logreg,wf_oos,656,0,333,,0.5076219512195121,,,,,0,,0,,,,,0.0,0.0,138,0.0,0.0,0.0,1.0,0.0,,0.0,,,"A,B,C",5,1,lar
1,RUB->TJS,logreg,wf_oos,656,7,361,0.42857142857142855,0.5503048780487805,0.5742857142857143,0.778789077958053,0.7462686567164178,17.951051996272703,6,-42.15113295380916,6,35.80633517040484,181.76560759842087,181.76560759842087,42.967602204485814,0.021739130434782608,2.1739130434782608,138,0.050724637681159424,0.0,0.0,0.9637681159420289,0.0,0.2857142857142857,0.050724637681159424,0.14285714285714285,0.37721566728931355,"A,B,C",5,1,lar
1,RUB->UZS,logreg,wf_oos,656,0,345,,0.5259146341463414,,,,,0,,0,,,,,0.0,0.0,138,0.0,0.0,0.0,1.0,0.0,,0.0,,,"A,B,C",5,1,lar
10,RUB->AMD,logreg,wf_oos,656,1,174,0.0,0.2652439024390244,0.38,0.0,0.0,-240.36710021000496,1,-167.7339961807822,1,604.3965057622125,604.3965057622125,604.3965057622125,604.3965057622125,0.0,0.0,138,0.007246376811594203,0.0,0.0,0.9927536231884058,0.0,0.0,0.007246376811594203,0.0,,"A,B,C",5,10,lar
10,RUB->KGS,logreg,wf_oos,656,0,167,,0.2545731707317073,,,,,0,,0,,,,,0.0,0.0,138,0.0,0.0,0.0,1.0,0.0,,0.0,,,"A,B,C",5,10,lar
10,RUB->KZT,logreg,wf_oos,656,0,137,,0.20884146341463414,,,,,0,,0,,,,,0.0,0.0,138,0.0,0.0,0.0,1.0,0.0,,0.0,,,"A,B,C",5,10,lar
10,RUB->TJS,logreg,wf_oos,656,7,180,0.2857142857142857,0.27439024390243905,0.27428571428571424,1.0412698412698411,1.0416666666666667,140.08784954292284,6,18.91224945626435,6,113.1295996013082,270.15632920581953,270.15632920581953,135.75551952156982,0.014492753623188406,1.4492753623188406,138,0.050724637681159424,0.0,0.0,0.9637681159420289,0.0,0.2857142857142857,0.050724637681159424,0.14285714285714285,0.3431882120499579,"A,B,C",5,10,lar
10,RUB->UZS,logreg,wf_oos,656,0,156,,0.23780487804878048,,,,,0,,0,,,,,0.0,0.0,138,0.0,0.0,0.0,1.0,0.0,,0.0,,,"A,B,C",5,10,lar
1,RUB->AMD,logreg,oot,247,16,132,0.5625,0.5344129554655871,0.55,1.0525568181818181,1.0227272727272727,17.02768020002028,16,-17.637765621566494,16,27.35356844553255,126.36853859142593,126.36853859142593,77.71894348344198,0.169811320754717,16.9811320754717,53,0.3018867924528302,0.0,1.0,0.7358490566037735,0.0,0.125,0.3018867924528302,0.125,1.0477689516858224,"A,B,C",5,1,lar
1,RUB->KGS,logreg,oot,247,26,117,0.5384615384615384,0.47368421052631576,0.4715384615384615,1.1367521367521367,1.1419249592169658,30.97936390203466,26,-18.095184541828594,26,23.04485304073123,127.95269999284153,113.96328457875859,84.14406455741297,0.2641509433962264,26.41509433962264,53,0.49056603773584906,0.0,1.0,0.660377358490566,0.05660377358490566,0.38461538461538464,0.49056603773584906,0.3076923076923077,1.3258089055602473,"A,B,C",5,1,lar
1,RUB->KZT,logreg,oot,247,8,142,0.625,0.5748987854251012,0.5675,1.0871478873239437,1.1013215859030836,17.238260011674527,8,-34.83708031365495,8,46.31866166350057,192.0643143323586,192.0643143323586,74.10985866160091,0.09433962264150944,9.433962264150944,53,0.1509433962264151,0.0,0.8000000000000043,0.8867924528301887,0.018867924528301886,0.25,0.1509433962264151,0.25,0.6289992498627053,"A,B,C",5,1,lar
1,RUB->TJS,logreg,oot,247,27,125,0.6666666666666666,0.5060728744939271,0.522962962962963,1.3173333333333332,1.2747875354107647,20.624167206894953,26,-14.89324734322083,27,26.28018245334865,375.2192912694685,248.8423274218876,132.19237036120023,0.339622641509434,33.9622641509434,53,0.5094339622641509,0.0,1.0,0.6037735849056604,0.018867924528301886,0.25925925925925924,0.5094339622641509,0.2962962962962963,0.7310313355897147,"A,B,C",5,1,lar
1,RUB->UZS,logreg,oot,247,20,136,0.6,0.5506072874493927,0.551,1.089705882352941,1.0889292196007259,30.37777379023632,19,-22.01921838744458,19,24.883990915815588,122.99481962497083,122.99481962497083,82.04943692477107,0.22641509433962262,22.641509433962263,53,0.37735849056603776,0.0,1.0,0.7735849056603774,0.05660377358490566,0.5,0.37735849056603776,0.45,1.7755692080350802,"A,B,C",5,1,lar
10,RUB->AMD,logreg,oot,238,16,56,0.3125,0.23529411764705882,0.25,1.328125,1.25,37.434782780011666,13,-10.667045976604506,14,224.2880596205621,655.5771542194067,655.5771542194067,475.93534253530123,0.09803921568627452,9.803921568627452,51,0.3137254901960784,0.0,1.0,0.7254901960784313,0.0,0.125,0.3137254901960784,0.125,0.7605169800516436,"A,B,C",5,10,lar
10,RUB->KGS,logreg,oot,238,22,53,0.22727272727272727,0.22268907563025211,0.23999999999999996,1.020583190394511,0.9469696969696971,72.5980140596955,19,-33.67309879191619,20,148.45774703672743,560.86720347996,560.86720347996,393.9968488102119,0.09803921568627452,9.803921568627452,51,0.43137254901960786,0.0,1.0,0.6666666666666666,0.0392156862745098,0.3181818181818182,0.43137254901960786,0.2727272727272727,0.6703360720971708,"A,B,C",5,10,lar
10,RUB->KZT,logreg,oot,238,7,65,0.42857142857142855,0.27310924369747897,0.28571428571428564,1.5692307692307692,1.5000000000000002,273.70379220637136,7,86.01236839537715,7,77.36454531468523,302.6566974228384,302.6566974228384,108.31036344055933,0.05882352941176471,5.882352941176471,51,0.13725490196078433,0.0,0.0,0.9019607843137255,0.0196078431372549,0.2857142857142857,0.13725490196078433,0.2857142857142857,0.651093315571659,"A,B,C",5,10,lar
10,RUB->TJS,logreg,oot,238,27,54,0.3333333333333333,0.226890756302521,0.2214814814814815,1.4691358024691357,1.5050167224080266,68.99840737095947,19,-23.940305726611403,25,139.18922878788197,710.1687762173548,623.5330754595125,449.983033892289,0.17647058823529413,17.647058823529413,51,0.5294117647058824,0.0,1.0,0.5882352941176471,0.0196078431372549,0.25925925925925924,0.5294117647058824,0.2962962962962963,0.42963397405968373,"A,B,C",5,10,lar
10,RUB->UZS,logreg,oot,238,15,63,0.13333333333333333,0.2647058823529412,0.2973333333333334,0.5037037037037037,0.4484304932735425,-11.629929764224395,14,-108.88911749224245,15,183.5005311384652,524.1784850579334,524.1784850579334,354.76665690881543,0.0392156862745098,3.9215686274509802,51,0.29411764705882354,0.0,1.0,0.803921568627451,0.0392156862745098,0.4,0.29411764705882354,0.4,0.5157008632605837,"A,B,C",5,10,lar
5,RUB->AMD,logreg,y2022,247,1,72,1.0,0.291497975708502,0.36,3.430555555555556,2.7777777777777777,131.11289031224825,1,65.9261955018553,1,0.0,0.0,0.0,0.0,0.0196078431372549,1.9607843137254901,51,0.0196078431372549,0.0,0.0,0.9803921568627451,0.0,0.0,0.0196078431372549,0.0,2.733927933361055,"A,B,C",5,5,lar
5,RUB->KGS,logreg,y2022,247,1,65,1.0,0.2631578947368421,0.3,3.8000000000000003,3.3333333333333335,116.35373090767675,1,72.96223935703506,1,0.0,0.0,0.0,0.0,0.0196078431372549,1.9607843137254901,51,0.0196078431372549,0.0,0.0,0.9803921568627451,0.0,0.0,0.0196078431372549,0.0,3.3949809342037844,"A,B,C",5,5,lar
5,RUB->KZT,logreg,y2022,247,0,64,,0.2591093117408907,,,,,0,,0,,,,,0.0,0.0,51,0.0,0.0,0.0,1.0,0.0,,0.0,,,"A,B,C",5,5,lar
5,RUB->TJS,logreg,y2022,247,1,77,1.0,0.3117408906882591,0.34,3.207792207792208,2.941176470588235,124.6435796129819,1,76.79769864338937,1,0.0,0.0,0.0,0.0,0.0196078431372549,1.9607843137254901,51,0.0196078431372549,0.0,0.0,0.9803921568627451,0.0,0.0,0.0196078431372549,0.0,3.6740864176234145,"A,B,C",5,5,lar
5,RUB->UZS,logreg,y2022,247,3,65,0.3333333333333333,0.2631578947368421,0.21999999999999997,1.2666666666666666,1.5151515151515154,-227.68127873273684,3,251.04668897078332,3,477.0674453927588,1133.28811893878,1133.28811893878,477.0674453927588,0.0196078431372549,1.9607843137254901,51,0.058823529411764705,0.0,0.0,0.9411764705882353,0.0,0.0,0.058823529411764705,0.0,28.776085052468133,"A,B,C",5,5,lar
5,RUB->AMD,logreg,wf_oos,656,1,215,0.0,0.3277439024390244,0.38,0.0,0.0,-37.924406440110744,1,-79.7788651227005,1,109.59321874853379,109.59321874853379,109.59321874853379,109.59321874853379,0.0,0.0,138,0.007246376811594203,0.0,0.0,0.9927536231884058,0.0,0.0,0.007246376811594203,0.0,,"A,B,C",5,5,lar
5,RUB->KGS,logreg,wf_oos,656,0,215,,0.3277439024390244,,,,,0,,0,,,,,0.0,0.0,138,0.0,0.0,0.0,1.0,0.0,,0.0,,,"A,B,C",5,5,lar
5,RUB->KZT,logreg,wf_oos,656,0,183,,0.27896341463414637,,,,,0,,0,,,,,0.0,0.0,138,0.0,0.0,0.0,1.0,0.0,,0.0,,,"A,B,C",5,5,lar
5,RUB->TJS,logreg,wf_oos,656,7,230,0.42857142857142855,0.35060975609756095,0.3457142857142857,1.222360248447205,1.2396694214876034,89.85370146142884,6,-14.288886396160995,6,90.20484339423298,270.15632920581953,270.15632920581953,108.24581207307958,0.021739130434782608,2.1739130434782608,138,0.050724637681159424,0.0,0.0,0.9637681159420289,0.0,0.2857142857142857,0.050724637681159424,0.14285714285714285,0.3502267468947909,"A,B,C",5,5,lar
5,RUB->UZS,logreg,wf_oos,656,0,204,,0.31097560975609756,,,,,0,,0,,,,,0.0,0.0,138,0.0,0.0,0.0,1.0,0.0,,0.0,,,"A,B,C",5,5,lar
5,RUB->AMD,logreg,oot,243,16,74,0.3125,0.3045267489711934,0.3125,1.0261824324324325,1.0,37.133918425563955,15,-24.4192362294251,16,96.5312256322913,305.6875098666745,305.6875098666745,221.6050371301832,0.09615384615384615,9.615384615384615,52,0.3076923076923077,0.0,1.0,0.7307692307692307,0.0,0.125,0.3076923076923077,0.125,1.1027310811210345,"A,B,C",5,5,lar
5,RUB->KGS,logreg,oot,243,24,70,0.3333333333333333,0.2880658436213992,0.30416666666666664,1.157142857142857,1.095890410958904,62.57942598557941,21,-39.48343439571806,22,102.21392305976983,510.4106968162836,424.22660615836327,318.32806888312564,0.15384615384615385,15.384615384615385,52,0.46153846153846156,0.0,1.0,0.6538461538461539,0.038461538461538464,0.3333333333333333,0.46153846153846156,0.2916666666666667,0.8144708399027947,"A,B,C",5,5,lar
5,RUB->KZT,logreg,oot,243,7,80,0.5714285714285714,0.3292181069958848,0.3628571428571428,1.7357142857142855,1.5748031496062993,105.55830681191148,7,-14.31292412924834,7,66.66477873050937,302.6566974228384,302.6566974228384,93.33069022271312,0.07692307692307693,7.6923076923076925,52,0.1346153846153846,0.0,0.0,0.9038461538461539,0.019230769230769232,0.2857142857142857,0.1346153846153846,0.2857142857142857,0.6303921312243667,"A,B,C",5,5,lar
5,RUB->TJS,logreg,oot,243,27,73,0.4074074074074074,0.3004115226337449,0.2711111111111111,1.3561643835616437,1.5027322404371586,50.126120965919554,22,-35.999122555405,27,92.53520501582368,434.4332326119771,425.5371715286582,349.01880503802647,0.21153846153846154,21.153846153846153,52,0.5192307692307693,0.0,1.0,0.5961538461538461,0.019230769230769232,0.25925925925925924,0.5192307692307693,0.2962962962962963,0.8191758141443937,"A,B,C",5,5,lar
5,RUB->UZS,logreg,oot,243,17,83,0.35294117647058826,0.34156378600823045,0.3552941176470588,1.0333097094259391,0.9933774834437087,29.174728291698035,14,-84.08729950159763,15,152.5381970115817,492.61432862483633,492.61432862483633,331.28684996866116,0.11538461538461538,11.538461538461538,52,0.3269230769230769,0.0,1.0,0.7884615384615384,0.038461538461538464,0.4117647058823529,0.3269230769230769,0.4117647058823529,0.803096280137019,"A,B,C",5,5,lar
1,RUB->AMD,catboost,y2022,247,0,124,,0.5020242914979757,,,,,0,,0,,,,,0.0,0.0,51,0.0,0.0,0.0,1.0,0.0,,0.0,,,A,5,1,lar
1,RUB->KGS,catboost,y2022,247,0,123,,0.4979757085020243,,,,,0,,0,,,,,0.0,0.0,51,0.0,0.0,0.0,1.0,0.0,,0.0,,,A,5,1,lar
1,RUB->KZT,catboost,y2022,247,0,116,,0.46963562753036436,,,,,0,,0,,,,,0.0,0.0,51,0.0,0.0,0.0,1.0,0.0,,0.0,,,A,5,1,lar
1,RUB->TJS,catboost,y2022,247,5,131,1.0,0.5303643724696356,0.548,1.8854961832061068,1.824817518248175,142.65211564858004,5,-18.325527238791885,5,0.0,0.0,0.0,0.0,0.09803921568627452,9.803921568627452,51,0.09803921568627451,0.0,0.0,0.9019607843137255,0.0,0.0,0.09803921568627451,0.0,123.6413753203575,A,5,1,lar
1,RUB->UZS,catboost,y2022,247,0,119,,0.4817813765182186,,,,,0,,0,,,,,0.0,0.0,51,0.0,0.0,0.0,1.0,0.0,,0.0,,,A,5,1,lar
10,RUB->AMD,catboost,y2022,247,0,59,,0.2388663967611336,,,,,0,,0,,,,,0.0,0.0,51,0.0,0.0,0.0,1.0,0.0,,0.0,,,A,5,10,lar
10,RUB->KGS,catboost,y2022,247,0,51,,0.20647773279352227,,,,,0,,0,,,,,0.0,0.0,51,0.0,0.0,0.0,1.0,0.0,,0.0,,,A,5,10,lar
10,RUB->KZT,catboost,y2022,247,0,51,,0.20647773279352227,,,,,0,,0,,,,,0.0,0.0,51,0.0,0.0,0.0,1.0,0.0,,0.0,,,A,5,10,lar
10,RUB->TJS,catboost,y2022,247,5,57,0.4,0.23076923076923078,0.21200000000000002,1.7333333333333334,1.8867924528301885,473.0579930084288,5,674.512650523242,5,460.74657077883256,796.8806741944667,796.8806741944667,460.74657077883256,0.0392156862745098,3.9215686274509802,51,0.09803921568627451,0.0,0.0,0.9019607843137255,0.0,0.0,0.09803921568627451,0.0,1817.737971885016,A,5,10,lar
10,RUB->UZS,catboost,y2022,247,0,51,,0.20647773279352227,,,,,0,,0,,,,,0.0,0.0,51,0.0,0.0,0.0,1.0,0.0,,0.0,,,A,5,10,lar
1,RUB->AMD,catboost,wf_oos,656,243,353,0.5185185185185185,0.538109756097561,0.5342386831275721,0.9635924876718077,0.9705746418117392,-1.4658302768532188,243,3.64593749046866,243,31.917350279601518,359.90593514702687,213.18387025577502,277.3770032219738,0.9130434782608695,91.30434782608695,138,1.7608695652173914,1.0,4.0,0.2753623188405797,0.2826086956521739,0.6831275720164609,1.7608695652173914,0.6213991769547325,1.1254680140387443,A,5,1,lar
1,RUB->KGS,catboost,wf_oos,656,271,348,0.5018450184501845,0.5304878048780488,0.5350553505535055,0.9460067014463247,0.9379310344827586,-0.9235284079846139,270,2.1853257189467814,270,29.301238450227732,398.54724509127635,204.84145813906707,270.9247911287904,0.9855072463768115,98.55072463768116,138,1.963768115942029,1.5,4.0,0.2246376811594203,0.37681159420289856,0.6863468634686347,1.963768115942029,0.6273062730627307,1.0382536502576722,A,5,1,lar
1,RUB->KZT,catboost,wf_oos,656,260,333,0.47692307692307695,0.5076219512195121,0.5061538461538462,0.9395241395241397,0.9422492401215805,3.3859890396198535,259,3.6190458871090545,259,34.720728200702766,419.7339328024641,218.51818980410732,285.3691656813262,0.8985507246376812,89.85507246376811,138,1.8840579710144927,1.0,4.299999999999997,0.2391304347826087,0.32608695652173914,0.676923076923077,1.8840579710144927,0.6153846153846154,1.3076290698888677,A,5,1,lar
1,RUB->TJS,catboost,wf_oos,656,275,361,0.5127272727272727,0.5503048780487805,0.5543272727272728,0.9317149332661798,0.9249540802938859,-1.4527197350061,274,3.0898601635937424,274,28.9566506072892,394.8988344240822,190.96047040704858,241.49083143604244,1.0217391304347827,102.17391304347827,138,1.9927536231884058,2.0,4.299999999999997,0.17391304347826086,0.30434782608695654,0.6581818181818182,1.9927536231884058,0.5963636363636363,1.194475178635966,A,5,1,lar
1,RUB->UZS,catboost,wf_oos,656,253,345,0.4901185770750988,0.5259146341463414,0.5276679841897234,0.9319356132210576,0.9288389513108614,-4.5262354292944025,253,1.9659910336964244,253,33.617725039131244,418.0450001678526,218.02211438139506,281.2403595288537,0.8985507246376812,89.85507246376811,138,1.8333333333333333,1.0,5.0,0.2753623188405797,0.3115942028985507,0.6996047430830039,1.8333333333333333,0.6324110671936759,1.145810567746931,A,5,1,lar
10,RUB->AMD,catboost,wf_oos,656,243,174,0.25925925925925924,0.2652439024390244,0.26304526748971196,0.9774372073222647,0.985607008760951,16.242870953286168,236,24.581651145848006,242,191.45529432889765,1053.3363774466343,842.6735566952859,964.9344788052958,0.45652173913043476,45.65217391304348,138,1.7608695652173914,1.0,4.0,0.2753623188405797,0.2826086956521739,0.6831275720164609,1.7608695652173914,0.6213991769547325,1.130621324675098,A,5,10,lar
10,RUB->KGS,catboost,wf_oos,656,271,167,0.25092250922509224,0.2545731707317073,0.2555719557195572,0.985659676956051,0.9818076812012705,20.828035817943217,262,18.95595946217477,267,159.2369749351111,1033.0189147102287,778.9882917769917,917.0493234047556,0.49275362318840576,49.27536231884058,138,1.963768115942029,1.5,4.0,0.2246376811594203,0.37681159420289856,0.6863468634686347,1.963768115942029,0.6273062730627307,1.0357803032881392,A,5,10,lar
10,RUB->KZT,catboost,wf_oos,656,260,137,0.19230769230769232,0.20884146341463414,0.21753846153846151,0.9208309938236946,0.8840169731258841,20.19106129204719,248,27.694789050368872,254,186.51194571937768,1082.8438900058513,807.9134961522565,1024.264347781593,0.36231884057971014,36.231884057971016,138,1.8840579710144927,1.0,4.299999999999997,0.2391304347826087,0.32608695652173914,0.676923076923077,1.8840579710144927,0.6153846153846154,1.4346585548057862,A,5,10,lar
10,RUB->TJS,catboost,wf_oos,656,275,180,0.2545454545454545,0.27439024390243905,0.28276363636363633,0.9276767676767675,0.9002057613168725,23.0363011359404,266,24.561371086643586,271,164.09020593476998,1083.5193114327458,802.4600340516629,1001.6719613025665,0.5072463768115942,50.72463768115942,138,1.9927536231884058,2.0,4.299999999999997,0.17391304347826086,0.30434782608695654,0.6581818181818182,1.9927536231884058,0.5963636363636363,1.0660777170880704,A,5,10,lar
10,RUB->UZS,catboost,wf_oos,656,253,156,0.2490118577075099,0.23780487804878048,0.2383399209486166,1.047126786257221,1.044776119402985,19.16079495791198,242,24.07661750194049,247,173.3602826925305,1050.8687759952284,766.0686478462496,930.8152154239484,0.45652173913043476,45.65217391304348,138,1.8333333333333333,1.0,5.0,0.2753623188405797,0.3115942028985507,0.6996047430830039,1.8333333333333333,0.6324110671936759,1.1989882143884332,A,5,10,lar
1,RUB->AMD,catboost,oot,247,0,132,,0.5344129554655871,,,,,0,,0,,,,,0.0,0.0,53,0.0,0.0,0.0,1.0,0.0,,0.0,,,A,5,1,lar
1,RUB->KGS,catboost,oot,247,0,117,,0.47368421052631576,,,,,0,,0,,,,,0.0,0.0,53,0.0,0.0,0.0,1.0,0.0,,0.0,,,A,5,1,lar
1,RUB->KZT,catboost,oot,247,0,142,,0.5748987854251012,,,,,0,,0,,,,,0.0,0.0,53,0.0,0.0,0.0,1.0,0.0,,0.0,,,A,5,1,lar
1,RUB->TJS,catboost,oot,247,0,125,,0.5060728744939271,,,,,0,,0,,,,,0.0,0.0,53,0.0,0.0,0.0,1.0,0.0,,0.0,,,A,5,1,lar
1,RUB->UZS,catboost,oot,247,0,136,,0.5506072874493927,,,,,0,,0,,,,,0.0,0.0,53,0.0,0.0,0.0,1.0,0.0,,0.0,,,A,5,1,lar
10,RUB->AMD,catboost,oot,238,0,56,,0.23529411764705882,,,,,0,,0,,,,,0.0,0.0,51,0.0,0.0,0.0,1.0,0.0,,0.0,,,A,5,10,lar
10,RUB->KGS,catboost,oot,238,0,53,,0.22268907563025211,,,,,0,,0,,,,,0.0,0.0,51,0.0,0.0,0.0,1.0,0.0,,0.0,,,A,5,10,lar
10,RUB->KZT,catboost,oot,238,0,65,,0.27310924369747897,,,,,0,,0,,,,,0.0,0.0,51,0.0,0.0,0.0,1.0,0.0,,0.0,,,A,5,10,lar
10,RUB->TJS,catboost,oot,238,0,54,,0.226890756302521,,,,,0,,0,,,,,0.0,0.0,51,0.0,0.0,0.0,1.0,0.0,,0.0,,,A,5,10,lar
10,RUB->UZS,catboost,oot,238,0,63,,0.2647058823529412,,,,,0,,0,,,,,0.0,0.0,51,0.0,0.0,0.0,1.0,0.0,,0.0,,,A,5,10,lar
5,RUB->AMD,catboost,y2022,247,0,72,,0.291497975708502,,,,,0,,0,,,,,0.0,0.0,51,0.0,0.0,0.0,1.0,0.0,,0.0,,,A,5,5,lar
5,RUB->KGS,catboost,y2022,247,0,65,,0.2631578947368421,,,,,0,,0,,,,,0.0,0.0,51,0.0,0.0,0.0,1.0,0.0,,0.0,,,A,5,5,lar
5,RUB->KZT,catboost,y2022,247,0,64,,0.2591093117408907,,,,,0,,0,,,,,0.0,0.0,51,0.0,0.0,0.0,1.0,0.0,,0.0,,,A,5,5,lar
5,RUB->TJS,catboost,y2022,247,5,77,0.6,0.3117408906882591,0.32,1.9246753246753245,1.875,390.0043217377349,5,387.8765167103455,5,301.37043593993917,754.9419590147654,754.9419590147654,301.37043593993917,0.05882352941176471,5.882352941176471,51,0.09803921568627451,0.0,0.0,0.9019607843137255,0.0,0.0,0.09803921568627451,0.0,106.13785634860753,A,5,5,lar
5,RUB->UZS,catboost,y2022,247,0,65,,0.2631578947368421,,,,,0,,0,,,,,0.0,0.0,51,0.0,0.0,0.0,1.0,0.0,,0.0,,,A,5,5,lar
5,RUB->AMD,catboost,wf_oos,656,243,215,0.30864197530864196,0.3277439024390244,0.3240329218106996,0.9417169107091586,0.9525019050038099,9.97265961006692,239,17.550506086723985,243,110.50384101519802,1019.9723906321911,576.064576777387,766.6071398749193,0.5434782608695652,54.34782608695652,138,1.7608695652173914,1.0,4.0,0.2753623188405797,0.2826086956521739,0.6831275720164609,1.7608695652173914,0.6213991769547325,1.3092739777065696,A,5,5,lar
5,RUB->KGS,catboost,wf_oos,656,271,215,0.3210332103321033,0.3277439024390244,0.3274538745387454,0.9795245859435338,0.980392156862745,8.71406604260047,264,12.91999330894731,268,98.88227821808339,836.7309522354427,542.9011752783189,739.3334392926815,0.6304347826086957,63.04347826086956,138,1.963768115942029,1.5,4.0,0.2246376811594203,0.37681159420289856,0.6863468634686347,1.963768115942029,0.6273062730627307,1.136304827023267,A,5,5,lar
5,RUB->KZT,catboost,wf_oos,656,260,183,0.2653846153846154,0.27896341463414637,0.27461538461538465,0.9513240857503151,0.9663865546218486,6.2918144994464,251,14.464342800154151,255,119.9423306475517,1082.8438900058513,570.8775218721049,751.1814539863124,0.5,50.0,138,1.8840579710144927,1.0,4.299999999999997,0.2391304347826087,0.32608695652173914,0.676923076923077,1.8840579710144927,0.6153846153846154,1.6061982114793256,A,5,5,lar
5,RUB->TJS,catboost,wf_oos,656,275,230,0.32727272727272727,0.35060975609756095,0.3538181818181818,0.9334387351778657,0.9249743062692704,7.600264178837033,269,14.502231965774323,273,101.27843363037488,891.342142054632,557.9314983492382,771.4199727181406,0.6521739130434783,65.21739130434783,138,1.9927536231884058,2.0,4.299999999999997,0.17391304347826086,0.30434782608695654,0.6581818181818182,1.9927536231884058,0.5963636363636363,1.266429353497466,A,5,5,lar
5,RUB->UZS,catboost,wf_oos,656,253,204,0.32806324110671936,0.31097560975609756,0.31035573122529647,1.054948461598078,1.0570555272542026,2.5999397052878503,245,14.01384498957434,249,112.06968618392952,799.7051035233516,598.1181856576709,766.7414326034293,0.6014492753623188,60.14492753623188,138,1.8333333333333333,1.0,5.0,0.2753623188405797,0.3115942028985507,0.6996047430830039,1.8333333333333333,0.6324110671936759,0.953303414106178,A,5,5,lar
5,RUB->AMD,catboost,oot,243,0,74,,0.3045267489711934,,,,,0,,0,,,,,0.0,0.0,52,0.0,0.0,0.0,1.0,0.0,,0.0,,,A,5,5,lar
5,RUB->KGS,catboost,oot,243,0,70,,0.2880658436213992,,,,,0,,0,,,,,0.0,0.0,52,0.0,0.0,0.0,1.0,0.0,,0.0,,,A,5,5,lar
5,RUB->KZT,catboost,oot,243,0,80,,0.3292181069958848,,,,,0,,0,,,,,0.0,0.0,52,0.0,0.0,0.0,1.0,0.0,,0.0,,,A,5,5,lar
5,RUB->TJS,catboost,oot,243,0,73,,0.3004115226337449,,,,,0,,0,,,,,0.0,0.0,52,0.0,0.0,0.0,1.0,0.0,,0.0,,,A,5,5,lar
5,RUB->UZS,catboost,oot,243,0,83,,0.34156378600823045,,,,,0,,0,,,,,0.0,0.0,52,0.0,0.0,0.0,1.0,0.0,,0.0,,,A,5,5,lar
1,RUB->AMD,catboost,y2022,247,35,124,0.42857142857142855,0.5020242914979757,0.508,0.8536866359447005,0.8436445444319459,10.918643346314937,34,16.706759912077445,34,69.29457752530139,808.2600538011176,531.3385327827436,327.266535646642,0.29411764705882354,29.41176470588235,51,0.6862745098039216,0.0,2.0,0.7058823529411765,0.09803921568627451,0.6285714285714286,0.6862745098039216,0.6,0.870592685682615,"A,B",5,1,lar
1,RUB->KGS,catboost,y2022,247,37,123,0.4594594594594595,0.4979757085020243,0.4870270270270271,0.922654361678752,0.9433962264150942,-15.831440055491413,36,16.708027323812132,36,84.48585823178732,479.8224264587536,472.5213703678366,388.68926365786734,0.33333333333333337,33.333333333333336,51,0.7254901960784313,0.0,2.0,0.6274509803921569,0.0784313725490196,0.5405405405405406,0.7254901960784313,0.4864864864864865,0.946722407946689,"A,B",5,1,lar
1,RUB->KZT,catboost,y2022,247,42,116,0.42857142857142855,0.46963562753036436,0.4671428571428571,0.9125615763546797,0.9174311926605505,8.585468326398749,41,19.528577558841302,41,89.14002309407752,376.4796879203658,340.5354590290173,301.60322437913493,0.35294117647058826,35.294117647058826,51,0.8235294117647058,0.0,3.0,0.6274509803921569,0.11764705882352941,0.6904761904761905,0.8235294117647058,0.5714285714285714,2.32993849307966,"A,B",5,1,lar
1,RUB->TJS,catboost,y2022,247,44,131,0.5909090909090909,0.5303643724696356,0.5245454545454545,1.1141568355308813,1.1265164644714039,-11.872384008040202,43,14.540681487935332,43,95.83753016943409,1097.8253308230346,775.0428905549015,611.4550762738858,0.5098039215686274,50.98039215686274,51,0.8627450980392157,0.0,3.0,0.5686274509803921,0.11764705882352941,0.5909090909090909,0.8627450980392157,0.5227272727272727,2.1996761014422925,"A,B",5,1,lar
1,RUB->UZS,catboost,y2022,247,41,119,0.4146341463414634,0.4817813765182186,0.4853658536585365,0.8606271777003484,0.8542713567839196,-30.78469772810585,40,24.315239435683566,40,90.57093747976897,848.1230869016821,747.539146519951,488.86210061240115,0.33333333333333337,33.333333333333336,51,0.803921568627451,0.0,3.0,0.6274509803921569,0.11764705882352941,0.6341463414634146,0.803921568627451,0.5609756097560976,1.0379870724283666,"A,B",5,1,lar
10,RUB->AMD,catboost,y2022,247,35,59,0.11428571428571428,0.2388663967611336,0.25199999999999995,0.4784503631961259,0.453514739229025,-0.01898774372717753,28,71.14390544652711,29,508.52383399310185,2154.35554905911,1758.1777601866731,1328.492512891359,0.0784313725490196,7.8431372549019605,51,0.6862745098039216,0.0,2.0,0.7058823529411765,0.09803921568627451,0.6285714285714286,0.6862745098039216,0.6,0.16989597153409702,"A,B",5,10,lar
10,RUB->KGS,catboost,y2022,247,37,51,0.08108108108108109,0.20647773279352227,0.2,0.39268680445151033,0.40540540540540543,-137.62483693406523,31,45.47832929875898,31,645.2782542736448,1976.3295014832781,1887.693083692703,1740.1151836481026,0.05882352941176471,5.882352941176471,51,0.7254901960784313,0.0,2.0,0.6274509803921569,0.0784313725490196,0.5405405405405406,0.7254901960784313,0.4864864864864865,0.6509663766154897,"A,B",5,10,lar
10,RUB->KZT,catboost,y2022,247,42,51,0.19047619047619047,0.20647773279352227,0.1952380952380952,0.9225023342670401,0.9756097560975611,-37.726197221191455,36,172.48823923196804,36,679.7156676994019,1760.1696219414187,1754.5023079803946,1722.979562428633,0.1568627450980392,15.686274509803921,51,0.8235294117647058,0.0,3.0,0.6274509803921569,0.11764705882352941,0.6904761904761905,0.8235294117647058,0.5714285714285714,1.380434805125558,"A,B",5,10,lar
10,RUB->TJS,catboost,y2022,247,44,57,0.11363636363636363,0.23076923076923078,0.23136363636363633,0.4924242424242424,0.49115913555992147,-254.68171889721737,37,-13.243422822717548,37,1151.788871582517,4206.4938555888575,4067.7104940544714,3937.9972435401273,0.09803921568627452,9.803921568627452,51,0.8627450980392157,0.0,3.0,0.5686274509803921,0.11764705882352941,0.5909090909090909,0.8627450980392157,0.5227272727272727,0.9875488220152095,"A,B",5,10,lar
10,RUB->UZS,catboost,y2022,247,41,51,0.14634146341463414,0.20647773279352227,0.208780487804878,0.7087517934002869,0.7009345794392524,-288.6047767047733,35,11.733550159860327,35,1072.3179783485384,3510.345185072947,3302.5111014528575,2941.0731926068843,0.11764705882352942,11.764705882352942,51,0.803921568627451,0.0,3.0,0.6274509803921569,0.11764705882352941,0.6341463414634146,0.803921568627451,0.5609756097560976,0.8357127650319709,"A,B",5,10,lar
1,RUB->AMD,catboost,wf_oos,656,184,353,0.5434782608695652,0.538109756097561,0.5370652173913043,1.0099765981032147,1.0119409026512851,-1.1700316512439068,184,5.3555163599107445,184,31.801332521621976,359.90593514702687,229.73311956989545,277.3770032219738,0.7246376811594203,72.46376811594203,138,1.3333333333333333,1.0,4.0,0.4927536231884058,0.2246376811594203,0.7119565217391305,1.3333333333333333,0.6847826086956522,1.087275515198524,"A,B",5,1,lar
1,RUB->KGS,catboost,wf_oos,656,211,348,0.5260663507109005,0.5304878048780488,0.5372511848341233,0.991665304788364,0.9791813690896258,2.378429990254551,211,5.118382584834741,211,26.63178890450335,398.54724509127635,192.26020825076355,241.96466414913237,0.8043478260869565,80.43478260869566,138,1.5289855072463767,1.0,4.0,0.47101449275362317,0.3115942028985507,0.7488151658767772,1.5289855072463767,0.7156398104265402,1.1336788772372386,"A,B",5,1,lar
1,RUB->KZT,catboost,wf_oos,656,190,333,0.5052631578947369,0.5076219512195121,0.5049473684210527,0.995353247984827,1.0006253908692933,6.726429833218935,190,8.377149645292329,190,33.053866872973074,297.5341703474421,205.1614876496084,236.79308082398884,0.6956521739130435,69.56521739130434,138,1.3768115942028984,1.0,4.0,0.4782608695652174,0.2463768115942029,0.7,1.3768115942028984,0.6631578947368421,1.407163831443375,"A,B",5,1,lar
1,RUB->TJS,catboost,wf_oos,656,188,361,0.4946808510638298,0.5503048780487805,0.5507446808510639,0.8989214357281783,0.8982035928143712,-4.181080474977059,188,5.38495974036012,188,29.701038509140396,394.8988344240822,201.3398586609676,241.49083143604244,0.673913043478261,67.3913043478261,138,1.3623188405797102,1.0,4.0,0.45652173913043476,0.21739130434782608,0.6808510638297872,1.3623188405797102,0.6329787234042553,1.0279022452685247,"A,B",5,1,lar
1,RUB->UZS,catboost,wf_oos,656,195,345,0.48717948717948717,0.5259146341463414,0.5213333333333334,0.9263470828688221,0.9344875073775327,-4.8119312246058765,195,4.85990863533471,195,34.29901309268078,418.0450001678526,233.35432844760095,281.2403595288537,0.6884057971014492,68.84057971014492,138,1.4130434782608696,1.0,5.0,0.47101449275362317,0.2536231884057971,0.7435897435897436,1.4130434782608696,0.717948717948718,1.12484167600489,"A,B",5,1,lar
10,RUB->AMD,catboost,wf_oos,656,184,174,0.2826086956521739,0.2652439024390244,0.261195652173913,1.0654672663668165,1.0819808572617562,35.059911705099786,178,32.585356536034695,184,172.7031999976445,1019.9723906321911,778.3092013677549,828.342488379194,0.3768115942028985,37.68115942028985,138,1.3333333333333333,1.0,4.0,0.4927536231884058,0.2246376811594203,0.7119565217391305,1.3333333333333333,0.6847826086956522,1.116735260832663,"A,B",5,10,lar
10,RUB->KGS,catboost,wf_oos,656,211,167,0.27488151658767773,0.2545731707317073,0.2620853080568721,1.0797741010869257,1.0488245931283904,33.30240941485648,206,20.261826368974955,211,145.85687244269144,841.7476067360785,719.7045400011484,784.8124312522557,0.42028985507246375,42.028985507246375,138,1.5289855072463767,1.0,4.0,0.47101449275362317,0.3115942028985507,0.7488151658767772,1.5289855072463767,0.7156398104265402,1.1500221457020177,"A,B",5,10,lar
10,RUB->KZT,catboost,wf_oos,656,190,137,0.23157894736842105,0.20884146341463414,0.20705263157894738,1.1088743757203228,1.1184544992374172,43.8035266912158,184,34.91729059355931,190,164.41929362610665,1082.8438900058513,685.7584476136547,835.9417592794462,0.3188405797101449,31.884057971014492,138,1.3768115942028984,1.0,4.0,0.4782608695652174,0.2463768115942029,0.7,1.3768115942028984,0.6631578947368421,1.8084660219914344,"A,B",5,10,lar
10,RUB->TJS,catboost,wf_oos,656,188,180,0.2393617021276596,0.27439024390243905,0.2685106382978723,0.8723404255319148,0.8914421553090335,32.812021979763564,182,28.49280449774764,187,157.96342871124108,891.342142054632,708.3075435218249,773.135964269268,0.32608695652173914,32.608695652173914,138,1.3623188405797102,1.0,4.0,0.45652173913043476,0.21739130434782608,0.6808510638297872,1.3623188405797102,0.6329787234042553,1.1490621595270518,"A,B",5,10,lar
10,RUB->UZS,catboost,wf_oos,656,195,156,0.26666666666666666,0.23780487804878048,0.23671794871794866,1.1213675213675214,1.126516464471404,27.747933554289627,186,28.39097954043419,191,168.9545570931757,789.5460713718116,686.5742061781635,750.5991172270319,0.3768115942028985,37.68115942028985,138,1.4130434782608696,1.0,5.0,0.47101449275362317,0.2536231884057971,0.7435897435897436,1.4130434782608696,0.717948717948718,1.3471898528164308,"A,B",5,10,lar
1,RUB->AMD,catboost,oot,247,0,132,,0.5344129554655871,,,,,0,,0,,,,,0.0,0.0,53,0.0,0.0,0.0,1.0,0.0,,0.0,,,"A,B",5,1,lar
1,RUB->KGS,catboost,oot,247,0,117,,0.47368421052631576,,,,,0,,0,,,,,0.0,0.0,53,0.0,0.0,0.0,1.0,0.0,,0.0,,,"A,B",5,1,lar
1,RUB->KZT,catboost,oot,247,0,142,,0.5748987854251012,,,,,0,,0,,,,,0.0,0.0,53,0.0,0.0,0.0,1.0,0.0,,0.0,,,"A,B",5,1,lar
1,RUB->TJS,catboost,oot,247,0,125,,0.5060728744939271,,,,,0,,0,,,,,0.0,0.0,53,0.0,0.0,0.0,1.0,0.0,,0.0,,,"A,B",5,1,lar
1,RUB->UZS,catboost,oot,247,0,136,,0.5506072874493927,,,,,0,,0,,,,,0.0,0.0,53,0.0,0.0,0.0,1.0,0.0,,0.0,,,"A,B",5,1,lar
10,RUB->AMD,catboost,oot,238,0,56,,0.23529411764705882,,,,,0,,0,,,,,0.0,0.0,51,0.0,0.0,0.0,1.0,0.0,,0.0,,,"A,B",5,10,lar
10,RUB->KGS,catboost,oot,238,0,53,,0.22268907563025211,,,,,0,,0,,,,,0.0,0.0,51,0.0,0.0,0.0,1.0,0.0,,0.0,,,"A,B",5,10,lar
10,RUB->KZT,catboost,oot,238,0,65,,0.27310924369747897,,,,,0,,0,,,,,0.0,0.0,51,0.0,0.0,0.0,1.0,0.0,,0.0,,,"A,B",5,10,lar
10,RUB->TJS,catboost,oot,238,0,54,,0.226890756302521,,,,,0,,0,,,,,0.0,0.0,51,0.0,0.0,0.0,1.0,0.0,,0.0,,,"A,B",5,10,lar
10,RUB->UZS,catboost,oot,238,0,63,,0.2647058823529412,,,,,0,,0,,,,,0.0,0.0,51,0.0,0.0,0.0,1.0,0.0,,0.0,,,"A,B",5,10,lar
5,RUB->AMD,catboost,y2022,247,35,72,0.17142857142857143,0.291497975708502,0.30228571428571427,0.5880952380952381,0.5671077504725899,-18.624145889218152,30,27.695764554857227,30,322.15257283949296,1153.6322484811355,1127.2639044110965,912.7854982551868,0.11764705882352942,11.764705882352942,51,0.6862745098039216,0.0,2.0,0.7058823529411765,0.09803921568627451,0.6285714285714286,0.6862745098039216,0.6,0.9124743712634528,"A,B",5,5,lar
5,RUB->KGS,catboost,y2022,247,37,65,0.16216216216216217,0.2631578947368421,0.2448648648648649,0.6162162162162163,0.662251655629139,-53.51456484328192,32,70.36128938422826,32,281.3798619393795,1021.2682301905774,1003.7819349466914,900.0986482446588,0.11764705882352942,11.764705882352942,51,0.7254901960784313,0.0,2.0,0.6274509803921569,0.0784313725490196,0.5405405405405406,0.7254901960784313,0.4864864864864865,0.7722672599621873,"A,B",5,5,lar
5,RUB->KZT,catboost,y2022,247,42,64,0.2619047619047619,0.2591093117408907,0.2638095238095238,1.0107886904761905,0.9927797833935018,-15.781029838709562,37,109.18527768615702,37,398.8882291615088,1179.6445289005608,1141.0689967505816,1078.066800580839,0.21568627450980393,21.568627450980394,51,0.8235294117647058,0.0,3.0,0.6274509803921569,0.11764705882352941,0.6904761904761905,0.8235294117647058,0.5714285714285714,1.3605217522200934,"A,B",5,5,lar
5,RUB->TJS,catboost,y2022,247,44,77,0.18181818181818182,0.3117408906882591,0.31863636363636355,0.5832349468713105,0.5706134094151214,-106.44251582048285,39,31.478510286579684,39,551.6450053840408,2501.98750709824,2226.3444591667203,1943.30034655692,0.1568627450980392,15.686274509803921,51,0.8627450980392157,0.0,3.0,0.5686274509803921,0.11764705882352941,0.5909090909090909,0.8627450980392157,0.5227272727272727,2.1480722070940375,"A,B",5,5,lar
5,RUB->UZS,catboost,y2022,247,41,65,0.1951219512195122,0.2631578947368421,0.2726829268292683,0.7414634146341464,0.7155635062611807,-173.4614065856492,36,36.69495731018769,36,522.1274285697777,1989.9146573734772,1780.7539369958313,1474.2136256776641,0.1568627450980392,15.686274509803921,51,0.803921568627451,0.0,3.0,0.6274509803921569,0.11764705882352941,0.6341463414634146,0.803921568627451,0.5609756097560976,1.3978305784092449,"A,B",5,5,lar
5,RUB->AMD,catboost,wf_oos,656,184,215,0.33152173913043476,0.3277439024390244,0.32358695652173913,1.0115267947421638,1.024521330198186,18.515768711043588,180,25.442406309909227,184,105.34714532223204,1019.9723906321911,562.8021729109852,689.7989795248415,0.4420289855072464,44.20289855072464,138,1.3333333333333333,1.0,4.0,0.4927536231884058,0.2246376811594203,0.7119565217391305,1.3333333333333333,0.6847826086956522,1.1897084209820863,"A,B",5,5,lar
5,RUB->KGS,catboost,wf_oos,656,211,215,0.3459715639810427,0.3277439024390244,0.3353554502369668,1.0556155626584371,1.031656302996043,15.816216554335373,207,17.856656273127292,211,95.14038537875089,836.7309522354427,547.1435371945914,687.295012952989,0.5289855072463768,52.89855072463768,138,1.5289855072463767,1.0,4.0,0.47101449275362317,0.3115942028985507,0.7488151658767772,1.5289855072463767,0.7156398104265402,1.2543888445947997,"A,B",5,5,lar
5,RUB->KZT,catboost,wf_oos,656,190,183,0.3105263157894737,0.27896341463414637,0.2794736842105263,1.113143514524015,1.1111111111111112,17.707627534545374,186,22.682538838409375,190,113.76432997244781,1082.8438900058513,607.0314793227229,751.1814539863124,0.427536231884058,42.7536231884058,138,1.3768115942028984,1.0,4.0,0.4782608695652174,0.2463768115942029,0.7,1.3768115942028984,0.6631578947368421,1.5468911112255015,"A,B",5,5,lar
5,RUB->TJS,catboost,wf_oos,656,188,230,0.30319148936170215,0.35060975609756095,0.3414893617021276,0.8647548566142462,0.8878504672897197,6.866035108013129,184,19.44177196027265,188,104.66241738601477,891.342142054632,588.3550897591017,724.5819230940511,0.4130434782608695,41.30434782608695,138,1.3623188405797102,1.0,4.0,0.45652173913043476,0.21739130434782608,0.6808510638297872,1.3623188405797102,0.6329787234042553,1.049223334442054,"A,B",5,5,lar
5,RUB->UZS,catboost,wf_oos,656,195,204,0.3384615384615385,0.31097560975609756,0.3043076923076924,1.0883861236802415,1.1122345803842262,4.515202498242126,189,19.145782127104727,193,115.47023211482495,789.5460713718116,604.8770094914951,720.3340762662674,0.4782608695652174,47.82608695652174,138,1.4130434782608696,1.0,5.0,0.47101449275362317,0.2536231884057971,0.7435897435897436,1.4130434782608696,0.717948717948718,1.0512233894105418,"A,B",5,5,lar
5,RUB->AMD,catboost,oot,243,0,74,,0.3045267489711934,,,,,0,,0,,,,,0.0,0.0,52,0.0,0.0,0.0,1.0,0.0,,0.0,,,"A,B",5,5,lar
5,RUB->KGS,catboost,oot,243,0,70,,0.2880658436213992,,,,,0,,0,,,,,0.0,0.0,52,0.0,0.0,0.0,1.0,0.0,,0.0,,,"A,B",5,5,lar
5,RUB->KZT,catboost,oot,243,0,80,,0.3292181069958848,,,,,0,,0,,,,,0.0,0.0,52,0.0,0.0,0.0,1.0,0.0,,0.0,,,"A,B",5,5,lar
5,RUB->TJS,catboost,oot,243,0,73,,0.3004115226337449,,,,,0,,0,,,,,0.0,0.0,52,0.0,0.0,0.0,1.0,0.0,,0.0,,,"A,B",5,5,lar
5,RUB->UZS,catboost,oot,243,0,83,,0.34156378600823045,,,,,0,,0,,,,,0.0,0.0,52,0.0,0.0,0.0,1.0,0.0,,0.0,,,"A,B",5,5,lar
1,RUB->AMD,catboost,y2022,247,8,124,0.5,0.5020242914979757,0.52,0.995967741935484,0.9615384615384615,50.929793172493085,8,43.84202164880919,8,59.67194903425677,254.4170117643696,254.4170117643696,95.47511845481083,0.0784313725490196,7.8431372549019605,51,0.1568627450980392,0.0,0.0,0.9215686274509803,0.0196078431372549,0.375,0.1568627450980392,0.25,1.979538653628853,"A,B,C",5,1,lar
1,RUB->KGS,catboost,y2022,247,13,123,0.46153846153846156,0.4979757085020243,0.4830769230769231,0.926829268292683,0.9554140127388535,-41.16757816213065,13,9.818178629889415,13,78.72204380427112,415.72439012654394,415.72439012654394,199.5533063802184,0.11764705882352942,11.764705882352942,51,0.2549019607843137,0.0,1.0,0.8823529411764706,0.058823529411764705,0.5384615384615384,0.2549019607843137,0.5384615384615384,0.9703273421542178,"A,B,C",5,1,lar
1,RUB->KZT,catboost,y2022,247,8,116,0.5,0.46963562753036436,0.4275,1.0646551724137931,1.1695906432748537,-21.42629395979367,8,19.702124377920654,8,63.52525141962606,284.5139977006039,284.5139977006039,101.6404022714017,0.0784313725490196,7.8431372549019605,51,0.1568627450980392,0.0,0.0,0.9019607843137255,0.0196078431372549,0.5,0.1568627450980392,0.5,2.220336054470448,"A,B,C",5,1,lar
1,RUB->TJS,catboost,y2022,247,11,131,0.45454545454545453,0.5303643724696356,0.5454545454545454,0.8570437196391394,0.8333333333333334,-63.63140531203944,11,39.644432544849636,11,126.00771667063023,740.8980299595358,740.8980299595358,274.44372316479985,0.09803921568627452,9.803921568627452,51,0.21568627450980393,0.0,1.0,0.8627450980392157,0.0196078431372549,0.45454545454545453,0.21568627450980393,0.36363636363636365,1.719675090803106,"A,B,C",5,1,lar
1,RUB->UZS,catboost,y2022,247,11,119,0.36363636363636365,0.4817813765182186,0.4818181818181817,0.7547746371275783,0.7547169811320756,-55.275384894204876,11,11.44788740697728,11,95.73964132047523,646.95520613822,646.95520613822,198.0763816344724,0.0784313725490196,7.8431372549019605,51,0.21568627450980393,0.0,1.0,0.8823529411764706,0.0392156862745098,0.5454545454545454,0.21568627450980393,0.5454545454545454,1.177610413864525,"A,B,C",5,1,lar
10,RUB->AMD,catboost,y2022,247,8,59,0.25,0.2388663967611336,0.2375,1.0466101694915253,1.0526315789473684,153.05957159688492,8,194.6266288273156,8,378.54609833291505,613.9395589436414,613.9395589436414,545.6389864609715,0.0392156862745098,3.9215686274509802,51,0.1568627450980392,0.0,0.0,0.9215686274509803,0.0196078431372549,0.375,0.1568627450980392,0.25,3.184499773962987,"A,B,C",5,10,lar
10,RUB->KGS,catboost,y2022,247,13,51,0.15384615384615385,0.20647773279352227,0.21846153846153846,0.7450980392156863,0.7042253521126761,-125.84364290410461,13,119.5662477657075,13,629.9069897061986,1976.3295014832781,1976.3295014832781,1431.550957863272,0.0392156862745098,3.9215686274509802,51,0.2549019607843137,0.0,1.0,0.8823529411764706,0.058823529411764705,0.5384615384615384,0.2549019607843137,0.5384615384615384,0.9548018085266446,"A,B,C",5,10,lar
10,RUB->KZT,catboost,y2022,247,8,51,0.375,0.20647773279352227,0.205,1.8161764705882353,1.829268292682927,-239.75924401528337,8,44.905361491206634,8,1061.1910517760437,1760.1696219414187,1760.1696219414187,1697.90568284167,0.05882352941176471,5.882352941176471,51,0.1568627450980392,0.0,0.0,0.9019607843137255,0.0196078431372549,0.5,0.1568627450980392,0.5,2.6411000488059986,"A,B,C",5,10,lar
10,RUB->TJS,catboost,y2022,247,11,57,0.09090909090909091,0.23076923076923078,0.2309090909090909,0.3939393939393939,0.3937007874015748,-585.1680658488654,11,-94.88258766637372,11,1664.802099802791,3928.9271325200857,3928.9271325200857,3470.9788325639283,0.0196078431372549,1.9607843137254901,51,0.21568627450980393,0.0,1.0,0.8627450980392157,0.0196078431372549,0.45454545454545453,0.21568627450980393,0.36363636363636365,1.122897766518464,"A,B,C",5,10,lar
10,RUB->UZS,catboost,y2022,247,11,51,0.2727272727272727,0.20647773279352227,0.21454545454545457,1.320855614973262,1.2711864406779658,-400.1035985048074,11,-16.14500426757179,11,1190.8290818595358,3094.6770178327674,3094.6770178327674,2557.138487554809,0.05882352941176471,5.882352941176471,51,0.21568627450980393,0.0,1.0,0.8823529411764706,0.0392156862745098,0.5454545454545454,0.21568627450980393,0.5454545454545454,3.542326846907797,"A,B,C",5,10,lar
1,RUB->AMD,catboost,wf_oos,656,25,353,0.52,0.538109756097561,0.54,0.9663456090651559,0.9629629629629629,2.2018373278398045,25,0.5103929291830681,25,24.28034811192807,154.38039220964095,145.1925781091623,95.5240167665936,0.09420289855072463,9.420289855072463,138,0.18115942028985507,0.0,0.29999999999999716,0.8985507246376812,0.028985507246376812,0.52,0.18115942028985507,0.44,1.0685318311939664,"A,B,C",5,1,lar
1,RUB->KGS,catboost,wf_oos,656,36,348,0.5277777777777778,0.5304878048780488,0.548888888888889,0.9948914431673052,0.9615384615384615,13.292278642509308,35,6.718195631588075,35,19.72832006761273,200.06988469025933,179.526825494033,109.29688643705406,0.13768115942028986,13.768115942028986,138,0.2608695652173913,0.0,1.0,0.8695652173913043,0.036231884057971016,0.6388888888888888,0.2608695652173913,0.5277777777777778,0.8936613626586803,"A,B,C",5,1,lar
1,RUB->KZT,catboost,wf_oos,656,13,333,0.6153846153846154,0.5076219512195121,0.5323076923076924,1.2122892122892124,1.1560693641618496,16.882672876675688,13,5.989684062426282,13,25.811876093705813,152.22348916761553,152.22348916761553,67.11087784363511,0.057971014492753624,5.797101449275362,138,0.09420289855072464,0.0,0.0,0.9565217391304348,0.014492753623188406,0.6153846153846154,0.09420289855072464,0.5384615384615384,0.8245359229047042,"A,B,C",5,1,lar
1,RUB->TJS,catboost,wf_oos,656,30,361,0.5666666666666667,0.5503048780487805,0.5686666666666667,1.0297322253000922,0.9964830011723329,5.953543891125643,29,-11.50674108144102,29,20.98518710005808,164.6205059762429,157.14715004098713,108.13735353557918,0.12318840579710144,12.318840579710145,138,0.21739130434782608,0.0,1.0,0.8695652173913043,0.014492753623188406,0.43333333333333335,0.21739130434782608,0.36666666666666664,0.9074579584029374,"A,B,C",5,1,lar
1,RUB->UZS,catboost,wf_oos,656,32,345,0.5625,0.5259146341463414,0.528125,1.0695652173913044,1.0650887573964498,11.03152811821835,32,-6.3768252827734955,32,15.483800120653646,151.29964797496731,127.38816217009452,78.65641862713392,0.13043478260869565,13.043478260869565,138,0.2318840579710145,0.0,1.0,0.8768115942028986,0.028985507246376812,0.59375,0.2318840579710145,0.5625,1.4542437370054104,"A,B,C",5,1,lar
10,RUB->AMD,catboost,wf_oos,656,25,174,0.16,0.2652439024390244,0.2688,0.6032183908045977,0.5952380952380952,4.492912725989526,23,-16.240085516694226,23,296.2510709816974,749.0937970920064,747.1082963385345,685.7286063133037,0.028985507246376812,2.898550724637681,138,0.18115942028985507,0.0,0.29999999999999716,0.8985507246376812,0.028985507246376812,0.52,0.18115942028985507,0.44,1.3883899611458796,"A,B,C",5,10,lar
10,RUB->KGS,catboost,wf_oos,656,36,167,0.3055555555555556,0.2545731707317073,0.25777777777777783,1.200266134397871,1.1853448275862069,90.19719729624545,31,29.989138140017218,31,135.52218004939328,575.847881085072,537.8233082148465,471.8537135666741,0.07971014492753623,7.971014492753623,138,0.2608695652173913,0.0,1.0,0.8695652173913043,0.036231884057971016,0.6388888888888888,0.2608695652173913,0.5277777777777778,1.6115582365048424,"A,B,C",5,10,lar
10,RUB->KZT,catboost,wf_oos,656,13,137,0.46153846153846156,0.20884146341463414,0.21230769230769225,2.2099943851768673,2.1739130434782616,233.16743925006975,13,88.2071205385582,13,74.03112466123574,363.80385860553366,363.80385860553366,186.94332892303936,0.043478260869565216,4.3478260869565215,138,0.09420289855072464,0.0,0.0,0.9565217391304348,0.014492753623188406,0.6153846153846154,0.09420289855072464,0.5384615384615384,1.1124790932981024,"A,B,C",5,10,lar
10,RUB->TJS,catboost,wf_oos,656,30,180,0.26666666666666666,0.27439024390243905,0.27666666666666667,0.9718518518518517,0.963855421686747,63.68366488191826,26,-20.36609894039536,26,187.32896128351905,577.9425506708602,516.8335159495596,467.95837942940733,0.057971014492753624,5.797101449275362,138,0.21739130434782608,0.0,1.0,0.8695652173913043,0.014492753623188406,0.43333333333333335,0.21739130434782608,0.36666666666666664,1.251352940776527,"A,B,C",5,10,lar
10,RUB->UZS,catboost,wf_oos,656,32,156,0.1875,0.23780487804878048,0.22,0.7884615384615385,0.8522727272727273,18.483387710257553,28,-16.878896925965773,28,204.30352935360244,651.4464835359602,617.6778663634142,559.4254060953907,0.043478260869565216,4.3478260869565215,138,0.2318840579710145,0.0,1.0,0.8768115942028986,0.028985507246376812,0.59375,0.2318840579710145,0.5625,1.2522987206335863,"A,B,C",5,10,lar
1,RUB->AMD,catboost,oot,247,0,132,,0.5344129554655871,,,,,0,,0,,,,,0.0,0.0,53,0.0,0.0,0.0,1.0,0.0,,0.0,,,"A,B,C",5,1,lar
1,RUB->KGS,catboost,oot,247,1,117,1.0,0.47368421052631576,0.5,2.111111111111111,2.0,148.40074179018225,1,14.52690234982068,1,0.0,0.0,0.0,0.0,0.018867924528301886,1.8867924528301887,53,0.018867924528301886,0.0,0.0,0.9811320754716981,0.0,0.0,0.018867924528301886,0.0,4.388278014981988,"A,B,C",5,1,lar
1,RUB->KZT,catboost,oot,247,0,142,,0.5748987854251012,,,,,0,,0,,,,,0.0,0.0,53,0.0,0.0,0.0,1.0,0.0,,0.0,,,"A,B,C",5,1,lar
1,RUB->TJS,catboost,oot,247,0,125,,0.5060728744939271,,,,,0,,0,,,,,0.0,0.0,53,0.0,0.0,0.0,1.0,0.0,,0.0,,,"A,B,C",5,1,lar
1,RUB->UZS,catboost,oot,247,2,136,0.5,0.5506072874493927,0.65,0.9080882352941176,0.7692307692307692,44.04953416216717,2,-13.286878766031741,2,9.401563419759729,18.803126839519457,18.803126839519457,9.401563419759729,0.018867924528301886,1.8867924528301887,53,0.03773584905660377,0.0,0.0,0.9622641509433962,0.0,0.0,0.03773584905660377,0.0,1.0829484794545303,"A,B,C",5,1,lar
10,RUB->AMD,catboost,oot,238,0,56,,0.23529411764705882,,,,,0,,0,,,,,0.0,0.0,51,0.0,0.0,0.0,1.0,0.0,,0.0,,,"A,B,C",5,10,lar
10,RUB->KGS,catboost,oot,238,1,53,0.0,0.22268907563025211,0.28,0.0,0.0,27.37940304467168,1,-167.27951241586325,1,147.4690723380645,147.4690723380645,147.4690723380645,147.4690723380645,0.0,0.0,51,0.0196078431372549,0.0,0.0,0.9803921568627451,0.0,0.0,0.0196078431372549,0.0,,"A,B,C",5,10,lar
10,RUB->KZT,catboost,oot,238,0,65,,0.27310924369747897,,,,,0,,0,,,,,0.0,0.0,51,0.0,0.0,0.0,1.0,0.0,,0.0,,,"A,B,C",5,10,lar
10,RUB->TJS,catboost,oot,238,0,54,,0.226890756302521,,,,,0,,0,,,,,0.0,0.0,51,0.0,0.0,0.0,1.0,0.0,,0.0,,,"A,B,C",5,10,lar
10,RUB->UZS,catboost,oot,238,2,63,0.0,0.2647058823529412,0.31,0.0,0.0,113.95095165064428,1,-199.64819812599788,2,101.0062053248506,183.20928381018174,183.20928381018174,101.0062053248506,0.0,0.0,51,0.0392156862745098,0.0,0.0,0.9607843137254902,0.0,0.0,0.0392156862745098,0.0,0.0,"A,B,C",5,10,lar
5,RUB->AMD,catboost,y2022,247,8,72,0.25,0.291497975708502,0.3075,0.857638888888889,0.8130081300813008,25.149889559893936,8,86.16405504315847,8,212.3242148772017,315.93387462919287,315.93387462919287,292.937968626998,0.0392156862745098,3.9215686274509802,51,0.1568627450980392,0.0,0.0,0.9215686274509803,0.0196078431372549,0.375,0.1568627450980392,0.25,5.050822560619581,"A,B,C",5,5,lar
5,RUB->KGS,catboost,y2022,247,13,65,0.15384615384615385,0.2631578947368421,0.26769230769230773,0.5846153846153846,0.5747126436781609,-69.50390138613965,13,125.96141146376772,13,202.72807630588062,779.7342788279593,779.7342788279593,421.014009006051,0.0392156862745098,3.9215686274509802,51,0.2549019607843137,0.0,1.0,0.8823529411764706,0.058823529411764705,0.5384615384615384,0.2549019607843137,0.5384615384615384,2.642750511173852,"A,B,C",5,5,lar
5,RUB->KZT,catboost,y2022,247,8,64,0.375,0.2591093117408907,0.2375,1.447265625,1.5789473684210527,-83.41962633995365,8,111.09822229380062,8,417.8421297083554,1102.4934646006025,1102.4934646006025,668.5474075333686,0.05882352941176471,5.882352941176471,51,0.1568627450980392,0.0,0.0,0.9019607843137255,0.0196078431372549,0.5,0.1568627450980392,0.5,2.2156712367901354,"A,B,C",5,5,lar
5,RUB->TJS,catboost,y2022,247,11,77,0.09090909090909091,0.3117408906882591,0.31636363636363635,0.29161747343565525,0.2873563218390805,-358.0171699069471,11,-25.530971472849107,11,840.991179619696,2501.98750709824,2501.98750709824,1661.9843286030584,0.0196078431372549,1.9607843137254901,51,0.21568627450980393,0.0,1.0,0.8627450980392157,0.0196078431372549,0.45454545454545453,0.21568627450980393,0.36363636363636365,0.4910695939678897,"A,B,C",5,5,lar
5,RUB->UZS,catboost,y2022,247,11,65,0.2727272727272727,0.2631578947368421,0.2836363636363637,1.0363636363636364,0.9615384615384613,-257.142816282214,11,46.79114292779261,11,600.0747218784946,1989.9146573734772,1989.9146573734772,1257.4788955965191,0.05882352941176471,5.882352941176471,51,0.21568627450980393,0.0,1.0,0.8823529411764706,0.0392156862745098,0.5454545454545454,0.21568627450980393,0.5454545454545454,0.44332179619818374,"A,B,C",5,5,lar
5,RUB->AMD,catboost,wf_oos,656,25,215,0.2,0.3277439024390244,0.3136,0.6102325581395349,0.6377551020408164,9.429110397381905,24,-3.0095878567758256,24,141.7770656300149,614.7246236867377,524.0873556262061,411.6907841848288,0.036231884057971016,3.6231884057971016,138,0.18115942028985507,0.0,0.29999999999999716,0.8985507246376812,0.028985507246376812,0.52,0.18115942028985507,0.44,1.1748930265491044,"A,B,C",5,5,lar
5,RUB->KGS,catboost,wf_oos,656,36,215,0.3333333333333333,0.3277439024390244,0.32666666666666666,1.0170542635658915,1.0204081632653061,47.97490897310969,32,29.05599151932722,32,74.5802110225259,425.2425799415094,394.14515276797067,341.6603908789799,0.08695652173913043,8.695652173913043,138,0.2608695652173913,0.0,1.0,0.8695652173913043,0.036231884057971016,0.6388888888888888,0.2608695652173913,0.5277777777777778,1.4257610014356725,"A,B,C",5,5,lar
5,RUB->KZT,catboost,wf_oos,656,13,183,0.5384615384615384,0.27896341463414637,0.29846153846153844,1.9302227826817988,1.8041237113402062,106.92326150777991,13,53.627639376139925,13,59.02679078316816,311.2152238570265,311.2152238570265,152.2500694760809,0.050724637681159424,5.072463768115942,138,0.09420289855072464,0.0,0.0,0.9565217391304348,0.014492753623188406,0.6153846153846154,0.09420289855072464,0.5384615384615384,0.8260036281783877,"A,B,C",5,5,lar
5,RUB->TJS,catboost,wf_oos,656,30,230,0.3333333333333333,0.35060975609756095,0.36,0.9507246376811594,0.9259259259259259,26.375984494116494,28,-18.490414683307506,28,98.86091601429393,450.2419766580612,394.1244677174638,326.09972767606484,0.07246376811594203,7.246376811594203,138,0.21739130434782608,0.0,1.0,0.8695652173913043,0.014492753623188406,0.43333333333333335,0.21739130434782608,0.36666666666666664,0.8653886911120777,"A,B,C",5,5,lar
5,RUB->UZS,catboost,wf_oos,656,32,204,0.21875,0.31097560975609756,0.291875,0.7034313725490197,0.7494646680942184,12.632279559511087,30,-8.415555341896642,30,94.00956610245076,493.41091276147387,455.601073791202,366.4348417102881,0.050724637681159424,5.072463768115942,138,0.2318840579710145,0.0,1.0,0.8768115942028986,0.028985507246376812,0.59375,0.2318840579710145,0.5625,1.00843792264575,"A,B,C",5,5,lar
5,RUB->AMD,catboost,oot,243,0,74,,0.3045267489711934,,,,,0,,0,,,,,0.0,0.0,52,0.0,0.0,0.0,1.0,0.0,,0.0,,,"A,B,C",5,5,lar
5,RUB->KGS,catboost,oot,243,1,70,0.0,0.2880658436213992,0.28,0.0,0.0,128.2524051062661,1,-68.2206654001971,1,117.15184698322557,117.15184698322557,117.15184698322557,117.15184698322557,0.0,0.0,52,0.019230769230769232,0.0,0.0,0.9807692307692307,0.0,0.0,0.019230769230769232,0.0,0.0,"A,B,C",5,5,lar
5,RUB->KZT,catboost,oot,243,0,80,,0.3292181069958848,,,,,0,,0,,,,,0.0,0.0,52,0.0,0.0,0.0,1.0,0.0,,0.0,,,"A,B,C",5,5,lar
5,RUB->TJS,catboost,oot,243,0,73,,0.3004115226337449,,,,,0,,0,,,,,0.0,0.0,52,0.0,0.0,0.0,1.0,0.0,,0.0,,,"A,B,C",5,5,lar
5,RUB->UZS,catboost,oot,243,2,83,0.0,0.34156378600823045,0.4,0.0,0.0,157.4319449784012,1,-85.74175489118652,2,96.0129847689961,173.22284269847276,173.22284269847276,96.0129847689961,0.0,0.0,52,0.038461538461538464,0.0,0.0,0.9615384615384616,0.0,0.0,0.038461538461538464,0.0,0.0,"A,B,C",5,5,lar
1,RUB->AMD,logreg,y2022,247,51,124,0.3333333333333333,0.5020242914979757,0.5019607843137255,0.6639784946236559,0.6640625,-77.63827993685791,51,24.88090382730004,51,112.93148638940234,808.2600538011176,625.2110551170009,538.1875757746535,0.33333333333333337,33.333333333333336,51,1.0,0.0,3.0,0.6078431372549019,0.19607843137254902,0.6470588235294118,1.0,0.6274509803921569,1.1840935300598,"A,B,C,D",5,1,lar
1,RUB->KGS,logreg,y2022,247,32,123,0.3125,0.4979757085020243,0.505625,0.6275406504065041,0.6180469715698393,-85.22087496375067,32,17.409087064265762,32,120.04451933624267,578.6547562049104,529.238591331832,447.70352097562636,0.19607843137254904,19.607843137254903,51,0.6274509803921569,0.0,3.0,0.7647058823529411,0.13725490196078433,0.6875,0.6274509803921569,0.65625,0.6087832811442848,"A,B,C,D",5,1,lar
1,RUB->KZT,logreg,y2022,247,31,116,0.1935483870967742,0.46963562753036436,0.4612903225806452,0.41212458286985537,0.4195804195804196,-92.53127801372798,31,26.658033365778962,31,118.77605540723924,411.92496418205104,394.2023260512084,328.19570224899985,0.11764705882352942,11.764705882352942,51,0.6078431372549019,0.0,2.0,0.7058823529411765,0.09803921568627451,0.5806451612903226,0.6078431372549019,0.5483870967741935,1.449467867516028,"A,B,C,D",5,1,lar
1,RUB->TJS,logreg,y2022,247,27,131,0.6296296296296297,0.5303643724696356,0.5288888888888889,1.1871642635001414,1.1904761904761907,5.792282550788301,27,36.95527258659585,27,46.045162287737064,315.4122987287522,291.3496459844844,204.2581148634155,0.33333333333333337,33.333333333333336,51,0.5294117647058824,0.0,2.0,0.7254901960784313,0.058823529411764705,0.5555555555555556,0.5294117647058824,0.48148148148148145,2.2733966463213577,"A,B,C,D",5,1,lar
1,RUB->UZS,logreg,y2022,247,43,119,0.27906976744186046,0.4817813765182186,0.4967441860465116,0.5792456517490717,0.5617977528089888,-100.04560933986946,43,22.562626074278032,43,131.72586296708005,848.1230869016821,796.4759569486961,630.1396243245731,0.23529411764705885,23.529411764705884,51,0.8431372549019608,0.0,3.0,0.6470588235294118,0.13725490196078433,0.6511627906976745,0.8431372549019608,0.5116279069767442,0.6687499603051243,"A,B,C,D",5,1,lar
10,RUB->AMD,logreg,y2022,247,51,59,0.09803921568627451,0.2388663967611336,0.24352941176470588,0.4104353605849119,0.4025764895330113,-106.35759861504323,51,183.45202534628572,51,779.5206743705812,2240.915629495277,2098.745373183709,1933.0674229141769,0.09803921568627452,9.803921568627452,51,1.0,0.0,3.0,0.6078431372549019,0.19607843137254902,0.6470588235294118,1.0,0.6274509803921569,1.380641744136582,"A,B,C,D",5,10,lar
10,RUB->KGS,logreg,y2022,247,32,51,0.09375,0.20647773279352227,0.213125,0.4540441176470588,0.4398826979472141,-45.56708690145897,32,184.1786827637884,32,704.1077328707729,1760.111611461075,1621.0100442209864,1477.6012963141013,0.05882352941176471,5.882352941176471,51,0.6274509803921569,0.0,3.0,0.7647058823529411,0.13725490196078433,0.6875,0.6274509803921569,0.65625,0.715332674259911,"A,B,C,D",5,10,lar
10,RUB->KZT,logreg,y2022,247,31,51,0.03225806451612903,0.20647773279352227,0.2070967741935484,0.1562302340290955,0.1557632398753894,-239.01361406496792,31,176.97114326294846,31,907.7228031181284,1936.8510638297876,1901.5537266956308,1805.1495825210798,0.0196078431372549,1.9607843137254901,51,0.6078431372549019,0.0,2.0,0.7058823529411765,0.09803921568627451,0.5806451612903226,0.6078431372549019,0.5483870967741935,0.37414307702868105,"A,B,C,D",5,10,lar
10,RUB->TJS,logreg,y2022,247,27,57,0.18518518518518517,0.23076923076923078,0.23851851851851852,0.802469135802469,0.7763975155279502,167.6250021366068,27,194.63311412126293,27,382.3532990090076,1401.913814902047,1304.9122376750065,1061.5149336412658,0.09803921568627452,9.803921568627452,51,0.5294117647058824,0.0,2.0,0.7254901960784313,0.058823529411764705,0.5555555555555556,0.5294117647058824,0.48148148148148145,4.206399182101815,"A,B,C,D",5,10,lar
10,RUB->UZS,logreg,y2022,247,43,51,0.09302325581395349,0.20647773279352227,0.21674418604651166,0.45052439580483356,0.4291845493562231,-284.56943247041033,43,183.76299524576018,43,958.8471207780132,2642.338625206073,2489.0216049520873,2428.0870905596526,0.0784313725490196,7.8431372549019605,51,0.8431372549019608,0.0,3.0,0.6470588235294118,0.13725490196078433,0.6511627906976745,0.8431372549019608,0.5116279069767442,1.4046138654544726,"A,B,C,D",5,10,lar
1,RUB->AMD,logreg,wf_oos,656,152,353,0.5394736842105263,0.538109756097561,0.5342105263157895,1.0025346652750857,1.0098522167487685,-0.6083584394532835,152,5.860917573985326,152,32.880701916900975,359.90593514702687,231.4466511635932,262.8466344906477,0.5942028985507246,59.42028985507246,138,1.1014492753623188,0.0,4.0,0.5652173913043478,0.17391304347826086,0.6907894736842105,1.1014492753623188,0.6710526315789473,1.0891109489371802,"A,B,C,D",5,1,lar
1,RUB->KGS,logreg,wf_oos,656,135,348,0.5111111111111111,0.5304878048780488,0.5416296296296297,0.9634738186462323,0.9436542669584244,5.285061691110222,135,6.928349264574592,135,26.371983056745453,233.42372218724483,169.7486723794496,185.02786986054167,0.5,50.0,138,0.9782608695652174,0.0,4.0,0.6231884057971014,0.18115942028985507,0.7037037037037037,0.9782608695652174,0.674074074074074,1.2609313046518886,"A,B,C,D",5,1,lar
1,RUB->KZT,logreg,wf_oos,656,142,333,0.5563380281690141,0.5076219512195121,0.5069014084507042,1.0959692086452653,1.097527090858572,12.690314086947382,142,8.571788512274257,142,31.59834721072489,297.5341703474421,209.61474161527659,234.8250176554969,0.572463768115942,57.2463768115942,138,1.0289855072463767,0.0,4.0,0.5869565217391305,0.18115942028985507,0.6971830985915493,1.0289855072463767,0.6619718309859155,1.4515324765616022,"A,B,C,D",5,1,lar
1,RUB->TJS,logreg,wf_oos,656,137,361,0.5182481751824818,0.5503048780487805,0.5613138686131386,0.9417473765088866,0.9232769830949287,2.0103856240734133,137,7.157418057040028,137,27.877867113559915,346.75179408548695,203.48915013517146,225.79475101353273,0.5144927536231885,51.44927536231884,138,0.9927536231884058,0.0,4.0,0.5942028985507246,0.15217391304347827,0.6788321167883211,0.9927536231884058,0.656934306569343,1.1227218204659333,"A,B,C,D",5,1,lar
1,RUB->UZS,logreg,wf_oos,656,146,345,0.5136986301369864,0.5259146341463414,0.5201369863013698,0.9767718880285886,0.9876218066894918,3.1541354617946435,146,7.688426606369556,146,30.151287273205163,327.5583037275753,196.08825919302382,225.42921881774268,0.5434782608695652,54.34782608695652,138,1.0579710144927537,0.0,4.0,0.6231884057971014,0.1956521739130435,0.7602739726027398,1.0579710144927537,0.7191780821917808,1.1874442236570415,"A,B,C,D",5,1,lar
10,RUB->AMD,logreg,wf_oos,656,152,174,0.3157894736842105,0.2652439024390244,0.26210526315789473,1.1905626134301268,1.2048192771084336,39.64962498794865,148,39.0329587531212,152,181.2405791253255,1019.9723906321911,786.2768307567009,824.1040361296309,0.34782608695652173,34.78260869565217,138,1.1014492753623188,0.0,4.0,0.5652173913043478,0.17391304347826086,0.6907894736842105,1.1014492753623188,0.6710526315789473,1.1739726277380076,"A,B,C,D",5,10,lar
10,RUB->KGS,logreg,wf_oos,656,135,167,0.28888888888888886,0.2545731707317073,0.26918518518518514,1.1347970725216232,1.073197578425977,46.399541288609115,133,36.492817835600796,135,156.44006348443708,841.7476067360785,718.514801326978,749.4285123641796,0.2826086956521739,28.26086956521739,138,0.9782608695652174,0.0,4.0,0.6231884057971014,0.18115942028985507,0.7037037037037037,0.9782608695652174,0.674074074074074,1.1540436737342379,"A,B,C,D",5,10,lar
10,RUB->KZT,logreg,wf_oos,656,142,137,0.2605633802816901,0.20884146341463414,0.21309859154929575,1.2476611493780199,1.2227362855254462,54.231712478059215,139,48.153871912294754,142,169.1050688565162,1082.8438900058513,674.500059082501,768.1278427303769,0.26811594202898553,26.81159420289855,138,1.0289855072463767,0.0,4.0,0.5869565217391305,0.18115942028985507,0.6971830985915493,1.0289855072463767,0.6619718309859155,1.8138035011012597,"A,B,C,D",5,10,lar
10,RUB->TJS,logreg,wf_oos,656,137,180,0.27007299270072993,0.27439024390243905,0.2807299270072993,0.9842660178426601,0.9620384815392614,50.70646470339142,135,50.29264493764127,137,150.19631239645437,709.4913816040216,613.3054748494587,648.188026230602,0.26811594202898553,26.81159420289855,138,0.9927536231884058,0.0,4.0,0.5942028985507246,0.15217391304347827,0.6788321167883211,0.9927536231884058,0.656934306569343,1.4261321784055276,"A,B,C,D",5,10,lar
10,RUB->UZS,logreg,wf_oos,656,146,156,0.273972602739726,0.23780487804878048,0.2343835616438356,1.1520899192132068,1.168907071887785,46.870554173144825,144,45.54685757732833,146,161.3501197172469,718.993526641365,614.5514818400094,652.8143360900597,0.2898550724637681,28.985507246376812,138,1.0579710144927537,0.0,4.0,0.6231884057971014,0.1956521739130435,0.7602739726027398,1.0579710144927537,0.7191780821917808,1.4367719555553335,"A,B,C,D",5,10,lar
1,RUB->AMD,logreg,oot,247,0,132,,0.5344129554655871,,,,,0,,0,,,,,0.0,0.0,53,0.0,0.0,0.0,1.0,0.0,,0.0,,,"A,B,C,D",5,1,lar
1,RUB->KGS,logreg,oot,247,0,117,,0.47368421052631576,,,,,0,,0,,,,,0.0,0.0,53,0.0,0.0,0.0,1.0,0.0,,0.0,,,"A,B,C,D",5,1,lar
1,RUB->KZT,logreg,oot,247,0,142,,0.5748987854251012,,,,,0,,0,,,,,0.0,0.0,53,0.0,0.0,0.0,1.0,0.0,,0.0,,,"A,B,C,D",5,1,lar
1,RUB->TJS,logreg,oot,247,0,125,,0.5060728744939271,,,,,0,,0,,,,,0.0,0.0,53,0.0,0.0,0.0,1.0,0.0,,0.0,,,"A,B,C,D",5,1,lar
1,RUB->UZS,logreg,oot,247,0,136,,0.5506072874493927,,,,,0,,0,,,,,0.0,0.0,53,0.0,0.0,0.0,1.0,0.0,,0.0,,,"A,B,C,D",5,1,lar
10,RUB->AMD,logreg,oot,238,0,56,,0.23529411764705882,,,,,0,,0,,,,,0.0,0.0,51,0.0,0.0,0.0,1.0,0.0,,0.0,,,"A,B,C,D",5,10,lar
10,RUB->KGS,logreg,oot,238,0,53,,0.22268907563025211,,,,,0,,0,,,,,0.0,0.0,51,0.0,0.0,0.0,1.0,0.0,,0.0,,,"A,B,C,D",5,10,lar
10,RUB->KZT,logreg,oot,238,0,65,,0.27310924369747897,,,,,0,,0,,,,,0.0,0.0,51,0.0,0.0,0.0,1.0,0.0,,0.0,,,"A,B,C,D",5,10,lar
10,RUB->TJS,logreg,oot,238,0,54,,0.226890756302521,,,,,0,,0,,,,,0.0,0.0,51,0.0,0.0,0.0,1.0,0.0,,0.0,,,"A,B,C,D",5,10,lar
10,RUB->UZS,logreg,oot,238,0,63,,0.2647058823529412,,,,,0,,0,,,,,0.0,0.0,51,0.0,0.0,0.0,1.0,0.0,,0.0,,,"A,B,C,D",5,10,lar
5,RUB->AMD,logreg,y2022,247,51,72,0.13725490196078433,0.291497975708502,0.3,0.4708605664488018,0.4575163398692811,-140.36297235936954,51,73.35742520899058,51,437.3197035694874,1358.5319567526178,1219.022316230635,1179.8878259711337,0.1372549019607843,13.72549019607843,51,1.0,0.0,3.0,0.6078431372549019,0.19607843137254902,0.6470588235294118,1.0,0.6274509803921569,1.8020627375698848,"A,B,C,D",5,5,lar
5,RUB->KGS,logreg,y2022,247,32,65,0.09375,0.2631578947368421,0.27625,0.35625,0.3393665158371041,-124.08558503303787,32,52.99916392242754,32,407.0153038651025,1021.2682301905774,1017.3690703532701,867.8082603017638,0.05882352941176471,5.882352941176471,51,0.6274509803921569,0.0,3.0,0.7647058823529411,0.13725490196078433,0.6875,0.6274509803921569,0.65625,0.5382593705431395,"A,B,C,D",5,5,lar
5,RUB->KZT,logreg,y2022,247,31,64,0.06451612903225806,0.2591093117408907,0.26193548387096777,0.24899193548387097,0.2463054187192118,-186.09368659597445,31,69.90602143852726,31,482.2921652789702,1179.6445289005608,1135.9995967011728,1026.0780845225033,0.0392156862745098,3.9215686274509802,51,0.6078431372549019,0.0,2.0,0.7058823529411765,0.09803921568627451,0.5806451612903226,0.6078431372549019,0.5483870967741935,0.6636726836362391,"A,B,C,D",5,5,lar
5,RUB->TJS,logreg,y2022,247,27,77,0.3333333333333333,0.3117408906882591,0.32666666666666666,1.0692640692640691,1.0204081632653061,6.903325760787715,27,74.23480734329236,27,209.88075125966427,620.9835768543747,581.984004475643,507.9047554282541,0.17647058823529413,17.647058823529413,51,0.5294117647058824,0.0,2.0,0.7254901960784313,0.058823529411764705,0.5555555555555556,0.5294117647058824,0.48148148148148145,3.7409448064891975,"A,B,C,D",5,5,lar
5,RUB->UZS,logreg,y2022,247,43,65,0.09302325581395349,0.2631578947368421,0.2744186046511628,0.35348837209302325,0.3389830508474576,-230.11486802532124,43,62.99114927674715,43,545.6720271817155,1989.9146573734772,1751.5644660130345,1508.0288819925074,0.0784313725490196,7.8431372549019605,51,0.8431372549019608,0.0,3.0,0.6470588235294118,0.13725490196078433,0.6511627906976745,0.8431372549019608,0.5116279069767442,0.47261900401790213,"A,B,C,D",5,5,lar
5,RUB->AMD,logreg,wf_oos,656,152,215,0.35526315789473684,0.3277439024390244,0.32473684210526316,1.0839657282741737,1.0940032414910859,25.138157059021676,150,29.014389680678335,152,106.72285281274999,1019.9723906321911,556.7371293589363,642.7024675079522,0.391304347826087,39.130434782608695,138,1.1014492753623188,0.0,4.0,0.5652173913043478,0.17391304347826086,0.6907894736842105,1.1014492753623188,0.6710526315789473,1.2812549287005432,"A,B,C,D",5,5,lar
5,RUB->KGS,logreg,wf_oos,656,135,215,0.34814814814814815,0.3277439024390244,0.3388148148148148,1.062256675279931,1.0275470048097946,26.36909005211129,134,25.85625974965871,135,96.75382603608439,836.7309522354427,518.3568986050683,568.0415969399073,0.3405797101449275,34.05797101449275,138,0.9782608695652174,0.0,4.0,0.6231884057971014,0.18115942028985507,0.7037037037037037,0.9782608695652174,0.674074074074074,1.0573316128496566,"A,B,C,D",5,5,lar
5,RUB->KZT,logreg,wf_oos,656,142,183,0.34507042253521125,0.27896341463414637,0.2836619718309859,1.2369737550988993,1.2164846077457796,27.28971630792073,141,27.927738085873216,142,117.00032006663037,1082.8438900058513,609.3112461354777,709.9637001017323,0.35507246376811596,35.507246376811594,138,1.0289855072463767,0.0,4.0,0.5869565217391305,0.18115942028985507,0.6971830985915493,1.0289855072463767,0.6619718309859155,1.3570867242429556,"A,B,C,D",5,5,lar
5,RUB->TJS,logreg,wf_oos,656,137,230,0.3284671532846715,0.35060975609756095,0.35737226277372264,0.9368454458901936,0.9191176470588235,24.051230139927107,136,31.765342324455975,137,92.84597608301723,536.6920029051591,431.666539477596,458.79352846687743,0.32608695652173914,32.608695652173914,138,0.9927536231884058,0.0,4.0,0.5942028985507246,0.15217391304347827,0.6788321167883211,0.9927536231884058,0.656934306569343,1.410338723494405,"A,B,C,D",5,5,lar
5,RUB->UZS,logreg,wf_oos,656,146,204,0.3561643835616438,0.31097560975609756,0.30452054794520544,1.1453129196884233,1.169590643274854,22.563409742164897,145,28.07348533963313,146,98.93173391370757,567.6683218375422,468.7349614477676,503.2287546692879,0.3768115942028985,37.68115942028985,138,1.0579710144927537,0.0,4.0,0.6231884057971014,0.1956521739130435,0.7602739726027398,1.0579710144927537,0.7191780821917808,1.3044983763402258,"A,B,C,D",5,5,lar
5,RUB->AMD,logreg,oot,243,0,74,,0.3045267489711934,,,,,0,,0,,,,,0.0,0.0,52,0.0,0.0,0.0,1.0,0.0,,0.0,,,"A,B,C,D",5,5,lar
5,RUB->KGS,logreg,oot,243,0,70,,0.2880658436213992,,,,,0,,0,,,,,0.0,0.0,52,0.0,0.0,0.0,1.0,0.0,,0.0,,,"A,B,C,D",5,5,lar
5,RUB->KZT,logreg,oot,243,0,80,,0.3292181069958848,,,,,0,,0,,,,,0.0,0.0,52,0.0,0.0,0.0,1.0,0.0,,0.0,,,"A,B,C,D",5,5,lar
5,RUB->TJS,logreg,oot,243,0,73,,0.3004115226337449,,,,,0,,0,,,,,0.0,0.0,52,0.0,0.0,0.0,1.0,0.0,,0.0,,,"A,B,C,D",5,5,lar
5,RUB->UZS,logreg,oot,243,0,83,,0.34156378600823045,,,,,0,,0,,,,,0.0,0.0,52,0.0,0.0,0.0,1.0,0.0,,0.0,,,"A,B,C,D",5,5,lar
1,RUB->AMD,catboost,y2022,247,6,124,0.16666666666666666,0.5020242914979757,0.5433333333333333,0.33198924731182794,0.3067484662576687,-119.69517558632162,6,33.26102077650902,6,140.76700334250532,254.4170117643696,254.4170117643696,168.92040401100638,0.0196078431372549,1.9607843137254901,51,0.11764705882352941,0.0,0.0,0.9019607843137255,0.0,0.16666666666666666,0.11764705882352941,0.16666666666666666,1.0233283303675151,"A,B,C,D",5,1,lar
1,RUB->KGS,catboost,y2022,247,2,123,0.0,0.4979757085020243,0.51,0.0,0.0,-184.87492118376414,2,151.6452899275622,2,191.7980119217566,379.06342772675794,379.06342772675794,191.7980119217566,0.0,0.0,51,0.0392156862745098,0.0,0.0,0.9607843137254902,0.0,0.0,0.0392156862745098,0.0,0.0,"A,B,C,D",5,1,lar
1,RUB->KZT,catboost,y2022,247,3,116,0.3333333333333333,0.46963562753036436,0.5199999999999999,0.7097701149425287,0.6410256410256411,-150.77607503059124,3,99.98807975265272,3,162.86722182705142,374.75769976309306,374.75769976309306,162.86722182705142,0.0196078431372549,1.9607843137254901,51,0.058823529411764705,0.0,0.0,0.9607843137254902,0.0,0.3333333333333333,0.058823529411764705,0.3333333333333333,0.4740626815102453,"A,B,C,D",5,1,lar
1,RUB->TJS,catboost,y2022,247,2,131,0.0,0.5303643724696356,0.49,0.0,0.0,-227.14561311822644,2,105.00398499867336,2,232.62262861075578,277.586919977586,277.586919977586,232.62262861075578,0.0,0.0,51,0.0392156862745098,0.0,0.0,0.9607843137254902,0.0,0.0,0.0392156862745098,0.0,0.0,"A,B,C,D",5,1,lar
1,RUB->UZS,catboost,y2022,247,4,119,0.0,0.4817813765182186,0.51,0.0,0.0,-204.5454230713789,4,63.5405014698992,4,210.11241401632296,326.4025226836864,326.4025226836864,210.112414016323,0.0,0.0,51,0.0784313725490196,0.0,0.0,0.9411764705882353,0.0,0.25,0.0784313725490196,0.25,0.0,"A,B,C,D",5,1,lar
10,RUB->AMD,catboost,y2022,247,6,59,0.0,0.2388663967611336,0.22999999999999995,0.0,0.0,-55.47724493045673,6,167.2230316947933,6,575.4787829798798,1565.0453723063483,1565.0453723063483,658.3027395872948,0.0,0.0,51,0.11764705882352941,0.0,0.0,0.9019607843137255,0.0,0.16666666666666666,0.11764705882352941,0.16666666666666666,0.0,"A,B,C,D",5,10,lar
10,RUB->KGS,catboost,y2022,247,2,51,0.0,0.20647773279352227,0.2,0.0,0.0,261.46676771471647,2,395.43753618252026,2,968.7371391163568,1558.4108505059558,1558.4108505059558,968.7371391163568,0.0,0.0,51,0.0392156862745098,0.0,0.0,0.9607843137254902,0.0,0.0,0.0392156862745098,0.0,0.0,"A,B,C,D",5,10,lar
10,RUB->KZT,catboost,y2022,247,3,51,0.0,0.20647773279352227,0.21333333333333332,0.0,0.0,171.51253521228924,3,353.3461934786619,3,441.7183517245412,800.7278560155906,800.7278560155906,441.7183517245412,0.0,0.0,51,0.058823529411764705,0.0,0.0,0.9607843137254902,0.0,0.3333333333333333,0.058823529411764705,0.3333333333333333,0.0,"A,B,C,D",5,10,lar
10,RUB->TJS,catboost,y2022,247,2,57,0.0,0.23076923076923078,0.21,0.0,0.0,-218.29723129242473,2,354.6084864314053,2,906.512855527043,1625.3673738101604,1625.3673738101604,906.512855527043,0.0,0.0,51,0.0392156862745098,0.0,0.0,0.9607843137254902,0.0,0.0,0.0392156862745098,0.0,,"A,B,C,D",5,10,lar
10,RUB->UZS,catboost,y2022,247,4,51,0.0,0.20647773279352227,0.185,0.0,0.0,-153.78368848626727,4,178.90485462833476,4,770.0573120413395,1536.3214160534721,1536.3214160534721,770.0573120413395,0.0,0.0,51,0.0784313725490196,0.0,0.0,0.9411764705882353,0.0,0.25,0.0784313725490196,0.25,,"A,B,C,D",5,10,lar
1,RUB->AMD,catboost,wf_oos,656,112,353,0.5714285714285714,0.538109756097561,0.5446428571428571,1.0619182517199515,1.0491803278688525,13.309122312821716,112,-1.4461954021545722,112,24.29075212718792,208.05986813319242,173.64340530883055,181.17113356885994,0.463768115942029,46.3768115942029,138,0.8115942028985508,0.0,3.0,0.6376811594202898,0.12318840579710146,0.6339285714285714,0.8115942028985508,0.5982142857142857,1.1585275254096594,"A,B,C,D",5,1,lar
1,RUB->KGS,catboost,wf_oos,656,113,348,0.5752212389380531,0.5304878048780488,0.5192920353982301,1.084325094090123,1.1077027948193592,12.516933598516301,112,-1.6245009045992274,112,20.171478930560763,233.42372218724483,163.71929226559166,171.11574610574996,0.4710144927536232,47.10144927536232,138,0.8188405797101449,0.0,3.0,0.6159420289855072,0.12318840579710146,0.5752212389380531,0.8188405797101449,0.5309734513274337,0.9852198335932054,"A,B,C,D",5,1,lar
1,RUB->KZT,catboost,wf_oos,656,106,333,0.5849056603773585,0.5076219512195121,0.5105660377358491,1.1522465862088505,1.1456023651145602,16.74761260113695,105,-3.7666669754933326,105,27.15315865756581,297.5341703474421,184.78891669185705,193.92366582645735,0.4492753623188406,44.927536231884055,138,0.7681159420289855,0.0,3.0,0.6159420289855072,0.11594202898550725,0.5566037735849056,0.7681159420289855,0.5,1.0754341302976214,"A,B,C,D",5,1,lar
1,RUB->TJS,catboost,wf_oos,656,100,361,0.54,0.5503048780487805,0.553,0.9812742382271469,0.976491862567812,10.65695159804396,99,-0.6077738973012707,99,21.463515773034015,199.5013995587036,142.21588618851075,142.21588618851075,0.391304347826087,39.130434782608695,138,0.7246376811594203,0.0,2.0,0.6521739130434783,0.09420289855072464,0.58,0.7246376811594203,0.53,1.137409681413211,"A,B,C,D",5,1,lar
1,RUB->UZS,catboost,wf_oos,656,102,345,0.5784313725490197,0.5259146341463414,0.52,1.099857914180165,1.11236802413273,15.755755037324466,101,0.005504441938392169,101,20.04352438766277,208.6052409593875,141.06816267382712,148.5864599355482,0.427536231884058,42.7536231884058,138,0.7391304347826086,0.0,2.299999999999997,0.6884057971014492,0.10144927536231885,0.6666666666666666,0.7391304347826086,0.6078431372549019,1.1986543875087468,"A,B,C,D",5,1,lar
10,RUB->AMD,catboost,wf_oos,656,112,174,0.26785714285714285,0.2652439024390244,0.27017857142857143,1.0098522167487685,0.991407799074686,28.188573988794776,112,25.49457680349298,112,205.63513983273882,940.1093463242138,836.1922977883918,854.4061982290575,0.21739130434782608,21.73913043478261,138,0.8115942028985508,0.0,3.0,0.6376811594202898,0.12318840579710146,0.6339285714285714,0.8115942028985508,0.5982142857142857,1.0047553742139912,"A,B,C,D",5,10,lar
10,RUB->KGS,catboost,wf_oos,656,113,167,0.2743362831858407,0.2545731707317073,0.244070796460177,1.0776323459276138,1.1240029006526469,35.022770793108194,111,21.54329469280685,111,170.27935515474184,961.8423300307466,827.6774386940482,849.1997096514106,0.2246376811594203,22.463768115942027,138,0.8188405797101449,0.0,3.0,0.6159420289855072,0.12318840579710146,0.5752212389380531,0.8188405797101449,0.5309734513274337,0.9319042142802753,"A,B,C,D",5,10,lar
10,RUB->KZT,catboost,wf_oos,656,106,137,0.2169811320754717,0.20884146341463414,0.20924528301886794,1.0389753477482442,1.036970243462579,39.331780284146106,104,11.437323544758847,104,193.6545408808253,1041.777647152471,847.7048082078317,886.4876796185266,0.16666666666666669,16.666666666666668,138,0.7681159420289855,0.0,3.0,0.6159420289855072,0.11594202898550725,0.5566037735849056,0.7681159420289855,0.5,1.073363364982849,"A,B,C,D",5,10,lar
10,RUB->TJS,catboost,wf_oos,656,100,180,0.26,0.27439024390243905,0.275,0.9475555555555555,0.9454545454545454,36.747297692204704,98,38.576595397774256,98,173.72236659991842,1008.2134835227463,851.9244676608656,851.9244676608654,0.18840579710144925,18.840579710144926,138,0.7246376811594203,0.0,2.0,0.6521739130434783,0.09420289855072464,0.58,0.7246376811594203,0.53,1.085583114302198,"A,B,C,D",5,10,lar
10,RUB->UZS,catboost,wf_oos,656,102,156,0.3235294117647059,0.23780487804878048,0.24176470588235294,1.3604826546003017,1.3381995133819953,44.859992423642886,100,41.36756802950758,100,168.293468876539,1050.8687759952284,871.8362261431766,871.8362261431766,0.2391304347826087,23.91304347826087,138,0.7391304347826086,0.0,2.299999999999997,0.6884057971014492,0.10144927536231885,0.6666666666666666,0.7391304347826086,0.6078431372549019,1.1255791701794124,"A,B,C,D",5,10,lar
1,RUB->AMD,catboost,oot,247,24,132,0.7083333333333334,0.5344129554655871,0.5375,1.3254419191919191,1.3178294573643412,35.56130739332942,24,-13.299760319141853,24,22.53965881676127,126.36853859142593,121.58972821898928,90.0452874414559,0.32075471698113206,32.075471698113205,53,0.4528301886792453,0.0,1.0,0.6415094339622641,0.018867924528301886,0.20833333333333334,0.4528301886792453,0.125,1.1585990217023863,"A,B,C,D",5,1,lar
1,RUB->KGS,catboost,oot,247,25,117,0.68,0.47368421052631576,0.49439999999999995,1.4355555555555557,1.3754045307443368,52.620073824345724,25,-10.653071727465901,25,17.622556896739727,127.95269999284153,113.63583947022082,77.81438423382481,0.32075471698113206,32.075471698113205,53,0.4716981132075472,0.0,1.8000000000000043,0.6792452830188679,0.03773584905660377,0.36,0.4716981132075472,0.24,1.303526133153088,"A,B,C,D",5,1,lar
1,RUB->KZT,catboost,oot,247,16,142,0.75,0.5748987854251012,0.615,1.3045774647887325,1.2195121951219512,58.596429489286905,16,-18.00967812170498,16,25.67998523681142,218.9756070881632,218.9756070881632,82.17595275779652,0.22641509433962262,22.641509433962263,53,0.3018867924528302,0.0,1.0,0.8113207547169812,0.03773584905660377,0.4375,0.3018867924528302,0.3125,1.4370425265973747,"A,B,C,D",5,1,lar
1,RUB->TJS,catboost,oot,247,24,125,0.7083333333333334,0.5060728744939271,0.5141666666666667,1.3996666666666668,1.3776337115072934,46.23176627179004,24,-8.989390173550033,24,20.72923548877124,122.4653635743067,115.30831982487499,89.30706215560402,0.32075471698113206,32.075471698113205,53,0.4528301886792453,0.0,1.8000000000000043,0.6981132075471698,0.03773584905660377,0.4166666666666667,0.4528301886792453,0.2916666666666667,0.9839599999213386,"A,B,C,D",5,1,lar
1,RUB->UZS,catboost,oot,247,15,136,0.6666666666666666,0.5506072874493927,0.568,1.2107843137254901,1.1737089201877935,47.76459002200658,15,-17.215679631583217,15,17.326413756448538,154.76498163713882,154.76498163713882,51.97924126934561,0.18867924528301888,18.867924528301888,53,0.2830188679245283,0.0,1.0,0.8113207547169812,0.018867924528301886,0.4,0.2830188679245283,0.26666666666666666,1.3843087571199448,"A,B,C,D",5,1,lar
10,RUB->AMD,catboost,oot,238,24,56,0.375,0.23529411764705882,0.2383333333333333,1.59375,1.5734265734265735,111.20082867688346,21,35.818730987396755,22,125.4195510535937,515.4146072789989,450.4285046704548,342.2833195626969,0.17647058823529413,17.647058823529413,51,0.47058823529411764,0.0,1.0,0.6274509803921569,0.0196078431372549,0.20833333333333334,0.47058823529411764,0.125,0.7704321263181378,"A,B,C,D",5,10,lar
10,RUB->KGS,catboost,oot,238,24,53,0.375,0.22268907563025211,0.2275,1.6839622641509433,1.6483516483516483,151.56180089688425,21,23.292518903808805,22,94.46516545678924,389.1043246385029,365.7361937651393,305.5547424098579,0.17647058823529413,17.647058823529413,51,0.47058823529411764,0.0,2.0,0.6862745098039216,0.0392156862745098,0.375,0.47058823529411764,0.25,1.8263666939617536,"A,B,C,D",5,10,lar
10,RUB->KZT,catboost,oot,238,16,65,0.375,0.27310924369747897,0.29125,1.3730769230769233,1.2875536480686696,168.0997508771439,16,5.3904674229235425,16,153.02667185615832,531.9729659474914,531.9729659474914,389.48509868785175,0.11764705882352942,11.764705882352942,51,0.3137254901960784,0.0,1.0,0.803921568627451,0.0392156862745098,0.4375,0.3137254901960784,0.3125,0.8861832498016253,"A,B,C,D",5,10,lar
10,RUB->TJS,catboost,oot,238,24,54,0.5,0.226890756302521,0.24666666666666665,2.2037037037037037,2.027027027027027,169.14705506034102,19,37.28734079045112,22,66.44814010680177,277.38023890220734,275.16218563118036,209.8981383183505,0.23529411764705885,23.529411764705884,51,0.47058823529411764,0.0,2.0,0.6862745098039216,0.0392156862745098,0.4166666666666667,0.47058823529411764,0.2916666666666667,2.8468305650484536,"A,B,C,D",5,10,lar
10,RUB->UZS,catboost,oot,238,14,63,0.2857142857142857,0.2647058823529412,0.2728571428571428,1.0793650793650793,1.0471204188481678,146.30147721479946,14,9.132822460770713,14,95.29281065907254,315.66055563662763,315.66055563662763,223.02123954772622,0.0784313725490196,7.8431372549019605,51,0.27450980392156865,0.0,1.0,0.8235294117647058,0.0196078431372549,0.42857142857142855,0.27450980392156865,0.2857142857142857,1.8114041116176762,"A,B,C,D",5,10,lar
5,RUB->AMD,catboost,y2022,247,6,72,0.0,0.291497975708502,0.2833333333333333,0.0,0.0,-45.89128697050581,6,118.14853054283962,6,258.94809998195825,464.16673567274637,464.16673567274637,282.8040955242015,0.0,0.0,51,0.11764705882352941,0.0,0.0,0.9019607843137255,0.0,0.16666666666666666,0.11764705882352941,0.16666666666666666,0.0,"A,B,C,D",5,5,lar
5,RUB->KGS,catboost,y2022,247,2,65,0.0,0.2631578947368421,0.28,0.0,0.0,266.43638642823595,2,509.3694690991579,2,595.4771577972706,811.8908878677832,811.8908878677832,595.4771577972706,0.0,0.0,51,0.0392156862745098,0.0,0.0,0.9607843137254902,0.0,0.0,0.0392156862745098,0.0,0.0,"A,B,C,D",5,5,lar
5,RUB->KZT,catboost,y2022,247,3,64,0.0,0.2591093117408907,0.2933333333333333,0.0,0.0,77.20362972598484,3,225.9376009291506,3,327.304689686474,457.48686990138896,457.48686990138896,327.304689686474,0.0,0.0,51,0.058823529411764705,0.0,0.0,0.9607843137254902,0.0,0.3333333333333333,0.058823529411764705,0.3333333333333333,0.0,"A,B,C,D",5,5,lar
5,RUB->TJS,catboost,y2022,247,2,77,0.0,0.3117408906882591,0.3,0.0,0.0,-54.333805895175885,2,234.62063230064888,2,394.4800987433072,601.3018602426889,601.3018602426889,394.4800987433072,0.0,0.0,51,0.0392156862745098,0.0,0.0,0.9607843137254902,0.0,0.0,0.0392156862745098,0.0,0.0,"A,B,C,D",5,5,lar
5,RUB->UZS,catboost,y2022,247,4,65,0.0,0.2631578947368421,0.255,0.0,0.0,-136.0570583713025,4,136.74103770981853,4,430.0693103957071,589.5628473624059,589.5628473624059,430.06931039570713,0.0,0.0,51,0.0784313725490196,0.0,0.0,0.9411764705882353,0.0,0.25,0.0784313725490196,0.25,0.0,"A,B,C,D",5,5,lar
5,RUB->AMD,catboost,wf_oos,656,112,215,0.33035714285714285,0.3277439024390244,0.3310714285714287,1.0079734219269103,0.9978425026968712,28.728223573772876,112,13.00948960648993,112,101.29383837221633,614.7246236867377,458.99435671193555,476.9516132328562,0.26811594202898553,26.81159420289855,138,0.8115942028985508,0.0,3.0,0.6376811594202898,0.12318840579710146,0.6339285714285714,0.8115942028985508,0.5982142857142857,1.1390837609766076,"A,B,C,D",5,5,lar
5,RUB->KGS,catboost,wf_oos,656,113,215,0.336283185840708,0.3277439024390244,0.3187610619469027,1.0260547437744392,1.0549694614103275,30.01030238114447,111,13.05410166488597,111,84.9529605679619,590.9749040234025,398.7987525129022,408.67153044474196,0.2753623188405797,27.536231884057973,138,0.8188405797101449,0.0,3.0,0.6159420289855072,0.12318840579710146,0.5752212389380531,0.8188405797101449,0.5309734513274337,1.0995273005907722,"A,B,C,D",5,5,lar
5,RUB->KZT,catboost,wf_oos,656,106,183,0.29245283018867924,0.27896341463414637,0.28,1.0483555005670686,1.0444743935309972,32.00090698176813,104,4.451940565009827,104,105.69085404121653,632.8268289424077,493.81838428426545,512.9683649163601,0.2246376811594203,22.463768115942027,138,0.7681159420289855,0.0,3.0,0.6159420289855072,0.11594202898550725,0.5566037735849056,0.7681159420289855,0.5,1.0071433001304868,"A,B,C,D",5,5,lar
5,RUB->TJS,catboost,wf_oos,656,100,230,0.32,0.35060975609756095,0.3484,0.9126956521739131,0.9184845005740528,27.377729051296157,98,19.514937273394196,98,81.09515616777244,382.98572024840996,362.04021472085526,362.04021472085526,0.2318840579710145,23.18840579710145,138,0.7246376811594203,0.0,2.0,0.6521739130434783,0.09420289855072464,0.58,0.7246376811594203,0.53,1.2076285861778504,"A,B,C,D",5,5,lar
5,RUB->UZS,catboost,wf_oos,656,102,204,0.4117647058823529,0.31097560975609756,0.31058823529411766,1.3241061130334486,1.3257575757575757,38.66757724617753,100,24.855564258932976,100,79.49503000285623,417.7912348209301,392.57915463058305,392.579154630583,0.30434782608695654,30.434782608695652,138,0.7391304347826086,0.0,2.299999999999997,0.6884057971014492,0.10144927536231885,0.6666666666666666,0.7391304347826086,0.6078431372549019,1.194767118487182,"A,B,C,D",5,5,lar
5,RUB->AMD,catboost,oot,243,24,74,0.4583333333333333,0.3045267489711934,0.29083333333333333,1.5050675675675675,1.5759312320916905,74.50878173530147,23,10.420510346050749,24,56.60829350717396,252.78378012523862,249.6369522717934,185.11700274641467,0.21153846153846154,21.153846153846153,52,0.46153846153846156,0.0,1.0,0.6346153846153846,0.019230769230769232,0.20833333333333334,0.46153846153846156,0.125,1.2303929263554445,"A,B,C,D",5,5,lar
5,RUB->KGS,catboost,oot,243,25,70,0.48,0.2880658436213992,0.312,1.6662857142857141,1.5384615384615383,121.88502328259442,23,8.997257448597958,24,52.896393286155465,298.05826610085575,271.37151473613505,173.07098445545364,0.23076923076923075,23.076923076923077,52,0.4807692307692308,0.0,1.8999999999999986,0.6730769230769231,0.038461538461538464,0.36,0.4807692307692308,0.24,1.8700692370432956,"A,B,C,D",5,5,lar
5,RUB->KZT,catboost,oot,243,16,80,0.4375,0.3292181069958848,0.3375,1.32890625,1.2962962962962963,124.01691756611058,16,-0.9644585342352645,16,87.63306214240416,389.3431415445181,389.3431415445181,239.61369134906323,0.1346153846153846,13.461538461538462,52,0.3076923076923077,0.0,1.0,0.8076923076923077,0.038461538461538464,0.4375,0.3076923076923077,0.3125,1.5714352346133034,"A,B,C,D",5,5,lar
5,RUB->TJS,catboost,oot,243,24,73,0.5416666666666666,0.3004115226337449,0.30916666666666665,1.8030821917808217,1.752021563342318,135.6638321293074,22,8.32772332170046,24,41.006678591007095,234.82964066508183,229.3526054947137,149.7876585130098,0.25,25.0,52,0.46153846153846156,0.0,1.8999999999999986,0.6923076923076923,0.038461538461538464,0.4166666666666667,0.46153846153846156,0.2916666666666667,2.5369392504829205,"A,B,C,D",5,5,lar
5,RUB->UZS,catboost,oot,243,15,83,0.4666666666666667,0.34156378600823045,0.3093333333333333,1.3662650602409638,1.5086206896551726,108.4710127977817,14,-6.112186646466403,14,70.50452657318105,315.66055563662763,315.66055563662763,184.892987049003,0.1346153846153846,13.461538461538462,52,0.28846153846153844,0.0,1.0,0.8076923076923077,0.019230769230769232,0.4,0.28846153846153844,0.26666666666666666,1.9967259032531373,"A,B,C,D",5,5,lar
