experiment,currency,fold,training_horizon,evaluation_horizon,hit_rate,base_hit_rate,eligible_days,target_positives,positive_target_per_week,all_signals,outcome_signals,excluded_outcome_signals,moment_signals,excluded_moment_signals,empty_week_share,over_two_week_share,weeks,period_start,period_end,small_sample,worst_five_mean_bps,random_hit_rate_lar,random_forward_bps_lar,random_cvar_lar,forward_bps_lar,lift_ci_low,lift_ci_high,lift_bootstrap_valid,moment_advantage_bps_ci_low,moment_advantage_bps_ci_high,moment_advantage_bps_bootstrap_valid,customer_regret_cvar_95_bps_ci_low,customer_regret_cvar_95_bps_ci_high,customer_regret_cvar_95_bps_bootstrap_valid,lift_at_risk_ci_low,lift_at_risk_ci_high,lift_at_risk_bootstrap_valid
catboost_ab,AMD,oot,5.0,1,0.6923076923076923,0.5344129554655871,247,132,2.490566037735849,13,13,0,13,0,0.9056603773584906,0.0566037735849056,53,2025-09-02,2026-09-02,True,27.08290833090654,0.6884615384615383,27.633854762828005,85.8601604681063,34.72488818506208,0.8108427543679343,2.175438596491228,1000,-14.772820927395992,6.8144059714003635,1000,0.0,54.78572216018218,1000,0.8807722166642306,1.7168636620928228,998
catboost_ab,AMD,wf_2022,5.0,1,0.4375,0.5020242914979757,247,124,2.4313725490196076,32,32,0,32,0,0.7254901960784313,0.0980392156862745,51,2022-01-11,2022-12-31,True,306.46140134165955,0.43015625,3.851552447459044,510.6054142686248,9.200829594315785,0.5232912406959016,1.131740475009123,1000,-22.651638132358112,67.53966213077645,1000,150.39134023945743,808.2600538011176,1000,0.0988116435092673,8.841561916051852,1000
catboost_ab,AMD,wf_2023,5.0,1,0.4845360824742268,0.5708502024291497,247,141,2.764705882352941,97,97,0,97,0,0.4705882352941176,0.392156862745098,51,2023-01-10,2023-12-30,True,230.48968929050503,0.4618041237113403,-6.974347332418117,248.2144811589751,-2.1797970772830855,0.7267988692556778,1.038606129214846,1000,3.9971251835649726,14.95164915031152,1000,126.40463169719894,319.35759676877456,1000,0.911812744212863,2.1046239444994534,1000
catboost_ab,AMD,wf_2024,5.0,1,0.575,0.5604838709677419,248,139,2.7254901960784315,40,40,0,40,0,0.7254901960784313,0.1372549019607843,51,2024-01-10,2024-12-29,True,199.83426357197453,0.553125,-4.897566818532309,252.243526086091,-12.03075950266097,0.6708254511446001,1.3529750249750248,1000,-9.578163459572622,4.731230104922849,1000,58.55116852494736,354.15876193781946,1000,0.6025696547411772,1.1614293560251088,1000
catboost_ab,AMD,wf_2025,5.0,1,,0.453416149068323,161,73,2.1470588235294117,0,0,0,0,0,1.0,0.0,34,2025-01-10,2025-08-30,True,,,,,,,,0,,,0,,,0,,,0
catboost_ab,KGS,oot,5.0,1,0.6470588235294118,0.4736842105263157,247,117,2.207547169811321,17,17,0,17,0,0.8679245283018868,0.0566037735849056,53,2025-09-02,2026-09-02,True,94.8623332844849,0.6582352941176471,43.1745999027268,259.403330684509,48.874603166919805,0.9173480762315712,2.1946902654867255,998,-33.87781968979764,0.6723781327736618,998,0.0,259.40333068450894,998,0.7551833735621827,2.211537355228881,997
catboost_ab,KGS,wf_2022,5.0,1,0.4848484848484848,0.4979757085020243,247,123,2.411764705882353,33,33,0,33,0,0.6862745098039216,0.0784313725490196,51,2022-01-11,2022-12-31,True,388.6892636578674,0.5328787878787878,-21.801029883820902,492.05042647123935,-13.109028605193505,0.669247318439571,1.25424666744479,1000,-26.642186834438213,72.99210651732663,1000,142.42960703618078,479.8224264587536,1000,0.4699275679320011,2.1335683864338235,1000
catboost_ab,KGS,wf_2023,5.0,1,0.5,0.5668016194331984,247,140,2.7450980392156863,102,102,0,102,0,0.392156862745098,0.4313725490196078,51,2023-01-10,2023-12-30,False,,0.4961764705882354,-1.7136750490565973,202.08074309681356,4.709964515331923,0.7694079567864185,1.0241294287640543,1000,4.50561264882543,12.499100708717698,1000,98.13212611976851,209.21464145353585,1000,0.9246174554655128,1.9761982605421424,1000
catboost_ab,KGS,wf_2024,5.0,1,0.4545454545454545,0.5645161290322581,248,140,2.7450980392156863,55,55,0,55,0,0.6078431372549019,0.1764705882352941,51,2024-01-10,2024-12-29,True,187.51387498519412,0.4638181818181817,-11.560365595308973,214.13528257470244,-16.078501426112986,0.6415701751797017,0.9707123245881636,1000,-3.1317743074099993,5.978734526718025,1000,105.47140021251992,398.5472450912763,1000,0.7293900907077975,1.0691796142169567,1000
catboost_ab,KGS,wf_2025,5.0,1,0.0,0.422360248447205,161,68,2.0,1,1,0,1,0,0.9705882352941176,0.0,34,2025-01-10,2025-08-30,True,17.18214922219241,0.43,-6.160446434999117,8.870161648862117,-17.15267723621072,0.0,0.0,256,-5.176123559917922,-5.176123559917922,256,17.18214922219241,17.18214922219241,256,0.0,0.0,60
catboost_ab,KZT,oot,5.0,1,0.5172413793103449,0.5748987854251012,247,142,2.679245283018868,29,29,0,29,0,0.7547169811320755,0.0754716981132075,53,2025-09-02,2026-09-02,True,111.68948942656388,0.5677586206896552,23.287551573568397,183.1680341716969,25.919954355670544,0.6623306724721819,1.1457317727907228,1000,-32.54754323791343,-6.221500479945394,1000,75.93587161419558,139.56725451448992,1000,0.7020864281801699,1.9792833595261887,1000
catboost_ab,KZT,wf_2022,5.0,1,0.4210526315789473,0.4696356275303643,247,116,2.2745098039215685,38,38,0,38,0,0.6470588235294118,0.0980392156862745,51,2022-01-11,2022-12-31,True,301.60322437913493,0.3988157894736841,-28.346134676395497,499.6545528285913,12.294859912693129,0.6102646984501349,1.3469217868952352,1000,4.292221753711466,53.25917641224997,1000,213.2816286960737,376.4796879203658,1000,1.1663076012961762,5.822935194812003,1000
catboost_ab,KZT,wf_2023,5.0,1,0.5294117647058824,0.5587044534412956,247,138,2.7058823529411766,102,102,0,102,0,0.3725490196078431,0.4117647058823529,51,2023-01-10,2023-12-30,False,,0.4889705882352941,-1.3246349890308755,253.17743062670215,8.201781420403693,0.8151311983050157,1.1218066274169478,1000,3.20505799423924,14.672674884130592,1000,164.32712719595187,281.3936666140693,1000,1.0130199842969194,1.9951266964398504,1000
catboost_ab,KZT,wf_2024,5.0,1,0.3846153846153846,0.5040322580645161,248,125,2.450980392156863,39,39,0,39,0,0.7254901960784313,0.1176470588235294,51,2024-01-10,2024-12-29,True,116.60180458005476,0.4152564102564103,-8.023334524979148,250.76948692970677,-6.751098116179535,0.4454344467088069,1.0518040687760513,1000,2.3000691587942153,19.20924364500437,1000,76.87621452183268,175.7786974515363,1000,0.6461990348069119,2.3562674834340345,1000
catboost_ab,KZT,wf_2025,5.0,1,,0.4347826086956521,161,70,2.0588235294117645,0,0,0,0,0,1.0,0.0,34,2025-01-10,2025-08-30,True,,,,,,,,0,,,0,,,0,,,0
catboost_ab,TJS,oot,5.0,1,0.7857142857142857,0.5060728744939271,247,125,2.358490566037736,29,28,1,28,1,0.7358490566037735,0.0754716981132075,53,2025-09-02,2026-09-02,True,104.8277960352344,0.7335714285714287,51.49573940549219,114.20625065153745,40.97523774058103,1.157304428904429,1.9510122651762147,1000,-32.72151940247522,-2.928365390330419,1000,18.11754583938674,375.2192912694685,1000,0.2234746333576961,1.8757098643885808,1000
catboost_ab,TJS,wf_2022,5.0,1,0.5641025641025641,0.5303643724696356,247,131,2.5686274509803924,39,39,0,39,0,0.6470588235294118,0.1176470588235294,51,2022-01-11,2022-12-31,True,611.4550762738858,0.4865384615384616,-34.632454435409336,1037.75210314709,-20.399631909776897,0.8374789105000372,1.4074549549549549,1000,0.516389895512119,40.434377154482874,1000,80.36723505601584,1097.8253308230346,1000,0.8146167235521152,11.206556351875363,1000
catboost_ab,TJS,wf_2023,5.0,1,0.4883720930232558,0.5708502024291497,247,141,2.764705882352941,86,86,0,86,0,0.4705882352941176,0.3333333333333333,51,2023-01-10,2023-12-30,True,170.06479688358445,0.4594767441860465,-8.31036474803002,211.48706317251495,-0.5812815279254316,0.7450927727607866,1.0450422581924552,1000,5.043110867777611,14.299309018477176,1000,97.05823774166964,211.15636577757445,1000,1.029432309988954,2.528605265565558,1000
catboost_ab,TJS,wf_2024,5.0,1,0.4864864864864865,0.5483870967741935,248,136,2.6666666666666665,37,37,0,37,0,0.7254901960784313,0.1568627450980392,51,2024-01-10,2024-12-29,True,188.52847805016455,0.545,-8.85237923633696,229.7023576584008,-21.876417815850193,0.6020508055831238,1.179051239856154,1000,-8.811888768052416,6.111570833069097,1000,96.37883765554264,394.8988344240822,1000,0.4360292534010624,0.9938676711015784,1000
catboost_ab,TJS,wf_2025,5.0,1,,0.5217391304347826,161,84,2.4705882352941178,0,0,0,0,0,1.0,0.0,34,2025-01-10,2025-08-30,True,,,,,,,,0,,,0,,,0,,,0
catboost_ab,UZS,oot,5.0,1,0.5454545454545454,0.5506072874493927,247,136,2.5660377358490565,22,22,0,22,0,0.8113207547169812,0.0754716981132075,53,2025-09-02,2026-09-02,True,126.02798571722886,0.6213636363636365,32.12510295742525,190.265699349362,27.315812526793255,0.319025194025194,1.3906361438183348,1000,-41.5700734889013,-8.614140635824548,1000,48.951004262443035,259.1600973263497,1000,0.3698508554115932,1.2684840052155075,997
catboost_ab,UZS,wf_2022,5.0,1,0.4473684210526316,0.4817813765182186,247,119,2.3333333333333335,38,38,0,38,0,0.6470588235294118,0.0980392156862745,51,2022-01-11,2022-12-31,True,488.86210061240126,0.3671052631578946,-56.309881936847304,719.9367555730711,-29.801301804576656,0.5571323924009873,1.4617559523809522,1000,-2.7674160994806165,55.406268889998046,1000,69.25215074710334,848.1230869016821,1000,0.5938815585210937,6.69216290858124,1000
catboost_ab,UZS,wf_2023,5.0,1,0.4807692307692308,0.562753036437247,247,139,2.7254901960784315,104,104,0,104,0,0.4509803921568627,0.4313725490196078,51,2023-01-10,2023-12-30,False,,0.4709134615384615,-4.172247766837579,209.0761191571027,2.171040104405705,0.7159147653895824,1.0796401515151517,1000,3.74129446218665,13.428098442439572,1000,94.06081660801053,204.04335097029687,1000,1.0036955332742317,2.0744839233680152,1000
catboost_ab,UZS,wf_2024,5.0,1,0.3684210526315789,0.5403225806451613,248,134,2.627450980392157,38,38,0,38,0,0.6862745098039216,0.1176470588235294,51,2024-01-10,2024-12-29,True,232.9404979665548,0.4161842105263157,-21.398764478374545,345.6189302967225,-39.32211298558899,0.3878372633211729,0.9339443909455382,1000,-13.932735826191694,1.5020953635265013,1000,100.8500374512633,418.0450001678526,1000,0.6133108189925109,1.192443539434569,1000
catboost_ab,UZS,wf_2025,5.0,1,0.25,0.4472049689440994,161,72,2.1176470588235294,4,4,0,4,0,0.9705882352941176,0.0294117647058823,34,2025-01-10,2025-08-30,True,41.80426025145345,0.40875,-25.809573075857053,62.629448381652985,-36.0474412292744,0.4908536585365854,2.439393939393939,252,-14.591996042900846,-5.166383587541512,252,0.0,66.02899957794506,252,0.5848840088908069,1.0170329179149724,207
catboost_abcd,AMD,oot,5.0,1,0.0,0.5344129554655871,247,132,2.490566037735849,1,1,0,1,0,0.981132075471698,0.0,53,2025-09-02,2026-09-02,True,54.78572216018218,0.795,38.819332126395494,11.231073042837346,-54.48721004509993,0.0,0.0,647,-61.03393811117686,-61.03393811117685,647,54.78572216018218,54.78572216018218,647,0.0,0.0,568
catboost_abcd,AMD,wf_2022,5.0,1,,0.5020242914979757,247,124,2.4313725490196076,0,0,0,0,0,1.0,0.0,51,2022-01-11,2022-12-31,True,,,,,,,,0,,,0,,,0,,,0
catboost_abcd,AMD,wf_2023,5.0,1,0.4615384615384615,0.5708502024291497,247,141,2.764705882352941,52,52,0,52,0,0.6666666666666666,0.196078431372549,51,2023-01-10,2023-12-30,True,222.890960545012,0.4376923076923077,-8.236521265222287,208.67216010393273,-17.36742874399295,0.6236478848745707,0.975355875219036,1000,-7.734854952424385,6.328569082700832,1000,126.7748076888216,359.90593514702687,1000,0.4101432313436039,1.2486219496640572,1000
catboost_abcd,AMD,wf_2024,5.0,1,0.5,0.5604838709677419,248,139,2.7254901960784315,4,4,0,4,0,0.9215686274509804,0.0,51,2024-01-10,2024-12-29,True,5.429492310776718,0.5175,11.872169895722504,56.37311206417872,23.29324498527602,0.0,1.722222222222222,984,-31.135577102736622,-14.591475513702768,984,0.0,11.252733864377529,984,0.0,1.676005511221092,969
catboost_abcd,AMD,wf_2025,5.0,1,0.5263157894736842,0.453416149068323,161,73,2.1470588235294117,19,19,0,19,0,0.6764705882352942,0.0588235294117647,34,2025-01-10,2025-08-30,True,37.2549542238616,0.5236842105263158,0.3373002379308631,147.608945417327,3.638011296912664,0.8238170354864432,1.677137997066493,1000,-29.033522749256537,0.1630787834241421,1000,32.37175430568673,48.95949995794568,1000,1.0577369217389458,2.0473787839071043,1000
catboost_abcd,KGS,oot,5.0,1,0.75,0.4736842105263157,247,117,2.207547169811321,4,4,0,4,0,0.9433962264150944,0.0,53,2025-09-02,2026-09-02,True,13.030377744903676,0.68875,41.481711631085325,130.14830312521133,76.36150508285562,0.0,2.5833333333333335,797,-57.46764498666401,7.932394406444665,797,0.0,52.121510979614705,797,0.0,4.526569496325829,797
catboost_abcd,KGS,wf_2022,5.0,1,,0.4979757085020243,247,123,2.411764705882353,0,0,0,0,0,1.0,0.0,51,2022-01-11,2022-12-31,True,,,,,,,,0,,,0,,,0,,,0
catboost_abcd,KGS,wf_2023,5.0,1,0.48,0.5668016194331984,247,140,2.7450980392156863,50,50,0,50,0,0.6666666666666666,0.196078431372549,51,2023-01-10,2023-12-30,True,165.997462216656,0.4576999999999999,1.5772694556925817,170.3823128301189,3.264811190251858,0.7049205194269963,1.0196806005866912,999,-0.8310678935511671,8.910060551042655,999,42.79189155553729,233.42372218724483,999,0.7497228762648124,1.2312994422628614,999
catboost_abcd,KGS,wf_2024,5.0,1,0.5714285714285714,0.5645161290322581,248,140,2.7450980392156863,7,7,0,7,0,0.8823529411764706,0.0,51,2024-01-10,2024-12-29,True,8.828423422169607,0.595,13.83230309382961,65.44787887103094,24.374211583162285,0.3821833653902198,1.6555525727069345,993,-28.40149694758765,1.7869017174731994,993,0.0,15.32840382149514,993,0.3423204060251883,2.29846361851712,989
catboost_abcd,KGS,wf_2025,5.0,1,0.5,0.422360248447205,161,68,2.0,22,22,0,22,0,0.6470588235294118,0.088235294117647,34,2025-01-10,2025-08-30,True,34.88074839354871,0.4502272727272727,-0.959590106672902,120.09871893018246,2.991551829614646,0.6938663793103449,1.8416542108646736,1000,-24.95908565714819,0.1956481112859102,1000,23.136397360301597,49.83910211129539,1000,1.0574187819365437,2.5586238664957164,1000
catboost_abcd,KZT,oot,5.0,1,0.6666666666666666,0.5748987854251012,247,142,2.679245283018868,3,3,0,3,0,0.9433962264150944,0.0,53,2025-09-02,2026-09-02,True,20.718347549757432,0.7483333333333333,74.75271983076519,73.54674211563699,116.5828134377541,0.0,1.9690412698412691,759,-103.65827053374966,31.06388872400334,759,0.0,62.155042649272296,759,0.0,2.8117915365779114,740
catboost_abcd,KZT,wf_2022,5.0,1,,0.4696356275303643,247,116,2.2745098039215685,0,0,0,0,0,1.0,0.0,51,2022-01-11,2022-12-31,True,,,,,,,,0,,,0,,,0,,,0
catboost_abcd,KZT,wf_2023,5.0,1,0.5789473684210527,0.5587044534412956,247,138,2.7058823529411766,38,38,0,38,0,0.6862745098039216,0.0980392156862745,51,2023-01-10,2023-12-30,True,158.31358642272562,0.4742105263157894,-3.58095413143125,192.66793276909945,6.898802025849307,0.8135650076643516,1.2962997973976598,1000,-7.506417545385549,8.619439590003617,1000,73.20779573464887,297.5341703474421,1000,0.7454480989223069,2.0452227070781683,1000
catboost_abcd,KZT,wf_2024,5.0,1,0.1666666666666666,0.5040322580645161,248,125,2.450980392156863,6,6,0,6,0,0.9019607843137256,0.0,51,2024-01-10,2024-12-29,True,30.560279888359076,0.4508333333333333,27.8011490785576,116.74044924999448,35.57019140099482,0.0,0.9737081692913384,975,-41.35615520527769,-10.08568814353969,975,8.58796993223887,108.30917345877822,975,0.0,1.3968240060040218,963
catboost_abcd,KZT,wf_2025,5.0,1,0.56,0.4347826086956521,161,70,2.0588235294117645,25,25,0,25,0,0.5588235294117647,0.088235294117647,34,2025-01-10,2025-08-30,True,81.55207648337193,0.5068,-8.836078102884978,187.2066503922996,-4.2662388040823025,0.7288742201426026,1.7757448968393326,1000,-47.065268286166095,-0.7946070788436776,1000,45.71895488415301,163.9514879913806,1000,0.9394564099660624,2.531127573536967,1000
catboost_abcd,TJS,oot,5.0,1,1.0,0.5060728744939271,247,125,2.358490566037736,4,4,0,4,0,0.9622641509433962,0.0188679245283018,53,2025-09-02,2026-09-02,True,0.0,0.75875,68.05703221960262,68.20944898029146,142.16998299583284,1.7244949494949495,2.4554455445544554,819,5.679401248550597,17.81042847269876,819,0.0,0.0,819,1.448853954969817,2.746750475458387,792
catboost_abcd,TJS,wf_2022,5.0,1,,0.5303643724696356,247,131,2.5686274509803924,0,0,0,0,0,1.0,0.0,51,2022-01-11,2022-12-31,True,,,,,,,,0,,,0,,,0,,,0
catboost_abcd,TJS,wf_2023,5.0,1,0.4358974358974359,0.5708502024291497,247,141,2.764705882352941,39,39,0,39,0,0.7254901960784313,0.1568627450980392,51,2023-01-10,2023-12-30,True,134.16458596730462,0.3937179487179487,-4.795802457762161,177.4238731718185,-1.4426545451059114,0.6093035777074542,0.976024700524152,999,2.5807394594960824,13.137167514313148,999,57.689103722403466,232.9496537791642,999,0.7158889473168124,1.9245501061907744,999
catboost_abcd,TJS,wf_2024,5.0,1,0.6666666666666666,0.5483870967741935,248,136,2.6666666666666665,6,6,0,6,0,0.8823529411764706,0.0,51,2024-01-10,2024-12-29,True,5.326858269132817,0.5625,6.172692674634617,86.26158164034126,21.194849693257726,0.3965638095238095,1.735181719688761,998,-29.543125591490973,-12.85533689075592,998,0.0,16.056885892556938,998,0.5017697630433369,2.5385529345075715,996
catboost_abcd,TJS,wf_2025,5.0,1,0.5714285714285714,0.5217391304347826,161,84,2.4705882352941178,14,14,0,14,0,0.7647058823529411,0.0588235294117647,34,2025-01-10,2025-08-30,True,25.503873502910057,0.5292857142857144,10.008073660508826,142.9983129077513,21.74392880595629,0.6707984667359668,1.8723667210662311,1000,-32.50429833374007,0.7871223007353825,1000,0.0,42.77382359722193,1000,0.8153174804509564,2.632448971519058,1000
catboost_abcd,UZS,oot,5.0,1,0.75,0.5506072874493927,247,136,2.5660377358490565,4,4,0,4,0,0.9433962264150944,0.0,53,2025-09-02,2026-09-02,True,6.20339731539965,0.76125,37.26601508764904,131.17464862035118,62.88774492888838,0.0,2.0666666666666664,774,-44.426577289770066,2.221647227287349,774,0.0,24.8135892615986,774,0.0,4.281287426653636,774
catboost_abcd,UZS,wf_2022,5.0,1,,0.4817813765182186,247,119,2.3333333333333335,0,0,0,0,0,1.0,0.0,51,2022-01-11,2022-12-31,True,,,,,,,,0,,,0,,,0,,,0
catboost_abcd,UZS,wf_2023,5.0,1,0.4705882352941176,0.562753036437247,247,139,2.7254901960784315,51,51,0,51,0,0.7058823529411765,0.196078431372549,51,2023-01-10,2023-12-30,True,162.35106858320947,0.4463725490196079,-1.992825293773139,174.4951654862587,-2.1721760632112006,0.6369737165315648,1.14588420749135,1000,-0.7218313334556213,7.878085524691071,1000,77.51888552561911,220.54069194042737,1000,0.7376943539203712,1.1751547804938616,1000
catboost_abcd,UZS,wf_2024,5.0,1,0.6,0.5403225806451613,248,134,2.627450980392157,5,5,0,5,0,0.9019607843137256,0.0,51,2024-01-10,2024-12-29,True,11.05008071093838,0.638,9.300228097208546,70.5485823539812,14.897647380690104,0.0,1.77716341212744,983,-31.89973317130224,-16.439966910479775,983,0.0,47.758898755576595,983,0.0,1.804758669281379,972
catboost_abcd,UZS,wf_2025,5.0,1,0.4210526315789473,0.4472049689440994,161,72,2.1176470588235294,19,19,0,19,0,0.6764705882352942,0.0588235294117647,34,2025-01-10,2025-08-30,True,59.90538628174669,0.4447368421052631,-8.847559854835351,154.92502315792908,-7.296284272014378,0.5833201357466063,1.61,1000,-30.06778744586918,2.642065286263076,1000,46.13463320324085,69.3530036963308,1000,0.7300027874654121,2.1395855785338944,1000
level,AMD,oot,,1,0.4761904761904761,0.5344129554655871,247,132,2.490566037735849,42,42,0,42,0,0.7169811320754716,0.1320754716981132,53,2025-09-02,2026-09-02,True,124.6360457588098,0.414047619047619,-5.8432287126994344,143.55571418531954,8.790869108146987,0.7085714285714285,1.2285312474336865,1000,5.579595776574527,24.21910425748347,1000,42.60067662290387,152.98085415171636,1000,1.0883063524105645,1.9654182332629428,1000
level,AMD,wf_2022,,1,0.4375,0.5020242914979757,247,124,2.4313725490196076,32,32,0,32,0,0.8235294117647058,0.1372549019607843,51,2022-01-11,2022-12-31,True,377.66287505869786,0.38125,-33.16573220188105,562.7331652309983,5.298263367895977,0.4702020202020202,1.197651209677419,983,6.642505276606981,42.84284149691201,983,191.0040822441017,587.538387192319,983,0.73553883569459,3.2154029048909036,979
level,AMD,wf_2023,,1,0.36,0.5708502024291497,247,141,2.764705882352941,25,25,0,25,0,0.8823529411764706,0.0980392156862745,51,2023-01-10,2023-12-30,True,120.69038066334905,0.3311999999999999,-15.38359107941718,172.85141293372445,-13.470226723855433,0.4833659491193737,1.2485342465753415,945,-0.1567341576588558,21.956610985798264,945,37.86415269298571,194.3960256011823,945,0.8184102263133262,2.0463773234407587,943
level,AMD,wf_2024,,1,0.4642857142857143,0.5604838709677419,248,139,2.7254901960784315,28,28,0,28,0,0.8431372549019608,0.1372549019607843,51,2024-01-10,2024-12-29,True,183.61313078003593,0.39,-9.023679205588172,331.548915583433,9.592431491063802,0.5847401192022108,1.565223240884891,986,1.92774014084176,63.42979310835329,986,63.462822667921245,529.34288307523,986,0.5472025468401943,3.253900373738389,984
level,AMD,wf_2025,,1,0.4772727272727273,0.453416149068323,161,73,2.1470588235294117,88,88,0,88,0,0.2941176470588235,0.5294117647058824,34,2025-01-10,2025-08-30,True,247.3399926228188,0.4414204545454545,-18.667933484468698,247.33999262281884,-12.9245404441265,0.9470134336984252,1.1506678412424605,1000,2.1708106146384334,8.486206574210712,1000,132.20938987606303,324.24930201626444,1000,1.0149512331940154,1.188688669667128,1000
level,KGS,oot,,1,0.3934426229508196,0.4736842105263157,247,117,2.207547169811321,61,61,0,61,0,0.6226415094339622,0.2075471698113207,53,2025-09-02,2026-09-02,True,138.87053485662858,0.3525409836065574,-10.278620728927756,148.54852326061194,-2.1384808832282447,0.6922727272727273,1.0716256256256256,1000,5.00580896289163,16.515972087997177,1000,115.06574524803526,194.34045807672052,1000,1.0260128110265605,1.382955250239848,1000
level,KGS,wf_2022,,1,0.4285714285714285,0.4979757085020243,247,123,2.411764705882353,42,42,0,42,0,0.7647058823529411,0.1764705882352941,51,2022-01-11,2022-12-31,True,452.6813774541755,0.3740476190476191,-58.18754040164748,656.3692631546937,-3.022692835939771,0.6341760037348272,1.419642355081452,999,11.515744096287351,163.63590885917156,999,347.000020030569,578.6547562049104,999,1.104433477717684,13.369465720319257,999
level,KGS,wf_2023,,1,0.5,0.5668016194331984,247,140,2.7450980392156863,14,14,0,14,0,0.9215686274509804,0.0588235294117647,51,2023-01-10,2023-12-30,True,86.15908839848885,0.4846428571428571,-8.246123340329248,181.5695126736904,-9.44009112116269,0.6495691320006264,1.703448275862069,894,2.1293804733208956,17.407306986068814,894,0.0,200.06988469025933,894,0.7576333651082244,2.2407641324025787,881
level,KGS,wf_2024,,1,0.5909090909090909,0.5645161290322581,248,140,2.7450980392156863,22,22,0,22,0,0.8627450980392157,0.0784313725490196,51,2024-01-10,2024-12-29,True,178.60994554350108,0.5534090909090909,7.537899888557906,362.541766285729,21.65250247253851,0.8040764790764791,1.8931297709923665,993,3.495295896591225,62.37234913766501,993,0.0,497.1124770995017,993,0.6689164375640712,5.74752956604225,987
level,KGS,wf_2025,,1,0.4242424242424242,0.422360248447205,161,68,2.0,99,99,0,99,0,0.2647058823529412,0.6176470588235294,34,2025-01-10,2025-08-30,True,248.7383457503136,0.3994444444444444,-18.926704667527492,248.73834575031364,-15.017023432277876,0.9030320411392404,1.1083541997880233,1000,0.8023602106065314,7.915061771552015,1000,136.2848087756916,301.96001444472785,1000,1.023883480453485,1.142172592644086,1000
level,KZT,oot,,1,0.6842105263157895,0.5748987854251012,247,142,2.679245283018868,19,19,0,19,0,0.8679245283018868,0.0754716981132075,53,2025-09-02,2026-09-02,True,156.21711620374825,0.5305263157894737,-6.433627964549319,218.15654251982764,24.02173989297318,0.946734978018285,1.873137388926863,977,11.7900413034416,88.10402966242386,977,0.0,218.9756070881632,977,1.0223084915601706,4.039878420070341,972
level,KZT,wf_2022,,1,0.3333333333333333,0.4696356275303643,247,116,2.2745098039215685,51,51,0,51,0,0.7058823529411765,0.2156862745098039,51,2022-01-11,2022-12-31,True,475.91927402666863,0.3207843137254902,-61.95141194210433,663.1376967074251,-15.424216869760128,0.4911607483772432,1.073182103287566,1000,18.66349705327808,100.64528791688834,1000,283.76289335090956,659.154361061589,1000,1.0864191808221262,5.16209830058233,1000
level,KZT,wf_2023,,1,0.5238095238095238,0.5587044534412956,247,138,2.7058823529411766,21,21,0,21,0,0.8823529411764706,0.0784313725490196,51,2023-01-10,2023-12-30,True,89.89802617133735,0.4295238095238095,-9.614579786671348,145.05409320890902,5.543106835494546,0.7343443017552077,1.5839712021337928,911,-0.3658058357479781,36.06967717957636,911,45.77968526466414,152.22348916761553,911,1.078792385045955,2.6275403083151043,911
level,KZT,wf_2024,,1,0.4666666666666667,0.5040322580645161,248,125,2.450980392156863,45,45,0,45,0,0.803921568627451,0.196078431372549,51,2024-01-10,2024-12-29,True,308.2500681417088,0.4673333333333334,-15.670771394956503,395.85382306203496,-17.62621248703377,0.7048834560961427,1.066447538631606,988,-1.5301275916592878,11.442259097677985,988,85.92274774019914,651.0400789273851,988,0.8589523098419676,1.071693690469253,987
level,KZT,wf_2025,,1,0.4782608695652174,0.4347826086956521,161,70,2.0588235294117645,115,115,0,115,0,0.1176470588235294,0.6764705882352942,34,2025-01-10,2025-08-30,False,,0.4115652173913043,-20.087185104708936,288.33562290221676,-6.4890365867903945,1.063956093189964,1.209663123005437,1000,5.138761046040591,15.35700060172981,1000,156.88440079488032,320.213099490409,1000,1.1653662728585368,1.8099738015774007,1000
level,TJS,oot,,1,0.4714285714285714,0.5060728744939271,247,125,2.358490566037736,70,70,0,70,0,0.5849056603773585,0.2075471698113207,53,2025-09-02,2026-09-02,True,135.05553400928562,0.4732857142857143,-5.070266842316505,153.11129853480762,-2.4797565922878,0.8032319002872584,1.1170364713721022,1000,2.915355969603736,11.665159701694195,1000,104.0681586437664,182.8369624611148,1000,0.9260945190665822,1.3424211431487905,1000
level,TJS,wf_2022,,1,0.5128205128205128,0.5303643724696356,247,131,2.5686274509803924,39,39,0,39,0,0.7843137254901961,0.1764705882352941,51,2022-01-11,2022-12-31,True,431.99963643628126,0.4258974358974359,-59.82737498856624,911.2258114688784,-8.491341338148473,0.6700116653559526,1.5041950113378684,994,7.591453689568436,118.70641938499467,994,265.1408654574383,559.0699011801714,994,1.0335025631889565,178.57849607288284,994
level,TJS,wf_2023,,1,0.4166666666666667,0.5708502024291497,247,141,2.764705882352941,12,12,0,12,0,0.9411764705882352,0.0588235294117647,51,2023-01-10,2023-12-30,True,49.09566435479729,0.4170833333333333,-3.3219180169512597,158.66544893606272,3.170118022110813,0.422820197044335,1.1242094554716862,820,3.8122926118906433,47.19888263869709,820,34.2962832917526,70.70418778673427,820,0.7686291326764763,3.0628880566848973,805
level,TJS,wf_2024,,1,0.5,0.5483870967741935,248,136,2.6666666666666665,30,30,0,30,0,0.803921568627451,0.1176470588235294,51,2024-01-10,2024-12-29,True,229.89626236516347,0.4381666666666667,-2.3680055998404725,366.8223261080049,9.7359212058995,0.6279023341523342,1.3528848993034526,992,2.9072770647090413,40.237645921617464,992,71.30084907407186,502.7166684185192,992,0.6579164021071385,1.3111849025947406,990
level,TJS,wf_2025,,1,0.4418604651162791,0.5217391304347826,161,84,2.4705882352941178,43,43,0,43,0,0.6764705882352942,0.2352941176470588,34,2025-01-10,2025-08-30,True,255.37215985398197,0.4138372093023255,-30.1257967007572,292.99327574416515,-25.20969921664152,0.5473424723424724,1.0879430445919809,999,1.0911152787853595,13.417779433932813,999,141.05945889055116,335.06989842100097,999,0.9304230956727912,1.3233889505702272,998
level,UZS,oot,,1,0.5102040816326531,0.5506072874493927,247,136,2.5660377358490565,49,49,0,49,0,0.6981132075471698,0.1698113207547169,53,2025-09-02,2026-09-02,True,151.81416892241285,0.4411224489795918,-14.82032552862111,193.26359412919493,0.0391402335797837,0.7487578828266694,1.242699956667776,1000,6.977275179771964,25.264482486592595,1000,111.42412740056604,206.8306137400766,1000,1.093595380882235,1.91807275368914,1000
level,UZS,wf_2022,,1,0.391304347826087,0.4817813765182186,247,119,2.3333333333333335,46,46,0,46,0,0.7647058823529411,0.196078431372549,51,2022-01-11,2022-12-31,True,428.9936601462397,0.3294565217391305,-62.6290618173525,556.7839070372986,-27.18175595702604,0.65330485883921,1.0933830823579789,994,6.500919562745442,75.59109498954908,994,289.6770640656232,556.8935227116523,994,1.0206448142615598,5.542811159265003,994
level,UZS,wf_2023,,1,0.3333333333333333,0.562753036437247,247,139,2.7254901960784315,27,27,0,27,0,0.8823529411764706,0.1176470588235294,51,2023-01-10,2023-12-30,True,121.66506679701784,0.3396296296296296,-18.806076663326778,170.0780020698901,-16.8137611919001,0.3982159315339039,0.8747243578282377,945,-0.0479916684176414,17.248176011497307,945,21.936009091148012,208.6052409593875,945,0.8578761399065093,1.4920763659806688,942
level,UZS,wf_2024,,1,0.5098039215686274,0.5403225806451613,248,134,2.627450980392157,51,51,0,51,0,0.7058823529411765,0.2352941176470588,51,2024-01-10,2024-12-29,True,248.42576017169768,0.4462745098039216,-6.2543425798269165,339.2926144932941,-0.3707977094044533,0.683656905744754,1.2693956444392136,996,1.5054665863629686,12.885965418805084,996,108.20126323148436,543.5865618541947,996,0.8392836424204759,1.400645369659017,995
level,UZS,wf_2025,,1,0.4743589743589743,0.4472049689440994,161,72,2.1176470588235294,78,78,0,78,0,0.3823529411764705,0.5,34,2025-01-10,2025-08-30,True,259.1618894246137,0.4398717948717949,-19.701350001403263,275.747576840838,-13.848117136914144,0.95561152764761,1.2196969696969695,1000,2.7579642079345836,13.08268290839867,1000,144.648998605295,337.85288545061945,1000,1.012583313586185,1.1990053806659675,1000
logreg_a,AMD,oot,5.0,1,0.5,0.5344129554655871,247,132,2.490566037735849,38,38,0,38,0,0.660377358490566,0.1320754716981132,53,2025-09-02,2026-09-02,True,118.55426430214864,0.5134210526315789,5.9357838632290125,142.45880891664592,2.801540594798745,0.6760169989922364,1.346567708042496,1000,-19.816762322335187,-0.3611253896296033,1000,91.03528960956342,192.7352856131548,1000,0.6580117597907211,1.2217121944973424,1000
logreg_a,AMD,wf_2022,5.0,1,1.0,0.5020242914979757,247,124,2.4313725490196076,2,2,0,2,0,0.9607843137254902,0.0,51,2022-01-11,2022-12-31,True,0.0,0.4725,112.50366766600708,226.6082713962088,448.9817570898724,1.7272727272727273,2.4455445544554455,896,-106.8031132891334,-21.221708696507193,896,0.0,0.0,896,3.924407948160259,31.892186387930597,843
logreg_a,AMD,wf_2023,5.0,1,0.2857142857142857,0.5708502024291497,247,141,2.764705882352941,7,7,0,7,0,0.8627450980392157,0.0,51,2023-01-10,2023-12-30,True,23.863947167757527,0.4057142857142857,3.2772690361344883,190.49109623292392,56.08946460302696,0.0,1.6466666666666667,991,-27.899022279825044,17.81656940955001,991,0.0,65.76435726362018,991,0.0,6.226501571791592,984
logreg_a,AMD,wf_2024,5.0,1,0.5074626865671642,0.5604838709677419,248,139,2.7254901960784315,67,67,0,67,0,0.5490196078431373,0.2352941176470588,51,2024-01-10,2024-12-29,True,203.39837145447513,0.4887313432835821,-0.6340910535588141,218.98725651547633,3.655398859319922,0.6763462772716504,1.1488660763296366,1000,-5.597687705241252,4.111270429085847,1000,90.7531197199871,529.34288307523,1000,0.4536712482168745,1.572025307702141,1000
logreg_a,AMD,wf_2025,5.0,1,0.4545454545454545,0.453416149068323,161,73,2.1470588235294117,22,22,0,22,0,0.5882352941176471,0.0588235294117647,34,2025-01-10,2025-08-30,True,110.9232479205864,0.5168181818181817,-1.95323967087925,179.6528141615996,-6.39494307205431,0.7740384615384616,1.270568546332906,1000,-26.32752440715183,-5.736532202969342,1000,90.27861967125364,172.71690690458863,1000,0.5907589200556581,1.654957971704991,1000
logreg_a,KGS,oot,5.0,1,0.5,0.4736842105263157,247,117,2.207547169811321,4,4,0,4,0,0.9245283018867924,0.0,53,2025-09-02,2026-09-02,True,15.534565447138938,0.38625,-7.763432451772749,103.58514594107392,77.966516736076,0.0,2.1565217391304348,987,-57.56783740066496,39.90088855225782,987,0.0,56.86729549774672,987,0.0,5.396092213519225,968
logreg_a,KGS,wf_2022,5.0,1,,0.4979757085020243,247,123,2.411764705882353,0,0,0,0,0,1.0,0.0,51,2022-01-11,2022-12-31,True,,,,,,,,0,,,0,,,0,,,0
logreg_a,KGS,wf_2023,5.0,1,0.5,0.5668016194331984,247,140,2.7450980392156863,6,6,0,6,0,0.8823529411764706,0.0,51,2023-01-10,2023-12-30,True,23.71590449461758,0.42,-5.136538121542235,125.34613770399086,22.69187421824174,0.0,1.691780821917808,977,-31.00888973923375,22.6078395453988,977,0.0,70.0895051036432,977,0.0,2.8390406394678784,966
logreg_a,KGS,wf_2024,5.0,1,0.5272727272727272,0.5645161290322581,248,140,2.7450980392156863,55,55,0,55,0,0.5686274509803921,0.196078431372549,51,2024-01-10,2024-12-29,True,94.5064421153705,0.5375454545454545,2.6461855495682873,144.2888759380712,7.493721047758565,0.6247733058292064,1.0740310259725,1000,-8.533114546178856,-0.856194848586848,1000,81.15321633106909,109.67699419135448,1000,0.7857048682155046,1.874199740519534,1000
logreg_a,KGS,wf_2025,5.0,1,0.75,0.422360248447205,161,68,2.0,4,4,0,4,0,0.8823529411764706,0.0,34,2025-01-10,2025-08-30,True,21.29221732745934,0.4775,-5.836109408612137,167.10302246914202,34.2559880053897,1.2777777777777777,2.824561403508772,986,-56.59175062430188,16.58889463604485,986,0.0,85.16886930983736,986,1.2773326378709873,4.623269855065117,961
logreg_a,KZT,oot,5.0,1,0.8,0.5748987854251012,247,142,2.679245283018868,5,5,0,5,0,0.9245283018867924,0.0,53,2025-09-02,2026-09-02,True,17.94334011582377,0.505,-5.591209458119249,120.04781679989976,32.12915150078044,0.9315727963953816,1.984,998,-36.63410830482338,10.167879939998828,998,0.0,89.71670057911885,998,1.2862145074036733,4.295103961748984,989
logreg_a,KZT,wf_2022,5.0,1,,0.4696356275303643,247,116,2.2745098039215685,0,0,0,0,0,1.0,0.0,51,2022-01-11,2022-12-31,True,,,,,,,,0,,,0,,,0,,,0
logreg_a,KZT,wf_2023,5.0,1,0.6666666666666666,0.5587044534412956,247,138,2.7058823529411766,9,9,0,9,0,0.8431372549019608,0.0,51,2023-01-10,2023-12-30,True,41.09780259978457,0.5511111111111111,23.756576586674814,120.29762778907858,56.1077129492281,0.6855207557302935,1.7272727272727273,1000,-44.24516047649796,9.748206819385429,1000,0.0,98.05357124180291,1000,0.7427813659575823,2.988082620780704,999
logreg_a,KZT,wf_2024,5.0,1,0.4561403508771929,0.5040322580645161,248,125,2.450980392156863,57,57,0,57,0,0.5294117647058824,0.196078431372549,51,2024-01-10,2024-12-29,True,122.50951349884431,0.4747368421052631,3.4241977288541094,208.3180238060659,10.607219846580316,0.6187295949231817,1.188424488152749,1000,-7.951916752473654,2.404608122304924,1000,73.73042713496073,174.39180537772714,1000,0.8579291606543532,2.184457776823143,1000
logreg_a,KZT,wf_2025,5.0,1,0.6666666666666666,0.4347826086956521,161,70,2.0588235294117645,3,3,0,3,0,0.9117647058823528,0.0,34,2025-01-10,2025-08-30,True,19.274331359536344,0.4116666666666667,5.634580220221122,135.31076172389126,28.03613912926569,0.0,2.476923076923077,985,-146.50326087195188,-15.654520917680603,985,0.0,57.82299407860903,985,0.0,6.072779629641943,961
logreg_a,TJS,oot,5.0,1,0.6956521739130435,0.5060728744939271,247,125,2.358490566037736,47,46,1,46,1,0.5471698113207547,0.1132075471698113,53,2025-09-02,2026-09-02,True,151.8310579782889,0.66,34.10501558382045,135.9242526636265,33.132819837888526,1.0404687994931896,1.6754979811676425,1000,-21.27752441028643,-1.930400759720042,1000,70.62360140389121,375.2192912694685,1000,0.3178885010678598,1.4398775847546297,1000
logreg_a,TJS,wf_2022,5.0,1,0.5,0.5303643724696356,247,131,2.5686274509803924,2,2,0,2,0,0.9607843137254902,0.0,51,2022-01-11,2022-12-31,True,40.18361752800792,0.4175,-66.91292606198914,240.15710155158803,68.07496743176377,0.0,1.9510561179852517,745,-37.56003776578475,15.242262975392329,745,0.0,80.36723505601584,745,0.0,12.0106823521767,684
logreg_a,TJS,wf_2023,5.0,1,0.3333333333333333,0.5708502024291497,247,141,2.764705882352941,6,6,0,6,0,0.8823529411764706,0.0,51,2023-01-10,2023-12-30,True,25.52523553432051,0.405,-4.231628628425333,118.31344165766956,21.2226091065972,0.0,1.6689189189189189,977,-31.075560293074343,24.68577352133794,977,0.0,70.52955954605756,977,0.0,2.807628974651492,964
logreg_a,TJS,wf_2024,5.0,1,0.5645161290322581,0.5483870967741935,248,136,2.6666666666666665,62,62,0,62,0,0.4901960784313725,0.196078431372549,51,2024-01-10,2024-12-29,True,222.30790063630175,0.5408064516129033,3.022666699004554,284.98659499025246,10.954509619137148,0.7805121315466143,1.1585804948398943,1000,-6.966119433514459,4.789116996833705,1000,71.45369355973638,463.7254498352611,1000,0.8321771882041795,1.458360213258295,1000
logreg_a,TJS,wf_2025,5.0,1,0.5555555555555556,0.5217391304347826,161,84,2.4705882352941178,27,27,0,27,0,0.5588235294117647,0.088235294117647,34,2025-01-10,2025-08-30,True,102.37597031977018,0.5640740740740741,-0.1839674076416013,184.06066733642297,5.829054374901982,0.7205556589724498,1.2205580843269943,1000,-29.956286265656715,-3.1817684121700434,1000,62.5132804909342,181.76560759842087,1000,0.6561514222843506,1.7169650258816893,1000
logreg_a,UZS,oot,5.0,1,0.5,0.5506072874493927,247,136,2.5660377358490565,4,4,0,4,0,0.9245283018867924,0.0,53,2025-09-02,2026-09-02,True,25.836355615608262,0.4425,0.3986930275803746,121.2624257471096,15.850963563832645,0.0,2.010975609756097,934,-72.93397698629688,-7.464822424765991,934,0.0,83.10971450158355,934,0.0,3.844987302837434,915
logreg_a,UZS,wf_2022,5.0,1,,0.4817813765182186,247,119,2.3333333333333335,0,0,0,0,0,1.0,0.0,51,2022-01-11,2022-12-31,True,,,,,,,,0,,,0,,,0,,,0
logreg_a,UZS,wf_2023,5.0,1,0.2857142857142857,0.562753036437247,247,139,2.7254901960784315,7,7,0,7,0,0.8627450980392157,0.0,51,2023-01-10,2023-12-30,True,37.38671923745862,0.4314285714285714,-2.3447963415217994,128.98267757600988,15.715702981582268,0.0,1.4265604143191428,998,-33.37071933571112,24.65883551649472,998,14.383215122446558,79.12334332897953,998,0.0,2.2935508781494693,993
logreg_a,UZS,wf_2024,5.0,1,0.5098039215686274,0.5403225806451613,248,134,2.627450980392157,51,51,0,51,0,0.5686274509803921,0.196078431372549,51,2024-01-10,2024-12-29,True,158.63420914676274,0.5279411764705881,-3.0649126536901408,229.1672156744934,-2.2769786706646062,0.6505261068096089,1.1358386594068597,1000,-11.422163441810076,-0.3393049668031261,1000,87.05038322963543,231.45256084902587,1000,0.7575226961544456,2.1522841920843687,1000
logreg_a,UZS,wf_2025,5.0,1,0.5,0.4472049689440994,161,72,2.1176470588235294,6,6,0,6,0,0.8235294117647058,0.0,34,2025-01-10,2025-08-30,True,24.365464779465107,0.4533333333333333,-18.744271589431182,176.63689549336988,20.982573156032952,0.0,2.3676470588235294,991,-35.73172142267572,8.493802178721754,991,0.0,76.46392960404924,991,0.0,5.110341255869957,972
logreg_ab,AMD,oot,5.0,1,,0.5344129554655871,247,132,2.490566037735849,0,0,0,0,0,1.0,0.0,53,2025-09-02,2026-09-02,True,,,,,,,,0,,,0,,,0,,,0
logreg_ab,AMD,wf_2022,5.0,1,0.6666666666666666,0.5020242914979757,247,124,2.4313725490196076,6,6,0,6,0,0.8823529411764706,0.0,51,2022-01-11,2022-12-31,True,12.448863603657934,0.3358333333333332,-63.92734768878708,400.6460273895475,88.69319587916351,0.5765828913025175,2.0583333333333336,1000,-24.63382347237733,43.72674561003338,1000,0.0,54.41158477339059,1000,4.785623694312575,24.66179096521758,998
logreg_ab,AMD,wf_2023,5.0,1,,0.5708502024291497,247,141,2.764705882352941,0,0,0,0,0,1.0,0.0,51,2023-01-10,2023-12-30,True,,,,,,,,0,,,0,,,0,,,0
logreg_ab,AMD,wf_2024,5.0,1,0.575,0.5604838709677419,248,139,2.7254901960784315,40,40,0,40,0,0.6274509803921569,0.1176470588235294,51,2024-01-10,2024-12-29,True,83.56793917993866,0.54025,5.973486577745091,174.28996215179882,17.646392505568848,0.57165726338197,1.4351851851851851,1000,-13.95473080922217,2.2302859053318853,1000,38.533178984096146,121.504077846617,1000,0.798231762838414,2.7549471107965964,1000
logreg_ab,AMD,wf_2025,5.0,1,,0.453416149068323,161,73,2.1470588235294117,0,0,0,0,0,1.0,0.0,34,2025-01-10,2025-08-30,True,,,,,,,,0,,,0,,,0,,,0
logreg_ab,KGS,oot,5.0,1,,0.4736842105263157,247,117,2.207547169811321,0,0,0,0,0,1.0,0.0,53,2025-09-02,2026-09-02,True,,,,,,,,0,,,0,,,0,,,0
logreg_ab,KGS,wf_2022,5.0,1,0.6666666666666666,0.4979757085020243,247,123,2.411764705882353,3,3,0,3,0,0.9411764705882352,0.0,51,2022-01-11,2022-12-31,True,2.027662686385027,0.4533333333333333,-32.67337294020539,142.1582227247128,86.37096159870072,0.0,2.231799754299753,988,-6.7796004058851,59.600706188804864,988,0.0,6.082988059155081,988,0.0,6.34450096018342,965
logreg_ab,KGS,wf_2023,5.0,1,,0.5668016194331984,247,140,2.7450980392156863,0,0,0,0,0,1.0,0.0,51,2023-01-10,2023-12-30,True,,,,,,,,0,,,0,,,0,,,0
logreg_ab,KGS,wf_2024,5.0,1,0.46875,0.5645161290322581,248,140,2.7450980392156863,32,32,0,32,0,0.6862745098039216,0.0980392156862745,51,2024-01-10,2024-12-29,True,60.32980257649045,0.50640625,3.472223363242721,94.25157091978112,4.153475290698955,0.4459882831989442,1.080623610946726,1000,-11.361393163840903,-0.026500827694205,1000,40.3932169812804,85.09984343933796,1000,0.6300038686233711,1.2238911929755745,1000
logreg_ab,KGS,wf_2025,5.0,1,1.0,0.422360248447205,161,68,2.0,1,1,0,1,0,0.9705882352941176,0.0,34,2025-01-10,2025-08-30,True,0.0,0.45,-5.709854494386468,8.605623895984193,12.108131159453972,2.024110576923077,2.893205329153605,50,3.720557822581849,3.720557822581849,50,0.0,0.0,50,2.4361328558736703,2.4361328558736703,50
logreg_ab,KZT,oot,5.0,1,,0.5748987854251012,247,142,2.679245283018868,0,0,0,0,0,1.0,0.0,53,2025-09-02,2026-09-02,True,,,,,,,,0,,,0,,,0,,,0
logreg_ab,KZT,wf_2022,5.0,1,0.1818181818181818,0.4696356275303643,247,116,2.2745098039215685,11,11,0,11,0,0.9019607843137256,0.0392156862745098,51,2022-01-11,2022-12-31,True,250.12823719172283,0.2854545454545454,-85.47511746372368,376.47968792036585,-122.77703241846184,0.0,0.936344519660089,985,-53.58057087662682,27.496714268775424,985,1.5895122468134737,376.4796879203658,985,0.0,0.895466715045316,968
logreg_ab,KZT,wf_2023,5.0,1,,0.5587044534412956,247,138,2.7058823529411766,0,0,0,0,0,1.0,0.0,51,2023-01-10,2023-12-30,True,,,,,,,,0,,,0,,,0,,,0
logreg_ab,KZT,wf_2024,5.0,1,0.5,0.5040322580645161,248,125,2.450980392156863,30,30,0,30,0,0.6470588235294118,0.0784313725490196,51,2024-01-10,2024-12-29,True,72.03340422948256,0.4728333333333333,-1.6531270238571425,203.137774654112,18.4252760427609,0.5972634705476452,1.537470007997867,1000,-11.896034139244833,4.404925821920883,1000,62.048376543590855,84.31570784950715,1000,0.8565597893103866,4.790783255328805,1000
logreg_ab,KZT,wf_2025,5.0,1,,0.4347826086956521,161,70,2.0588235294117645,0,0,0,0,0,1.0,0.0,34,2025-01-10,2025-08-30,True,,,,,,,,0,,,0,,,0,,,0
logreg_ab,TJS,oot,5.0,1,,0.5060728744939271,247,125,2.358490566037736,0,0,0,0,0,1.0,0.0,53,2025-09-02,2026-09-02,True,,,,,,,,0,,,0,,,0,,,0
logreg_ab,TJS,wf_2022,5.0,1,0.8,0.5303643724696356,247,131,2.5686274509803924,10,10,0,10,0,0.803921568627451,0.0,51,2022-01-11,2022-12-31,True,18.846700521789828,0.5495,-58.29367499127586,805.3938792016863,107.5128068846185,1.1510097154753645,1.9604909397387271,1000,-2.9267629702892077,62.74899778825353,1000,0.0,80.36723505601584,1000,4.727817731011048,181.4732284391613,1000
logreg_ab,TJS,wf_2023,5.0,1,,0.5708502024291497,247,141,2.764705882352941,0,0,0,0,0,1.0,0.0,51,2023-01-10,2023-12-30,True,,,,,,,,0,,,0,,,0,,,0
logreg_ab,TJS,wf_2024,5.0,1,0.6590909090909091,0.5483870967741935,248,136,2.6666666666666665,44,44,0,44,0,0.5882352941176471,0.1372549019607843,51,2024-01-10,2024-12-29,True,70.99705671879875,0.5980681818181818,8.121352841309317,151.1319485816549,23.522655085212627,0.8888517811704835,1.4091481892091648,1000,-9.527664434245064,1.52175370385179,1000,46.45712145824543,89.48228367230193,1000,1.0045097036408968,2.57448023367977,1000
logreg_ab,TJS,wf_2025,5.0,1,0.6666666666666666,0.5217391304347826,161,84,2.4705882352941178,3,3,0,3,0,0.9411764705882352,0.0,34,2025-01-10,2025-08-30,True,4.9989610085258525,0.655,30.084944049899185,24.190599171102644,34.145370621804595,0.0,1.9634146341463417,759,-47.407669333401344,-5.673278898474798,759,0.0,14.996883025577556,759,0.3845923643281162,1.388445385761965,708
logreg_ab,UZS,oot,5.0,1,,0.5506072874493927,247,136,2.5660377358490565,0,0,0,0,0,1.0,0.0,53,2025-09-02,2026-09-02,True,,,,,,,,0,,,0,,,0,,,0
logreg_ab,UZS,wf_2022,5.0,1,0.5,0.4817813765182186,247,119,2.3333333333333335,10,10,0,10,0,0.8627450980392157,0.0196078431372549,51,2022-01-11,2022-12-31,True,218.87504445334784,0.3879999999999999,-95.2877509848932,672.9734767491665,-52.65742823106767,0.5586347376788553,2.042598140495867,998,-23.29203337088577,31.881401915648063,998,0.0,848.1230869016821,998,0.2702575418919712,10.943780259811088,998
logreg_ab,UZS,wf_2023,5.0,1,,0.562753036437247,247,139,2.7254901960784315,0,0,0,0,0,1.0,0.0,51,2023-01-10,2023-12-30,True,,,,,,,,0,,,0,,,0,,,0
logreg_ab,UZS,wf_2024,5.0,1,0.5833333333333334,0.5403225806451613,248,134,2.627450980392157,24,24,0,24,0,0.6862745098039216,0.0392156862745098,51,2024-01-10,2024-12-29,True,40.26085192109453,0.5447916666666667,3.884874535611139,167.81027887684706,32.94537307674455,0.6796723586925228,1.4307692307692308,1000,-11.436766108530112,5.68640545999901,1000,25.53409504082227,80.0709312872283,1000,0.8098426832379211,5.257019710225289,1000
logreg_ab,UZS,wf_2025,5.0,1,0.3333333333333333,0.4472049689440994,161,72,2.1176470588235294,3,3,0,3,0,0.9705882352941176,0.0294117647058823,34,2025-01-10,2025-08-30,True,38.76571928527787,0.4016666666666667,-26.45384760074572,59.61148094226974,-31.175950545851247,0.6313725490196078,2.441270396270396,239,-14.591996042900846,-5.166383587541512,239,0.0,66.02899957794506,239,0.7925154891657527,1.4086372532201974,153
logreg_abc,AMD,oot,5.0,1,0.6,0.5344129554655871,247,132,2.490566037735849,20,20,0,20,0,0.7547169811320755,0.0377358490566037,53,2025-09-02,2026-09-02,True,95.77789967059891,0.563,7.869416021127661,128.9939499074314,4.574900251626659,0.6168644381398791,1.5103510378510376,1000,-34.56614451017331,-3.5693081861654963,1000,63.45404674829025,126.36853859142592,1000,0.5507665501177255,1.61776166109663,1000
logreg_abc,AMD,wf_2022,5.0,1,0.5,0.5020242914979757,247,124,2.4313725490196076,4,4,0,4,0,0.9607843137254902,0.0196078431372549,51,2022-01-11,2022-12-31,True,48.02153672892051,0.40375,-21.92297897382364,204.0275529677608,45.50664818362278,0.5437988449603494,2.205357142857143,912,-25.859133813269096,62.578062449960555,912,0.0,176.13973799126546,912,0.7692803150806772,4.724556509882457,880
logreg_abc,AMD,wf_2023,5.0,1,,0.5708502024291497,247,141,2.764705882352941,0,0,0,0,0,1.0,0.0,51,2023-01-10,2023-12-30,True,,,,,,,,0,,,0,,,0,,,0
logreg_abc,AMD,wf_2024,5.0,1,,0.5604838709677419,248,139,2.7254901960784315,0,0,0,0,0,1.0,0.0,51,2024-01-10,2024-12-29,True,,,,,,,,0,,,0,,,0,,,0
logreg_abc,AMD,wf_2025,5.0,1,,0.453416149068323,161,73,2.1470588235294117,0,0,0,0,0,1.0,0.0,34,2025-01-10,2025-08-30,True,,,,,,,,0,,,0,,,0,,,0
logreg_abc,KGS,oot,5.0,1,0.5,0.4736842105263157,247,117,2.207547169811321,24,24,0,24,0,0.7169811320754716,0.0377358490566037,53,2025-09-02,2026-09-02,True,134.27081705055244,0.506875,21.550751337959085,200.79282745815271,22.901094971735372,0.4325080749354005,1.420129277538613,1000,-35.09968678549627,-3.179006422508068,1000,75.87914179133071,259.40333068450894,1000,0.4095850653069521,1.786098494919101,1000
logreg_abc,KGS,wf_2022,5.0,1,1.0,0.4979757085020243,247,123,2.411764705882353,2,2,0,2,0,0.9607843137254902,0.0,51,2022-01-11,2022-12-31,True,0.0,0.4575,-1.5433057022317411,61.78356146962387,132.59608741519435,1.776978417266187,2.3980582524271843,908,7.508555551789531,59.60070618880487,908,0.0,0.0,908,3.2451751908024837,4.8605414466212,858
logreg_abc,KGS,wf_2023,5.0,1,,0.5668016194331984,247,140,2.7450980392156863,0,0,0,0,0,1.0,0.0,51,2023-01-10,2023-12-30,True,,,,,,,,0,,,0,,,0,,,0
logreg_abc,KGS,wf_2024,5.0,1,,0.5645161290322581,248,140,2.7450980392156863,0,0,0,0,0,1.0,0.0,51,2024-01-10,2024-12-29,True,,,,,,,,0,,,0,,,0,,,0
logreg_abc,KGS,wf_2025,5.0,1,,0.422360248447205,161,68,2.0,0,0,0,0,0,1.0,0.0,34,2025-01-10,2025-08-30,True,,,,,,,,0,,,0,,,0,,,0
logreg_abc,KZT,oot,5.0,1,0.7,0.5748987854251012,247,142,2.679245283018868,10,10,0,10,0,0.8490566037735849,0.0188679245283018,53,2025-09-02,2026-09-02,True,65.6092681301006,0.524,15.787349719761448,184.48994174447373,48.85565213719278,0.7646454265159301,1.7308940311931336,1000,-42.554358893630386,-3.332348657377977,1000,0.0,218.9756070881632,1000,0.7790857831304767,4.0133033895024,1000
logreg_abc,KZT,wf_2022,5.0,1,1.0,0.4696356275303643,247,116,2.2745098039215685,1,1,0,1,0,0.9803921568627452,0.0,51,2022-01-11,2022-12-31,True,0.0,0.76,85.06859599638639,58.60077021822861,124.52395713400178,1.9036821705426357,2.627659574468085,691,19.83880967141971,19.83880967141971,691,0.0,0.0,691,1.9846619021400032,1.9846619021400032,616
logreg_abc,KZT,wf_2023,5.0,1,,0.5587044534412956,247,138,2.7058823529411766,0,0,0,0,0,1.0,0.0,51,2023-01-10,2023-12-30,True,,,,,,,,0,,,0,,,0,,,0
logreg_abc,KZT,wf_2024,5.0,1,,0.5040322580645161,248,125,2.450980392156863,0,0,0,0,0,1.0,0.0,51,2024-01-10,2024-12-29,True,,,,,,,,0,,,0,,,0,,,0
logreg_abc,KZT,wf_2025,5.0,1,,0.4347826086956521,161,70,2.0588235294117645,0,0,0,0,0,1.0,0.0,34,2025-01-10,2025-08-30,True,,,,,,,,0,,,0,,,0,,,0
logreg_abc,TJS,oot,5.0,1,0.6857142857142857,0.5060728744939271,247,125,2.358490566037736,36,35,1,35,1,0.6037735849056604,0.0754716981132075,53,2025-09-02,2026-09-02,True,158.6138977410001,0.6065714285714285,24.360481092305253,161.9052965097713,25.045780717338825,1.002217878619791,1.6865532183908043,1000,-28.999079362099653,-2.7782160019688953,1000,99.98504121208951,375.2192912694685,1000,0.297127968301662,1.5586174770680448,1000
logreg_abc,TJS,wf_2022,5.0,1,0.6,0.5303643724696356,247,131,2.5686274509803924,5,5,0,5,0,0.9607843137254902,0.0196078431372549,51,2022-01-11,2022-12-31,True,8.433104503530409,0.468,1.150071339194719,119.6748643351464,57.55098211004905,0.6341925064599483,1.7496141744081504,928,4.878749674722016,47.650459910906214,928,0.0,31.811333681432963,928,1.160951694473773,3.236239747235148,899
logreg_abc,TJS,wf_2023,5.0,1,,0.5708502024291497,247,141,2.764705882352941,0,0,0,0,0,1.0,0.0,51,2023-01-10,2023-12-30,True,,,,,,,,0,,,0,,,0,,,0
logreg_abc,TJS,wf_2024,5.0,1,,0.5483870967741935,248,136,2.6666666666666665,0,0,0,0,0,1.0,0.0,51,2024-01-10,2024-12-29,True,,,,,,,,0,,,0,,,0,,,0
logreg_abc,TJS,wf_2025,5.0,1,0.6666666666666666,0.5217391304347826,161,84,2.4705882352941178,3,3,0,3,0,0.9411764705882352,0.0,34,2025-01-10,2025-08-30,True,60.58853586614029,0.505,18.05312037139185,105.423952968499,7.797890754535075,0.0,1.872093023255814,761,-65.11655209675449,-20.84055629403447,761,0.0,181.76560759842087,761,0.3150307809278641,2.004340232173404,681
logreg_abc,UZS,oot,5.0,1,0.6086956521739131,0.5506072874493927,247,136,2.5660377358490565,23,23,0,23,0,0.7735849056603774,0.0566037735849056,53,2025-09-02,2026-09-02,True,130.19934354211006,0.5493478260869565,19.10680532836203,203.5768370856502,23.089820069825382,0.8294314381270904,1.583867447709011,1000,-31.277237765680116,-2.716774579891545,1000,18.535267965198443,259.1600973263497,1000,0.9456872004131998,2.318050286942555,1000
logreg_abc,UZS,wf_2022,5.0,1,0.4,0.4817813765182186,247,119,2.3333333333333335,5,5,0,5,0,0.9411764705882352,0.0,51,2022-01-11,2022-12-31,True,316.9677492699563,0.239,-163.83779225839007,568.5243430845669,-247.22193023221803,0.3103528911564626,2.225225225225225,927,-22.64409687400132,112.29780344041468,927,0.0,848.1230869016821,927,0.1277428305022322,7.746341025057037,896
logreg_abc,UZS,wf_2023,5.0,1,,0.562753036437247,247,139,2.7254901960784315,0,0,0,0,0,1.0,0.0,51,2023-01-10,2023-12-30,True,,,,,,,,0,,,0,,,0,,,0
logreg_abc,UZS,wf_2024,5.0,1,,0.5403225806451613,248,134,2.627450980392157,0,0,0,0,0,1.0,0.0,51,2024-01-10,2024-12-29,True,,,,,,,,0,,,0,,,0,,,0
logreg_abc,UZS,wf_2025,5.0,1,,0.4472049689440994,161,72,2.1176470588235294,0,0,0,0,0,1.0,0.0,34,2025-01-10,2025-08-30,True,,,,,,,,0,,,0,,,0,,,0
logreg_abcd,AMD,oot,5.0,1,,0.5344129554655871,247,132,2.490566037735849,0,0,0,0,0,1.0,0.0,53,2025-09-02,2026-09-02,True,,,,,,,,0,,,0,,,0,,,0
logreg_abcd,AMD,wf_2022,5.0,1,0.3333333333333333,0.5020242914979757,247,124,2.4313725490196076,27,27,0,27,0,0.7647058823529411,0.0980392156862745,51,2022-01-11,2022-12-31,True,316.6098042044197,0.3524074074074073,-58.832834001992296,617.6572283281469,-33.062723147406395,0.2905598575367647,0.9947456571778862,1000,13.15392972935839,78.96026884910272,1000,216.81014821615773,587.538387192319,1000,0.4995611060339862,12.493390571072126,1000
logreg_abcd,AMD,wf_2023,5.0,1,0.4848484848484848,0.5708502024291497,247,141,2.764705882352941,99,99,0,99,0,0.4705882352941176,0.392156862745098,51,2023-01-10,2023-12-30,True,230.48968929050503,0.4609090909090909,-6.649781953556223,248.0788857392897,-1.8445716106504104,0.7208763518235263,1.0354247066503537,1000,3.734763972270045,14.592276124730088,1000,131.29198913850684,309.2905794757487,1000,0.9259474258591722,2.040800958373603,1000
logreg_abcd,AMD,wf_2024,5.0,1,0.5194805194805194,0.5604838709677419,248,139,2.7254901960784315,77,77,0,77,0,0.4705882352941176,0.3137254901960784,51,2024-01-10,2024-12-29,True,208.3814262492303,0.4845454545454545,-1.8340174810776009,222.3220579929373,-0.4200775452828892,0.7381997310322415,1.171213199929474,1000,-4.203482955829172,7.129150369218488,1000,97.78238429876664,354.15876193781946,1000,0.6223588091528491,2.5076588429195383,1000
logreg_abcd,AMD,wf_2025,5.0,1,0.3333333333333333,0.453416149068323,161,73,2.1470588235294117,3,3,0,3,0,0.9117647058823528,0.0,34,2025-01-10,2025-08-30,True,15.768597104531452,0.51,-6.504168421127783,90.43094712392713,40.531317142821216,0.0,2.267605633802817,973,-26.802626686694975,2.1425994457602293,973,0.0,31.144414048907,973,0.0,3.879593864107197,947
logreg_abcd,KGS,oot,5.0,1,,0.4736842105263157,247,117,2.207547169811321,0,0,0,0,0,1.0,0.0,53,2025-09-02,2026-09-02,True,,,,,,,,0,,,0,,,0,,,0
logreg_abcd,KGS,wf_2022,5.0,1,0.391304347826087,0.4979757085020243,247,123,2.411764705882353,23,23,0,23,0,0.7843137254901961,0.0784313725490196,51,2022-01-11,2022-12-31,True,302.469469839337,0.451304347826087,-21.40269376983171,371.19821977063145,-40.21308108873824,0.4071288947677836,1.1115278153153152,1000,6.632648832320827,63.95053083203152,1000,261.55152797868953,360.6459626035363,1000,0.4154166746045828,1.3001231786683782,1000
logreg_abcd,KGS,wf_2023,5.0,1,0.5,0.5668016194331984,247,140,2.7450980392156863,100,100,0,100,0,0.392156862745098,0.4117647058823529,51,2023-01-10,2023-12-30,False,,0.5045499999999999,0.520570896892078,202.6397389422336,4.592792061573969,0.7722685121835331,1.0338680295779554,1000,4.130575408022609,12.785988417552025,1000,96.3417006009796,206.72359177148047,1000,0.9238533473426056,1.7141246534082928,1000
logreg_abcd,KGS,wf_2024,5.0,1,0.5263157894736842,0.5645161290322581,248,140,2.7450980392156863,76,76,0,76,0,0.4509803921568627,0.2549019607843137,51,2024-01-10,2024-12-29,True,194.70526921538325,0.4974342105263157,-1.7631507712116836,181.1691634687638,-3.6990050976220945,0.7749161255411255,1.048288477712363,1000,-3.360748713169958,10.943656496519312,1000,106.75828681651592,398.5472450912763,1000,0.5185918107044665,1.468889888873992,1000
logreg_abcd,KGS,wf_2025,5.0,1,0.6,0.422360248447205,161,68,2.0,5,5,0,5,0,0.8529411764705882,0.0,34,2025-01-10,2025-08-30,True,8.7726855009711,0.4150000000000001,-5.320391787880588,127.83701240126396,25.096320013655134,0.0,2.515625,990,-49.37520356426111,-16.609668340995533,990,0.0,23.136397360301597,990,0.0,4.507527321142348,979
logreg_abcd,KZT,oot,5.0,1,,0.5748987854251012,247,142,2.679245283018868,0,0,0,0,0,1.0,0.0,53,2025-09-02,2026-09-02,True,,,,,,,,0,,,0,,,0,,,0
logreg_abcd,KZT,wf_2022,5.0,1,0.3333333333333333,0.4696356275303643,247,116,2.2745098039215685,24,24,0,24,0,0.7647058823529411,0.0588235294117647,51,2022-01-11,2022-12-31,True,286.3984439933076,0.37625,-56.60142106523381,533.5704070786707,-56.62348642515488,0.3517989183874139,1.3217627960275011,1000,14.147511399133853,96.29683010861096,1000,113.8439657180612,376.4796879203658,1000,1.0128883398896154,6.181157727851439,1000
logreg_abcd,KZT,wf_2023,5.0,1,0.5252525252525253,0.5587044534412956,247,138,2.7058823529411766,99,99,0,99,0,0.392156862745098,0.392156862745098,51,2023-01-10,2023-12-30,True,235.83978013246696,0.5013636363636365,-0.2369991020978349,269.23684921002916,7.3949328597002895,0.8103619817817487,1.1173371120611544,1000,3.7607584231329745,13.335740545655018,1000,159.42795738892158,284.5932330553493,1000,0.9777902025151858,1.8868943182730509,1000
logreg_abcd,KZT,wf_2024,5.0,1,0.4794520547945205,0.5040322580645161,248,125,2.450980392156863,73,73,0,73,0,0.4705882352941176,0.2549019607843137,51,2024-01-10,2024-12-29,True,179.54062600674092,0.4788356164383562,-3.1507254820646513,236.41485924262915,-0.044409765285753,0.7599407236647385,1.1000164210900054,1000,-2.8412645296895818,6.276884341935723,1000,85.59598296242511,230.90553540591495,1000,0.7651796885407562,1.8927613337631308,1000
logreg_abcd,KZT,wf_2025,5.0,1,1.0,0.4347826086956521,161,70,2.0588235294117645,2,2,0,2,0,0.9411764705882352,0.0,34,2025-01-10,2025-08-30,True,0.0,0.52,8.229026638329335,69.87953908507069,61.87016537547496,2.1466666666666665,2.596774193548387,946,-35.79075192534975,-13.015386045645004,946,0.0,0.0,946,1.719178176780784,4.71408386286558,904
logreg_abcd,TJS,oot,5.0,1,,0.5060728744939271,247,125,2.358490566037736,0,0,0,0,0,1.0,0.0,53,2025-09-02,2026-09-02,True,,,,,,,,0,,,0,,,0,,,0
logreg_abcd,TJS,wf_2022,5.0,1,0.53125,0.5303643724696356,247,131,2.5686274509803924,32,32,0,32,0,0.7450980392156863,0.0980392156862745,51,2022-01-11,2022-12-31,True,375.4906638037587,0.4790625,-28.31861628719334,503.5380178070052,-4.9480356639138385,0.8075264064116621,1.2287114685104206,1000,8.47613697801502,62.05872287516568,1000,227.2330094072006,559.0699011801714,1000,0.6375929584754634,2.6154499670466813,1000
logreg_abcd,TJS,wf_2023,5.0,1,0.4819277108433735,0.5708502024291497,247,141,2.764705882352941,83,83,0,83,0,0.4901960784313725,0.3137254901960784,51,2023-01-10,2023-12-30,True,170.06479688358445,0.4677710843373494,-6.194955945782824,203.6443250199002,-0.9442447241355928,0.7241386815920398,1.0268337017143496,1000,4.342786376513197,14.130598136473328,1000,102.06849248237828,211.15636577757448,1000,0.995137035069926,2.3211602048520654,1000
logreg_abcd,TJS,wf_2024,5.0,1,0.5238095238095238,0.5483870967741935,248,136,2.6666666666666665,84,84,0,84,0,0.4509803921568627,0.3137254901960784,51,2024-01-10,2024-12-29,True,244.20539481176507,0.4930952380952381,-1.7738027668241712,237.8935740846204,-2.3287597136619915,0.7858251492437749,1.0764096685971685,1000,-5.218447186594645,4.305466330459252,1000,116.81863952563867,382.86207433943343,1000,0.5824726094879413,1.7137291436590318,1000
logreg_abcd,TJS,wf_2025,5.0,1,0.7272727272727273,0.5217391304347826,161,84,2.4705882352941178,11,11,0,11,0,0.7941176470588235,0.0294117647058823,34,2025-01-10,2025-08-30,True,12.753049057668608,0.62,11.8571422767068,115.96283512974416,42.32590852989154,1.0293614129745792,1.9876543209876545,998,-14.683579330214569,12.81692898784459,998,0.0,24.712875902350717,998,0.8799424641099479,3.768204154910488,997
logreg_abcd,UZS,oot,5.0,1,,0.5506072874493927,247,136,2.5660377358490565,0,0,0,0,0,1.0,0.0,53,2025-09-02,2026-09-02,True,,,,,,,,0,,,0,,,0,,,0
logreg_abcd,UZS,wf_2022,5.0,1,0.3548387096774194,0.4817813765182186,247,119,2.3333333333333335,31,31,0,31,0,0.7450980392156863,0.1176470588235294,51,2022-01-11,2022-12-31,True,551.7745609332794,0.3864516129032257,-72.33176613517382,685.1239456299184,-71.59182469996921,0.4666881162078206,1.0291666666666668,1000,4.692825426472465,48.52710713430117,1000,289.6770640656232,848.1230869016821,1000,0.307967616906763,1.637239054162227,1000
logreg_abcd,UZS,wf_2023,5.0,1,0.49,0.562753036437247,247,139,2.7254901960784315,100,100,0,100,0,0.4509803921568627,0.392156862745098,51,2023-01-10,2023-12-30,False,,0.4771499999999999,-2.798198619319769,218.36124664134385,2.7649449116209492,0.7417231981981981,1.082923556102276,1000,4.121313641152078,13.326833729643967,1000,99.0484245199222,203.1255981624684,1000,1.0188916217789374,2.0619163001390475,1000
logreg_abcd,UZS,wf_2024,5.0,1,0.4819277108433735,0.5403225806451613,248,134,2.627450980392157,83,83,0,83,0,0.4313725490196078,0.3529411764705882,51,2024-01-10,2024-12-29,True,262.5615979982192,0.4746987951807229,-6.215741999280994,218.29788352553297,-13.84100085762719,0.6506248629456745,1.011086878878026,1000,-6.396441050157399,2.6682985873413405,1000,112.15949181201132,395.9102076495258,1000,0.6408983573536554,1.0710192818313835,1000
logreg_abcd,UZS,wf_2025,5.0,1,1.0,0.4472049689440994,161,72,2.1176470588235294,2,2,0,2,0,0.9411764705882352,0.0,34,2025-01-10,2025-08-30,True,0.0,0.605,-3.6893200498881726,102.93487608413358,99.6849015105572,1.9634146341463417,2.7288135593220337,933,-31.07116041702885,8.493802178721754,933,0.0,0.0,933,1.753731191908188,5.470956057744238,895
momentum,AMD,oot,,1,0.4444444444444444,0.5344129554655871,247,132,2.490566037735849,36,36,0,36,0,0.6226415094339622,0.0754716981132075,53,2025-09-02,2026-09-02,True,106.15357081479848,0.3465277777777777,-16.766644642524327,153.1148125493477,-0.9859266232202668,0.6650963257643483,1.1403015525549605,1000,14.072830901847857,33.92782870909727,1000,69.20902298225755,139.40191143707813,1000,1.087632705815545,2.5629407393825803,1000
momentum,AMD,wf_2022,,1,0.3333333333333333,0.5020242914979757,247,124,2.4313725490196076,51,51,0,51,0,0.5882352941176471,0.1764705882352941,51,2022-01-11,2022-12-31,True,411.2014009890159,0.2553921568627451,-58.88587741646118,630.9171845782572,-16.231365811003446,0.4842664292279411,0.8813590361522494,1000,23.447604820437235,67.58865441151788,1000,208.27961263448103,808.2600538011176,1000,1.0149697269051328,5.332218459580029,1000
momentum,AMD,wf_2023,,1,0.4285714285714285,0.5708502024291497,247,141,2.764705882352941,35,35,0,35,0,0.7058823529411765,0.1176470588235294,51,2023-01-10,2023-12-30,True,217.7167074154771,0.3575714285714285,-22.11680954368879,300.2447500457537,-21.97828061331848,0.6167016806722689,1.007050292801473,1000,16.80133694025293,41.81012605009544,1000,104.63338434317514,359.90593514702687,1000,0.6137965467451876,3.163148004840943,1000
momentum,AMD,wf_2024,,1,0.5666666666666667,0.5604838709677419,248,139,2.7254901960784315,30,30,0,30,0,0.6274509803921569,0.0392156862745098,51,2024-01-10,2024-12-29,True,188.1895011597963,0.3414999999999999,-27.18262284415624,315.723339874263,0.6152436152239124,0.7379981203007518,1.48859543817527,1000,15.517932091664928,69.40424341686129,1000,87.09942481512468,354.15876193781946,1000,1.2385526995423837,5.092257764792172,1000
momentum,AMD,wf_2025,,1,0.5,0.453416149068323,161,73,2.1470588235294117,24,24,0,24,0,0.5882352941176471,0.0588235294117647,34,2025-01-10,2025-08-30,True,205.8093196074115,0.3185416666666666,-42.56240343552447,248.064714718143,-17.370166675582855,0.8959916468025645,1.431270833333333,1000,14.695228079457218,49.31785241383638,1000,135.46116991861146,327.82744640361017,1000,1.019482113033324,2.1187707027765375,1000
momentum,KGS,oot,,1,0.4081632653061224,0.4736842105263157,247,117,2.207547169811321,49,49,0,49,0,0.490566037735849,0.0943396226415094,53,2025-09-02,2026-09-02,True,149.13137341688375,0.2937755102040816,-22.41534371752067,168.56556301909097,-9.960011642311123,0.6181815044858523,1.1908942315665003,1000,12.378162231778688,29.17155676865361,1000,121.0983484605042,216.0669724618347,1000,1.008053844874646,2.1629230361917244,1000
momentum,KGS,wf_2022,,1,0.4186046511627907,0.4979757085020243,247,123,2.411764705882353,43,43,0,43,0,0.5686274509803921,0.1176470588235294,51,2022-01-11,2022-12-31,True,395.1052062744811,0.3253488372093024,-40.444425544974834,613.1179542747536,0.0323152073924319,0.6981627296587927,1.0868736689591092,1000,22.64384744815341,93.69503999488091,1000,276.60889836585113,516.3204944779532,1000,1.199728072384569,7.75581635899375,1000
momentum,KGS,wf_2023,,1,0.4117647058823529,0.5668016194331984,247,140,2.7450980392156863,34,34,0,34,0,0.7058823529411765,0.1176470588235294,51,2023-01-10,2023-12-30,True,147.17512806701149,0.3229411764705883,-32.96707642138214,276.65758892161756,-15.105954671462332,0.5419977795193311,0.9815923334542924,1000,12.05318249839336,35.94928902340398,1000,72.84669066369673,233.42372218724483,1000,1.0256842267629125,5.147634686433679,1000
momentum,KGS,wf_2024,,1,0.5483870967741935,0.5645161290322581,248,140,2.7450980392156863,31,31,0,31,0,0.6274509803921569,0.0588235294117647,51,2024-01-10,2024-12-29,True,194.70526921538325,0.3387096774193548,-21.848232765983816,298.1473421672463,1.4674271132956067,0.6888010204081633,1.3715169452665803,1000,13.284886726942757,63.394465618532905,1000,111.59181278062236,398.5472450912763,1000,1.122946674852559,3.750724422035292,1000
momentum,KGS,wf_2025,,1,0.4444444444444444,0.422360248447205,161,68,2.0,27,27,0,27,0,0.6176470588235294,0.088235294117647,34,2025-01-10,2025-08-30,True,212.29452813774415,0.2831481481481481,-36.00595081212214,256.49111431601983,-7.240808563588801,0.6193252141669863,1.5178003796970545,1000,13.628658924992084,46.340006196362296,1000,140.99491879089322,331.42802247946526,1000,0.746177743025558,2.2632105379815717,1000
momentum,KZT,oot,,1,0.4444444444444444,0.5748987854251012,247,142,2.679245283018868,27,27,0,27,0,0.7169811320754716,0.0566037735849056,53,2025-09-02,2026-09-02,True,122.19588169054865,0.3631481481481481,-20.2025978165907,153.0911047598026,3.806355992578855,0.4398874664812984,1.2621084252191122,1000,12.372708122112412,47.3562619530287,1000,55.6369082354835,141.61046148115642,1000,0.974509547555512,2.4909552069137546,1000
momentum,KZT,wf_2022,,1,0.3333333333333333,0.4696356275303643,247,116,2.2745098039215685,45,45,0,45,0,0.5882352941176471,0.1176470588235294,51,2022-01-11,2022-12-31,True,384.5109571578615,0.2013333333333333,-99.9653675424638,442.74186922936735,-70.0158528082957,0.4774446094177997,1.146367318285033,1000,16.291844054104924,49.97614477402186,1000,283.76289335090956,565.8732426353774,1000,0.8946417829124158,4.2434972326819365,1000
momentum,KZT,wf_2023,,1,0.5357142857142857,0.5587044534412956,247,138,2.7058823529411766,28,28,0,28,0,0.6470588235294118,0.0588235294117647,51,2023-01-10,2023-12-30,True,199.06992459710304,0.3419642857142857,-34.16392238581286,308.44058949679584,-17.507778233330857,0.7796440692384842,1.3325963523056514,1000,17.141881953792637,46.80918320965818,1000,119.9427413841292,275.9659415272875,1000,0.8869193635443459,4.543560799906114,1000
momentum,KZT,wf_2024,,1,0.5483870967741935,0.5040322580645161,248,125,2.450980392156863,31,31,0,31,0,0.6078431372549019,0.0196078431372549,51,2024-01-10,2024-12-29,True,191.44927637814743,0.3906451612903225,-22.44638137930685,347.45759849157827,-4.4646001636402275,0.8236714975845411,1.32620320855615,1000,13.784175241922371,33.80136377748161,1000,98.72426938170584,419.7339328024641,1000,0.872347229724768,2.8056596514343446,1000
momentum,KZT,wf_2025,,1,0.56,0.4347826086956521,161,70,2.0588235294117645,25,25,0,25,0,0.5588235294117647,0.0588235294117647,34,2025-01-10,2025-08-30,True,128.3196490213814,0.374,-21.571557056251415,230.93843496090795,20.83887427506972,0.9756887773789468,1.6797344107379315,1000,16.277373347960957,63.466508061126135,1000,93.1323165040221,218.96067157735732,1000,1.049067363970439,3.915094728395023,1000
momentum,TJS,oot,,1,0.4390243902439024,0.5060728744939271,247,125,2.358490566037736,41,41,0,41,0,0.5660377358490566,0.0943396226415094,53,2025-09-02,2026-09-02,True,133.44857814412055,0.3009756097560975,-22.683638034782316,168.36194992869844,-7.796904126822755,0.686718033741608,1.170730569872105,1000,11.097912989788307,31.791561116127266,1000,77.31478395977209,224.8756406081176,1000,1.017558730843161,2.627530209714256,1000
momentum,TJS,wf_2022,,1,0.375,0.5303643724696356,247,131,2.5686274509803924,40,40,0,40,0,0.6470588235294118,0.1176470588235294,51,2022-01-11,2022-12-31,True,343.6384754218449,0.286375,-54.79471818037797,586.6722712279135,-26.95580934707315,0.5304748608547558,0.9509665455856252,1000,13.675314194514458,78.28241500523526,1000,257.6280967680611,479.8213214516123,1000,1.0304521131636344,7.534787339896112,1000
momentum,TJS,wf_2023,,1,0.46875,0.5708502024291497,247,141,2.764705882352941,32,32,0,32,0,0.6862745098039216,0.0980392156862745,51,2023-01-10,2023-12-30,True,149.09806335975964,0.358125,-31.83843745172352,266.4718822773904,-12.848004510467304,0.6299824011883234,1.243472198623736,1000,15.068565974040617,46.69703695145659,1000,63.76678916012346,232.9496537791642,1000,1.0832957360162387,5.807453599845708,1000
momentum,TJS,wf_2024,,1,0.4705882352941176,0.5483870967741935,248,136,2.6666666666666665,34,34,0,34,0,0.6470588235294118,0.0588235294117647,51,2024-01-10,2024-12-29,True,196.90877872753276,0.3444117647058823,-22.91853571765133,267.55187730539797,-18.31870504198399,0.5990239574090506,1.2182505470024267,1000,10.004601203976618,23.694269577992248,1000,110.26871366432545,394.8988344240822,1000,0.8124703386254949,1.87917969878999,1000
momentum,TJS,wf_2025,,1,0.5625,0.5217391304347826,161,84,2.4705882352941178,16,16,0,16,0,0.7352941176470589,0.0294117647058823,34,2025-01-10,2025-08-30,True,199.70458849903005,0.3059375,-53.84901245828586,296.7165657044703,-27.40072556337514,0.7736916701130411,1.3419821055381398,998,25.92426959472681,50.545285132328395,998,45.914058504077374,335.06989842100097,998,0.6367164429046549,3.273116085438635,997
momentum,UZS,oot,,1,0.3333333333333333,0.5506072874493927,247,136,2.5660377358490565,36,36,0,36,0,0.6981132075471698,0.1132075471698113,53,2025-09-02,2026-09-02,True,140.23061799035565,0.2663888888888889,-25.649343714185907,187.9844977569579,-6.7701800447660565,0.4202395438836117,0.9078865421948896,1000,12.302320972320908,33.005283932250215,1000,98.3317885898748,206.8306137400766,1000,0.9802761998285288,2.229514774521356,1000
momentum,UZS,wf_2022,,1,0.3396226415094339,0.4817813765182186,247,119,2.3333333333333335,53,53,0,53,0,0.5490196078431373,0.1568627450980392,51,2022-01-11,2022-12-31,True,599.8231141478611,0.2542452830188679,-75.97987604493238,690.3642731917237,-71.00902833188766,0.5076651735487229,1.0023670524855983,1000,19.09127652421696,54.640063587538975,1000,275.8167319266813,823.1975377661201,1000,0.7201393726230894,2.997929843011118,1000
momentum,UZS,wf_2023,,1,0.4102564102564102,0.562753036437247,247,139,2.7254901960784315,39,39,0,39,0,0.6470588235294118,0.1372549019607843,51,2023-01-10,2023-12-30,True,156.76109720334483,0.3571794871794871,-24.65102071968304,272.3791923264022,-11.553737428948464,0.5257925402929506,1.0423651092321975,1000,14.525266511094808,38.94581586546574,1000,81.80361384925129,220.54069194042737,1000,0.8730176936872799,3.786201479291931,1000
momentum,UZS,wf_2024,,1,0.4571428571428571,0.5403225806451613,248,134,2.627450980392157,35,35,0,35,0,0.6274509803921569,0.0784313725490196,51,2024-01-10,2024-12-29,True,194.08021096031013,0.3352857142857142,-22.553198107678476,318.1448550011766,-10.38937397061639,0.6131657848324514,1.220640308516434,1000,8.550328381263013,49.24851636568419,1000,100.8500374512633,418.0450001678526,1000,0.9844218148903796,3.1711589356483585,1000
momentum,UZS,wf_2025,,1,0.64,0.4472049689440994,161,72,2.1176470588235294,25,25,0,25,0,0.4705882352941176,0.0294117647058823,34,2025-01-10,2025-08-30,True,162.8382336081269,0.3576,-33.93139368707653,258.4659974274719,9.426021928805108,1.0812409205596758,1.765447874493927,1000,24.427644994128748,50.97539698684928,1000,78.31758176532921,338.6698628770235,1000,1.2219879660959363,2.98673629368426,1000
random,AMD,oot,,1,0.5747126436781609,0.5344129554655871,247,132,2.490566037735849,88,87,1,87,1,0.1886792452830188,0.2264150943396226,53,2025-09-02,2026-09-02,True,180.1504964474221,0.5697126436781609,8.900972065335827,184.17868195851625,9.243394389300915,0.9007138169578065,1.2293659973352635,1000,-6.3213954473389045,3.428482235098742,1000,123.98619813695434,229.81703598897457,1000,0.7978128189498,1.3618350559077892,1000
random,AMD,wf_2022,,1,0.5555555555555556,0.5020242914979757,247,124,2.4313725490196076,81,81,0,81,0,0.1372549019607843,0.2156862745098039,51,2022-01-11,2022-12-31,True,367.4408690480138,0.5225308641975308,13.01950790371496,496.26902631824584,35.76311997591126,0.9692322911701456,1.286622781988069,1000,2.6835710468027716,45.00678929913469,1000,224.72585068091303,560.6124714836308,1000,0.8479741304796758,6.493828338882844,1000
random,AMD,wf_2023,,1,0.6133333333333333,0.5708502024291497,247,141,2.764705882352941,75,75,0,75,0,0.1372549019607843,0.1176470588235294,51,2023-01-10,2023-12-30,True,183.7964111746886,0.5894,17.901687934658266,197.21450916985577,26.938109000032117,0.8910426812770563,1.260204081632653,1000,-2.298536599565391,12.781573284588886,1000,88.42715323056909,359.90593514702687,1000,0.5333695097571062,1.8049718434871116,1000
random,AMD,wf_2024,,1,0.6111111111111112,0.5604838709677419,248,139,2.7254901960784315,90,90,0,90,0,0.1568627450980392,0.2745098039215686,51,2024-01-10,2024-12-29,True,196.0526991603948,0.5965555555555555,9.50300140067996,179.92880571838953,9.501521068896723,0.9430773577636028,1.2247374436042322,1000,-2.9257075405559885,11.081519428284174,1000,90.18741762024533,427.1287385742989,1000,0.555211626818645,1.3089129170472442,1000
random,AMD,wf_2025,,1,0.5,0.453416149068323,161,73,2.1470588235294117,52,52,0,52,0,0.1176470588235294,0.1176470588235294,34,2025-01-10,2025-08-30,True,204.69451377787703,0.4623076923076923,-13.349584646096282,223.59848315618044,-6.797947054691325,0.8682097411145239,1.308670101299943,1000,2.8445804554378404,13.138246941986925,1000,124.38671621817444,327.82744640361017,1000,0.6676102754405504,1.365868356266579,1000
random,KGS,oot,,1,0.5652173913043478,0.4736842105263157,247,117,2.207547169811321,70,69,1,69,1,0.1886792452830188,0.1132075471698113,53,2025-09-02,2026-09-02,True,151.06149777335844,0.4993478260869565,3.226424751098666,179.8277926937169,13.41154198024408,0.959884684388567,1.4238793976871746,1000,-8.085611411887903,5.000319226357327,1000,117.04271817848944,218.7044592037518,1000,0.7980027682551093,1.8741188120207488,1000
random,KGS,wf_2022,,1,0.4246575342465753,0.4979757085020243,247,123,2.411764705882353,73,73,0,73,0,0.2156862745098039,0.1764705882352941,51,2022-01-11,2022-12-31,True,672.0966460060475,0.486986301369863,-16.26432240845686,594.3818550414735,-41.93146492785112,0.6972429763686534,1.0191729404080512,1000,-39.52877154769774,3.060574058617534,1000,389.93949834982465,835.6525759457533,1000,0.2556142090334676,1.0416216802694125,1000
random,KGS,wf_2023,,1,0.618421052631579,0.5668016194331984,247,140,2.7450980392156863,76,76,0,76,0,0.1176470588235294,0.0784313725490196,51,2023-01-10,2023-12-30,True,148.07478563238917,0.5685526315789474,10.652571847263388,182.6897290178835,19.00318389491226,0.92077286543244,1.228885332374273,1000,2.7087745140386548,15.41129984750791,1000,99.97695402375942,188.77738813766751,1000,0.885256278730399,1.7683981668832562,1000
random,KGS,wf_2024,,1,0.5747126436781609,0.5645161290322581,248,140,2.7450980392156863,87,87,0,87,0,0.1372549019607843,0.2156862745098039,51,2024-01-10,2024-12-29,True,192.39261658230913,0.5591379310344827,7.789436963177154,191.89240394325896,12.945180634721964,0.899643212503352,1.200267744959215,1000,-6.359247285251638,3.8079095218587526,1000,77.62560381745045,307.34989791075805,1000,0.6493240247003791,1.8542446196656133,1000
random,KGS,wf_2025,,1,0.4464285714285714,0.422360248447205,161,68,2.0,56,56,0,56,0,0.2058823529411764,0.2352941176470588,34,2025-01-10,2025-08-30,True,153.50028330011824,0.4483035714285714,-4.406318813577151,203.5005780824813,0.8112229583990711,0.7590476590501792,1.4648469809760132,1000,-9.520751004648057,18.55803629797356,1000,122.02398053177764,189.05190951901352,1000,0.7582710573924207,2.022276350011396,1000
random,KZT,oot,,1,0.5057471264367817,0.5748987854251012,247,142,2.679245283018868,87,87,0,87,0,0.1698113207547169,0.1886792452830188,53,2025-09-02,2026-09-02,True,264.2602639275857,0.556264367816092,3.685080576205129,257.5590487871533,-4.3633871506023025,0.7405266196840239,0.9887629257972146,1000,-11.076568952174298,7.598452901542806,1000,190.46569556597,335.6761228708649,1000,0.6436220260509375,1.1057708871549594,1000
random,KZT,wf_2022,,1,0.4418604651162791,0.4696356275303643,247,116,2.2745098039215685,86,86,0,86,0,0.196078431372549,0.2352941176470588,51,2022-01-11,2022-12-31,True,478.33157188378374,0.4669767441860465,2.3202880226908387,478.700880168438,-5.148880259653346,0.7119590533709517,1.1143950569358176,1000,-6.697147795845089,26.267620589926786,1000,324.8806875814177,714.7302061019751,1000,0.3650344431261901,2.1019226138948577,1000
random,KZT,wf_2023,,1,0.6266666666666667,0.5587044534412956,247,138,2.7058823529411766,75,75,0,75,0,0.1176470588235294,0.1372549019607843,51,2023-01-10,2023-12-30,True,229.1333348671172,0.5474,9.08606219897862,227.08977040196987,24.516557223275218,0.9399985313137568,1.2588378485196896,1000,-1.1438932957815762,16.165394403040565,1000,113.29608655624315,400.9649440872737,1000,0.6156983460374891,1.682210969556139,1000
random,KZT,wf_2024,,1,0.4705882352941176,0.5040322580645161,248,125,2.450980392156863,68,68,0,68,0,0.1764705882352941,0.1176470588235294,51,2024-01-10,2024-12-29,True,319.21635007109563,0.5155882352941176,2.385111368323246,234.8635324662531,-20.096804375919632,0.6874534398343923,1.0856909414264595,1000,-13.486614030054776,3.942645408649631,1000,148.17937064005156,651.0400789273851,1000,0.1275766573059372,0.9361582036933096,1000
random,KZT,wf_2025,,1,0.3859649122807017,0.4347826086956521,161,70,2.0588235294117645,57,57,0,57,0,0.1470588235294117,0.2352941176470588,34,2025-01-10,2025-08-30,True,282.8847369593901,0.4614912280701755,-11.31435586450758,283.1163223571801,-27.82858173417537,0.6706007639958911,1.0316066289359485,1000,-23.617296453614493,0.3188023642066527,1000,229.78003492536803,364.182182060766,1000,0.4482509183883696,0.842754601738851,1000
random,TJS,oot,,1,0.5205479452054794,0.5060728744939271,247,125,2.358490566037736,73,73,0,73,0,0.2452830188679245,0.1320754716981132,53,2025-09-02,2026-09-02,True,269.26182571605796,0.5063698630136986,-0.4379604729602832,227.39217699281969,-6.347175449020517,0.8305647378061598,1.2263935479724954,1000,-17.887629656790292,0.6577002719731335,1000,189.81723515357305,362.93979741964574,1000,0.5419334066947372,1.01615646463777,1000
random,TJS,wf_2022,,1,0.6197183098591549,0.5303643724696356,247,131,2.5686274509803924,71,71,0,71,0,0.1372549019607843,0.1176470588235294,51,2022-01-11,2022-12-31,True,360.84769791888857,0.529225352112676,18.661796125696497,728.2367308928519,91.1219254425206,0.9520082208950822,1.3970176302639163,1000,1.126949879890236,120.1315106976488,1000,193.51464584273387,463.1910404278483,1000,0.8234342072714801,134.08926671853683,1000
random,TJS,wf_2023,,1,0.6333333333333333,0.5708502024291497,247,141,2.764705882352941,60,60,0,60,0,0.2352941176470588,0.1176470588235294,51,2023-01-10,2023-12-30,True,209.7483572703731,0.5811666666666666,10.867257318587706,209.26535118658467,16.031908148886775,0.9472421481911604,1.318804977739244,1000,-3.990933987620691,8.841045614284615,1000,70.76603190616315,315.1118785709195,1000,0.6235143579216248,1.5900058943638884,1000
random,TJS,wf_2024,,1,0.4558823529411764,0.5483870967741935,248,136,2.6666666666666665,68,68,0,68,0,0.2549019607843137,0.1176470588235294,51,2024-01-10,2024-12-29,True,207.165951126838,0.4848529411764706,-0.4823232931209408,250.92880888180392,-0.1471863247693353,0.6348647774936061,0.990540256464158,1000,-10.402866172913594,1.94198346269137,1000,120.57048815765764,306.8691095130993,1000,0.6577827299525513,1.5851894003352502,1000
random,TJS,wf_2025,,1,0.559322033898305,0.5217391304347826,161,84,2.4705882352941178,59,59,0,59,0,0.1470588235294117,0.2352941176470588,34,2025-01-10,2025-08-30,True,186.20910211526143,0.5217796610169492,-6.769944343892089,223.8734002665228,-7.667848431569964,0.9470508677261228,1.2169249623248963,1000,-11.773800673325676,7.263962862737764,1000,151.89725021717803,210.27535003731225,1000,0.81873420716399,1.5425589094696803,1000
random,UZS,oot,,1,0.492063492063492,0.5506072874493927,247,136,2.5660377358490565,63,63,0,63,0,0.2452830188679245,0.0754716981132075,53,2025-09-02,2026-09-02,True,140.9246187195268,0.5660317460317459,7.225011812013729,175.79820266552642,-1.9776322157224635,0.731547567905932,1.051772256527447,1000,-5.2041936052768225,9.426004842633056,1000,101.7948755612277,177.44355443699567,1000,0.7218131236497237,1.3403622224466345,1000
random,UZS,wf_2022,,1,0.6385542168674698,0.4817813765182186,247,119,2.3333333333333335,83,83,0,83,0,0.2352941176470588,0.2941176470588235,51,2022-01-11,2022-12-31,True,351.2350945376621,0.5491566265060241,9.713820734948424,483.8328943144557,58.07554385945619,1.2063492063492065,1.5910143370431358,1000,11.223989711882066,44.21087479837511,1000,152.7028873689796,500.72004481230897,1000,1.212828689073523,8.874581785365868,1000
random,UZS,wf_2023,,1,0.5903614457831325,0.562753036437247,247,139,2.7254901960784315,83,83,0,83,0,0.1176470588235294,0.2352941176470588,51,2023-01-10,2023-12-30,True,277.3627145040591,0.5509036144578313,5.7573460596018275,222.0073509121291,2.531130501925364,0.843377363676855,1.259050373670595,1000,-9.222863772240656,2.8821426228663634,1000,162.85642674751682,361.7606520963861,1000,0.5818677196984261,1.0644239438294056,1000
random,UZS,wf_2024,,1,0.5487804878048781,0.5403225806451613,248,134,2.627450980392157,82,82,0,82,0,0.0588235294117647,0.196078431372549,51,2024-01-10,2024-12-29,True,241.11120115028092,0.5288414634146342,0.6731252766908006,249.44583961735563,7.776854731087808,0.8345817949342069,1.1415795014070538,1000,-5.7406402281128415,4.520531206810072,1000,114.52248662804958,365.17360694316994,1000,0.6763652968223992,1.8601212918180563,1000
random,UZS,wf_2025,,1,0.375,0.4472049689440994,161,72,2.1176470588235294,48,48,0,48,0,0.2058823529411764,0.1176470588235294,34,2025-01-10,2025-08-30,True,214.131090853825,0.4632291666666666,-10.125124070510294,231.46530223750756,-22.59853829976538,0.4842105263157895,1.143322835547412,1000,-17.485611648859404,3.3226748700620843,1000,135.71884825315536,338.6698628770235,1000,0.3331004110818311,1.2231815779447792,1000
reversal,AMD,oot,,1,0.6,0.5344129554655871,247,132,2.490566037735849,10,10,0,10,0,0.8113207547169812,0.0,53,2025-09-02,2026-09-02,True,59.86519168886862,0.4295,1.5759731124355325,126.71778048361854,21.34022378887823,0.5364983164983165,1.7760650854316546,1000,-45.7964900637633,10.871355861730544,1000,0.0,126.36853859142592,1000,0.5274619873002268,4.114437077482714,999
reversal,AMD,wf_2022,,1,0.6363636363636364,0.5020242914979757,247,124,2.4313725490196076,11,11,0,11,0,0.7843137254901961,0.0,51,2022-01-11,2022-12-31,True,140.31027250292374,0.4413636363636363,-12.579940419472052,499.7147687933437,78.46225578595843,0.712714595892166,1.9249259334415585,999,-103.09926736859448,-8.313745857107165,999,0.0,463.16730650506344,999,0.586818397262791,23.474080983247443,999
reversal,AMD,wf_2023,,1,0.2857142857142857,0.5708502024291497,247,141,2.764705882352941,7,7,0,7,0,0.8627450980392157,0.0,51,2023-01-10,2023-12-30,True,23.863947167757527,0.377142857142857,4.756920616882274,171.02847956558966,56.08946460302696,0.0,1.6689189189189189,988,-29.25890748980722,17.81656940955001,988,0.0,65.76435726362018,988,0.0,4.971879489773798,984
reversal,AMD,wf_2024,,1,0.5454545454545454,0.5604838709677419,248,139,2.7254901960784315,11,11,0,11,0,0.7843137254901961,0.0,51,2024-01-10,2024-12-29,True,28.623179932346865,0.4281818181818181,4.581996156064618,211.78567131919212,50.35959930850698,0.3778512923188933,1.503128156565657,1000,-24.419774703929455,14.04198352791082,1000,9.211962453612443,65.83696812764384,1000,0.7887313199922638,5.769248271232264,999
reversal,AMD,wf_2025,,1,0.5454545454545454,0.453416149068323,161,73,2.1470588235294117,11,11,0,11,0,0.7058823529411765,0.0,34,2025-01-10,2025-08-30,True,68.66845754493944,0.5118181818181817,-3.190473995699099,192.6344150332376,14.64167091646177,0.725164179330846,1.7391975308641976,1000,-38.15851974685808,3.048198468176739,1000,16.16137726468736,172.71690690458863,1000,0.5851427327532771,2.6315121744212653,1000
reversal,KGS,oot,,1,0.3636363636363636,0.4736842105263157,247,117,2.207547169811321,11,11,0,11,0,0.7924528301886793,0.0,53,2025-09-02,2026-09-02,True,62.5388499235151,0.3731818181818181,-5.337088789084389,125.9958737744952,15.70103071686126,0.1581506967058915,1.6804169641424118,1000,-40.16616128227261,12.543058805730524,1000,20.60543053551855,127.95269999284152,1000,0.1633552921746937,3.529257525082175,1000
reversal,KGS,wf_2022,,1,0.75,0.4979757085020243,247,123,2.411764705882353,12,12,0,12,0,0.7647058823529411,0.0,51,2022-01-11,2022-12-31,True,40.141241263057736,0.5383333333333333,14.024295875932914,471.7269504728377,105.5766468711336,0.9536495572953906,2.156417748917749,1000,-182.5913282451292,-8.28727239781551,1000,0.0,180.36658486427103,1000,1.5410999776836765,31.778962538210557,1000
reversal,KGS,wf_2023,,1,0.5,0.5668016194331984,247,140,2.7450980392156863,6,6,0,6,0,0.8823529411764706,0.0,51,2023-01-10,2023-12-30,True,23.71590449461758,0.4325,-0.8141349607577146,115.69672839167076,22.69187421824174,0.2568830000934317,1.7126161398467432,970,-30.710507737576663,22.6078395453988,970,0.0,70.0895051036432,970,0.4760933589178229,2.9583241483142264,957
reversal,KGS,wf_2024,,1,0.625,0.5645161290322581,248,140,2.7450980392156863,8,8,0,8,0,0.8431372549019608,0.0,51,2024-01-10,2024-12-29,True,17.085087121627485,0.469375,15.648825352922875,178.36904669915293,63.876672537201685,0.3420689655172413,1.6644295302013423,999,-26.98016120994372,2.861755999781032,999,0.0,56.38028749043844,999,0.56456307229913,5.713117307299805,993
reversal,KGS,wf_2025,,1,0.375,0.422360248447205,161,68,2.0,16,16,0,16,0,0.5882352941176471,0.0,34,2025-01-10,2025-08-30,True,83.99306873235847,0.46625,-11.547202118503314,198.76351163052345,-6.61983911781315,0.3740929319030094,1.597222222222222,1000,-38.660344181221014,-7.771779850619036,1000,48.19008013953851,181.69888457073347,1000,0.3495721944817742,2.1489800293146515,1000
reversal,KZT,oot,,1,0.7777777777777778,0.5748987854251012,247,142,2.679245283018868,9,9,0,9,0,0.8490566037735849,0.0,53,2025-09-02,2026-09-02,True,61.738461533456416,0.4888888888888889,-8.24967836173659,170.46452335197063,39.86089511148797,1.0053472222222222,1.823977820636451,998,-32.659233503343124,27.930734028841343,998,0.0,218.9756070881632,998,0.8849588583550269,4.9670860132062415,998
reversal,KZT,wf_2022,,1,0.5384615384615384,0.4696356275303643,247,116,2.2745098039215685,13,13,0,13,0,0.7843137254901961,0.0,51,2022-01-11,2022-12-31,True,161.53256128887074,0.5926923076923076,31.572542274269352,585.2357333756553,60.1769643517885,0.8647030507855317,1.5615391750327368,1000,-102.29674199206627,21.239553992285423,1000,162.00635569537437,244.16987590928585,1000,0.7724410724623908,8.608776510841231,1000
reversal,KZT,wf_2023,,1,0.6666666666666666,0.5587044534412956,247,138,2.7058823529411766,9,9,0,9,0,0.8431372549019608,0.0,51,2023-01-10,2023-12-30,True,41.09780259978457,0.5466666666666665,26.776374616553458,113.33621700936024,56.1077129492281,0.6255591762471427,1.7078449074074071,1000,-48.062595477047715,10.40612354073752,1000,0.0,98.05357124180291,1000,0.6476613009209172,2.8763194967569783,1000
reversal,KZT,wf_2024,,1,0.8181818181818182,0.5040322580645161,248,125,2.450980392156863,11,11,0,11,0,0.7843137254901961,0.0,51,2024-01-10,2024-12-29,True,16.391982901045928,0.4890909090909091,-5.781911258032405,293.79968330573934,71.01391837818407,1.2014633187282329,2.016260162601626,1000,-15.468346808608588,22.962699393537783,1000,0.0,79.04790322501798,1000,1.5464181582317906,13.607192117239492,997
reversal,KZT,wf_2025,,1,0.3846153846153846,0.4347826086956521,161,70,2.0588235294117645,13,13,0,13,0,0.6764705882352942,0.0,34,2025-01-10,2025-08-30,True,103.3483219734075,0.4061538461538462,-19.130098040948848,247.13155187852627,-9.465493125653088,0.3941910038663352,1.7153990322360797,1000,-55.796785557661664,-16.208728500940445,1000,80.54079732659147,162.1233129380628,1000,0.4894966846037551,3.091518115125682,1000
reversal,TJS,oot,,1,0.5,0.5060728744939271,247,125,2.358490566037736,12,12,0,12,0,0.7735849056603774,0.0,53,2025-09-02,2026-09-02,True,74.02011848773782,0.5020833333333333,1.4632211009812215,135.02507734691247,3.5262710339561045,0.4879997558444729,1.5630757934241657,1000,-42.37501971804665,-1.4940757269610792,1000,45.79052414590335,122.4653635743067,1000,0.4017591672703843,1.9939256380028711,1000
reversal,TJS,wf_2022,,1,0.7692307692307693,0.5303643724696356,247,131,2.5686274509803924,13,13,0,13,0,0.7647058823529411,0.0,51,2022-01-11,2022-12-31,True,337.178316931539,0.6153846153846153,-24.877533601483936,1159.9241589983542,-1.8267418048633255,1.1464758939974458,1.8298446272359312,1000,-139.5004600823769,4.308882397020019,1000,0.0,1591.658082048746,1000,0.0313346859756972,39.306837854686286,1000
reversal,TJS,wf_2023,,1,0.3333333333333333,0.5708502024291497,247,141,2.764705882352941,6,6,0,6,0,0.8823529411764706,0.0,51,2023-01-10,2023-12-30,True,25.52523553432051,0.375,-10.2045702453496,122.29209604287416,21.2226091065972,0.0,1.6689189189189189,976,-31.192229223135573,24.68577352133794,976,0.0,70.52955954605756,976,0.0,3.4016486489220905,968
reversal,TJS,wf_2024,,1,0.5833333333333334,0.5483870967741935,248,136,2.6666666666666665,12,12,0,12,0,0.7647058823529411,0.0,51,2024-01-10,2024-12-29,True,28.87184359165973,0.3966666666666667,8.171958716905948,205.96892643566665,54.002578986874305,0.3326157064412098,1.656687074132896,1000,-22.76693999843875,9.165632643419372,1000,0.0,53.42752264822836,1000,0.7896653642203946,6.724849958762969,1000
reversal,TJS,wf_2025,,1,0.5,0.5217391304347826,161,84,2.4705882352941178,10,10,0,10,0,0.7352941176470589,0.0,34,2025-01-10,2025-08-30,True,76.60630901184496,0.4759999999999999,-7.022008942168598,211.7086069617816,15.217727065869989,0.4408808933002481,1.453486842105263,995,-44.758206678393854,2.195901185792377,995,53.55899168743239,181.76560759842087,995,0.527967550581705,2.809224983510509,994
reversal,UZS,oot,,1,0.5555555555555556,0.5506072874493927,247,136,2.5660377358490565,9,9,0,9,0,0.8301886792452831,0.0,53,2025-09-02,2026-09-02,True,26.506964256005183,0.4166666666666667,-15.54845564407753,157.72172367683612,17.190808626195277,0.6122331154684096,1.5800244284320717,1000,-47.97536914956537,-6.368529837715274,1000,10.654130852394417,83.10971450158355,1000,1.1327703450067734,4.615953776814081,999
reversal,UZS,wf_2022,,1,0.7333333333333333,0.4817813765182186,247,119,2.3333333333333335,15,15,0,15,0,0.7254901960784313,0.0,51,2022-01-11,2022-12-31,True,49.250427073011416,0.498,-12.037582644945896,556.5146537703298,101.31250795095345,1.0900798360655737,2.1402176948761156,1000,-44.829992811016226,2.862304842896366,1000,0.0,77.71327452245069,1000,6.671368635327623,28.019837818544573,1000
reversal,UZS,wf_2023,,1,0.2857142857142857,0.562753036437247,247,139,2.7254901960784315,7,7,0,7,0,0.8627450980392157,0.0,51,2023-01-10,2023-12-30,True,37.38671923745862,0.4385714285714285,0.9573999306788592,127.48497961154932,15.715702981582268,0.0,1.287807765151515,995,-32.92884056925383,20.958368511846125,995,20.762678089782938,79.12334332897953,995,0.0,1.9761391527245376,985
reversal,UZS,wf_2024,,1,0.7,0.5403225806451613,248,134,2.627450980392157,10,10,0,10,0,0.803921568627451,0.0,51,2024-01-10,2024-12-29,True,9.999616794048816,0.4715,5.2453502485827,209.6346813641235,72.46001844518369,0.5544472225877674,1.743818221830986,1000,-14.680749386009166,18.665598753417793,1000,0.0,25.53409504082227,1000,1.0692830285227235,7.834049004881007,1000
reversal,UZS,wf_2025,,1,0.4375,0.4472049689440994,161,72,2.1176470588235294,16,16,0,16,0,0.5882352941176471,0.0,34,2025-01-10,2025-08-30,True,92.72896294757382,0.4659375,-6.5845969426795365,192.27823040734015,4.364873759084079,0.6036936099003736,1.6541663143356444,1000,-34.740731349224525,-5.5641065318780925,1000,80.02395490394277,168.94764350364744,1000,0.5825944431195126,2.2378340603114126,1000
seasonality,AMD,oot,,1,0.5,0.5344129554655871,247,132,2.490566037735849,50,50,0,50,0,0.7547169811320755,0.1886792452830188,53,2025-09-02,2026-09-02,True,112.11435092939892,0.4725,-0.2129776468498165,142.78634731278035,1.7107787734322877,0.7539789832481821,1.235384304472264,1000,-2.985213947685354,5.510247037798573,1000,82.52663661967385,192.7352856131548,1000,0.9927975903495616,1.290122376946505,1000
seasonality,AMD,wf_2022,,1,0.4081632653061224,0.5020242914979757,247,124,2.4313725490196076,49,49,0,49,0,0.7254901960784313,0.1764705882352941,51,2022-01-11,2022-12-31,True,517.9544423387199,0.3990816326530611,38.79034881589758,630.946207791107,52.56201333870527,0.4223125432908242,1.1515151515151514,1000,-11.20128571345966,33.52585694356127,1000,352.1374070172012,827.2730734084677,1000,0.9204116577791442,1.4701298425031055,1000
seasonality,AMD,wf_2023,,1,0.5833333333333334,0.5708502024291497,247,141,2.764705882352941,48,48,0,48,0,0.7450980392156863,0.196078431372549,51,2023-01-10,2023-12-30,True,136.20740450457447,0.5511458333333333,-1.4466422798623728,177.24644653952117,4.246615265072774,0.7673253181757248,1.4167121513295096,1000,-3.92713301629874,4.479527290267657,1000,17.92377474376869,208.0598681331924,1000,1.0036803967609538,1.8665232414610589,1000
seasonality,AMD,wf_2024,,1,0.56,0.5604838709677419,248,139,2.7254901960784315,50,50,0,50,0,0.7254901960784313,0.1764705882352941,51,2024-01-10,2024-12-29,True,107.89061599016404,0.5459,4.210208642756115,162.41309932213093,10.10635962423758,0.6784162315226144,1.3478719313812484,1000,-0.9575191757658676,11.98044247727018,1000,48.263072548020354,150.34545598653074,1000,0.9200551225068532,2.0828299251000733,1000
seasonality,AMD,wf_2025,,1,0.4210526315789473,0.453416149068323,161,73,2.1470588235294117,38,38,0,38,0,0.6470588235294118,0.2352941176470588,34,2025-01-10,2025-08-30,True,143.77392175174418,0.4467105263157894,-15.771293654603392,187.47263057992893,-15.37951874701521,0.7271687348452432,1.172791956449743,1000,-5.56041440956793,3.357079195504324,1000,88.5592047088668,208.2244050018556,1000,0.7974886751351687,1.1886416321613815,1000
seasonality,KGS,oot,,1,0.5128205128205128,0.4736842105263157,247,117,2.207547169811321,39,39,0,39,0,0.7924528301886793,0.1320754716981132,53,2025-09-02,2026-09-02,True,129.54939084693206,0.4873076923076923,15.125517325697714,199.1763890386032,19.921266561429743,0.7336796973518285,1.4959067628017155,1000,-10.505646373917276,5.119294811227059,1000,85.12370749817921,259.40333068450894,1000,0.9419486279352202,1.3358391976133746,1000
seasonality,KGS,wf_2022,,1,0.5471698113207547,0.4979757085020243,247,123,2.411764705882353,53,53,0,53,0,0.7058823529411765,0.2156862745098039,51,2022-01-11,2022-12-31,True,621.5592768275955,0.5322641509433962,31.459815298523043,662.5031605268633,29.93424254639522,0.9235833916900094,1.3256407851962992,1000,-9.599680168809682,33.49102044458813,1000,349.1594945571474,831.6226786883641,1000,0.4926636688525648,1.2907276646467591,1000
seasonality,KGS,wf_2023,,1,0.532258064516129,0.5668016194331984,247,140,2.7450980392156863,62,62,0,62,0,0.6274509803921569,0.2549019607843137,51,2023-01-10,2023-12-30,True,150.43157782951155,0.5428225806451613,6.904615481655124,163.87721145962266,9.525837005178174,0.6640763104035812,1.1611277613914524,1000,-0.3153286888211596,5.114088378557768,1000,79.86424844898643,233.42372218724483,1000,0.8568153486208258,1.0885262127100122,1000
seasonality,KGS,wf_2024,,1,0.5172413793103449,0.5645161290322581,248,140,2.7450980392156863,58,58,0,58,0,0.6666666666666666,0.2352941176470588,51,2024-01-10,2024-12-29,True,94.5064421153705,0.5190517241379311,0.7517205434704683,127.04221505589034,4.662550111951883,0.6553045371465434,1.0644757191192826,1000,-4.150745722401087,2.376870277760308,1000,75.90965841670318,109.67699419135448,1000,0.8966189977513952,1.2880298129400505,1000
seasonality,KGS,wf_2025,,1,0.4594594594594595,0.422360248447205,161,68,2.0,37,37,0,37,0,0.6764705882352942,0.2352941176470588,34,2025-01-10,2025-08-30,True,160.6572764390215,0.4218918918918918,-4.346962050467348,228.8098202697776,0.3124266425208054,0.7567523115220484,1.5136859979101358,1000,-5.238070576245099,12.791324052208289,1000,49.391913015754966,298.9408951144523,1000,0.848887917805848,1.818641765971512,1000
seasonality,KZT,oot,,1,0.4807692307692308,0.5748987854251012,247,142,2.679245283018868,52,52,0,52,0,0.6981132075471698,0.1698113207547169,53,2025-09-02,2026-09-02,True,201.53413103624908,0.4999038461538461,7.981668325017601,240.6516893967018,5.046127436447657,0.6669924563625351,1.0471519415743604,1000,-13.847279457438711,-0.3256876492904932,1000,141.98131363732506,259.37838729440665,1000,0.8226160633284386,1.123170636365453,1000
seasonality,KZT,wf_2022,,1,0.5471698113207547,0.4696356275303643,247,116,2.2745098039215685,53,53,0,53,0,0.7254901960784313,0.196078431372549,51,2022-01-11,2022-12-31,True,443.77809491675754,0.5420754716981132,57.84121356312733,534.967348075217,56.41555527248696,0.8517164118412492,1.544631070249882,1000,-4.522936679678183,23.511440841107547,1000,271.2226603058439,726.0454865003529,1000,0.9096719327947724,1.3418045441936115,1000
seasonality,KZT,wf_2023,,1,0.5254237288135594,0.5587044534412956,247,138,2.7058823529411766,59,59,0,59,0,0.6862745098039216,0.2352941176470588,51,2023-01-10,2023-12-30,True,214.0323548552088,0.5668644067796611,10.130431283777837,251.64775688010909,3.8408561142699846,0.674038671023965,1.137057644227278,1000,-5.251919591228871,5.486807356276539,1000,138.6212924460391,297.5341703474421,1000,0.7181760769138862,1.0485795096292407,1000
seasonality,KZT,wf_2024,,1,0.4464285714285714,0.5040322580645161,248,125,2.450980392156863,56,56,0,56,0,0.6862745098039216,0.2156862745098039,51,2024-01-10,2024-12-29,True,121.24126425098191,0.4534821428571428,3.365709231248428,176.0367128496594,6.799531498713227,0.621298138869005,1.0945041247168903,1000,-4.181537825847979,3.4035623667039534,1000,71.07168908993211,174.39180537772714,1000,0.8846812458022377,1.376418290170341,1000
seasonality,KZT,wf_2025,,1,0.525,0.4347826086956521,161,70,2.0588235294117645,40,40,0,40,0,0.6176470588235294,0.2352941176470588,34,2025-01-10,2025-08-30,True,215.72081729351257,0.510625,-5.260330067199936,249.73971334755856,-10.306926550702366,1.034926282051282,1.5683223362658845,1000,-6.920339250807665,6.2705215942359365,1000,60.68799612649612,352.14179144722027,1000,0.6126925780738106,1.4732919617458722,1000
seasonality,TJS,oot,,1,0.6956521739130435,0.5060728744939271,247,125,2.358490566037736,47,46,1,46,1,0.6981132075471698,0.1509433962264151,53,2025-09-02,2026-09-02,True,142.76564676461234,0.638695652173913,29.7220947769764,133.6887026193937,31.725720106811146,0.9859948028653448,1.7584218397321096,1000,-9.93787291061478,4.163749238779335,1000,74.4543739275283,375.2192912694685,1000,0.3291542990306957,1.4705586493223133,1000
seasonality,TJS,wf_2022,,1,0.5,0.5303643724696356,247,131,2.5686274509803924,48,48,0,48,0,0.7647058823529411,0.196078431372549,51,2022-01-11,2022-12-31,True,676.1467757456896,0.4923958333333333,4.615816554046957,771.3275407863761,-1.3069027751258868,0.7822851415176447,1.1496228434185425,1000,-26.182039657920985,8.822149403441802,1000,286.3835277689919,1097.8253308230346,1000,0.5609034800480535,1.246645201912277,1000
seasonality,TJS,wf_2023,,1,0.5,0.5708502024291497,247,141,2.764705882352941,48,48,0,48,0,0.7450980392156863,0.1764705882352941,51,2023-01-10,2023-12-30,True,149.75803407714938,0.4829166666666667,-5.092179385989028,176.1333165525669,-4.467621024118993,0.5624479245568852,1.1359460840205755,1000,-3.9725586765640166,4.653241982096967,1000,97.05566224288944,232.9496537791642,1000,0.953546951354418,1.1761307450309784,1000
seasonality,TJS,wf_2024,,1,0.6078431372549019,0.5483870967741935,248,136,2.6666666666666665,51,51,0,51,0,0.7058823529411765,0.2156862745098039,51,2024-01-10,2024-12-29,True,153.60329571723864,0.5785294117647058,3.756248097748028,280.5948830586092,17.317431344639836,0.8708949069933456,1.232340602541271,1000,-3.883506508910557,12.054302365311305,1000,85.28317413611528,346.751794085487,1000,0.7518771831717136,2.9885962049301247,1000
seasonality,TJS,wf_2025,,1,0.5757575757575758,0.5217391304347826,161,84,2.4705882352941178,33,33,0,33,0,0.7058823529411765,0.1764705882352941,34,2025-01-10,2025-08-30,True,169.67525343092893,0.5727272727272728,0.1740814883084399,255.92192103346076,-0.7373074952898507,0.8266433158822711,1.404094175688925,1000,-12.381303901164774,5.990369036861463,1000,44.89282672351713,335.06989842100097,1000,0.869494940907056,1.2962408811915245,1000
seasonality,UZS,oot,,1,0.5208333333333334,0.5506072874493927,247,136,2.5660377358490565,48,48,0,48,0,0.7547169811320755,0.1698113207547169,53,2025-09-02,2026-09-02,True,164.72835636449724,0.5096875,7.301605134279242,197.69320040889576,9.697243302844576,0.57590702770823,1.2384519846350832,1000,-7.769760552227793,8.647938958612942,1000,120.25086168810373,259.1600973263497,1000,0.9118576948663332,1.3313678813147924,1000
seasonality,UZS,wf_2022,,1,0.4807692307692308,0.4817813765182186,247,119,2.3333333333333335,52,52,0,52,0,0.7058823529411765,0.2156862745098039,51,2022-01-11,2022-12-31,True,499.1910822160036,0.4863461538461539,23.674388602433226,595.9900520642394,27.081651903318736,0.7454661949685536,1.3033014575318138,1000,-12.256801883264783,21.9687381754448,1000,395.77673499609614,646.95520613822,1000,0.7872718450194717,1.5417756687495316,1000
seasonality,UZS,wf_2023,,1,0.6111111111111112,0.562753036437247,247,139,2.7254901960784315,54,54,0,54,0,0.7058823529411765,0.196078431372549,51,2023-01-10,2023-12-30,True,135.64638020748143,0.567962962962963,8.425758279134643,159.64560376187913,15.831023760962124,0.7779696025051532,1.4860764337082792,1000,-0.2594706370226285,6.272463212350462,1000,52.68677627651887,220.54069194042737,1000,0.9685781918351466,1.243517965174613,1000
seasonality,UZS,wf_2024,,1,0.4629629629629629,0.5403225806451613,248,134,2.627450980392157,54,54,0,54,0,0.6862745098039216,0.2156862745098039,51,2024-01-10,2024-12-29,True,232.9404979665548,0.4767592592592592,-15.772347633810076,286.5205515480294,-20.98419865306691,0.5247104674305066,1.0760824996110652,1000,-8.827674797197195,1.3150681713316144,1000,115.03149354352806,418.0450001678526,1000,0.7462015514343624,1.1262812845424792,1000
seasonality,UZS,wf_2025,,1,0.4838709677419355,0.4472049689440994,161,72,2.1176470588235294,31,31,0,31,0,0.7352941176470589,0.1764705882352941,34,2025-01-10,2025-08-30,True,170.94901511358665,0.4674193548387096,-9.23471087379253,238.8880955917525,-5.487532968923804,0.805,1.4940916532628672,998,-6.953702897601473,12.999243153743672,998,69.3530036963308,336.2189305978114,998,0.7974876337164158,1.4888789483967455,998
catboost_ab,AMD,wf_oos,5.0,1,0.5109489051094891,0.538109756097561,656,353,2.5579710144927534,137,137,0,137,0,0.7028985507246377,0.1956521739130435,138,2023-01-10,2025-08-30,False,,0.4889416058394161,-6.651723546315318,251.730748286105,-5.055990486152541,0.788393558852442,1.131908181669126,1000,1.1973791789529264,9.649548136380544,1000,147.91238078045734,330.93251056476674,1000,0.7999762212927205,1.5236850185772104,1000
catboost_ab,KGS,wf_oos,5.0,1,0.4810126582278481,0.5304878048780488,656,348,2.5217391304347827,158,158,0,158,0,0.6231884057971014,0.2246376811594203,138,2023-01-10,2025-08-30,False,,0.4831012658227848,-5.105337613610308,214.60739412834343,-2.664897943725121,0.7666585372900454,1.0660352939811073,1000,2.4121818050580486,9.038120637096926,1000,123.98167374838418,281.09244722362723,1000,0.8639360911795303,1.4578213815200278,1000
catboost_ab,KZT,wf_oos,5.0,1,0.4893617021276595,0.5076219512195121,656,333,2.4130434782608696,141,141,0,141,0,0.6666666666666666,0.1956521739130435,138,2023-01-10,2025-08-30,False,,0.4708156028368794,-2.9596039277332977,255.218535489701,4.065878569859391,0.822487589787355,1.1392831913761052,1000,4.551837557562902,13.54474634188018,1000,155.27978734709453,256.1042488385797,1000,0.9996588501509204,1.9794766636407648,1000
catboost_ab,TJS,wf_oos,5.0,1,0.4878048780487805,0.5503048780487805,656,361,2.6159420289855073,123,123,0,123,0,0.7028985507246377,0.181159420289855,138,2023-01-10,2025-08-30,False,,0.4862601626016261,-8.394106596803788,219.87980361162977,-6.987135533236132,0.7397123982865337,1.0626075374005703,1000,1.8490414475072716,9.921715133281156,1000,131.8282608885256,312.3134396745396,1000,0.7384537009620689,1.5902107375538366,1000
catboost_ab,UZS,wf_oos,5.0,1,0.4452054794520548,0.5259146341463414,656,345,2.5,146,146,0,146,0,0.6739130434782609,0.2101449275362318,138,2023-01-10,2025-08-30,False,,0.4542465753424657,-9.49817173061938,248.82194497868488,-9.675629366515656,0.7046666951137065,1.0401710531909718,1000,0.2375457340422491,8.309920866245555,1000,149.65942567437727,302.6606637964,1000,0.9166658572769808,1.543693480055347,1000
catboost_abcd,AMD,wf_oos,5.0,1,0.48,0.538109756097561,656,353,2.5579710144927534,75,75,0,75,0,0.7681159420289855,0.0869565217391304,138,2023-01-10,2025-08-30,True,222.890960545012,0.4641333333333333,-5.20112279978094,206.13124758080812,-9.877481334735846,0.7235044356762984,1.0934999999999997,1000,-10.1988822756918,1.298818538554712,1000,113.32810870675247,359.90593514702687,1000,0.4993489073326548,1.3737361654118012,1000
catboost_abcd,KGS,wf_oos,5.0,1,0.4936708860759494,0.5304878048780488,656,348,2.5217391304347827,79,79,0,79,0,0.7463768115942029,0.0942028985507246,138,2023-01-10,2025-08-30,True,165.997462216656,0.4654430379746834,1.8356829585523875,174.5244368084721,5.059166846155079,0.7658414402734218,1.0834747009481722,1000,-8.403043011946059,3.2226146492116654,1000,72.14260369358097,220.13777691761223,1000,0.8500520592849187,1.4511750147474254,1000
catboost_abcd,KZT,wf_oos,5.0,1,0.5362318840579711,0.5076219512195121,656,333,2.4130434782608696,69,69,0,69,0,0.7391304347826086,0.0579710144927536,138,2023-01-10,2025-08-30,True,172.22669839681436,0.4839130434782609,-2.8921046265882784,201.1513477821624,5.346661670814279,0.8344682953667527,1.2615595716198125,1000,-20.9725575187263,0.3314700761719998,1000,115.02568208236356,297.5341703474421,1000,0.9071526643748778,1.6917387644830926,1000
catboost_abcd,TJS,wf_oos,5.0,1,0.4915254237288136,0.5503048780487805,656,361,2.6159420289855073,59,59,0,59,0,0.7971014492753623,0.072463768115942,138,2023-01-10,2025-08-30,True,134.16458596730462,0.4420338983050847,-0.6059933712457513,179.65903486584506,6.36136566413227,0.7189673055225153,1.0843295625500655,1000,-11.87051629520382,5.094029503899524,1000,50.424815871097735,232.9496537791642,1000,0.8489644111014902,1.95622225369556,1000
catboost_abcd,UZS,wf_oos,5.0,1,0.4666666666666667,0.5259146341463414,656,345,2.5,75,75,0,75,0,0.7753623188405797,0.0869565217391304,138,2023-01-10,2025-08-30,True,162.35106858320947,0.461,-2.734799722719996,176.83683697162033,-2.3322952465145845,0.7099079491936635,1.1531594891594892,1000,-10.966179475423631,2.4530659910986454,1000,86.71118008915676,216.5870738029579,1000,0.7970648625573437,1.3646844077476523,1000
level,AMD,wf_oos,,1,0.4539007092198581,0.538109756097561,656,353,2.5579710144927534,141,141,0,141,0,0.7246376811594203,0.217391304347826,138,2023-01-10,2025-08-30,False,,0.4117375886524822,-15.662006483122662,262.9201873375431,-8.549837910849158,0.7051863934326269,0.9812102914294968,1000,3.162334071907496,14.177269228286322,1000,163.80167191373755,398.2972436539158,1000,0.9242538885081816,1.293372299050093,1000
level,KGS,wf_oos,,1,0.4592592592592592,0.5304878048780488,656,348,2.5217391304347827,135,135,0,135,0,0.7391304347826086,0.2028985507246377,138,2023-01-10,2025-08-30,False,,0.431074074074074,-13.764147002279485,285.2222688669528,-8.462900304414372,0.7330818343509912,1.022352940144036,1000,3.0332834717178927,14.364323827930011,1000,172.5948588954,376.7632802558979,1000,0.9585165505690774,1.331442162350268,1000
level,KZT,wf_oos,,1,0.4806629834254143,0.5076219512195121,656,333,2.4130434782608696,181,181,0,181,0,0.6666666666666666,0.2681159420289855,138,2023-01-10,2025-08-30,False,,0.4283425414364641,-18.12041590582793,313.93154166811746,-7.861953181502924,0.8524038909065896,1.0475653135267604,1000,4.710712277723404,13.99403491240984,1000,163.70126293752412,410.6555023491675,1000,1.0909987874629223,1.6263698119686238,1000
level,TJS,wf_oos,,1,0.4588235294117647,0.5503048780487805,656,361,2.6159420289855073,85,85,0,85,0,0.8260869565217391,0.1231884057971014,138,2023-01-10,2025-08-30,True,345.6896579473003,0.424235294117647,-16.536661234909108,324.74723982609584,-8.869388398509068,0.6549199355266958,1.0039125566244207,1000,3.975317734135026,17.260033142212794,1000,141.05945889055116,463.7254498352611,1000,0.8328764147630944,1.1992242413059324,1000
level,UZS,wf_oos,,1,0.4615384615384615,0.5259146341463414,656,345,2.5,156,156,0,156,0,0.6956521739130435,0.2536231884057971,138,2023-01-10,2025-08-30,False,,0.4252564102564102,-14.776996677912052,290.6494338909002,-9.955354948975854,0.7307675354914921,1.0186204935922143,1000,3.6520989762574936,9.778696622095506,1000,175.23267234048205,402.0510788203299,1000,0.9585382231323386,1.1702405873371662,1000
logreg_a,AMD,wf_oos,5.0,1,0.4791666666666667,0.538109756097561,656,353,2.5579710144927534,96,96,0,96,0,0.6811594202898551,0.1014492753623188,138,2023-01-10,2025-08-30,True,224.5585462516564,0.4872916666666667,0.0768378580771846,236.80157341737285,5.1755127938586325,0.7018648640202572,1.0734868211950594,1000,-10.453214652257753,-0.1003182580349644,1000,106.88858643901816,389.0897766980967,1000,0.6761956355496395,1.5033450525098475,1000
logreg_a,KGS,wf_oos,5.0,1,0.5384615384615384,0.5304878048780488,656,348,2.5217391304347827,65,65,0,65,0,0.7681159420289855,0.072463768115942,138,2023-01-10,2025-08-30,True,95.53647787792798,0.5192307692307692,1.1750428713126508,163.18084063204688,10.543536230118928,0.7742743764172337,1.3045843551118117,1000,-12.945343311949737,-3.031305594942572,1000,80.38275827351727,109.67699419135444,1000,1.0202233254330193,2.3287789607969303,1000
logreg_a,KZT,wf_oos,5.0,1,0.4927536231884058,0.5076219512195121,656,333,2.4130434782608696,69,69,0,69,0,0.7463768115942029,0.072463768115942,138,2023-01-10,2025-08-30,True,126.83776337747244,0.481376811594203,5.037550104258736,213.1011178295507,17.29984587225983,0.7135831031672079,1.217194814114457,1000,-17.29489989619275,-2.5657896693535234,1000,82.55977297467741,171.7555294462151,1000,1.0250335497807188,2.489523537316216,1000
logreg_a,TJS,wf_oos,5.0,1,0.5473684210526316,0.5503048780487805,656,361,2.6159420289855073,95,95,0,95,0,0.6594202898550725,0.0942028985507246,138,2023-01-10,2025-08-30,True,252.53959484706192,0.5408421052631579,1.9063896541088292,274.54959280947884,10.146312833141474,0.7883446670877235,1.1335623935314076,1000,-13.253983839737655,-0.5445593594668614,1000,92.14839926730475,424.73423125200304,1000,0.8678189921130374,1.463981384760337,1000
logreg_a,UZS,wf_oos,5.0,1,0.484375,0.5259146341463414,656,345,2.5,64,64,0,64,0,0.7463768115942029,0.072463768115942,138,2023-01-10,2025-08-30,True,158.63420914676274,0.513125,-3.637961447124523,222.60938468543148,1.871553868802792,0.7033533724777591,1.1451638328469314,1000,-16.218729341122156,-4.2561073605386825,1000,87.88402226677687,231.45256084902587,1000,0.8512263828270618,1.9673332133552288,1000
logreg_ab,AMD,wf_oos,5.0,1,0.575,0.538109756097561,656,353,2.5579710144927534,40,40,0,40,0,0.8623188405797102,0.0434782608695652,138,2023-01-10,2025-08-30,True,83.56793917993866,0.5351250000000001,5.954538244433616,170.91083274139552,17.646392505568848,0.6653420049338417,1.6489339998818624,1000,-13.255194134064585,0.5463155112706606,1000,10.465235378729345,121.504077846617,1000,0.8982558486925345,3.0825459727947013,1000
logreg_ab,KGS,wf_oos,5.0,1,0.4848484848484848,0.5304878048780488,656,348,2.5217391304347827,33,33,0,33,0,0.8768115942028986,0.036231884057971,138,2023-01-10,2025-08-30,True,60.32980257649045,0.5081818181818182,2.4311718231866473,93.96938844353532,4.3945254685400155,0.5295783101185485,1.2845715144292478,1000,-11.71983989586098,-0.2457243831560908,1000,24.40614647212236,85.09984343933796,1000,0.7030733811889833,1.5288604755975788,1000
logreg_ab,KZT,wf_oos,5.0,1,0.5,0.5076219512195121,656,333,2.4130434782608696,30,30,0,30,0,0.8695652173913043,0.0289855072463768,138,2023-01-10,2025-08-30,True,72.03340422948256,0.4711666666666667,-0.9334110237690864,207.9773928954394,18.4252760427609,0.5993842318562362,1.5438729272124276,1000,-12.941552538577657,4.048417966605748,1000,47.29766968790461,84.31570784950715,1000,0.8583168215787724,5.136601908703274,1000
logreg_ab,TJS,wf_oos,5.0,1,0.6595744680851063,0.5503048780487805,656,361,2.6159420289855073,47,47,0,47,0,0.8333333333333334,0.0507246376811594,138,2023-01-10,2025-08-30,True,70.99705671879875,0.6011702127659575,9.445650538240384,154.4887020750325,24.20070075776105,0.8966149382278417,1.4942142198922757,1000,-11.006482733577826,0.106485661165614,1000,37.726719999373046,89.48228367230193,1000,1.042912556280114,2.7923942783302182,1000
logreg_ab,UZS,wf_oos,5.0,1,0.5555555555555556,0.5259146341463414,656,345,2.5,27,27,0,27,0,0.8768115942028986,0.0217391304347826,138,2023-01-10,2025-08-30,True,52.48897968207622,0.5392592592592593,3.53936306693882,162.17114686537406,25.8207815631228,0.732139939309057,1.5723403520700316,1000,-12.152032827822644,4.486983977977719,1000,19.94547595959295,80.0709312872283,1000,0.86197706869588,5.219706793865822,1000
logreg_abc,AMD,wf_oos,5.0,1,,0.538109756097561,656,353,2.5579710144927534,0,0,0,0,0,1.0,0.0,138,2023-01-10,2025-08-30,True,,,,,,,,0,,,0,,,0,,,0
logreg_abc,KGS,wf_oos,5.0,1,,0.5304878048780488,656,348,2.5217391304347827,0,0,0,0,0,1.0,0.0,138,2023-01-10,2025-08-30,True,,,,,,,,0,,,0,,,0,,,0
logreg_abc,KZT,wf_oos,5.0,1,,0.5076219512195121,656,333,2.4130434782608696,0,0,0,0,0,1.0,0.0,138,2023-01-10,2025-08-30,True,,,,,,,,0,,,0,,,0,,,0
logreg_abc,TJS,wf_oos,5.0,1,0.6666666666666666,0.5503048780487805,656,361,2.6159420289855073,3,3,0,3,0,0.9855072463768116,0.0,138,2023-01-10,2025-08-30,True,60.58853586614029,0.545,24.837591040441097,102.64758309687257,7.797890754535075,0.0,1.853107344632768,739,-65.11655209675449,-7.891224253075979,739,0.0,181.76560759842087,739,0.2954963708296528,2.262815235578526,658
logreg_abc,UZS,wf_oos,5.0,1,,0.5259146341463414,656,345,2.5,0,0,0,0,0,1.0,0.0,138,2023-01-10,2025-08-30,True,,,,,,,,0,,,0,,,0,,,0
logreg_abcd,AMD,wf_oos,5.0,1,0.4972067039106145,0.538109756097561,656,353,2.5579710144927534,179,179,0,179,0,0.5869565217391305,0.2608695652173913,138,2023-01-10,2025-08-30,False,,0.4696648044692737,-4.975339083075283,250.1833554257646,-0.5215899944844103,0.7962260443520022,1.0851866883116883,1000,1.4529341313097397,8.481603954781203,1000,141.92252661816454,310.16573689046027,1000,0.8515025096139202,1.8786930009591645,1000
logreg_abcd,KGS,wf_oos,5.0,1,0.5138121546961326,0.5304878048780488,656,348,2.5217391304347827,181,181,0,181,0,0.5362318840579711,0.2463768115942029,138,2023-01-10,2025-08-30,False,,0.4974861878453039,-1.017259096313239,195.166552356682,1.677549275173444,0.8492712893840101,1.0977605787387965,1000,1.0443015815593737,8.26535765172006,1000,128.0231606851832,273.0752936101218,1000,0.7617343335758292,1.508863601319774,1000
logreg_abcd,KZT,wf_oos,5.0,1,0.5114942528735632,0.5076219512195121,656,333,2.4130434782608696,174,174,0,174,0,0.5652173913043478,0.2391304347826087,138,2023-01-10,2025-08-30,False,,0.492183908045977,-1.54683208353336,258.20892675985664,4.899981442502406,0.9064132899216804,1.1709195696003714,1000,1.2999997050136665,8.499369533516425,1000,156.01912282641922,253.11864891075223,1000,1.0184866070981984,1.7505481731722734,1000
logreg_abcd,TJS,wf_oos,5.0,1,0.5168539325842697,0.5503048780487805,656,361,2.6159420289855073,178,178,0,178,0,0.5579710144927537,0.2391304347826087,138,2023-01-10,2025-08-30,False,,0.4876685393258427,-2.8323568350587913,232.8892680908652,1.0763868863929518,0.8345783942444361,1.0562289756982004,1000,0.2493960063807909,6.989882631911151,1000,135.12655505403333,296.45772392750115,1000,0.8319839358088142,1.7242673429151114,1000
logreg_abcd,UZS,wf_oos,5.0,1,0.4918918918918919,0.5259146341463414,656,345,2.5,185,185,0,185,0,0.572463768115942,0.2753623188405797,138,2023-01-10,2025-08-30,False,,0.4786216216216216,-4.718828971787069,229.22310759227616,-3.6375069027018783,0.805619574396923,1.0970842460892032,1000,0.1433398771853358,6.92758976707876,1000,139.97710997306385,303.20134175171717,1000,0.8787546415576106,1.4113108495634907,1000
momentum,AMD,wf_oos,,1,0.4943820224719101,0.538109756097561,656,353,2.5579710144927534,89,89,0,89,0,0.6521739130434783,0.072463768115942,138,2023-01-10,2025-08-30,True,303.432883549625,0.3402808988764045,-29.671763922080313,312.70737337548184,-13.119848463184466,0.7715053018460148,1.0982698788981384,1000,20.78468993812479,38.96986278751399,1000,196.37415307208863,357.6070658633439,1000,1.1142063761550507,2.497179994026651,1000
momentum,KGS,wf_oos,,1,0.4673913043478261,0.5304878048780488,656,348,2.5217391304347827,92,92,0,92,0,0.6594202898550725,0.0869565217391304,138,2023-01-10,2025-08-30,True,294.5122032172778,0.3105434782608696,-31.071095075289723,298.6146227404874,-7.213196190591883,0.7174687299293513,1.0855286277230314,1000,18.539057816233697,38.05609413042017,1000,167.04950954893718,371.6995560465519,1000,1.1924497509201537,2.7251209705054875,1000
momentum,KZT,wf_oos,,1,0.5476190476190477,0.5076219512195121,656,333,2.4130434782608696,84,84,0,84,0,0.6159420289855072,0.0434782608695652,138,2023-01-10,2025-08-30,True,267.7832351858234,0.3664285714285714,-26.14170383168215,320.96301013262354,-1.2815302229686705,0.9458889723538736,1.2896610133142574,1000,21.433030288209327,41.36783153629735,1000,163.4236787270426,371.8112690440719,1000,1.327295630446556,3.256339803283008,1000
momentum,TJS,wf_oos,,1,0.4878048780487805,0.5503048780487805,656,361,2.6159420289855073,82,82,0,82,0,0.6884057971014492,0.0652173913043478,138,2023-01-10,2025-08-30,True,300.1155316450004,0.3396341463414633,-32.31349228934281,284.82799736740884,-17.955899082639164,0.7352636555033293,1.067107369512548,1000,17.806040395542507,31.928165711293392,1000,175.54062320332972,379.9416004233119,1000,0.9874307607986144,2.2476381556725396,1000
momentum,UZS,wf_oos,,1,0.4848484848484848,0.5259146341463414,656,345,2.5,99,99,0,99,0,0.6014492753623188,0.0869565217391304,138,2023-01-10,2025-08-30,True,280.64483161878104,0.346010101010101,-27.006648625879993,307.6269738581351,-5.844174752327638,0.7675236011600698,1.11914185108318,1000,19.71229839072221,37.5079168389066,1000,150.9961008186654,378.3574315224381,1000,1.184657243438823,2.7021309502436157,1000
random,AMD,wf_oos,,1,0.5852534562211982,0.538109756097561,656,353,2.5579710144927534,217,217,0,217,0,0.1521739130434782,0.1739130434782608,138,2023-01-10,2025-08-30,False,,0.5644930875576037,7.484163269827686,211.10824675525177,11.622128222853297,0.9787997167333714,1.192435917038158,1000,0.2663520131741133,8.883160234954623,1000,141.81097387339813,320.7243021395191,1000,0.7122870754797536,1.2294744238952928,1000
random,KGS,wf_oos,,1,0.5570776255707762,0.5304878048780488,656,348,2.5217391304347827,219,219,0,219,0,0.1594202898550724,0.1666666666666666,138,2023-01-10,2025-08-30,False,,0.5317808219178082,5.183431141749185,202.6712774103009,11.944754232440593,0.9350377773621736,1.1628074686940963,1000,-0.7196660952453132,8.43161117556507,1000,130.45776038281144,240.42328087789883,1000,0.8866936911344478,1.6708597232120104,1000
random,KZT,wf_oos,,1,0.505,0.5076219512195121,656,333,2.4130434782608696,200,200,0,200,0,0.1594202898550724,0.1521739130434782,138,2023-01-10,2025-08-30,False,,0.5144500000000001,1.5237230454396138,265.33695371108274,-5.5703503233244485,0.8766107375459519,1.096539068489827,1000,-7.702110103610372,4.385234335756706,1000,232.12914265664136,439.9380627011896,1000,0.4121764048419279,0.9777247484744782,1000
random,TJS,wf_oos,,1,0.5454545454545454,0.5503048780487805,656,361,2.6159420289855073,187,187,0,187,0,0.2318840579710145,0.144927536231884,138,2023-01-10,2025-08-30,False,,0.5285561497326203,1.1348709226086549,236.49391100538784,2.671137761423871,0.8831581987051884,1.096680324139801,1000,-5.0237281171512125,3.0640796749922417,1000,172.91746518837988,284.8845542088825,1000,0.8394168336632346,1.330438371860931,1000
random,UZS,wf_oos,,1,0.5258215962441315,0.5259146341463414,656,345,2.5,213,213,0,213,0,0.1304347826086956,0.1884057971014492,138,2023-01-10,2025-08-30,False,,0.522206572769953,0.2373253060313256,253.2741684454485,-1.112412764224097,0.8727481654835776,1.122952007056783,1000,-6.243287521013674,1.6029036622282171,1000,206.6358537956377,344.77645562071075,1000,0.664335236862195,1.1797516764540903,1000
reversal,AMD,wf_oos,,1,0.4827586206896552,0.538109756097561,656,353,2.5579710144927534,29,29,0,29,0,0.7971014492753623,0.0,138,2023-01-10,2025-08-30,True,90.48108082777962,0.46,2.2057028433992145,258.8091706040323,38.19449050675328,0.5576590636254501,1.263731766370504,1000,-27.36771737426856,-3.560102492255784,1000,63.37486472841891,172.71690690458863,1000,0.9955774938575928,4.166047888687385,1000
reversal,KGS,wf_oos,,1,0.4666666666666667,0.5304878048780488,656,348,2.5217391304347827,30,30,0,30,0,0.7971014492753623,0.0,138,2023-01-10,2025-08-30,True,89.43856765629832,0.4593333333333333,-3.161863050535461,223.0037063180393,18.041573324068448,0.5552456915146744,1.2216014897579142,1000,-29.784059752784277,-9.690056304285797,1000,55.11778964863878,181.69888457073347,1000,0.7580056795221497,3.6384979541798974,1000
reversal,KZT,wf_oos,,1,0.6060606060606061,0.5076219512195121,656,333,2.4130434782608696,33,33,0,33,0,0.782608695652174,0.0,138,2023-01-10,2025-08-30,True,112.67653578590053,0.4678787878787878,-3.90426546310468,281.62367102373804,35.24457903241175,0.7998427102238355,1.5675469289689172,1000,-37.45853025923992,-6.809402405229575,1000,91.32482043200385,162.1233129380628,1000,1.3112029469922066,5.756665253537344,1000
reversal,TJS,wf_oos,,1,0.5,0.5503048780487805,656,361,2.6159420289855073,28,28,0,28,0,0.8043478260869565,0.0,138,2023-01-10,2025-08-30,True,88.83660656328729,0.4355357142857143,0.8050825705402027,228.21214101177145,33.126566897884814,0.5788103862798525,1.271344249196131,1000,-26.88013402833819,-4.696898955969756,1000,53.55899168743239,181.76560759842087,1000,0.9562542309321636,4.198956371709605,1000
reversal,UZS,wf_oos,,1,0.4848484848484848,0.5259146341463414,656,345,2.5,33,33,0,33,0,0.7753623188405797,0.0,138,2023-01-10,2025-08-30,True,100.33083698777334,0.4643939393939393,-1.1170798861152718,230.78286017962856,27.40751774146236,0.628553546088024,1.2791187469534488,1000,-25.46501075981163,-3.6920979212532967,1000,77.79363646651439,168.94764350364744,1000,0.919573963545256,3.666660863422192,1000
seasonality,AMD,wf_oos,,1,0.5294117647058824,0.538109756097561,656,353,2.5579710144927534,136,136,0,136,0,0.717391304347826,0.1956521739130435,138,2023-01-10,2025-08-30,False,,0.5216544117647058,-3.1527349139875636,186.51126416584987,0.9171603055058388,0.8287707894656535,1.145303042802322,1000,-1.0612057005972602,4.7664785614919065,1000,113.16998199015072,197.1487194167926,1000,0.9839871322794606,1.4082780504333985,1000
seasonality,KGS,wf_oos,,1,0.5095541401273885,0.5304878048780488,656,348,2.5217391304347827,157,157,0,157,0,0.6594202898550725,0.2391304347826087,138,2023-01-10,2025-08-30,False,,0.506592356687898,2.0564369458143816,178.7060389501195,5.557895455971501,0.8199623062779092,1.0917835065160115,1000,-0.2181253386620673,4.755454187682756,1000,113.93546598049686,216.09094717225733,1000,0.9626953417532474,1.2294453514351975,1000
seasonality,KZT,wf_oos,,1,0.4967741935483871,0.5076219512195121,656,333,2.4130434782608696,155,155,0,155,0,0.6739130434782609,0.2246376811594203,138,2023-01-10,2025-08-30,False,,0.5085806451612903,3.4266500762939187,224.59489984914623,1.2587562105920975,0.8373883011918677,1.115910271775889,1000,-2.456468204040462,3.2050711116014003,1000,158.90644362614145,299.79793516405164,1000,0.7420724728698548,1.1226050620273509,1000
seasonality,TJS,wf_oos,,1,0.5606060606060606,0.5503048780487805,656,361,2.6159420289855073,132,132,0,132,0,0.7246376811594203,0.1884057971014492,138,2023-01-10,2025-08-30,False,,0.5427272727272726,-0.5474833244133578,252.0749546851874,4.881909409654203,0.8795081441242762,1.1364981486926504,1000,-2.3552957865295787,4.985578518003922,1000,138.57646311162154,285.98244888094297,1000,0.9662254469554576,1.734661120978532,1000
seasonality,UZS,wf_oos,,1,0.5251798561151079,0.5259146341463414,656,345,2.5,139,139,0,139,0,0.7101449275362319,0.1956521739130435,138,2023-01-10,2025-08-30,False,,0.5107553956834532,-4.706775046083141,245.90643611389612,-3.225791123815074,0.8196450158904053,1.1805355826399992,1000,-2.2914962744545706,4.468743608871328,1000,153.1295513988349,324.75226976581905,1000,0.9184669423039912,1.1353990482833405,1000
catboost_ab,AMD,oot,5.0,3,0.5384615384615384,0.3755102040816326,245,92,1.7358490566037736,13,13,0,13,0,0.9056603773584906,0.0566037735849056,53,2025-09-02,2026-09-02,True,77.1523777727472,0.575,35.314292262073636,199.88297966967096,35.90894622337185,0.764503288335064,2.711942766752947,994,-68.5605921289783,23.058541678579456,994,28.753714787035367,132.34971948907992,994,0.8165146083083502,1.9649517857260024,990
catboost_ab,AMD,wf_2022,5.0,3,0.28125,0.3441295546558704,247,85,1.6666666666666667,32,32,0,32,0,0.7254901960784313,0.0980392156862745,51,2022-01-11,2022-12-31,True,647.3783235766128,0.27703125,4.589905582916773,836.6690805323478,0.5596260883869029,0.3579322730409686,1.2350257506255211,1000,-36.29201142260359,103.63151066740144,1000,416.8662005555035,1099.1172937305228,1000,0.0542712817912136,4.864556275480645,1000
catboost_ab,AMD,wf_2023,5.0,3,0.3608247422680412,0.4534412955465587,247,112,2.196078431372549,97,97,0,97,0,0.4705882352941176,0.392156862745098,51,2023-01-10,2023-12-30,True,401.60930021569374,0.3482474226804123,-0.8041288189847687,442.5582956112568,9.095896894076136,0.6382414724538226,1.0568998795199689,1000,12.451910507374636,52.50982355556976,1000,269.0794658697499,522.3753978840045,1000,0.8392706339136697,2.9869594517486218,1000
catboost_ab,AMD,wf_2024,5.0,3,0.325,0.407258064516129,248,101,1.9803921568627452,40,40,0,40,0,0.7254901960784313,0.1372549019607843,51,2024-01-10,2024-12-29,True,384.6210415695799,0.336875,-4.588355775566645,544.9170661606504,-12.886127651016874,0.2238335896872482,1.4209642644936762,1000,-16.123190787231813,23.083361270372965,1000,68.39319231499275,726.5623107910636,1000,0.4009839154956921,1.6622143976551322,1000
catboost_ab,AMD,wf_2025,5.0,3,,0.2608695652173913,161,42,1.2352941176470589,0,0,0,0,0,1.0,0.0,34,2025-01-10,2025-08-30,True,,,,,,,,0,,,0,,,0,,,0
catboost_ab,KGS,oot,5.0,3,0.5294117647058824,0.3551020408163265,245,87,1.6415094339622642,17,17,0,17,0,0.8679245283018868,0.0566037735849056,53,2025-09-02,2026-09-02,True,230.30243896624825,0.5641176470588235,63.62181370455215,479.0091239318773,62.00483730075744,0.4579545454545461,2.4665740016013964,1000,-85.71136914816915,9.325672411106378,1000,43.99962252334522,479.0091239318773,1000,0.2938416001033488,1.2184934493685862,999
catboost_ab,KGS,wf_2022,5.0,3,0.303030303030303,0.340080971659919,247,84,1.6470588235294117,33,33,0,33,0,0.6862745098039216,0.0784313725490196,51,2022-01-11,2022-12-31,True,803.3312234601126,0.3406060606060606,-48.016207610483555,903.9646069483002,-26.897145598918915,0.3637236131566028,1.2835603566939968,1000,-30.51568891032368,174.0919045736762,1000,477.1736404009253,986.2956397028056,1000,0.2736333040899919,1.6302293625080977,1000
catboost_ab,KGS,wf_2023,5.0,3,0.4019607843137255,0.4493927125506073,247,111,2.176470588235294,102,102,0,102,0,0.392156862745098,0.4313725490196078,51,2023-01-10,2023-12-30,False,,0.381470588235294,4.34727688936333,388.99681664826306,16.454816915879743,0.7200294568399852,1.1282008638257923,1000,13.77332682912138,40.06084218001012,1000,142.37100850993085,373.7677664707193,1000,1.0323419885211074,4.193354711863128,1000
catboost_ab,KGS,wf_2024,5.0,3,0.3090909090909091,0.4193548387096774,248,104,2.0392156862745097,55,55,0,55,0,0.6078431372549019,0.1764705882352941,51,2024-01-10,2024-12-29,True,418.52892451171056,0.2871818181818181,-23.048489796550275,545.8471394694762,-16.105964564272917,0.480992161802519,1.024846431565799,1000,-7.792310062788344,26.69923699629595,1000,121.73731891531035,680.54233855126,1000,0.8657207941957282,4.299940514620288,1000
catboost_ab,KGS,wf_2025,5.0,3,0.0,0.2298136645962732,161,37,1.088235294117647,1,1,0,1,0,0.9705882352941176,0.0,34,2025-01-10,2025-08-30,True,47.229445236256495,0.32,-7.053825144912284,21.36912079901655,-30.605545093818076,0.0,0.0,243,-33.17298075877439,-33.17298075877439,243,47.229445236256495,47.229445236256495,243,0.0,0.0,59
catboost_ab,KZT,oot,5.0,3,0.3103448275862069,0.3836734693877551,245,94,1.7735849056603774,29,29,0,29,0,0.7547169811320755,0.0754716981132075,53,2025-09-02,2026-09-02,True,194.16812222478976,0.3579310344827586,35.983372666465684,337.76485326222144,44.745216388690345,0.3027441485068604,1.447439585730725,1000,-50.10359276440107,3.624635568680283,1000,142.1228359453322,329.8223142748147,1000,0.3269342607756778,3.791926620379861,1000
catboost_ab,KZT,wf_2022,5.0,3,0.2894736842105263,0.3036437246963562,247,75,1.4705882352941178,38,38,0,38,0,0.6470588235294118,0.0980392156862745,51,2022-01-11,2022-12-31,True,751.3822014300869,0.258421052631579,-35.33054237657534,877.1671432559322,-2.962792934794636,0.4947669369752099,1.539840503246753,1000,38.52337109798255,146.36970648837791,1000,444.1494874335328,910.15372972868,1000,0.8202551795640012,4.504179118887919,1000
catboost_ab,KZT,wf_2023,5.0,3,0.3529411764705882,0.4048582995951417,247,100,1.96078431372549,102,102,0,102,0,0.3725490196078431,0.4117647058823529,51,2023-01-10,2023-12-30,False,,0.3164705882352941,-0.7876327017360322,483.061694975115,12.156769974800437,0.6789351488258856,1.152292985535181,1000,8.286308275653273,38.89447653351614,1000,253.8883822535329,432.86700203081455,1000,1.0502103389700077,7.2542581544493965,1000
catboost_ab,KZT,wf_2024,5.0,3,0.282051282051282,0.3346774193548387,248,83,1.6274509803921569,39,39,0,39,0,0.7254901960784313,0.1176470588235294,51,2024-01-10,2024-12-29,True,380.58436625497507,0.2565384615384615,-11.520106094446383,520.4213932945466,-14.730520927984143,0.4119124523194289,1.2330919801952105,1000,2.859712852604117,34.97814945241432,1000,107.11529510916806,681.9489079213304,1000,0.4604817249577991,2.3457343042461933,1000
catboost_ab,KZT,wf_2025,5.0,3,,0.2422360248447205,161,39,1.1470588235294117,0,0,0,0,0,1.0,0.0,34,2025-01-10,2025-08-30,True,,,,,,,,0,,,0,,,0,,,0
catboost_ab,TJS,oot,5.0,3,0.6428571428571429,0.3714285714285714,245,91,1.7169811320754718,29,28,1,28,1,0.7358490566037735,0.0754716981132075,53,2025-09-02,2026-09-02,True,287.3304456199279,0.6575,84.36686953665911,405.05587668925,78.35747735892339,0.8103477577379815,2.2700953389313643,1000,-70.49067128978747,6.511486233908276,1000,68.04612682181022,406.2139208181237,1000,0.4197461132732734,1.6818034041410894,1000
catboost_ab,TJS,wf_2022,5.0,3,0.2307692307692307,0.3522267206477733,247,87,1.7058823529411764,39,39,0,39,0,0.6470588235294118,0.1176470588235294,51,2022-01-11,2022-12-31,True,1200.24112875909,0.1928205128205128,-77.03978374019398,1569.976325753502,-68.88335011042238,0.3228582693947144,1.0393193650209722,1000,12.464879156013588,97.53314113027425,1000,458.246796871082,1678.168266063493,1000,0.6174172116143232,12.978540869483068,1000
catboost_ab,TJS,wf_2023,5.0,3,0.3604651162790697,0.4453441295546558,247,110,2.156862745098039,86,86,0,86,0,0.4705882352941176,0.3333333333333333,51,2023-01-10,2023-12-30,True,363.02706171410114,0.3291860465116279,-7.934017839893304,413.5025444424337,4.64211250619898,0.6616498488713765,1.0706353563539763,1000,15.110550714635568,46.27542922725437,1000,196.33297995082364,398.444768237286,1000,1.02267637317076,3.65599797776514,1000
catboost_ab,TJS,wf_2024,5.0,3,0.3243243243243243,0.407258064516129,248,101,1.9803921568627452,37,37,0,37,0,0.7254901960784313,0.1568627450980392,51,2024-01-10,2024-12-29,True,494.9387708160464,0.3422972972972974,-14.858699533550451,642.033490687449,-29.68895213268584,0.4176042523077564,1.1392865805340224,1000,-15.277175644063894,28.081510965357825,1000,139.47072927633494,744.5371412109592,1000,0.4093206934954023,1.2426124692443388,1000
catboost_ab,TJS,wf_2025,5.0,3,,0.3416149068322981,161,55,1.6176470588235294,0,0,0,0,0,1.0,0.0,34,2025-01-10,2025-08-30,True,,,,,,,,0,,,0,,,0,,,0
catboost_ab,UZS,oot,5.0,3,0.4761904761904761,0.3918367346938775,245,96,1.8113207547169812,22,21,1,21,1,0.8113207547169812,0.0754716981132075,53,2025-09-02,2026-09-02,True,291.5988801857905,0.5007142857142857,48.80628131544541,435.5450188003373,40.44010019120057,0.4117260646330413,1.8277855969974195,1000,-76.57610114306985,-3.347366015859874,1000,211.30027611493853,482.3244610418076,1000,0.4615956128760343,1.401173266835521,998
catboost_ab,UZS,wf_2022,5.0,3,0.2894736842105263,0.3198380566801619,247,79,1.5490196078431373,38,38,0,38,0,0.6470588235294118,0.0980392156862745,51,2022-01-11,2022-12-31,True,1109.8918320579735,0.2605263157894736,-113.93037180390758,1238.2646044781088,-112.10437643065228,0.3540952894741695,1.6307218309859155,1000,-2.3776881542553814,83.19773056000315,1000,487.61542077295104,1392.7703031285455,1000,0.6125874155413259,2.58668458785023,1000
catboost_ab,UZS,wf_2023,5.0,3,0.3846153846153846,0.4453441295546558,247,110,2.156862745098039,104,104,0,104,0,0.4509803921568627,0.4313725490196078,51,2023-01-10,2023-12-30,False,,0.3698557692307692,0.9071696141867313,409.46275818000527,12.365188640969205,0.6761036034926085,1.1651977470909454,1000,12.391568843844205,45.5128619611906,1000,191.88269368182745,400.49756720012783,1000,1.0282499969548775,3.274567435335666,1000
catboost_ab,UZS,wf_2024,5.0,3,0.2631578947368421,0.3911290322580645,248,97,1.9019607843137256,38,38,0,38,0,0.6862745098039216,0.1176470588235294,51,2024-01-10,2024-12-29,True,635.632283986916,0.2703947368421053,-36.58495929680418,651.501980556341,-58.02688106775938,0.3127909530083443,1.043496567505721,1000,-37.32495594244435,22.851284997565703,1000,242.7972692193059,789.5460713718116,1000,0.1058576549781662,1.3565287744913916,1000
catboost_ab,UZS,wf_2025,5.0,3,0.0,0.2484472049689441,161,40,1.1764705882352942,4,4,0,4,0,0.9705882352941176,0.0294117647058823,34,2025-01-10,2025-08-30,True,107.67094793223184,0.2,-41.62728274533201,157.97128472869605,-67.18566939185044,0.0,0.0,236,-75.48524695881298,-38.826093385392056,236,94.33597645140736,168.1428305053134,236,0.0,0.0,52
catboost_abcd,AMD,oot,5.0,3,0.0,0.3755102040816326,245,92,1.7358490566037736,1,1,0,1,0,0.981132075471698,0.0,53,2025-09-02,2026-09-02,True,54.78572216018218,0.78,71.12854024511729,12.052858875240082,-25.88500004767291,0.0,0.0,705,-82.46970549257826,-82.46970549257826,705,54.78572216018218,54.78572216018218,705,0.0,0.0,622
catboost_abcd,AMD,wf_2022,5.0,3,,0.3441295546558704,247,85,1.6666666666666667,0,0,0,0,0,1.0,0.0,51,2022-01-11,2022-12-31,True,,,,,,,,0,,,0,,,0,,,0
catboost_abcd,AMD,wf_2023,5.0,3,0.2884615384615384,0.4534412955465587,247,112,2.196078431372549,52,52,0,52,0,0.6666666666666666,0.196078431372549,51,2023-01-10,2023-12-30,True,386.6187951905249,0.2822115384615384,-6.1366298924940255,383.7627592753051,-19.91382393178518,0.4704283778552071,0.9116946240039252,1000,-9.812671562142476,27.219433852569395,1000,272.5214252923814,564.7343099393764,1000,0.2964457701866188,1.4385369303443687,1000
catboost_abcd,AMD,wf_2024,5.0,3,0.5,0.407258064516129,248,101,1.9803921568627452,4,4,0,4,0,0.9215686274509804,0.0,51,2024-01-10,2024-12-29,True,14.952236757000414,0.47,27.847667900597763,98.27548066232572,39.760341624507646,0.0,2.307563170647282,980,-47.13063078675361,23.27907692073028,980,0.0,49.343711649272315,980,0.0,2.2493431588448467,965
catboost_abcd,AMD,wf_2025,5.0,3,0.3157894736842105,0.2608695652173913,161,42,1.2352941176470589,19,19,0,19,0,0.6764705882352942,0.0588235294117647,34,2025-01-10,2025-08-30,True,157.05249711064528,0.3202631578947368,-4.599119430102072,310.54606213591904,-6.1099957976869295,0.6388888888888888,2.1189844624860017,1000,-57.056236770628864,-0.7732786692349837,1000,51.201554733342206,333.0131867031416,1000,0.5154314607634191,1.8151795464864655,1000
catboost_abcd,KGS,oot,5.0,3,0.75,0.3551020408163265,245,87,1.6415094339622642,4,4,0,4,0,0.9433962264150944,0.0,53,2025-09-02,2026-09-02,True,13.030377744903676,0.5975,63.512579627907805,337.1387511962472,182.6832417452598,0.0,3.701492537313433,773,-79.75537685875555,25.80141704082865,773,0.0,52.121510979614705,773,0.0,35.67213335072483,773
catboost_abcd,KGS,wf_2022,5.0,3,,0.340080971659919,247,84,1.6470588235294117,0,0,0,0,0,1.0,0.0,51,2022-01-11,2022-12-31,True,,,,,,,,0,,,0,,,0,,,0
catboost_abcd,KGS,wf_2023,5.0,3,0.32,0.4493927125506073,247,111,2.176470588235294,50,50,0,50,0,0.6666666666666666,0.196078431372549,51,2023-01-10,2023-12-30,True,300.3569592648012,0.3315999999999999,6.12619734137501,336.8640480608234,4.621361859877266,0.5281199282947213,0.9818062718674924,1000,-1.3491320961480913,33.6855471390856,1000,113.28395953396092,359.4462941700294,1000,0.7036057591433192,1.4231612919413168,1000
catboost_abcd,KGS,wf_2024,5.0,3,0.4285714285714285,0.4193548387096774,248,104,2.0392156862745097,7,7,0,7,0,0.8823529411764706,0.0,51,2024-01-10,2024-12-29,True,23.294595776879756,0.58,33.102891884460185,99.92482302298872,29.442784512282596,0.0,1.3279928793947482,985,-40.84308443721734,-3.341753497019485,985,21.69197396963085,55.07215516991293,985,0.0,1.1967118749953651,981
catboost_abcd,KGS,wf_2025,5.0,3,0.2727272727272727,0.2298136645962732,161,37,1.088235294117647,22,22,0,22,0,0.6470588235294118,0.088235294117647,34,2025-01-10,2025-08-30,True,186.15430950660448,0.2513636363636363,-8.085612528147475,278.6891158174146,-7.910956958946391,0.298093341503268,1.842316999395039,1000,-56.92088399760182,5.489417203859115,1000,116.97997966036544,348.0114353830177,1000,0.3416035163528824,1.7807463775459191,1000
catboost_abcd,KZT,oot,5.0,3,0.6666666666666666,0.3836734693877551,245,94,1.7735849056603774,3,3,0,3,0,0.9433962264150944,0.0,53,2025-09-02,2026-09-02,True,20.718347549757432,0.6816666666666665,142.4974969079891,203.25550137231932,242.3108190997995,0.0,3.409056316590563,791,-121.94828751479368,53.22896216204631,791,0.0,62.155042649272296,791,0.0,10.532385295616947,779
catboost_abcd,KZT,wf_2022,5.0,3,,0.3036437246963562,247,75,1.4705882352941178,0,0,0,0,0,1.0,0.0,51,2022-01-11,2022-12-31,True,,,,,,,,0,,,0,,,0,,,0
catboost_abcd,KZT,wf_2023,5.0,3,0.3421052631578947,0.4048582995951417,247,100,1.96078431372549,38,38,0,38,0,0.6862745098039216,0.0980392156862745,51,2023-01-10,2023-12-30,True,272.4960103358005,0.2751315789473684,-5.515297774684792,404.49782716464995,5.023956802195391,0.5480546632698272,1.3060361348034843,1000,-10.667570434988605,31.80949100389129,1000,191.32296339575495,398.06848112379225,1000,0.8584619418461747,3.7176344615400954,1000
catboost_abcd,KZT,wf_2024,5.0,3,0.1666666666666666,0.3346774193548387,248,83,1.6274509803921569,6,6,0,6,0,0.9019607843137256,0.0,51,2024-01-10,2024-12-29,True,98.3071385197478,0.3758333333333333,20.99814249180117,220.7442637340946,-9.57884308654122,0.0,1.3839700374531831,985,-138.1340505697376,-16.218310355648192,985,16.448505803903224,320.0568628944178,985,0.0,0.7012385161592716,968
catboost_abcd,KZT,wf_2025,5.0,3,0.28,0.2422360248447205,161,39,1.1470588235294117,25,25,0,25,0,0.5588235294117647,0.088235294117647,34,2025-01-10,2025-08-30,True,261.35558824451135,0.2614,-14.248995291773404,319.85292113890887,-14.003714733172904,0.5030081753095976,2.0445528455284556,1000,-54.970093618205176,-1.4703441166954003,1000,241.4357848736003,329.7891879757575,1000,0.5655478784711981,1.5843491747482574,1000
catboost_abcd,TJS,oot,5.0,3,1.0,0.3714285714285714,245,91,1.7169811320754718,4,4,0,4,0,0.9622641509433962,0.0188679245283018,53,2025-09-02,2026-09-02,True,0.0,0.5475,46.57311243504075,384.94237455145,250.21986253537744,2.211346396965866,3.815384615384616,795,-0.275043913705586,62.89386680506493,795,0.0,0.0,795,4.491082470879469,41.864722841612334,774
catboost_abcd,TJS,wf_2022,5.0,3,,0.3522267206477733,247,87,1.7058823529411764,0,0,0,0,0,1.0,0.0,51,2022-01-11,2022-12-31,True,,,,,,,,0,,,0,,,0,,,0
catboost_abcd,TJS,wf_2023,5.0,3,0.3076923076923077,0.4453441295546558,247,110,2.156862745098039,39,39,0,39,0,0.7254901960784313,0.1568627450980392,51,2023-01-10,2023-12-30,True,285.81719844917814,0.2806410256410256,0.1236296938971397,363.2121887196374,2.7191129385116803,0.4910751399169815,1.0739130434782609,999,13.299880687761547,53.492055181967984,999,129.49044903881995,359.089045971972,999,0.8229836268396069,2.0910770133063017,997
catboost_abcd,TJS,wf_2024,5.0,3,0.5,0.407258064516129,248,101,1.9803921568627452,6,6,0,6,0,0.8823529411764706,0.0,51,2024-01-10,2024-12-29,True,17.82213474147243,0.53,27.401537630641595,121.9376994074718,40.86861296037987,0.0,1.953625945271692,998,-35.08935690554937,6.566249609812456,998,10.577405453107149,49.27384962996939,998,0.0,2.029251623199871,990
catboost_abcd,TJS,wf_2025,5.0,3,0.3571428571428571,0.3416149068322981,161,55,1.6176470588235294,14,14,0,14,0,0.7647058823529411,0.0588235294117647,34,2025-01-10,2025-08-30,True,146.87639700219,0.3514285714285713,17.299974527567286,329.93922214062053,35.03916745434717,0.2554655712050078,1.84,1000,-59.47395481945486,34.27872387572903,1000,32.300273475649455,358.06888177782434,1000,0.276836747656595,2.0306964964735075,1000
catboost_abcd,UZS,oot,5.0,3,0.75,0.3918367346938775,245,96,1.8113207547169812,4,4,0,4,0,0.9433962264150944,0.0,53,2025-09-02,2026-09-02,True,6.20339731539965,0.65875,51.35341813181314,345.7446474080799,155.59047857071408,0.0,3.0617283950617287,772,-57.98683815603667,3.8651290132663,772,0.0,24.8135892615986,772,0.0,27.835809127956647,772
catboost_abcd,UZS,wf_2022,5.0,3,,0.3198380566801619,247,79,1.5490196078431373,0,0,0,0,0,1.0,0.0,51,2022-01-11,2022-12-31,True,,,,,,,,0,,,0,,,0,,,0
catboost_abcd,UZS,wf_2023,5.0,3,0.3333333333333333,0.4453441295546558,247,110,2.156862745098039,51,51,0,51,0,0.7058823529411765,0.196078431372549,51,2023-01-10,2023-12-30,True,325.49377573793726,0.3312745098039216,3.062139722569786,357.695794013226,1.1174923607266567,0.4686851462468161,1.1856932434514638,1000,-2.9734908454360434,45.494855842055685,1000,51.63916374945954,366.6375311894599,1000,0.8247651904365843,1.3553450337154702,1000
catboost_abcd,UZS,wf_2024,5.0,3,0.6,0.3911290322580645,248,97,1.9019607843137256,5,5,0,5,0,0.9019607843137256,0.0,51,2024-01-10,2024-12-29,True,18.19324289106561,0.5770000000000001,32.15561975772517,107.15111172229048,38.71945082693351,0.0,2.50530612244898,981,-41.93944010367989,6.5720115458822725,981,0.0,83.47470965621272,981,0.0,2.133625580054679,968
catboost_abcd,UZS,wf_2025,5.0,3,0.2631578947368421,0.2484472049689441,161,40,1.1764705882352942,19,19,0,19,0,0.6764705882352942,0.0588235294117647,34,2025-01-10,2025-08-30,True,193.4564840351416,0.27,-18.72649120812438,343.06223025212984,-17.525512677112744,0.2957573430758708,1.9350961538461544,1000,-62.390471670042785,14.739545890214128,1000,92.7295980314402,379.0690617521264,1000,0.2980286624781748,1.886528429683792,1000
level,AMD,oot,,3,0.3333333333333333,0.3755102040816326,245,92,1.7358490566037736,42,42,0,42,0,0.7169811320754716,0.1320754716981132,53,2025-09-02,2026-09-02,True,238.96313812058125,0.2341666666666666,-6.530000516411722,272.0769325180047,20.78120919997024,0.57970739464617,1.5199545340524268,1000,22.37358485177379,56.3833013872553,1000,102.34385936843672,296.7299047540095,1000,1.243688967381701,3.965766910462629,1000
level,AMD,wf_2022,,3,0.21875,0.3441295546558704,247,85,1.6666666666666667,32,32,0,32,0,0.8235294117647058,0.1372549019607843,51,2022-01-11,2022-12-31,True,710.3252512814513,0.18390625,-29.07712616378314,883.2649200752427,7.862473532049549,0.0,1.072518351214003,973,31.03846359040589,140.73836630357383,973,338.84233009984223,888.4783862569944,973,0.690217022778274,5.308206308618677,939
level,AMD,wf_2023,,3,0.2,0.4534412955465587,247,112,2.196078431372549,25,25,0,25,0,0.8823529411764706,0.0980392156862745,51,2023-01-10,2023-12-30,True,238.78112968909403,0.205,-21.41276108301459,324.19054780615244,-22.599306264038873,0.2653061224489796,0.988,932,-0.3272185680006691,50.707575198416514,932,37.86415269298571,349.6706132705452,932,0.6513343982217987,1.7268057858194397,920
level,AMD,wf_2024,,3,0.3928571428571428,0.407258064516129,248,101,1.9803921568627452,28,28,0,28,0,0.8431372549019608,0.1372549019607843,51,2024-01-10,2024-12-29,True,272.15778866313747,0.3167857142857143,5.487332925940134,510.3657041412597,35.21762756689175,0.6978757641767972,1.9277374031007757,987,16.859174069434292,164.3080123896339,987,95.38482607505344,529.34288307523,987,0.9636919914328408,4.6722073535054465,986
level,AMD,wf_2025,,3,0.2613636363636363,0.2608695652173913,161,42,1.2352941176470589,88,88,0,88,0,0.2941176470588235,0.5294117647058824,34,2025-01-10,2025-08-30,True,548.452158718412,0.2178977272727272,-33.083585697423935,548.4521587184119,-24.98469866942509,0.8246577823533897,1.2332553424785369,1000,5.469575328878593,23.252509732610125,1000,175.21757198853015,623.8017818620856,1000,1.0393884310670731,1.5573490658931972,1000
level,KGS,oot,,3,0.2950819672131147,0.3551020408163265,245,87,1.6415094339622642,61,61,0,61,0,0.6226415094339622,0.2075471698113207,53,2025-09-02,2026-09-02,True,251.38728346570625,0.2490983606557377,-15.100270840633511,269.97598992606567,1.5934576418344133,0.5913367612587078,1.2883192952536362,1000,17.34573195361114,43.19450033840381,1000,209.11960859064632,294.81444884377817,1000,1.1021755716153538,1.865228919473332,999
level,KGS,wf_2022,,3,0.2619047619047619,0.340080971659919,247,84,1.6470588235294117,42,42,0,42,0,0.7647058823529411,0.1764705882352941,51,2022-01-11,2022-12-31,True,789.7978754507076,0.1996428571428571,-78.17581553816527,1153.1400275205558,5.950072948078311,0.5227181742844393,1.79692405631313,999,41.65720638048373,446.9444937780152,999,379.06342772675794,884.0607822314262,999,1.1843779429891137,946.6951614886464,999
level,KGS,wf_2023,,3,0.2857142857142857,0.4493927125506073,247,111,2.176470588235294,14,14,0,14,0,0.9215686274509804,0.0588235294117647,51,2023-01-10,2023-12-30,True,127.36235128287277,0.3275,-2.040459019607927,332.28952502211854,2.2615928155230103,0.0,1.015485087477614,876,14.719353118530266,56.78783975869627,876,48.43638647646253,254.3591740628526,876,0.6001379268763635,1.6726615528194426,804
level,KGS,wf_2024,,3,0.4090909090909091,0.4193548387096774,248,104,2.0392156862745097,22,22,0,22,0,0.8627450980392157,0.0784313725490196,51,2024-01-10,2024-12-29,True,485.33636191654494,0.365909090909091,27.128922424589792,616.9477268312374,33.08311930271383,0.627935911206588,2.4554455445544554,984,8.52182550377588,116.58487415787556,984,0.0,710.4595313612672,984,0.4904427987197934,2.0902042578140083,971
level,KGS,wf_2025,,3,0.202020202020202,0.2298136645962732,161,37,1.088235294117647,99,99,0,99,0,0.2647058823529412,0.6176470588235294,34,2025-01-10,2025-08-30,True,535.1712629845289,0.1833333333333333,-34.83848432694504,535.1712629845289,-29.21378432342502,0.7104978648564456,1.1500994809688585,1000,3.986579461892786,20.832992887612033,1000,232.82850526218715,622.3229721876287,1000,1.0196999362750925,1.2765270474578532,1000
level,KZT,oot,,3,0.5263157894736842,0.3836734693877551,245,94,1.7735849056603774,19,19,0,19,0,0.8679245283018868,0.0754716981132075,53,2025-09-02,2026-09-02,True,235.20949830033632,0.4026315789473684,1.2092156335602806,357.32478089624595,59.51729716409356,0.9430552663728164,3.0244730502860584,990,39.69457808101065,193.05677571157472,990,0.0,370.06399037409653,990,1.0374631330688144,7.470658790797411,988
level,KZT,wf_2022,,3,0.2156862745098039,0.3036437246963562,247,75,1.4705882352941178,51,51,0,51,0,0.7058823529411765,0.2156862745098039,51,2022-01-11,2022-12-31,True,787.7210034762036,0.1689215686274509,-97.28639268813586,854.997888934715,-9.07219418700093,0.383494162987353,1.5837798818157398,999,52.78445946838826,262.243795009172,999,312.04294860004643,829.6924947192625,999,1.2358435206604144,15.717358530644344,998
level,KZT,wf_2023,,3,0.2857142857142857,0.4048582995951417,247,100,1.96078431372549,21,21,0,21,0,0.8823529411764706,0.0784313725490196,51,2023-01-10,2023-12-30,True,176.57840346038657,0.2014285714285714,-10.597133241736572,201.2815567700354,-0.4465133221482035,0.449267930977452,1.342391304347826,947,8.285256118540502,67.2504959657787,947,1.634988759446898,215.5966397019582,947,1.0367535167207986,2.988067714716073,946
level,KZT,wf_2024,,3,0.3111111111111111,0.3346774193548387,248,83,1.6274509803921569,45,45,0,45,0,0.803921568627451,0.196078431372549,51,2024-01-10,2024-12-29,True,611.2045094665981,0.3099999999999999,-28.223647194406663,845.6056919356233,-29.829273348291935,0.5057319223985891,1.2356005344503826,991,-2.446365104384096,35.38079500334699,991,165.02364617332125,949.0685570810164,991,0.7892800938154249,1.1103983404933355,987
level,KZT,wf_2025,,3,0.2782608695652174,0.2422360248447205,161,39,1.1470588235294117,115,115,0,115,0,0.1176470588235294,0.6764705882352942,34,2025-01-10,2025-08-30,False,,0.232,-34.145063679477424,571.217375073092,-16.91479568633944,1.0412428324525569,1.229086014176663,1000,9.836184118008308,28.78021959087394,1000,278.3510503973844,725.8754204582134,1000,1.159779361001135,1.8212005160769664,1000
level,TJS,oot,,3,0.3142857142857143,0.3714285714285714,245,91,1.7169811320754718,70,70,0,70,0,0.5849056603773585,0.2075471698113207,53,2025-09-02,2026-09-02,True,254.55734197834937,0.2857142857142856,-6.205604209274141,274.24230358418106,1.7838761865360644,0.6600569671304699,1.135025702177772,1000,11.076422999965754,34.70061103191396,1000,193.9578339772874,280.5141875570628,1000,1.0033632671459702,1.6108390025345982,1000
level,TJS,wf_2022,,3,0.3076923076923077,0.3522267206477733,247,87,1.7058823529411764,39,39,0,39,0,0.7843137254901961,0.1764705882352941,51,2022-01-11,2022-12-31,True,804.742848335073,0.2203846153846154,-98.58704348048052,1444.576402328635,4.929603759899555,0.3789684959349593,1.94401819154628,998,30.052062802226047,307.0715320217921,998,419.4704943125793,914.520272997883,998,1.0710433755837796,3061.9952607814766,997
level,TJS,wf_2023,,3,0.25,0.4453441295546558,247,110,2.156862745098039,12,12,0,12,0,0.9411764705882352,0.0588235294117647,51,2023-01-10,2023-12-30,True,94.70102319760753,0.2995833333333333,13.418187032844694,310.99574169127584,21.777381304582587,0.0,0.8302521008403362,832,21.865485442094084,83.97876994865383,832,34.2962832917526,141.73242085505632,832,0.5902906889117191,3.017394575987592,781
level,TJS,wf_2024,,3,0.4,0.407258064516129,248,101,1.9803921568627452,30,30,0,30,0,0.803921568627451,0.1176470588235294,51,2024-01-10,2024-12-29,True,331.3795000569368,0.3276666666666666,8.630801605770566,569.1195047176965,38.85888378507525,0.7266419624418582,1.509404761904762,986,17.959056192749568,96.36588854911736,986,131.25213740286412,502.7166684185192,986,0.9529076855669522,4.968061165532884,980
level,TJS,wf_2025,,3,0.2558139534883721,0.3416149068322981,161,55,1.6176470588235294,43,43,0,43,0,0.6764705882352942,0.2352941176470588,34,2025-01-10,2025-08-30,True,552.1496385220534,0.2373255813953488,-53.922015958865806,617.8694563326368,-44.35965423487634,0.4003981334024665,1.08872397253035,997,3.11500367997931,48.974594237059534,997,187.62117861943483,632.711467752618,997,0.9861285073571412,1.5339010382373717,994
level,UZS,oot,,3,0.3469387755102041,0.3918367346938775,245,96,1.8113207547169812,49,49,0,49,0,0.6981132075471698,0.1698113207547169,53,2025-09-02,2026-09-02,True,310.8620617743662,0.2690816326530612,-19.863340605292983,338.01426379396406,0.3473253064780121,0.6559299191374662,1.395873568939771,1000,17.94780449017106,65.87089301579753,1000,122.9500891987656,384.0497814572252,1000,1.1182575692953705,2.9586960967697524,1000
level,UZS,wf_2022,,3,0.1521739130434782,0.3198380566801619,247,79,1.5490196078431373,46,46,0,46,0,0.7647058823529411,0.196078431372549,51,2022-01-11,2022-12-31,True,842.5286445226026,0.1254347826086956,-104.43589543339723,940.8598590718848,-41.33844237510901,0.1540385794550846,1.3157066869300906,993,32.72123543074861,238.1374207046472,993,394.77601069098034,908.9317089970872,993,1.0271813652392452,36.07522112925015,987
level,UZS,wf_2023,,3,0.1851851851851851,0.4453441295546558,247,110,2.156862745098039,27,27,0,27,0,0.8823529411764706,0.1176470588235294,51,2023-01-10,2023-12-30,True,254.8172480403968,0.2009259259259259,-28.18557273754643,329.28335875680887,-28.5023347286571,0.092791754286048,1.0387436974789916,944,2.3148577021322447,54.05117172279843,944,26.18390822664685,366.6375311894599,944,0.7556324444245792,1.071223880523307,923
level,UZS,wf_2024,,3,0.3529411764705882,0.3911290322580645,248,97,1.9019607843137256,51,51,0,51,0,0.7058823529411765,0.2352941176470588,51,2024-01-10,2024-12-29,True,324.6769675069703,0.2796078431372548,-2.5826640416360256,620.3002564448059,18.75720299859284,0.6354778554778554,1.332343915343915,998,15.363501504560489,46.42577082037019,998,168.9136391204027,543.5865618541947,998,1.0494544515799071,8.974119045415017,996
level,UZS,wf_2025,,3,0.2564102564102564,0.2484472049689441,161,40,1.1764705882352942,78,78,0,78,0,0.3823529411764705,0.5,34,2025-01-10,2025-08-30,True,575.2137603775639,0.2248076923076923,-35.65894293184257,610.720501210204,-25.708637966180124,0.8287822654114788,1.3856297348484847,1000,8.648541288674117,34.57965469621017,1000,190.4266665286354,655.3131092198073,1000,1.029924303180931,1.5963611490833856,1000
logreg_a,AMD,oot,5.0,3,0.2894736842105263,0.3755102040816326,245,92,1.7358490566037736,38,38,0,38,0,0.660377358490566,0.1320754716981132,53,2025-09-02,2026-09-02,True,248.79393319094635,0.3819736842105263,4.760148898972758,247.73784116613768,-8.779147811024167,0.3912961475461475,1.3053862959285003,1000,-35.928012702786226,6.460826473588753,1000,212.11139707056745,296.7299047540095,1000,0.3601975131445069,0.9027944442872512,1000
logreg_a,AMD,wf_2022,5.0,3,0.5,0.3441295546558704,247,85,1.6666666666666667,2,2,0,2,0,0.9607843137254902,0.0,51,2022-01-11,2022-12-31,True,45.15772480693458,0.43,407.36442271635946,318.8565972773798,423.2439482741312,0.0,3.5285714285714285,898,-288.7307993246313,244.63493639026444,898,0.0,90.31544961386916,898,0.0,8.610962770187232,845
logreg_a,AMD,wf_2023,5.0,3,0.2857142857142857,0.4534412955465587,247,112,2.196078431372549,7,7,0,7,0,0.8627450980392157,0.0,51,2023-01-10,2023-12-30,True,145.39961182507355,0.3057142857142857,35.62558668646907,313.63898645678296,70.28229315334217,0.0,2.041322314049587,993,-25.00321893229726,164.47486581424232,993,0.0,298.7104823417597,993,0.0,7.096918852977706,988
logreg_a,AMD,wf_2024,5.0,3,0.3283582089552239,0.407258064516129,248,101,1.9803921568627452,67,67,0,67,0,0.5490196078431373,0.2352941176470588,51,2024-01-10,2024-12-29,True,411.5131228592785,0.3047014925373134,5.037785672459588,380.2048525219554,6.865727410672554,0.4174410774410774,1.1923076923076923,1000,-2.8927248465249376,26.310112988004786,1000,158.99807707937973,781.599033112146,1000,0.3419936975923756,1.470321577575345,1000
logreg_a,AMD,wf_2025,5.0,3,0.3181818181818182,0.2608695652173913,161,42,1.2352941176470589,22,22,0,22,0,0.5882352941176471,0.0588235294117647,34,2025-01-10,2025-08-30,True,257.2022326739117,0.3504545454545454,-7.252729160956413,305.7919870143761,-27.288809039893778,0.7666666666666667,1.8045621657754003,1000,-29.528459958720383,12.072948937586164,1000,189.0661526473369,333.0131867031416,1000,0.4298801300888609,1.288724086878983,1000
logreg_a,KGS,oot,5.0,3,0.25,0.3551020408163265,245,87,1.6415094339622642,4,4,0,4,0,0.9245283018867924,0.0,53,2025-09-02,2026-09-02,True,84.06807928441562,0.28875,-15.70670126276264,238.90407250044868,35.691732926089735,0.0,1.9329757108322776,989,-67.98689310798301,102.85838136950906,989,43.99962252334522,230.8824932855269,989,0.0,4.044832050913848,951
logreg_a,KGS,wf_2022,5.0,3,,0.340080971659919,247,84,1.6470588235294117,0,0,0,0,0,1.0,0.0,51,2022-01-11,2022-12-31,True,,,,,,,,0,,,0,,,0,,,0
logreg_a,KGS,wf_2023,5.0,3,0.3333333333333333,0.4493927125506073,247,111,2.176470588235294,6,6,0,6,0,0.8823529411764706,0.0,51,2023-01-10,2023-12-30,True,135.85934399013678,0.2633333333333333,5.701825376750085,232.1222171326353,10.50903773312813,0.0,2.102612994350282,980,-32.112393978909026,103.47666206066864,980,0.0,289.02311186542073,980,0.0,2.5345842542651456,965
logreg_a,KGS,wf_2024,5.0,3,0.3636363636363636,0.4193548387096774,248,104,2.0392156862745097,55,55,0,55,0,0.5686274509803921,0.196078431372549,51,2024-01-10,2024-12-29,True,322.9693038411079,0.3497272727272728,0.1407797465190056,452.8796354301901,-2.254754408252694,0.4990692815179107,1.1247685464718429,1000,-18.25686267492873,1.914319573221104,1000,124.49347041658824,710.4595313612672,1000,0.7367688734070061,1.7768086768202953,1000
logreg_a,KGS,wf_2025,5.0,3,0.0,0.2298136645962732,161,37,1.088235294117647,4,4,0,4,0,0.8823529411764706,0.0,34,2025-01-10,2025-08-30,True,58.89326311560694,0.1825,-8.182164895172647,238.68986672476953,0.5383705625680575,0.0,0.0,982,-3.8574999145579714,45.45552056939739,982,2.4805945158190568,202.66316140126415,982,0.0,0.0,967
logreg_a,KZT,oot,5.0,3,0.4,0.3836734693877551,245,94,1.7735849056603774,5,5,0,5,0,0.9245283018867924,0.0,53,2025-09-02,2026-09-02,True,70.21266672151549,0.265,-4.795410933507899,207.53517353344415,16.815959214610878,0.0,2.5310884353741496,994,-0.1876946410025311,68.64021004024568,994,0.0,217.0743149859877,994,0.0,7.299614320910042,986
logreg_a,KZT,wf_2022,5.0,3,,0.3036437246963562,247,75,1.4705882352941178,0,0,0,0,0,1.0,0.0,51,2022-01-11,2022-12-31,True,,,,,,,,0,,,0,,,0,,,0
logreg_a,KZT,wf_2023,5.0,3,0.3333333333333333,0.4048582995951417,247,100,1.96078431372549,9,9,0,9,0,0.8431372549019608,0.0,51,2023-01-10,2023-12-30,True,87.55544887590848,0.3405555555555555,48.48138334027651,169.60927778629238,54.56646587986663,0.1473837209302327,1.6467216288384514,1000,-33.08822306238307,70.43100723260554,1000,68.53201146678867,164.87247650883052,1000,0.1784743329986397,2.433119637200152,999
logreg_a,KZT,wf_2024,5.0,3,0.2631578947368421,0.3346774193548387,248,83,1.6274509803921569,57,57,0,57,0,0.5294117647058824,0.196078431372549,51,2024-01-10,2024-12-29,True,403.2034463371143,0.2768421052631579,-8.880433650519675,589.7760164220507,-5.630862433117996,0.4639940110015297,1.0984006449631452,1000,-19.85532779758829,10.158632263537177,1000,194.52128039224505,936.708439798468,1000,0.5689824761645816,2.3530189047730112,1000
logreg_a,KZT,wf_2025,5.0,3,0.0,0.2422360248447205,161,39,1.1470588235294117,3,3,0,3,0,0.9117647058823528,0.0,34,2025-01-10,2025-08-30,True,135.27234099134958,0.205,-0.3884855649488525,201.02529654386663,-50.43650697008073,0.0,0.0,988,-238.26928088342305,46.367626717065406,988,5.575439290665951,329.7891879757575,988,0.0,0.0,968
logreg_a,TJS,oot,5.0,3,0.5434782608695652,0.3714285714285714,245,91,1.7169811320754718,47,46,1,46,1,0.5471698113207547,0.1132075471698113,53,2025-09-02,2026-09-02,True,354.9858397411034,0.5653260869565218,58.591543938802616,366.12517369942213,58.21086421002029,0.7385143013120892,1.878787878787879,1000,-35.40052309232618,15.117962158593938,1000,223.5809483825868,406.2139208181237,1000,0.4688704601841169,1.0799601407962751,1000
logreg_a,TJS,wf_2022,5.0,3,0.0,0.3522267206477733,247,87,1.7058823529411764,2,2,0,2,0,0.9607843137254902,0.0,51,2022-01-11,2022-12-31,True,531.8167714112698,0.0,-198.64281841073415,590.9731333614031,-227.36108038694968,0.0,0.0,748,-101.29796203891983,16.58000068873733,748,498.4969849698495,565.1365578526901,748,,,0
logreg_a,TJS,wf_2023,5.0,3,0.1666666666666666,0.4453441295546558,247,110,2.156862745098039,6,6,0,6,0,0.8823529411764706,0.0,51,2023-01-10,2023-12-30,True,139.48067316882538,0.2475,6.223636058430839,234.7027441515745,8.074149778177768,0.0,2.0756302521008405,983,-32.40711097106164,111.12737847020382,983,0.0,289.5604920373307,983,0.0,2.201966903152436,968
logreg_a,TJS,wf_2024,5.0,3,0.4193548387096774,0.407258064516129,248,101,1.9803921568627452,62,62,0,62,0,0.4901960784313725,0.196078431372549,51,2024-01-10,2024-12-29,True,437.08885309434464,0.3757258064516129,13.19689616991273,553.479345475745,24.21838511039057,0.7361429458896304,1.312256326049429,1000,-4.624747941527983,27.781091018793976,1000,135.03442437288504,684.3842986038394,1000,0.8822339598964136,2.4307519154462045,1000
logreg_a,TJS,wf_2025,5.0,3,0.3703703703703703,0.3416149068322981,161,55,1.6176470588235294,27,27,0,27,0,0.5588235294117647,0.088235294117647,34,2025-01-10,2025-08-30,True,303.61551047651324,0.3529629629629629,0.8281458967759018,326.62101024603055,-3.170786227554208,0.6706947314049587,1.391422558922559,1000,-27.122225226516857,2.7738432655934435,1000,157.94492859231949,358.06888177782434,1000,0.5279298064484257,1.3094830210385928,1000
logreg_a,UZS,oot,5.0,3,0.25,0.3918367346938775,245,96,1.8113207547169812,4,4,0,4,0,0.9245283018867924,0.0,53,2025-09-02,2026-09-02,True,110.43805442382038,0.225,12.86453408747913,215.50100828596217,10.44787579772832,0.0,2.987951807228916,954,-38.009257114089976,14.386584239843105,954,0.0,237.86951921429105,954,0.0,7.23902006804894,915
logreg_a,UZS,wf_2022,5.0,3,,0.3198380566801619,247,79,1.5490196078431373,0,0,0,0,0,1.0,0.0,51,2022-01-11,2022-12-31,True,,,,,,,,0,,,0,,,0,,,0
logreg_a,UZS,wf_2023,5.0,3,0.1428571428571428,0.4453441295546558,247,110,2.156862745098039,7,7,0,7,0,0.8627450980392157,0.0,51,2023-01-10,2023-12-30,True,154.34085623569337,0.2864285714285713,12.392345031214052,241.7746186737982,6.7833371547035695,0.0,1.5184426229508197,992,-29.85058672330244,99.4534336855287,992,20.762678089782938,291.92918632415797,992,0.0,1.5180567527068602,985
logreg_a,UZS,wf_2024,5.0,3,0.3725490196078431,0.3911290322580645,248,97,1.9019607843137256,51,51,0,51,0,0.5686274509803921,0.196078431372549,51,2024-01-10,2024-12-29,True,496.8245645893847,0.3682352941176471,-4.845305955744925,600.8905640640653,-14.99629771865245,0.4543006204023153,1.3053893109061312,1000,-19.50453852108457,9.113742701546142,1000,193.6041940271716,789.5460713718116,1000,0.462127398402244,1.804061707788772,1000
logreg_a,UZS,wf_2025,5.0,3,0.3333333333333333,0.2484472049689441,161,40,1.1764705882352942,6,6,0,6,0,0.8235294117647058,0.0,34,2025-01-10,2025-08-30,True,126.54818341120452,0.2266666666666666,-18.169922144378862,273.24686355180734,-19.051002105863933,0.0,3.794999999999999,995,-30.00536551064338,122.4820549469352,995,0.0,351.30043543367464,995,0.0,5.7296195588742735,977
logreg_ab,AMD,oot,5.0,3,,0.3755102040816326,245,92,1.7358490566037736,0,0,0,0,0,1.0,0.0,53,2025-09-02,2026-09-02,True,,,,,,,,0,,,0,,,0,,,0
logreg_ab,AMD,wf_2022,5.0,3,0.3333333333333333,0.3441295546558704,247,85,1.6666666666666667,6,6,0,6,0,0.8823529411764706,0.0,51,2022-01-11,2022-12-31,True,318.57331860746507,0.2408333333333333,-76.83920165243397,827.5840187541673,22.47402827805631,0.0,2.1671460176991144,1000,-85.42792574007797,134.850698303929,1000,39.11827183135985,888.4783862569944,1000,0.0,20.001837548546582,992
logreg_ab,AMD,wf_2023,5.0,3,,0.4534412955465587,247,112,2.196078431372549,0,0,0,0,0,1.0,0.0,51,2023-01-10,2023-12-30,True,,,,,,,,0,,,0,,,0,,,0
logreg_ab,AMD,wf_2024,5.0,3,0.35,0.407258064516129,248,101,1.9803921568627452,40,40,0,40,0,0.6274509803921569,0.1176470588235294,51,2024-01-10,2024-12-29,True,273.09733251155865,0.307125,11.01199893668358,376.8685813386248,16.198159326449552,0.2472275633417208,1.5277506788155868,1000,-10.593663143032842,32.128443524444535,1000,100.72143337944048,781.599033112146,1000,0.1729442553992948,1.8577536606597935,1000
logreg_ab,AMD,wf_2025,5.0,3,,0.2608695652173913,161,42,1.2352941176470589,0,0,0,0,0,1.0,0.0,34,2025-01-10,2025-08-30,True,,,,,,,,0,,,0,,,0,,,0
logreg_ab,KGS,oot,5.0,3,,0.3551020408163265,245,87,1.6415094339622642,0,0,0,0,0,1.0,0.0,53,2025-09-02,2026-09-02,True,,,,,,,,0,,,0,,,0,,,0
logreg_ab,KGS,wf_2022,5.0,3,0.3333333333333333,0.340080971659919,247,84,1.6470588235294117,3,3,0,3,0,0.9411764705882352,0.0,51,2022-01-11,2022-12-31,True,78.81101735436916,0.1866666666666666,-65.31666582841015,294.6188784434047,7.834326116669497,0.0,2.8720930232558137,968,-33.97437448872331,98.61178901202194,968,0.0,163.74676625276584,968,0.0,8.577205526883672,875
logreg_ab,KGS,wf_2023,5.0,3,,0.4493927125506073,247,111,2.176470588235294,0,0,0,0,0,1.0,0.0,51,2023-01-10,2023-12-30,True,,,,,,,,0,,,0,,,0,,,0
logreg_ab,KGS,wf_2024,5.0,3,0.3125,0.4193548387096774,248,104,2.0392156862745097,32,32,0,32,0,0.6862745098039216,0.0980392156862745,51,2024-01-10,2024-12-29,True,129.85195857808975,0.33875,8.624302058755106,152.38032375102685,3.0069474498636843,0.2989697374276813,1.1791833953518738,1000,-13.92891818852578,8.35607056485416,1000,88.09796849265861,193.81578555028645,1000,0.4674902002560513,1.1229252352286785,1000
logreg_ab,KGS,wf_2025,5.0,3,1.0,0.2298136645962732,161,37,1.088235294117647,1,1,0,1,0,0.9705882352941176,0.0,34,2025-01-10,2025-08-30,True,0.0,0.37,-4.983925269843897,20.803150805653235,35.01530831856448,3.0961538461538463,5.275779569892474,62,21.66284690432896,21.66284690432896,62,0.0,0.0,62,3.34797617206121,3.34797617206121,62
logreg_ab,KZT,oot,5.0,3,,0.3836734693877551,245,94,1.7735849056603774,0,0,0,0,0,1.0,0.0,53,2025-09-02,2026-09-02,True,,,,,,,,0,,,0,,,0,,,0
logreg_ab,KZT,wf_2022,5.0,3,0.0909090909090909,0.3036437246963562,247,75,1.4705882352941178,11,11,0,11,0,0.9019607843137256,0.0392156862745098,51,2022-01-11,2022-12-31,True,668.276684727143,0.18,-97.2288640168676,764.152801034897,-173.74050439407168,0.0,0.9961762200316412,973,-85.41207885804481,107.32482764034876,973,1.5895122468134737,782.7212806026384,973,0.0,0.5775575394246525,885
logreg_ab,KZT,wf_2023,5.0,3,,0.4048582995951417,247,100,1.96078431372549,0,0,0,0,0,1.0,0.0,51,2023-01-10,2023-12-30,True,,,,,,,,0,,,0,,,0,,,0
logreg_ab,KZT,wf_2024,5.0,3,0.2,0.3346774193548387,248,83,1.6274509803921569,30,30,0,30,0,0.6470588235294118,0.0784313725490196,51,2024-01-10,2024-12-29,True,307.56309705596726,0.2226666666666666,-6.059791737082537,442.64939874842673,3.962809279097682,0.2268120320260953,1.24981590574374,1000,-15.488263992457478,44.098424823767076,1000,106.1626475487043,936.708439798468,1000,0.0871841048233872,2.501692566571444,1000
logreg_ab,KZT,wf_2025,5.0,3,,0.2422360248447205,161,39,1.1470588235294117,0,0,0,0,0,1.0,0.0,34,2025-01-10,2025-08-30,True,,,,,,,,0,,,0,,,0,,,0
logreg_ab,TJS,oot,5.0,3,,0.3714285714285714,245,91,1.7169811320754718,0,0,0,0,0,1.0,0.0,53,2025-09-02,2026-09-02,True,,,,,,,,0,,,0,,,0,,,0
logreg_ab,TJS,wf_2022,5.0,3,0.4,0.3522267206477733,247,87,1.7058823529411764,10,10,0,10,0,0.803921568627451,0.0,51,2022-01-11,2022-12-31,True,494.1792628467554,0.2865,-59.666719611559365,1218.1567519863484,16.52849363610021,0.2280936379928315,2.4303141826096915,1000,-24.929361596353864,224.34468552839772,1000,139.53519922940137,751.9102206849304,1000,0.1761513026798892,294.84152215083765,1000
logreg_ab,TJS,wf_2023,5.0,3,,0.4453441295546558,247,110,2.156862745098039,0,0,0,0,0,1.0,0.0,51,2023-01-10,2023-12-30,True,,,,,,,,0,,,0,,,0,,,0
logreg_ab,TJS,wf_2024,5.0,3,0.4772727272727273,0.407258064516129,248,101,1.9803921568627452,44,44,0,44,0,0.5882352941176471,0.1372549019607843,51,2024-01-10,2024-12-29,True,261.5576133812225,0.3967045454545455,15.110539862229512,434.9597959968322,28.45582907108719,0.7738867834275892,1.5166147852107723,1000,-7.69927200666949,31.2703409590041,1000,103.4118434477154,744.5371412109592,1000,0.9569430970685656,2.7388230169505134,1000
logreg_ab,TJS,wf_2025,5.0,3,0.3333333333333333,0.3416149068322981,161,55,1.6176470588235294,3,3,0,3,0,0.9411764705882352,0.0,34,2025-01-10,2025-08-30,True,15.082892793791824,0.5166666666666666,66.46681504856174,34.69757524309067,50.43118846706125,0.0,1.0952380952380951,738,-80.51077172317788,-25.123505578749832,738,12.94840490572602,32.300273475649455,738,0.0,0.9144834674080028,693
logreg_ab,UZS,oot,5.0,3,,0.3918367346938775,245,96,1.8113207547169812,0,0,0,0,0,1.0,0.0,53,2025-09-02,2026-09-02,True,,,,,,,,0,,,0,,,0,,,0
logreg_ab,UZS,wf_2022,5.0,3,0.1,0.3198380566801619,247,79,1.5490196078431373,10,10,0,10,0,0.8627450980392157,0.0196078431372549,51,2022-01-11,2022-12-31,True,673.9777753934226,0.0984999999999999,-161.261227517149,925.2788413505364,-200.13215591997312,0.0,1.467399516737388,1000,-15.348810159448332,92.70138023531382,1000,487.61542077295104,929.629171245674,1000,0.0,4.119845723777251,996
logreg_ab,UZS,wf_2023,5.0,3,,0.4453441295546558,247,110,2.156862745098039,0,0,0,0,0,1.0,0.0,51,2023-01-10,2023-12-30,True,,,,,,,,0,,,0,,,0,,,0
logreg_ab,UZS,wf_2024,5.0,3,0.4583333333333333,0.3911290322580645,248,97,1.9019607843137256,24,24,0,24,0,0.6862745098039216,0.0392156862745098,51,2024-01-10,2024-12-29,True,98.54231099968348,0.4497916666666666,24.15934432284254,289.24512007144057,39.64447168510891,0.4940592246471784,1.86482151881762,1000,-5.150678075611492,52.6324409900156,1000,77.45099257367771,133.78960548067198,1000,0.7343807251675021,8.588150995377028,1000
logreg_ab,UZS,wf_2025,5.0,3,0.0,0.2484472049689441,161,40,1.1764705882352942,3,3,0,3,0,0.9705882352941176,0.0294117647058823,34,2025-01-10,2025-08-30,True,126.58796952631576,0.1933333333333333,-43.12907433017819,144.94665436075138,-79.54401735573676,0.0,0.0,254,-75.48524695881298,-60.65679941884597,254,94.33597645140736,168.1428305053134,254,0.0,0.0,60
logreg_abc,AMD,oot,5.0,3,0.35,0.3755102040816326,245,92,1.7358490566037736,20,20,0,20,0,0.7547169811320755,0.0377358490566037,53,2025-09-02,2026-09-02,True,175.78194888986155,0.41825,17.145625746244423,234.4087340819628,12.101152193364994,0.1637763563136697,1.441925064599483,1000,-25.04206049490846,10.942281782313698,1000,152.05454102384496,252.78378012523865,1000,0.1529042934997596,1.4453998453284014,1000
logreg_abc,AMD,wf_2022,5.0,3,0.25,0.3441295546558704,247,85,1.6666666666666667,4,4,0,4,0,0.9607843137254902,0.0196078431372549,51,2022-01-11,2022-12-31,True,193.38101220413407,0.2425,-39.15996602253296,371.79739779615034,-55.30203922465504,0.0,3.430555555555556,925,-77.95661231862675,47.727324716915206,925,0.0,435.03804433490336,925,0.0,3.4245429299715715,873
logreg_abc,AMD,wf_2023,5.0,3,,0.4534412955465587,247,112,2.196078431372549,0,0,0,0,0,1.0,0.0,51,2023-01-10,2023-12-30,True,,,,,,,,0,,,0,,,0,,,0
logreg_abc,AMD,wf_2024,5.0,3,,0.407258064516129,248,101,1.9803921568627452,0,0,0,0,0,1.0,0.0,51,2024-01-10,2024-12-29,True,,,,,,,,0,,,0,,,0,,,0
logreg_abc,AMD,wf_2025,5.0,3,,0.2608695652173913,161,42,1.2352941176470589,0,0,0,0,0,1.0,0.0,34,2025-01-10,2025-08-30,True,,,,,,,,0,,,0,,,0,,,0
logreg_abc,KGS,oot,5.0,3,0.3478260869565217,0.3551020408163265,245,87,1.6415094339622642,24,23,1,23,1,0.7169811320754716,0.0377358490566037,53,2025-09-02,2026-09-02,True,306.9150817202462,0.3876086956521739,31.213046509523075,442.6916359962362,29.023631577142904,0.0,1.439469320066335,1000,-54.365404672641134,14.008649750925622,1000,200.4441026266313,479.0091239318773,1000,0.0,1.3629371317211412,1000
logreg_abc,KGS,wf_2022,5.0,3,0.5,0.340080971659919,247,84,1.6470588235294117,2,2,0,2,0,0.9607843137254902,0.0,51,2022-01-11,2022-12-31,True,81.87338312638292,0.1925,-12.174486108466173,129.3377319681649,24.51104481069,0.0,3.383561643835616,903,-33.97437448872331,51.39821569571268,903,0.0,163.74676625276584,903,1.360217650038133,6.071178704209622,671
logreg_abc,KGS,wf_2023,5.0,3,,0.4493927125506073,247,111,2.176470588235294,0,0,0,0,0,1.0,0.0,51,2023-01-10,2023-12-30,True,,,,,,,,0,,,0,,,0,,,0
logreg_abc,KGS,wf_2024,5.0,3,,0.4193548387096774,248,104,2.0392156862745097,0,0,0,0,0,1.0,0.0,51,2024-01-10,2024-12-29,True,,,,,,,,0,,,0,,,0,,,0
logreg_abc,KGS,wf_2025,5.0,3,,0.2298136645962732,161,37,1.088235294117647,0,0,0,0,0,1.0,0.0,34,2025-01-10,2025-08-30,True,,,,,,,,0,,,0,,,0,,,0
logreg_abc,KZT,oot,5.0,3,0.4,0.3836734693877551,245,94,1.7735849056603774,10,10,0,10,0,0.8490566037735849,0.0188679245283018,53,2025-09-02,2026-09-02,True,176.94508896050198,0.3879999999999999,39.38358688276548,348.83646321862034,83.86916536786259,0.0,1.878787878787879,1000,-44.37236517791665,18.059140533388057,1000,101.8417110414549,329.8223142748147,1000,0.0,3.942427764565183,997
logreg_abc,KZT,wf_2022,5.0,3,1.0,0.3036437246963562,247,75,1.4705882352941178,1,1,0,1,0,0.9803921568627452,0.0,51,2022-01-11,2022-12-31,True,0.0,0.645,415.6520002323872,61.15078091570409,582.8831222507613,2.7444444444444445,4.660377358490566,717,271.12618140870734,271.12618140870734,717,0.0,0.0,717,3.313931532000724,3.313931532000724,643
logreg_abc,KZT,wf_2023,5.0,3,,0.4048582995951417,247,100,1.96078431372549,0,0,0,0,0,1.0,0.0,51,2023-01-10,2023-12-30,True,,,,,,,,0,,,0,,,0,,,0
logreg_abc,KZT,wf_2024,5.0,3,,0.3346774193548387,248,83,1.6274509803921569,0,0,0,0,0,1.0,0.0,51,2024-01-10,2024-12-29,True,,,,,,,,0,,,0,,,0,,,0
logreg_abc,KZT,wf_2025,5.0,3,,0.2422360248447205,161,39,1.1470588235294117,0,0,0,0,0,1.0,0.0,34,2025-01-10,2025-08-30,True,,,,,,,,0,,,0,,,0,,,0
logreg_abc,TJS,oot,5.0,3,0.4571428571428571,0.3714285714285714,245,91,1.7169811320754718,36,35,1,35,1,0.6037735849056604,0.0754716981132075,53,2025-09-02,2026-09-02,True,326.42222323800144,0.4818571428571428,46.08845832373231,405.1059156330902,46.56927391563823,0.6124209152334151,1.5493256358768408,1000,-47.633605742572065,17.41196308390067,1000,111.45522297407727,406.2139208181237,1000,0.416507820128975,1.555369689433789,1000
logreg_abc,TJS,wf_2022,5.0,3,0.2,0.3522267206477733,247,87,1.7058823529411764,5,5,0,5,0,0.9607843137254902,0.0196078431372549,51,2022-01-11,2022-12-31,True,35.00858650757621,0.146,-3.5137217809519417,164.49813401490837,48.73251395297995,0.0,1.9855612903225812,937,-3.215443077247902,76.97337695106684,937,10.35418883621908,103.49095647484096,937,0.960034949516678,4.679934635841005,673
logreg_abc,TJS,wf_2023,5.0,3,,0.4453441295546558,247,110,2.156862745098039,0,0,0,0,0,1.0,0.0,51,2023-01-10,2023-12-30,True,,,,,,,,0,,,0,,,0,,,0
logreg_abc,TJS,wf_2024,5.0,3,,0.407258064516129,248,101,1.9803921568627452,0,0,0,0,0,1.0,0.0,51,2024-01-10,2024-12-29,True,,,,,,,,0,,,0,,,0,,,0
logreg_abc,TJS,wf_2025,5.0,3,0.6666666666666666,0.3416149068322981,161,55,1.6176470588235294,3,3,0,3,0,0.9411764705882352,0.0,34,2025-01-10,2025-08-30,True,90.05210973527318,0.525,81.24332301468891,151.45428873518696,53.46264933790682,0.0,2.9272727272727272,766,-36.444694365768136,60.27615665137765,766,0.0,270.15632920581953,766,0.2338590617353283,3.757906349185766,683
logreg_abc,UZS,oot,5.0,3,0.3333333333333333,0.3918367346938775,245,96,1.8113207547169812,23,21,2,21,2,0.7735849056603774,0.0566037735849056,53,2025-09-02,2026-09-02,True,313.4318687925628,0.3669047619047619,14.524974809339572,435.5450188003373,1.0019556191647505,0.3936507936507937,1.426683958077307,1000,-70.61502325515919,5.673230408922595,1000,237.65027857328187,482.3244610418076,1000,0.4839083278511038,1.508322306404546,1000
logreg_abc,UZS,wf_2022,5.0,3,0.2,0.3198380566801619,247,79,1.5490196078431373,5,5,0,5,0,0.9411764705882352,0.0,51,2022-01-11,2022-12-31,True,643.386994117002,0.078,-320.71780660859724,1037.288963418107,-379.9558525360027,0.0,3.8,932,-67.29208885401887,147.48837120111304,932,0.0,1083.6426854019066,932,0.2930516960953508,39.48751641646905,655
logreg_abc,UZS,wf_2023,5.0,3,,0.4453441295546558,247,110,2.156862745098039,0,0,0,0,0,1.0,0.0,51,2023-01-10,2023-12-30,True,,,,,,,,0,,,0,,,0,,,0
logreg_abc,UZS,wf_2024,5.0,3,,0.3911290322580645,248,97,1.9019607843137256,0,0,0,0,0,1.0,0.0,51,2024-01-10,2024-12-29,True,,,,,,,,0,,,0,,,0,,,0
logreg_abc,UZS,wf_2025,5.0,3,,0.2484472049689441,161,40,1.1764705882352942,0,0,0,0,0,1.0,0.0,34,2025-01-10,2025-08-30,True,,,,,,,,0,,,0,,,0,,,0
logreg_abcd,AMD,oot,5.0,3,,0.3755102040816326,245,92,1.7358490566037736,0,0,0,0,0,1.0,0.0,53,2025-09-02,2026-09-02,True,,,,,,,,0,,,0,,,0,,,0
logreg_abcd,AMD,wf_2022,5.0,3,0.2592592592592592,0.3441295546558704,247,85,1.6666666666666667,27,27,0,27,0,0.7647058823529411,0.0980392156862745,51,2022-01-11,2022-12-31,True,711.539522874887,0.242037037037037,-64.87877115826419,1023.4316322502214,-36.65630104732207,0.2440591111786764,1.2103022742375835,1000,39.64147559633587,165.20426081356243,1000,407.1289467803218,1060.8766417252525,1000,0.75927265165705,5.197739763165597,998
logreg_abcd,AMD,wf_2023,5.0,3,0.3636363636363636,0.4534412955465587,247,112,2.196078431372549,99,99,0,99,0,0.4705882352941176,0.392156862745098,51,2023-01-10,2023-12-30,True,401.60930021569374,0.3473232323232323,-0.2323906999392939,443.987198441182,8.972786468295816,0.6382389050387596,1.0655346612815992,1000,12.728598117709934,53.32896761863215,1000,260.5897850038461,513.527216241289,1000,0.8246945734402624,3.3893199667526366,1000
logreg_abcd,AMD,wf_2024,5.0,3,0.3376623376623376,0.407258064516129,248,101,1.9803921568627452,77,77,0,77,0,0.4705882352941176,0.3137254901960784,51,2024-01-10,2024-12-29,True,477.6543502101034,0.3098051948051948,1.101024012171118,456.41408416901584,1.483158136125266,0.5444074416412933,1.2254964285714285,1000,5.719139733369186,28.917436645865116,1000,184.91980046628387,767.8398525318753,1000,0.4094467958838717,1.482513908298065,1000
logreg_abcd,AMD,wf_2025,5.0,3,0.3333333333333333,0.2608695652173913,161,42,1.2352941176470589,3,3,0,3,0,0.9117647058823528,0.0,34,2025-01-10,2025-08-30,True,61.895907243357435,0.3583333333333333,-0.0781183125917749,195.61053338327167,24.77155948718187,0.0,3.9268292682926833,967,-74.00260226173572,113.45199103079074,967,0.0,169.52634446538494,967,0.0,4.356421767257249,923
logreg_abcd,KGS,oot,5.0,3,,0.3551020408163265,245,87,1.6415094339622642,0,0,0,0,0,1.0,0.0,53,2025-09-02,2026-09-02,True,,,,,,,,0,,,0,,,0,,,0
logreg_abcd,KGS,wf_2022,5.0,3,0.2608695652173913,0.340080971659919,247,84,1.6470588235294117,23,23,0,23,0,0.7843137254901961,0.0784313725490196,51,2022-01-11,2022-12-31,True,480.3932456770532,0.2969565217391304,17.170782856029728,629.2824025436328,-7.445045623834213,0.1386926660107199,1.255742574807701,1000,8.99749266449838,124.318415443077,1000,344.64167979194826,643.877560156021,1000,0.2246223122743612,3.0566421452462635,1000
logreg_abcd,KGS,wf_2023,5.0,3,0.4,0.4493927125506073,247,111,2.176470588235294,100,100,0,100,0,0.392156862745098,0.4117647058823529,51,2023-01-10,2023-12-30,False,,0.3867,6.413782168938313,392.6826972659692,17.387005498877574,0.7356382997838112,1.1320314916443524,1000,14.539314801207231,40.22699116834161,1000,146.33021103570672,373.0857915992579,1000,1.0284145613084574,3.93338509932851,1000
logreg_abcd,KGS,wf_2024,5.0,3,0.3684210526315789,0.4193548387096774,248,104,2.0392156862745097,76,76,0,76,0,0.4509803921568627,0.2549019607843137,51,2024-01-10,2024-12-29,True,460.7327873031002,0.3297368421052631,-3.9624707610946497,468.625793487035,-7.203258949471582,0.6373732556650877,1.1072366828087168,1000,-2.380328612049423,18.753818800689107,1000,178.57687702590167,710.4595313612672,1000,0.5434525001529631,1.438963913993365,1000
logreg_abcd,KGS,wf_2025,5.0,3,0.2,0.2298136645962732,161,37,1.088235294117647,5,5,0,5,0,0.8529411764705882,0.0,34,2025-01-10,2025-08-30,True,50.67703183924399,0.242,-4.115192446323118,223.78367610884212,5.030391583037199,0.0,0.8464738175675676,991,-51.701100952563834,2.511874642143308,991,25.469034252614264,158.40193129649904,991,0.0,1.0235661863892014,978
logreg_abcd,KZT,oot,5.0,3,,0.3836734693877551,245,94,1.7735849056603774,0,0,0,0,0,1.0,0.0,53,2025-09-02,2026-09-02,True,,,,,,,,0,,,0,,,0,,,0
logreg_abcd,KZT,wf_2022,5.0,3,0.2083333333333333,0.3036437246963562,247,75,1.4705882352941178,24,24,0,24,0,0.7647058823529411,0.0588235294117647,51,2022-01-11,2022-12-31,True,739.769651464436,0.2191666666666666,-70.96644444870047,818.3617780122196,-71.3491978284746,0.2166102430555555,1.6469986559139782,1000,41.24961302730176,171.35198750694383,1000,722.4731019851549,782.7212806026386,1000,0.6641400267876896,3.0084066220248284,1000
logreg_abcd,KZT,wf_2023,5.0,3,0.3535353535353535,0.4048582995951417,247,100,1.96078431372549,99,99,0,99,0,0.392156862745098,0.392156862745098,51,2023-01-10,2023-12-30,True,380.3077958962398,0.3223737373737373,0.5201030719309371,512.4619840181592,14.280658108331709,0.6615842022488607,1.1622971285892634,1000,10.16781915371722,41.1444286195852,1000,267.5425208904986,436.06409208553424,1000,1.064685622801647,7.801669553690191,1000
logreg_abcd,KZT,wf_2024,5.0,3,0.2876712328767123,0.3346774193548387,248,83,1.6274509803921569,73,73,0,73,0,0.4705882352941176,0.2549019607843137,51,2024-01-10,2024-12-29,True,387.2573233026957,0.2680821917808219,-9.279166977015034,528.6817557380014,-7.031392151904776,0.6553754639763967,1.096889183940854,1000,-1.925763434584048,25.772169137876723,1000,161.49650073317082,711.9708603621802,1000,0.8763308004648297,3.1170436839437197,1000
logreg_abcd,KZT,wf_2025,5.0,3,0.5,0.2422360248447205,161,39,1.1470588235294117,2,2,0,2,0,0.9411764705882352,0.0,34,2025-01-10,2025-08-30,True,2.7877196453329756,0.4675,34.64331657776883,93.73805935793838,46.2145960576954,0.0,4.878787878787879,935,5.1131873750742685,46.367626717065406,935,0.0,5.575439290665951,935,0.0,2.179453160577183,874
logreg_abcd,TJS,oot,5.0,3,,0.3714285714285714,245,91,1.7169811320754718,0,0,0,0,0,1.0,0.0,53,2025-09-02,2026-09-02,True,,,,,,,,0,,,0,,,0,,,0
logreg_abcd,TJS,wf_2022,5.0,3,0.3125,0.3522267206477733,247,87,1.7058823529411764,32,32,0,32,0,0.7450980392156863,0.0980392156862745,51,2022-01-11,2022-12-31,True,616.7075663378582,0.2584375,-20.17224173436132,1025.8528089826964,11.83988319084728,0.489353777515094,1.3000285338015805,1000,31.718248924013395,139.6740945496953,1000,416.4896009109775,1126.352170834475,1000,0.7544138165833398,12.98106823798696,1000
logreg_abcd,TJS,wf_2023,5.0,3,0.3614457831325301,0.4453441295546558,247,110,2.156862745098039,83,83,0,83,0,0.4901960784313725,0.3137254901960784,51,2023-01-10,2023-12-30,True,363.02706171410114,0.3327710843373493,-6.253491778169682,413.85898422045966,6.054082602496753,0.6486558044402081,1.0834184475172846,1000,13.515043344857611,46.591440577277794,1000,205.9629487610842,396.0647577210757,1000,1.0289441030095403,3.9800671901743168,1000
logreg_abcd,TJS,wf_2024,5.0,3,0.369047619047619,0.407258064516129,248,101,1.9803921568627452,84,84,0,84,0,0.4509803921568627,0.3137254901960784,51,2024-01-10,2024-12-29,True,495.8418349992715,0.343392857142857,3.972390768465104,507.9446194456024,3.6611102383998895,0.6811270599474564,1.101380006966214,1000,-3.7068573979772497,25.846127686477352,1000,174.10254625435837,721.1010304557442,1000,0.6035543019432096,1.9348454693870365,1000
logreg_abcd,TJS,wf_2025,5.0,3,0.4545454545454545,0.3416149068322981,161,55,1.6176470588235294,11,11,0,11,0,0.7941176470588235,0.0294117647058823,34,2025-01-10,2025-08-30,True,70.35411311108719,0.4181818181818181,19.8470001080138,287.93753910301143,49.13256935384621,0.4731862745098039,2.542777777777777,999,-29.43364489206214,79.45953860862033,999,0.0,169.153489293965,999,0.4766509401800874,5.580565308278833,998
logreg_abcd,UZS,oot,5.0,3,,0.3918367346938775,245,96,1.8113207547169812,0,0,0,0,0,1.0,0.0,53,2025-09-02,2026-09-02,True,,,,,,,,0,,,0,,,0,,,0
logreg_abcd,UZS,wf_2022,5.0,3,0.2258064516129032,0.3198380566801619,247,79,1.5490196078431373,31,31,0,31,0,0.7450980392156863,0.1176470588235294,51,2022-01-11,2022-12-31,True,989.5043722964072,0.2219354838709676,-97.2532152584172,1042.9688741268333,-120.8388157159702,0.2641640671420083,1.203055175519798,1000,23.0732824589841,110.59726566221016,1000,531.9279473838179,1083.6426854019066,1000,0.4503250866904872,2.191079979383867,1000
logreg_abcd,UZS,wf_2023,5.0,3,0.39,0.4453441295546558,247,110,2.156862745098039,100,100,0,100,0,0.4509803921568627,0.392156862745098,51,2023-01-10,2023-12-30,False,,0.3768,3.4843554230258564,422.7799227783304,15.638971032428865,0.6726111324194091,1.200636082628194,1000,14.411088165994876,45.68153203983975,1000,173.24959228997528,400.49756720012783,1000,1.046266697647383,3.8498946352497057,1000
logreg_abcd,UZS,wf_2024,5.0,3,0.3493975903614458,0.3911290322580645,248,97,1.9019607843137256,83,83,0,83,0,0.4313725490196078,0.3529411764705882,51,2024-01-10,2024-12-29,True,635.632283986916,0.3249397590361445,-9.210122454774725,544.5632113470093,-20.281761260238365,0.6038863067497071,1.1089331363007124,1000,-10.45977157820355,12.975386043865075,1000,219.1634579828702,788.9042385417566,1000,0.4338064540456925,1.067787339809524,1000
logreg_abcd,UZS,wf_2025,5.0,3,1.0,0.2484472049689441,161,40,1.1764705882352942,2,2,0,2,0,0.9411764705882352,0.0,34,2025-01-10,2025-08-30,True,0.0,0.4775,32.12183075417871,130.9624459655212,102.60126717454132,2.9814814814814814,6.1923076923076925,929,-3.4819530351282157,122.4820549469352,929,0.0,0.0,929,1.9982951252672512,8.42001846611197,871
momentum,AMD,oot,,3,0.3055555555555556,0.3755102040816326,245,92,1.7358490566037736,36,36,0,36,0,0.6226415094339622,0.0754716981132075,53,2025-09-02,2026-09-02,True,236.7555782057256,0.215,-32.746793381289656,279.63017301316796,-3.564986811494874,0.4723649068322981,1.3507976467976466,1000,38.97381333804847,81.24395942475867,1000,186.90557959279985,297.9279012537472,1000,0.9185666555057392,2.959432137467822,1000
momentum,AMD,wf_2022,,3,0.196078431372549,0.3441295546558704,247,85,1.6666666666666667,51,51,0,51,0,0.5882352941176471,0.1764705882352941,51,2022-01-11,2022-12-31,True,965.4639654917758,0.1477450980392156,-97.49795988638036,1051.8307171025644,-22.07810524473096,0.3299454371549064,0.8165796627113188,1000,64.38225169358338,189.7762156802736,1000,458.923066013767,1247.8564376158463,1000,0.6145465674016155,8.372336712619285,1000
momentum,AMD,wf_2023,,3,0.3428571428571428,0.4534412955465587,247,112,2.196078431372549,35,35,0,35,0,0.7058823529411765,0.1176470588235294,51,2023-01-10,2023-12-30,True,384.3720687371421,0.2868571428571428,-19.9088569566317,528.2252429894957,-4.537712220849996,0.4898883887415998,1.0531128985758835,1000,53.61722870943835,115.65708296635688,1000,172.1376791717788,564.7343099393764,1000,0.5571876405025085,8.776817801335724,1000
momentum,AMD,wf_2024,,3,0.4666666666666667,0.407258064516129,248,101,1.9803921568627452,30,30,0,30,0,0.6274509803921569,0.0392156862745098,51,2024-01-10,2024-12-29,True,365.5851511625676,0.2758333333333333,-32.591046049600955,617.5785426485869,22.70331753601314,0.8036480455524777,1.889656500802568,1000,45.63021636475593,138.77273163552528,1000,109.04577164009056,726.5623107910635,1000,1.190216427265206,12.94566733540558,1000
momentum,AMD,wf_2025,,3,0.2916666666666667,0.2608695652173913,161,42,1.2352941176470589,24,24,0,24,0,0.5882352941176471,0.0588235294117647,34,2025-01-10,2025-08-30,True,326.89141108498677,0.1570833333333333,-78.73027777194,576.1291453795883,-26.44276909692535,0.6388257575757575,1.995867768595041,1000,40.82799132392118,112.00576824218876,1000,149.0617396959948,415.3734425524491,1000,2.190637336585308,14.473824214157188,1000
momentum,KGS,oot,,3,0.3061224489795918,0.3551020408163265,245,87,1.6415094339622642,49,49,0,49,0,0.490566037735849,0.0943396226415094,53,2025-09-02,2026-09-02,True,270.11025991752956,0.2098979591836735,-39.851822974821296,282.7242988514379,-15.317389159224367,0.5323133177205309,1.287750245037981,1000,33.61183698803025,69.96129329364234,1000,229.3966389580303,306.77984694286175,1000,1.0027169016195543,2.169419982080925,1000
momentum,KGS,wf_2022,,3,0.2790697674418604,0.340080971659919,247,84,1.6470588235294117,43,43,0,43,0,0.5686274509803921,0.1176470588235294,51,2022-01-11,2022-12-31,True,794.3876844192066,0.1826744186046511,-56.08445696614579,1152.260849233506,61.31082075120965,0.6579126338594996,1.1250921325051757,1000,90.54702212195036,282.9124711043653,1000,443.59882552863496,958.3561370082648,1000,1.395004513130918,72.44948555799762,1000
momentum,KGS,wf_2023,,3,0.3235294117647059,0.4493927125506073,247,111,2.176470588235294,34,34,0,34,0,0.7058823529411765,0.1176470588235294,51,2023-01-10,2023-12-30,True,314.552927825805,0.2261764705882352,-46.62436768436743,480.382158294821,-11.191801791671526,0.4881422924901186,1.08060301328613,1000,44.984919624913786,103.96693144615593,1000,105.76185582946708,383.31541467117927,1000,1.2809955494599805,21.879588909090433,1000
momentum,KGS,wf_2024,,3,0.4193548387096774,0.4193548387096774,248,104,2.0392156862745097,31,31,0,31,0,0.6274509803921569,0.0588235294117647,51,2024-01-10,2024-12-29,True,377.10840050992726,0.2446774193548387,-27.779801358788745,570.3180668804157,22.63781328958544,0.6612083175803403,1.4906365839467186,1000,36.16317189896685,136.04221276173556,1000,135.5594483135416,680.54233855126,1000,1.212562052933712,8.140660073142739,1000
momentum,KGS,wf_2025,,3,0.2222222222222222,0.2298136645962732,161,37,1.088235294117647,27,27,0,27,0,0.6176470588235294,0.088235294117647,34,2025-01-10,2025-08-30,True,280.1182578517425,0.1272222222222222,-67.40255244041357,565.2257272369898,-10.252980412441376,0.5121680216802168,1.5135135135135136,1000,28.653971951800152,114.4382548172528,1000,148.0134711643344,413.9633969206935,1000,2.1123311424212763,11.112036795279325,999
momentum,KZT,oot,,3,0.3703703703703703,0.3836734693877551,245,94,1.7735849056603774,27,27,0,27,0,0.7169811320754716,0.0566037735849056,53,2025-09-02,2026-09-02,True,283.52061798414854,0.1994444444444444,-38.82526496539173,331.9883171185709,-5.477266919238877,0.575688170525127,1.6936821426692157,1000,33.6473098820252,117.57924380310764,1000,84.80869768227484,369.88539127729814,1000,1.475791672407472,5.593098127385164,1000
momentum,KZT,wf_2022,,3,0.1555555555555555,0.3036437246963562,247,75,1.4705882352941178,45,45,0,45,0,0.5882352941176471,0.1176470588235294,51,2022-01-11,2022-12-31,True,749.9284795090716,0.094111111111111,-183.0808836339372,849.0184237314522,-149.29270880774587,0.2489236675055479,1.0694505146118047,1000,36.68285215095992,111.48328968915652,1000,642.8756900075527,782.7212806026384,1000,0.9567228355895956,9.971498661157025,1000
momentum,KZT,wf_2023,,3,0.3928571428571428,0.4048582995951417,247,100,1.96078431372549,28,28,0,28,0,0.6470588235294118,0.0588235294117647,51,2023-01-10,2023-12-30,True,305.0006303133897,0.23875,-47.023419604842005,645.3625287037419,-9.342594960816768,0.6078132288600429,1.4075079365079364,1000,46.51144573712352,128.64612936920815,1000,193.5834974603501,455.24663241385264,1000,0.9146754206003403,44.765304492523626,1000
momentum,KZT,wf_2024,,3,0.4193548387096774,0.3346774193548387,248,83,1.6274509803921569,31,31,0,31,0,0.6078431372549019,0.0196078431372549,51,2024-01-10,2024-12-29,True,394.49165216192705,0.2711290322580645,-21.25623345723142,627.5162872532259,11.84802926657046,0.8266460206460207,1.7860695631528962,1000,40.57164863672286,92.82425336332294,1000,142.25809881208832,681.9489079213304,1000,1.08261192190082,4.831961159664255,1000
momentum,KZT,wf_2025,,3,0.32,0.2422360248447205,161,39,1.1470588235294117,25,25,0,25,0,0.5588235294117647,0.0588235294117647,34,2025-01-10,2025-08-30,True,211.6515351245072,0.1858,-38.8624093728876,455.7174042879092,29.40704561918577,0.805,1.807290862290862,1000,46.59645548399565,133.38538629241862,1000,176.55402073994298,241.0384384732955,1000,1.9248419507179808,16.868890772374762,1000
momentum,TJS,oot,,3,0.2682926829268293,0.3714285714285714,245,91,1.7169811320754718,41,41,0,41,0,0.5660377358490566,0.0943396226415094,53,2025-09-02,2026-09-02,True,242.93977031738743,0.1764634146341463,-42.59851841553037,263.9876478979675,-14.011586007949465,0.4056768513936995,1.1059977116704802,1000,30.101462942946345,68.24587726446362,1000,239.05644227973033,250.40706104273448,1000,1.0866226176419698,2.717636739980609,1000
momentum,TJS,wf_2022,,3,0.2,0.3522267206477733,247,87,1.7058823529411764,40,40,0,40,0,0.6470588235294118,0.1176470588235294,51,2022-01-11,2022-12-31,True,714.0248297741025,0.16025,-105.68181973452504,1262.8572317595358,-35.233107113921776,0.3941175881636244,0.8401620648259303,1000,59.29042358328566,176.12389511231385,1000,442.18153543570895,1126.352170834475,1000,1.6201537051517338,22.60840758137924,1000
momentum,TJS,wf_2023,,3,0.34375,0.4453441295546558,247,110,2.156862745098039,32,32,0,32,0,0.6862745098039216,0.0980392156862745,51,2023-01-10,2023-12-30,True,329.5994984645336,0.2465625,-47.621622041669625,481.29067985344807,-11.56490636969529,0.5550406058083961,1.2376843610877457,1000,48.04030967362318,111.77911155227744,1000,136.08841374997516,408.38999497077697,1000,1.1472727796163145,17.01701020591276,1000
momentum,TJS,wf_2024,,3,0.3529411764705882,0.407258064516129,248,101,1.9803921568627452,34,34,0,34,0,0.6470588235294118,0.0588235294117647,51,2024-01-10,2024-12-29,True,374.65387857190535,0.2611764705882353,-29.148557521444623,553.295088502719,-8.163055621540336,0.5000819210101086,1.2717948717948715,1000,26.62580348271965,64.37578876174729,1000,142.41696712826268,685.9468643229217,1000,0.7858393529032137,3.217755901405979,1000
momentum,TJS,wf_2025,,3,0.1875,0.3416149068322981,161,55,1.6176470588235294,16,16,0,16,0,0.7352941176470589,0.0294117647058823,34,2025-01-10,2025-08-30,True,282.6899193864496,0.158125,-91.9834485944468,612.2300807259771,-32.17955035310818,0.0,0.8009950248756218,997,69.9602142329855,134.62045507448016,997,120.54372048826424,409.8787689340245,997,0.0,6.880908843950966,986
momentum,UZS,oot,,3,0.2777777777777778,0.3918367346938775,245,96,1.8113207547169812,36,36,0,36,0,0.6981132075471698,0.1132075471698113,53,2025-09-02,2026-09-02,True,289.24294680921304,0.1865277777777778,-40.64927282510162,336.30405724372855,-9.005520478530194,0.4275312000946353,1.1600682458363265,1000,46.240547968308526,90.937142564993,1000,223.1104162022232,350.612277071185,1000,0.9798714846760292,3.58801408203307,1000
momentum,UZS,wf_2022,,3,0.2075471698113207,0.3198380566801619,247,79,1.5490196078431373,53,53,0,53,0,0.5490196078431373,0.1568627450980392,51,2022-01-11,2022-12-31,True,1021.6817502072844,0.1472641509433962,-143.24096690113717,1166.4005551212426,-77.94948782803085,0.4348248118934739,1.0178948412698414,1000,65.65903725551279,172.95051150666947,1000,513.2716238215303,1081.8419017393612,1000,1.396360331419615,9.069055082158208,1000
momentum,UZS,wf_2023,,3,0.3076923076923077,0.4453441295546558,247,110,2.156862745098039,39,39,0,39,0,0.6470588235294118,0.1372549019607843,51,2023-01-10,2023-12-30,True,281.33874999079336,0.2665384615384615,-32.82917263833003,502.2073130765041,-2.577693872479923,0.5368407983508247,1.0472639997331543,1000,50.840103055424535,103.76163892354492,1000,127.12245343287758,353.87959008104764,1000,1.2838170342244353,14.841098279742283,1000
momentum,UZS,wf_2024,,3,0.4,0.3911290322580645,248,97,1.9019607843137256,35,35,0,35,0,0.6274509803921569,0.0784313725490196,51,2024-01-10,2024-12-29,True,387.24342368070495,0.2432857142857143,-31.512649020574074,595.6494105658817,16.393842198978565,0.6727298023011534,1.4705015998494255,1000,32.04531847567612,115.13931795791731,1000,143.9587131313824,679.5345558215371,1000,1.301164565061128,9.39530541347085,1000
momentum,UZS,wf_2025,,3,0.4,0.2484472049689441,161,40,1.1764705882352942,25,25,0,25,0,0.4705882352941176,0.0294117647058823,34,2025-01-10,2025-08-30,True,240.39930735595763,0.1624,-70.70499021664557,599.6261842069666,20.702224108822744,1.0439515103338632,2.319009674738841,1000,72.96188444983312,120.51345389705202,1000,139.04351232618728,433.1867970470027,1000,4.649986719180072,23.808867003622737,1000
random,AMD,oot,,3,0.3908045977011494,0.3755102040816326,245,92,1.7358490566037736,88,87,1,87,1,0.1886792452830188,0.2264150943396226,53,2025-09-02,2026-09-02,True,317.9554242158034,0.4118390804597701,18.394788294244336,319.1632557177108,12.8743778153312,0.7780392156862745,1.2363373836878164,1000,-14.202061629209163,4.285005350724567,1000,259.42850629290695,429.63089090278686,1000,0.6943584905634458,1.2132530222979472,1000
random,AMD,wf_2022,,3,0.3580246913580246,0.3441295546558704,247,85,1.6666666666666667,81,81,0,81,0,0.1372549019607843,0.2156862745098039,51,2022-01-11,2022-12-31,True,972.9598590451878,0.3698765432098764,20.550981182194537,927.0451550803456,34.656065166413875,0.8250076667140286,1.335207460982109,1000,8.031648301295427,78.42551951134138,1000,557.9601210836963,1198.1694851143802,1000,0.4575081420085832,1.654868336930703,1000
random,AMD,wf_2023,,3,0.4933333333333333,0.4534412955465587,247,112,2.196078431372549,75,75,0,75,0,0.1372549019607843,0.1176470588235294,51,2023-01-10,2023-12-30,True,344.9850805556327,0.4883333333333333,37.500987706994735,407.3671718246458,41.40866252363765,0.9016151418157832,1.3236994727764877,1000,-4.516704254213609,20.615500384793055,1000,185.30550100119055,368.7860047096403,1000,0.8755297675554254,2.410080769080372,1000
random,AMD,wf_2024,,3,0.4333333333333333,0.407258064516129,248,101,1.9803921568627452,90,90,0,90,0,0.1568627450980392,0.2745098039215686,51,2024-01-10,2024-12-29,True,311.06886983361284,0.4503888888888889,19.606034304767924,395.7500015467047,27.16863401207631,0.8900534256764906,1.1954122793689572,1000,-3.2676368040952095,20.253956015041098,1000,150.6917694535557,448.01719174756573,1000,0.9124686874202887,2.477805860891589,1000
random,AMD,wf_2025,,3,0.2692307692307692,0.2608695652173913,161,42,1.2352941176470589,52,52,0,52,0,0.1176470588235294,0.1176470588235294,34,2025-01-10,2025-08-30,True,349.3741022372987,0.2675,-22.04938824039018,478.50320183266007,-9.631544700868368,0.8190396459643381,1.3011879734848484,1000,11.624760221999953,41.731948958909626,1000,183.17406546308015,494.26844618681184,1000,0.8042003961382822,2.359781141759148,1000
random,KGS,oot,,3,0.4117647058823529,0.3551020408163265,245,87,1.6415094339622642,70,68,2,68,2,0.1886792452830188,0.1132075471698113,53,2025-09-02,2026-09-02,True,274.8426404342212,0.3550735294117647,6.2133638423575075,327.6838626670978,21.06664605450495,0.8977188861655774,1.400676089119132,1000,-14.423164931233432,8.986252441650171,1000,224.6204443692037,335.12143291123954,1000,0.9964345893562622,2.504614192333103,1000
random,KGS,wf_2022,,3,0.2602739726027397,0.340080971659919,247,84,1.6470588235294117,73,73,0,73,0,0.2156862745098039,0.1764705882352941,51,2022-01-11,2022-12-31,True,1322.870178561645,0.3160958904109589,-26.602606619940765,1163.4843731168412,-67.1611131590822,0.5205317590131534,0.9802890704154,1000,-76.55778852466158,8.356580659504777,1000,723.6259397314548,1906.2099573563628,1000,0.0748428912371302,0.7804293622504119,1000
random,KGS,wf_2023,,3,0.5394736842105263,0.4493927125506073,247,111,2.176470588235294,76,76,0,76,0,0.1176470588235294,0.0784313725490196,51,2023-01-10,2023-12-30,True,346.13643100779257,0.4585526315789474,23.335786971534983,363.2217116086166,31.492005177661756,1.0193397899923369,1.40194004781523,1000,-0.7970112593436097,18.023155365121,1000,281.04480142619894,414.9848022851166,1000,0.7192364085410409,1.6132204591931747,1000
random,KGS,wf_2024,,3,0.425287356321839,0.4193548387096774,248,104,2.0392156862745097,87,87,0,87,0,0.1372549019607843,0.2156862745098039,51,2024-01-10,2024-12-29,True,310.5237418401297,0.4213793103448275,15.850815917383343,381.6283167151102,22.00478636306094,0.8175612996070183,1.2613256110894078,1000,-8.743959812666478,16.98043885836517,1000,138.50399224079555,388.7430759151016,1000,0.9955463569617292,2.6836831536574803,1000
random,KGS,wf_2025,,3,0.3214285714285714,0.2298136645962732,161,37,1.088235294117647,56,56,0,56,0,0.2058823529411764,0.2352941176470588,34,2025-01-10,2025-08-30,True,271.1302263180531,0.2866071428571428,-8.96538198469245,415.3776185764542,-6.061775124318046,0.9105781505310456,2.1437215801439935,1000,-9.3018770484726,40.00123971204155,1000,159.8051575633121,408.7586150788569,1000,0.5805186375957152,9.334457484493882,1000
random,KZT,oot,,3,0.3218390804597701,0.3836734693877551,245,94,1.7735849056603774,87,87,0,87,0,0.1698113207547169,0.1886792452830188,53,2025-09-02,2026-09-02,True,450.7139654552299,0.3612068965517241,4.093662866723481,451.9191143136436,0.8338679719465585,0.6227624031127105,1.023339705417188,1000,-24.44433137564663,10.446830451741944,1000,311.23207102645335,551.8816537638234,1000,0.6039510568675983,1.196894435029015,1000
random,KZT,wf_2022,,3,0.3604651162790697,0.3036437246963562,247,75,1.4705882352941178,86,86,0,86,0,0.196078431372549,0.2352941176470588,51,2022-01-11,2022-12-31,True,836.8051667128973,0.3330813953488372,3.7114025521310383,835.5765575852283,25.57653350941723,0.8372544011800216,1.4569694097986468,1000,1.9765634236899248,70.72084890513013,1000,689.1679880194393,927.2120945226958,1000,0.6845593306047586,1.5223996973149485,1000
random,KZT,wf_2023,,3,0.4666666666666667,0.4048582995951417,247,100,1.96078431372549,75,75,0,75,0,0.1176470588235294,0.1372549019607843,51,2023-01-10,2023-12-30,True,525.055508620071,0.4017333333333333,20.94804056897457,483.4145056551446,31.92941994802556,0.8928120490620493,1.3529583756938703,1000,-10.21498376100517,27.30699038565544,1000,189.22801871764565,930.0808824572714,1000,0.2550335846555205,2.4326504469761674,1000
random,KZT,wf_2024,,3,0.2941176470588235,0.3346774193548387,248,83,1.6274509803921569,68,68,0,68,0,0.1764705882352941,0.1176470588235294,51,2024-01-10,2024-12-29,True,624.6377962310228,0.3343382352941176,-0.8603381223305979,522.9080478408862,-28.629291078565135,0.5694533887937362,1.1367580185753243,1000,-22.986205022911697,3.919819193996711,1000,255.571116422299,936.708439798468,1000,0.1197537376961063,0.9008855501971172,1000
random,KZT,wf_2025,,3,0.2456140350877192,0.2422360248447205,161,39,1.1470588235294117,57,57,0,57,0,0.1470588235294117,0.2352941176470588,34,2025-01-10,2025-08-30,True,463.2988646355196,0.2609649122807017,-26.35679592227852,474.3659849951837,-42.19963607456409,0.6478126772546795,1.3254612125162972,1000,-29.93410515059397,8.08832390413624,1000,348.15838685405777,624.0525366552286,1000,0.4644218654834592,0.9159019045030508,1000
random,TJS,oot,,3,0.3611111111111111,0.3714285714285714,245,91,1.7169811320754718,73,72,1,72,1,0.2452830188679245,0.1320754716981132,53,2025-09-02,2026-09-02,True,399.5770666243494,0.3655555555555556,-7.898107846053823,394.99653943250394,-13.163554296366495,0.7294010443683647,1.307077856420627,1000,-30.619298170491536,4.37857224915913,1000,245.86337734627085,443.5546974670106,1000,0.6251294310551003,1.760697585420638,1000
random,TJS,wf_2022,,3,0.4084507042253521,0.3522267206477733,247,87,1.7058823529411764,71,71,0,71,0,0.1372549019607843,0.1176470588235294,51,2022-01-11,2022-12-31,True,897.7285092985903,0.3607042253521126,39.764386157214176,1297.5439620273085,106.55768310345384,0.8661042380279502,1.538095652333162,1000,11.928890235802852,116.76687052926948,1000,473.14663559345416,1296.9653588931585,1000,0.8450709059825053,27.62429138807052,1000
random,TJS,wf_2023,,3,0.4333333333333333,0.4453441295546558,247,110,2.156862745098039,60,60,0,60,0,0.2352941176470588,0.1176470588235294,51,2023-01-10,2023-12-30,True,347.92977890537196,0.4169166666666667,19.228395627994065,403.3510247680513,30.577585733885613,0.7849531090128565,1.2428177243953904,1000,-9.027198820114302,17.60577423679446,1000,203.99613408226864,436.02715455682176,1000,0.7415440536518592,2.3359519985867983,1000
random,TJS,wf_2024,,3,0.3382352941176471,0.407258064516129,248,101,1.9803921568627452,68,68,0,68,0,0.2549019607843137,0.1176470588235294,51,2024-01-10,2024-12-29,True,479.2740195342056,0.334485294117647,2.1196571004555764,483.8022357155416,-0.4462263464393425,0.6123244464992038,1.0294691672997218,1000,-22.970952951402985,0.2437104810932196,1000,148.0307505340747,730.8433581306311,1000,0.363663885444466,2.0204779252758813,1000
random,TJS,wf_2025,,3,0.3728813559322034,0.3416149068322981,161,55,1.6176470588235294,59,59,0,59,0,0.1470588235294117,0.2352941176470588,34,2025-01-10,2025-08-30,True,426.8379604682479,0.3195762711864407,-10.266373316449709,475.7658165786845,-17.33148627108722,0.8752728253917493,1.2710944976076557,1000,-15.459731060506842,12.12393772588558,1000,275.08776424386264,632.711467752618,1000,0.6869273927629924,1.762620497058888,1000
random,UZS,oot,,3,0.3809523809523809,0.3918367346938775,245,96,1.8113207547169812,63,63,0,63,0,0.2452830188679245,0.0754716981132075,53,2025-09-02,2026-09-02,True,328.69374042022815,0.4123015873015873,17.82746304486014,314.14768190676995,11.389486891517802,0.7375099127676447,1.1901934478527565,1000,-8.789525857903612,14.963653493377551,1000,278.9870823476488,352.65808996612026,1000,0.6092475563762303,1.0720054227203155,1000
random,UZS,wf_2022,,3,0.4216867469879518,0.3198380566801619,247,79,1.5490196078431373,83,83,0,83,0,0.2352941176470588,0.2941176470588235,51,2022-01-11,2022-12-31,True,751.5245345427365,0.3686144578313253,21.95909553089562,895.6668197832591,68.74564840840846,1.1354966377136455,1.6154473704038577,1000,18.22186625228219,81.55014723720186,1000,428.9390598632596,924.4548056835272,1000,1.272499668923791,9.182538304734145,1000
random,UZS,wf_2023,,3,0.4698795180722891,0.4453441295546558,247,110,2.156862745098039,83,83,0,83,0,0.1176470588235294,0.2352941176470588,51,2023-01-10,2023-12-30,True,483.89308489189625,0.4510843373493975,9.71197274367671,422.0782572061752,4.537647016404496,0.7417046917046917,1.3625158687318508,1000,-25.66764517080165,4.520834133372729,1000,276.00098510814956,733.3131908817214,1000,0.3473321782718618,1.4365809662502853,1000
random,UZS,wf_2024,,3,0.4146341463414634,0.3911290322580645,248,97,1.9019607843137256,82,82,0,82,0,0.0588235294117647,0.196078431372549,51,2024-01-10,2024-12-29,True,587.3020112740885,0.3714024390243902,3.638513622853671,463.0009897497284,5.014085244087169,0.8104058289982659,1.2537994500730758,1000,-22.593913703553053,13.248101446446093,1000,257.59489752616366,789.0646967492704,1000,0.2423132602389269,1.2989814397068549,1000
random,UZS,wf_2025,,3,0.1666666666666666,0.2484472049689441,161,40,1.1764705882352942,48,48,0,48,0,0.2058823529411764,0.1176470588235294,34,2025-01-10,2025-08-30,True,443.1354829264334,0.2521875,-23.224863830805088,496.7401111858085,-34.34404425562402,0.2875,1.1057809196617334,1000,-35.599078095363865,8.379903292763348,1000,275.34725491381806,634.3586073629082,1000,0.2649155452232,1.3486110272501142,1000
reversal,AMD,oot,,3,0.1,0.3755102040816326,245,92,1.7358490566037736,10,10,0,10,0,0.8113207547169812,0.0,53,2025-09-02,2026-09-02,True,163.27868792512004,0.2739999999999999,8.035797946252776,240.42397928970297,2.164606664027627,0.0,0.9325074048758256,1000,-32.226563664809845,41.44744791568579,1000,157.8484654731449,296.7299047540095,1000,0.0,0.9163452451023472,1000
reversal,AMD,wf_2022,,3,0.4545454545454545,0.3441295546558704,247,85,1.6666666666666667,11,11,0,11,0,0.7843137254901961,0.0,51,2022-01-11,2022-12-31,True,472.8736640884778,0.2931818181818181,13.016547866110448,888.0183632481366,24.72964354505916,0.5561208708708708,2.2084126707689924,1000,-147.78435450835147,90.01505748527345,1000,39.11827183135985,888.4783862569944,1000,0.5119710074753805,23.89107014500202,1000
reversal,AMD,wf_2023,,3,0.2857142857142857,0.4534412955465587,247,112,2.196078431372549,7,7,0,7,0,0.8627450980392157,0.0,51,2023-01-10,2023-12-30,True,145.39961182507355,0.2992857142857142,31.21267132941055,324.1854301934264,70.28229315334217,0.0,2.0648196778711485,986,-21.36389870309128,176.0636175994749,986,0.0,298.7104823417597,986,0.0,8.403633520745935,982
reversal,AMD,wf_2024,,3,0.4545454545454545,0.407258064516129,248,101,1.9803921568627452,11,11,0,11,0,0.7843137254901961,0.0,51,2024-01-10,2024-12-29,True,238.22352094966703,0.3077272727272727,13.11548073272001,505.30245627793187,36.09022929545256,0.4132310231023102,1.984,1000,-22.105990586091817,110.737665009437,1000,10.465235378729345,781.5990331121459,1000,0.1484441926704184,4.739455407084175,1000
reversal,AMD,wf_2025,,3,0.4545454545454545,0.2608695652173913,161,42,1.2352941176470589,11,11,0,11,0,0.7058823529411765,0.0,34,2025-01-10,2025-08-30,True,193.8318707862208,0.3690909090909091,0.038262246978588,296.8026882606128,-1.197422660259578,0.8939583333333334,3.026315789473684,1000,-10.03325156189497,46.4022513519982,1000,189.0661526473369,302.27645253929404,1000,0.5274215175023064,2.43840862856822,1000
reversal,KGS,oot,,3,0.1818181818181818,0.3551020408163265,245,87,1.6415094339622642,11,11,0,11,0,0.7924528301886793,0.0,53,2025-09-02,2026-09-02,True,166.22269656157627,0.2631818181818182,-2.718159065971705,241.3614852611367,-2.290507947769243,0.0,1.3281124497991967,1000,-20.579140320515226,44.46751661247014,1000,61.39020132879036,244.6847633714144,1000,0.0,1.9436755664947607,1000
reversal,KGS,wf_2022,,3,0.4166666666666667,0.340080971659919,247,84,1.6470588235294117,12,12,0,12,0,0.7647058823529411,0.0,51,2022-01-11,2022-12-31,True,366.11676689741745,0.39,76.28213133104401,714.5513129651799,85.56014370182311,0.5677296005462615,2.0358544864226684,1000,-143.21750570548457,79.2660860687017,1000,326.4930803630506,682.8037626060745,1000,0.230739581407146,9.33729373288863,1000
reversal,KGS,wf_2023,,3,0.3333333333333333,0.4493927125506073,247,111,2.176470588235294,6,6,0,6,0,0.8823529411764706,0.0,51,2023-01-10,2023-12-30,True,135.85934399013678,0.2658333333333333,5.916917567959106,226.128825803549,10.50903773312813,0.0,2.0583333333333336,968,-31.208588932363774,103.47666206066864,968,0.0,289.02311186542073,968,0.0,2.4720873378123347,957
reversal,KGS,wf_2024,,3,0.5,0.4193548387096774,248,104,2.0392156862745097,8,8,0,8,0,0.8431372549019608,0.0,51,2024-01-10,2024-12-29,True,61.509294978291166,0.381875,38.24025605700905,350.6091992783485,58.32615273100221,0.0,1.9647461889046047,997,-29.366724128623726,82.47544308681653,997,13.716744296203842,193.81578555028645,997,0.0,11.072155640135252,994
reversal,KGS,wf_2025,,3,0.125,0.2298136645962732,161,37,1.088235294117647,16,16,0,16,0,0.5882352941176471,0.0,34,2025-01-10,2025-08-30,True,260.75928183837857,0.235,-15.681989772080358,329.2579865590321,-30.827957349996503,0.0,1.4312708333333333,1000,-17.641882234317645,8.825425636797226,1000,162.21623453105184,343.20516992886627,1000,0.0,1.1475113666232926,1000
reversal,KZT,oot,,3,0.4444444444444444,0.3836734693877551,245,94,1.7735849056603774,9,9,0,9,0,0.8490566037735849,0.0,53,2025-09-02,2026-09-02,True,148.3939420889091,0.3338888888888889,-8.820223106155357,291.86870305921667,43.64419411842476,0.3671688311688311,2.407766990291262,1000,10.530702777023578,95.21194768137876,1000,32.14730758013484,218.9756070881632,1000,0.569955458964922,7.45820692759828,999
reversal,KZT,wf_2022,,3,0.3846153846153846,0.3036437246963562,247,75,1.4705882352941178,13,13,0,13,0,0.7843137254901961,0.0,51,2022-01-11,2022-12-31,True,578.1369804198957,0.3426923076923077,73.40868847529208,844.6162788497154,68.54490923780978,0.7306617647058824,2.205631987964677,1000,-65.10036030083708,163.78877627473202,1000,542.8353683792064,737.0774568680516,1000,0.296412595203896,4.126179186886072,1000
reversal,KZT,wf_2023,,3,0.3333333333333333,0.4048582995951417,247,100,1.96078431372549,9,9,0,9,0,0.8431372549019608,0.0,51,2023-01-10,2023-12-30,True,87.55544887590848,0.31,44.319997836130426,167.27824216649466,54.56646587986663,0.0,1.7290172969187674,1000,-31.750784900689982,74.7124349981071,1000,68.53201146678867,164.87247650883052,1000,0.0,2.875115644423446,999
reversal,KZT,wf_2024,,3,0.3636363636363636,0.3346774193548387,248,83,1.6274509803921569,11,11,0,11,0,0.7843137254901961,0.0,51,2024-01-10,2024-12-29,True,307.56309705596726,0.2645454545454545,-12.640861324944158,581.655318156689,33.52543080499431,0.2681576312793998,2.5586984536082458,998,-18.90606411709686,137.30594700181246,998,0.0,936.708439798468,998,0.0711089868760911,8.33282349898623,998
reversal,KZT,wf_2025,,3,0.2307692307692307,0.2422360248447205,161,39,1.1470588235294117,13,13,0,13,0,0.6764705882352942,0.0,34,2025-01-10,2025-08-30,True,308.4944567092766,0.2196153846153846,-24.948516764257786,426.65600937128954,-28.251652766435175,0.2956183888028896,1.788888888888889,1000,-45.85184320771135,29.33282106845069,1000,325.25106305980376,504.11944103054384,1000,0.3090888885456611,1.1392209705093936,1000
reversal,TJS,oot,,3,0.1666666666666666,0.3714285714285714,245,91,1.7169811320754718,12,12,0,12,0,0.7735849056603774,0.0,53,2025-09-02,2026-09-02,True,205.94439907755023,0.33,8.701932818949777,244.95163215769503,-0.6978413995696128,0.0,1.073622152495392,1000,-26.35443832481849,54.331983491839935,1000,234.82964066508185,282.3609142997951,1000,0.0,0.9541644401014328,1000
reversal,TJS,wf_2022,,3,0.4615384615384615,0.3522267206477733,247,87,1.7058823529411764,13,13,0,13,0,0.7647058823529411,0.0,51,2022-01-11,2022-12-31,True,784.6038394106242,0.3715384615384616,-29.98565904398541,1806.9806729744864,-9.601709040057973,0.7453610160965795,2.1346412037037035,1000,-8.64569739353303,121.86172888738272,1000,515.8173514969055,1591.658082048746,1000,0.1178048318718003,40.56509118140829,1000
reversal,TJS,wf_2023,,3,0.1666666666666666,0.4453441295546558,247,110,2.156862745098039,6,6,0,6,0,0.8823529411764706,0.0,51,2023-01-10,2023-12-30,True,139.48067316882538,0.2375,6.075165146402937,236.9597983521419,8.074149778177768,0.0,2.088822817262498,971,-32.40711097106164,111.12737847020382,971,0.0,289.5604920373307,971,0.0,2.3524843014595627,960
reversal,TJS,wf_2024,,3,0.5,0.407258064516129,248,101,1.9803921568627452,12,12,0,12,0,0.7647058823529411,0.0,51,2024-01-10,2024-12-29,True,87.82520496247325,0.3204166666666666,23.53184546251296,356.0007735624694,65.87410984577103,0.3612290162561647,2.101694915254237,1000,-16.501398572746965,110.21290033267556,1000,10.577405453107149,183.5679065712248,1000,0.714920733742527,12.960433936742,1000
reversal,TJS,wf_2025,,3,0.5,0.3416149068322981,161,55,1.6176470588235294,10,10,0,10,0,0.7352941176470589,0.0,34,2025-01-10,2025-08-30,True,256.1355377075629,0.3379999999999999,4.525573738006972,327.0064142618401,4.892900211976638,0.6388888888888888,2.342708333333332,995,-23.358250705392972,84.05689537769528,995,120.66901793307272,346.7893239726449,995,0.6000889166017991,3.2564204975370887,994
reversal,UZS,oot,,3,0.2222222222222222,0.3918367346938775,245,96,1.8113207547169812,9,9,0,9,0,0.8301886792452831,0.0,53,2025-09-02,2026-09-02,True,178.2801921879855,0.2472222222222222,-16.016571113583566,312.86075480821427,-9.193088898741884,0.0,1.4027248523171647,1000,-32.67333102426624,13.669180649610524,1000,112.84480807182584,327.84029897438893,1000,0.0,2.5304967154867546,1000
reversal,UZS,wf_2022,,3,0.3333333333333333,0.3198380566801619,247,79,1.5490196078431373,15,15,0,15,0,0.7254901960784313,0.0,51,2022-01-11,2022-12-31,True,637.9718240500986,0.252,-29.09475643070997,949.1962654250746,-3.92165412550858,0.5487380952380952,1.7034902740937223,1000,-32.54037392588991,85.62608322398998,1000,487.61542077295104,929.629171245674,1000,0.5739998360844393,4.441974564340207,1000
reversal,UZS,wf_2023,,3,0.1428571428571428,0.4453441295546558,247,110,2.156862745098039,7,7,0,7,0,0.8627450980392157,0.0,51,2023-01-10,2023-12-30,True,154.34085623569337,0.2835714285714285,11.015557924325094,244.45738138799572,6.7833371547035695,0.0,1.5773871495500855,991,-30.203259619254087,100.62149293550522,991,14.383215122446558,291.92918632415797,991,0.0,1.4738618490903534,985
reversal,UZS,wf_2024,,3,0.5,0.3911290322580645,248,97,1.9019607843137256,10,10,0,10,0,0.803921568627451,0.0,51,2024-01-10,2024-12-29,True,39.559649970496665,0.363,22.34048305799849,373.71131495511406,74.8300293707137,0.2261787363942941,2.3071558572873028,999,5.883381459125353,100.74473977295034,999,7.116929559159567,79.71512797836367,999,0.3947851029673892,16.953861127983707,998
reversal,UZS,wf_2025,,3,0.3125,0.2484472049689441,161,40,1.1764705882352942,16,16,0,16,0,0.5882352941176471,0.0,34,2025-01-10,2025-08-30,True,253.27159152234603,0.268125,-7.379051246292695,315.01947574381984,-10.664765202949289,0.710190273477812,2.272407396826433,1000,-15.651587651817094,37.83143953713065,1000,97.09531359824774,351.30043543367464,1000,0.5276962447651089,2.116754502762556,1000
seasonality,AMD,oot,,3,0.34,0.3755102040816326,245,92,1.7358490566037736,50,50,0,50,0,0.7547169811320755,0.1886792452830188,53,2025-09-02,2026-09-02,True,213.02925400334735,0.3528999999999999,-0.5369874098422176,231.48532702516115,-4.1879940689187904,0.6085756634669678,1.382834734897738,1000,-15.656823598202584,21.54465287402775,1000,159.1854778985476,246.49012441834816,1000,0.8351760807159464,1.166678487416824,1000
seasonality,AMD,wf_2022,,3,0.2653061224489796,0.3441295546558704,247,85,1.6666666666666667,49,49,0,49,0,0.7254901960784313,0.1764705882352941,51,2022-01-11,2022-12-31,True,849.447853141644,0.2528571428571428,74.89326870417743,915.075747338408,108.83941190698316,0.2134510502335997,1.3861312707847362,1000,-22.376190473453963,113.22832106171496,1000,585.6633707539405,1031.2079804571715,1000,0.782754910640448,2.0896395705638655,999
seasonality,AMD,wf_2023,,3,0.4375,0.4534412955465587,247,112,2.196078431372549,48,48,0,48,0,0.7450980392156863,0.196078431372549,51,2023-01-10,2023-12-30,True,322.3314317809601,0.4169791666666666,-0.9743116273175508,351.3605931045217,8.022405012091392,0.5969932868456738,1.6245552030541015,1000,-8.634011585816484,12.506586832652223,1000,31.99783458762484,395.2986617178889,1000,0.932973917930853,2.3056737218583407,1000
seasonality,AMD,wf_2024,,3,0.36,0.407258064516129,248,101,1.9803921568627452,50,50,0,50,0,0.7254901960784313,0.1764705882352941,51,2024-01-10,2024-12-29,True,178.36708335267514,0.3313999999999999,10.22703596753226,259.10727672250056,21.19924669161395,0.2994011614882215,1.39503490990991,1000,-0.1135148056555694,28.458813187428017,1000,93.7971292242444,255.8431084458568,1000,0.8307878033823868,3.6181304492344912,1000
seasonality,AMD,wf_2025,,3,0.2105263157894736,0.2608695652173913,161,42,1.2352941176470589,38,38,0,38,0,0.6470588235294118,0.2352941176470588,34,2025-01-10,2025-08-30,True,277.6411855710879,0.2161842105263157,-31.141422837787463,354.9014537239381,-32.61001046846602,0.5564196329254727,1.243363712549759,1000,-36.96064048962221,11.470902268654228,1000,153.29789106291273,376.7897207447346,1000,0.7491064596407606,1.208638474593666,1000
seasonality,KGS,oot,,3,0.3947368421052631,0.3551020408163265,245,87,1.6415094339622642,39,38,1,38,1,0.7924528301886793,0.1320754716981132,53,2025-09-02,2026-09-02,True,284.6193842679448,0.408157894736842,23.890559645309185,442.6916359962362,28.360457940772168,0.5520702522231979,1.9191334440753045,1000,-31.86065962424796,27.78668594213299,1000,123.39729119638989,479.0091239318773,1000,0.7204773449107341,1.305338551683141,1000
seasonality,KGS,wf_2022,,3,0.3396226415094339,0.340080971659919,247,84,1.6470588235294117,53,53,0,53,0,0.7058823529411765,0.2156862745098039,51,2022-01-11,2022-12-31,True,1344.1593640380202,0.3423584905660377,54.35625548705508,1355.119813198252,47.02131693557222,0.5232989282153538,1.4702896463634545,1000,-47.611843242877065,92.85050115828015,1000,691.0717195387919,2040.819358369006,1000,0.1283766995525767,1.3276053844021791,1000
seasonality,KGS,wf_2023,,3,0.4354838709677419,0.4493927125506073,247,111,2.176470588235294,62,62,0,62,0,0.6274509803921569,0.2549019607843137,51,2023-01-10,2023-12-30,True,315.16659324763685,0.4245967741935483,10.148119252120432,335.701469731942,16.563706489815353,0.6045262626262626,1.310593703060934,1000,-5.316893183715833,14.970455193171448,1000,109.93535850755798,379.43668258974225,1000,0.8813874968290775,1.2554857309354477,1000
seasonality,KGS,wf_2024,,3,0.3620689655172414,0.4193548387096774,248,104,2.0392156862745097,58,58,0,58,0,0.6666666666666666,0.2352941176470588,51,2024-01-10,2024-12-29,True,310.9986687605648,0.3343965517241379,-4.944239289317438,410.02217734002807,0.2511175372788767,0.4426400560224089,1.0699701385141211,1000,-20.01098955426958,7.280121407706263,1000,112.85005790989898,710.4595313612672,1000,0.8516387481651803,1.4467718518987926,1000
seasonality,KGS,wf_2025,,3,0.2162162162162162,0.2298136645962732,161,37,1.088235294117647,37,37,0,37,0,0.6764705882352942,0.2352941176470588,34,2025-01-10,2025-08-30,True,393.1193544365903,0.2109459459459459,-14.534823110455804,406.9323073005302,-14.472985571541916,0.2977304320963818,1.5806602822580649,1000,-28.21922137725512,26.68762103250446,1000,144.23223370827134,575.0341646737267,1000,0.3165620101586346,1.7823543570763474,1000
seasonality,KZT,oot,,3,0.3076923076923077,0.3836734693877551,245,94,1.7735849056603774,52,52,0,52,0,0.6981132075471698,0.1698113207547169,53,2025-09-02,2026-09-02,True,372.6668186569473,0.2998076923076923,9.96287853707599,409.260409343197,12.602512505105146,0.4920634920634921,1.2300759586062415,1000,-37.50090788007855,2.406571124783479,1000,258.9519087989182,475.4159889903664,1000,0.7303329443116165,1.246854972876994,1000
seasonality,KZT,wf_2022,,3,0.3584905660377358,0.3036437246963562,247,75,1.4705882352941178,53,53,0,53,0,0.7254901960784313,0.196078431372549,51,2022-01-11,2022-12-31,True,754.6051488638598,0.3400943396226415,90.24628323830795,846.0117294782301,93.97480446732804,0.5807153164818083,1.862435919074624,1000,-15.44868427883016,59.38344127412932,1000,566.2501327592488,910.15372972868,1000,0.9022063593662802,1.4350643871153843,1000
seasonality,KZT,wf_2023,,3,0.3389830508474576,0.4048582995951417,247,100,1.96078431372549,59,59,0,59,0,0.6862745098039216,0.2352941176470588,51,2023-01-10,2023-12-30,True,347.727045291228,0.3648305084745762,12.027944553275574,420.385363081894,6.439942184894418,0.4625152380102876,1.2616777541947493,1000,-16.037117011793033,10.881100102287268,1000,275.01330599645496,421.6771868392955,1000,0.6715256682976164,1.7632615146601522,1000
seasonality,KZT,wf_2024,,3,0.2857142857142857,0.3346774193548387,248,83,1.6274509803921569,56,56,0,56,0,0.6862745098039216,0.2156862745098039,51,2024-01-10,2024-12-29,True,400.71232180568825,0.2675892857142856,-10.962012193309414,532.1084371351947,-4.787644610809161,0.5001582676957931,1.1275773955773951,1000,-17.027338934643225,6.815269479200099,1000,145.39942431240237,936.708439798468,1000,0.82122920704481,1.5227694082650125,1000
seasonality,KZT,wf_2025,,3,0.3,0.2422360248447205,161,39,1.1470588235294117,40,40,0,40,0,0.6176470588235294,0.2352941176470588,34,2025-01-10,2025-08-30,True,444.505219692703,0.301125,-12.186540028530148,526.5783878366761,-24.88287245911483,0.9470067109749256,2.256341077920025,1000,-32.38765686626403,16.603974740190967,1000,112.61423192360174,842.778155366557,1000,0.2550145880329851,1.4123323115312152,1000
seasonality,TJS,oot,,3,0.5869565217391305,0.3714285714285714,245,91,1.7169811320754718,47,46,1,46,1,0.6981132075471698,0.1509433962264151,53,2025-09-02,2026-09-02,True,308.39345322048393,0.5581521739130435,54.48605003447792,358.12135111380064,60.221789116894215,0.9675395806589644,2.226629855414765,1000,-25.721816750485743,18.20278433415343,1000,115.87456911690072,406.2139208181237,1000,0.6896815538421966,1.6203074097544414,1000
seasonality,TJS,wf_2022,,3,0.2083333333333333,0.3522267206477733,247,87,1.7058823529411764,48,48,0,48,0,0.7647058823529411,0.196078431372549,51,2022-01-11,2022-12-31,True,1267.8982107185984,0.183125,-19.005655175371217,1283.4817002901516,-15.02087527005171,0.1641908577565665,0.8949579759440006,1000,-66.76584815718202,11.040991794446049,1000,766.5767633340342,1678.168266063493,1000,0.4105258950233187,1.6019416406321083,996
seasonality,TJS,wf_2023,,3,0.375,0.4453441295546558,247,110,2.156862745098039,48,48,0,48,0,0.7450980392156863,0.1764705882352941,51,2023-01-10,2023-12-30,True,363.02706171410114,0.3467708333333333,-11.66305503809516,378.69604299318735,-9.29199570766597,0.5103042728124734,1.2111916411345034,1000,-16.70629447214881,15.715370213094982,1000,129.20194774105184,408.38999497077697,1000,0.9424903219825708,1.3274399613169994,1000
seasonality,TJS,wf_2024,,3,0.4509803921568627,0.407258064516129,248,101,1.9803921568627452,51,51,0,51,0,0.7058823529411765,0.2156862745098039,51,2024-01-10,2024-12-29,True,368.3842481752814,0.4163725490196078,15.097285041490926,583.123461964993,26.56732802443802,0.7298928329304015,1.3724203867048947,1000,-7.660380064135063,31.25365235180023,1000,108.84258916809996,744.5371412109592,1000,0.7791874443901665,3.575169291804965,1000
seasonality,TJS,wf_2025,,3,0.303030303030303,0.3416149068322981,161,55,1.6176470588235294,33,33,0,33,0,0.7058823529411765,0.1764705882352941,34,2025-01-10,2025-08-30,True,424.0149907557331,0.3196969696969697,-1.1024762775623052,432.88684457811496,-8.780031108993079,0.5521691176470589,1.3125446428571428,1000,-41.850927475542214,13.824327700310144,1000,112.65552197774475,615.7229541721155,1000,0.3719081938546579,1.222759242376223,1000
seasonality,UZS,oot,,3,0.3478260869565217,0.3918367346938775,245,96,1.8113207547169812,48,46,2,46,2,0.7547169811320755,0.1698113207547169,53,2025-09-02,2026-09-02,True,335.9178087542256,0.3653260869565217,12.751415457097346,395.5835310791008,10.368946690291978,0.4083704802761023,1.328585390019816,1000,-26.791703724313816,27.912380407125625,1000,211.30027611493853,482.3244610418076,1000,0.6708897461444249,1.1093830868078876,1000
seasonality,UZS,wf_2022,,3,0.3076923076923077,0.3198380566801619,247,79,1.5490196078431373,52,52,0,52,0,0.7058823529411765,0.2156862745098039,51,2022-01-11,2022-12-31,True,1020.3136657634784,0.3006730769230769,17.6526876896938,1169.561013536456,31.63129151578446,0.6095450885668278,1.455250096552938,1000,-46.67712514867927,47.301407989195,1000,655.9480047270738,1392.7703031285455,1000,0.9069204094964484,2.351908825190531,1000
seasonality,UZS,wf_2023,,3,0.5,0.4453441295546558,247,110,2.156862745098039,54,54,0,54,0,0.7058823529411765,0.196078431372549,51,2023-01-10,2023-12-30,True,323.6433219305823,0.4537037037037036,17.275254358423066,373.94342897633106,27.717417437879977,0.7640244039499351,1.6665387792215005,1000,-8.94127029562743,22.6837606909826,1000,88.24397716549784,431.576218612848,1000,1.0252147784883368,1.3328625837215835,1000
seasonality,UZS,wf_2024,,3,0.3518518518518518,0.3911290322580645,248,97,1.9019607843137256,54,54,0,54,0,0.6862745098039216,0.2156862745098039,51,2024-01-10,2024-12-29,True,635.632283986916,0.3463888888888889,-23.77051059678456,678.4652857936454,-33.92070509100781,0.302519512389089,1.2472986773357366,1000,-30.79501228709651,10.02113415842657,1000,242.7972692193059,789.5460713718116,1000,0.3574710461727165,1.1532634902508143,1000
seasonality,UZS,wf_2025,,3,0.2903225806451613,0.2484472049689441,161,40,1.1764705882352942,31,31,0,31,0,0.7352941176470589,0.1764705882352941,34,2025-01-10,2025-08-30,True,435.9795115662246,0.2570967741935483,-18.21072425729726,456.0188203710316,-20.44096997652923,0.621374269005848,1.942367424242424,999,-34.7030656604553,32.42130056962398,999,132.48384692866378,647.107494453365,999,0.4430325826299481,1.4084272659081565,997
catboost_ab,AMD,wf_oos,5.0,3,0.3503649635036496,0.3887195121951219,656,255,1.8478260869565215,137,137,0,137,0,0.7028985507246377,0.1956521739130435,138,2023-01-10,2025-08-30,False,,0.3458759124087591,-0.912001932214506,468.70613035839096,2.677787537844601,0.6666706587861038,1.2086216253923223,1000,8.035967859881168,38.2569009772224,1000,292.55841683568445,607.1901990204092,1000,0.74759053856465,1.737247282177801,1000
catboost_ab,KGS,wf_oos,5.0,3,0.3670886075949367,0.3841463414634146,656,252,1.826086956521739,158,158,0,158,0,0.6231884057971014,0.2246376811594203,138,2023-01-10,2025-08-30,False,,0.3501898734177216,-5.825164944302294,465.45938917279767,4.8225172739930695,0.7406180015042982,1.2199248874114044,1000,8.480561259245201,30.68096839323729,1000,213.4145131538364,564.6741483088258,1000,0.9520192021662576,2.8335854657429445,1000
catboost_ab,KZT,wf_oos,5.0,3,0.3333333333333333,0.3384146341463415,656,222,1.608695652173913,141,141,0,141,0,0.6666666666666666,0.1956521739130435,138,2023-01-10,2025-08-30,False,,0.2989007092198581,-4.03926768093409,494.80930698411765,4.719859725094059,0.7657780783783795,1.2583981319691508,1000,9.777093302452892,32.45499130026047,1000,288.1032985194671,597.9124120717039,1000,0.7966070311993048,4.764811949623818,1000
catboost_ab,TJS,wf_oos,5.0,3,0.3495934959349593,0.4054878048780488,656,266,1.927536231884058,123,123,0,123,0,0.7028985507246377,0.181159420289855,138,2023-01-10,2025-08-30,False,,0.3345528455284552,-9.947032845849408,485.1444541048549,-5.6851183201322275,0.6489754752738235,1.0698569777283071,1000,8.74909274002992,33.15216050176367,1000,262.8512749873744,691.4513805412493,1000,0.6192131485830913,1.9618601089741463,1000
catboost_ab,UZS,wf_oos,5.0,3,0.3424657534246575,0.3765243902439024,656,247,1.789855072463768,146,146,0,146,0,0.6739130434782609,0.2101449275362318,138,2023-01-10,2025-08-30,False,,0.3398287671232877,-10.12280833884931,497.0596209497159,-8.135510544393561,0.6941522285234559,1.2585611256281826,1000,4.891120067303929,31.664487826193422,1000,304.7782260455244,788.5833221267291,1000,0.2828226131009063,1.681043696735502,1000
catboost_abcd,AMD,wf_oos,5.0,3,0.3066666666666666,0.3887195121951219,656,255,1.8478260869565215,75,75,0,75,0,0.7681159420289855,0.0869565217391304,138,2023-01-10,2025-08-30,True,388.15727021838774,0.3024666666666667,-3.3508357528356076,367.7792637858822,-13.234231974811342,0.5712278434182366,1.0630136576687923,1000,-16.372507748989662,14.297492138352778,1000,271.94977235114476,564.7343099393764,1000,0.3695806573822362,1.31124798221883,1000
catboost_abcd,KGS,wf_oos,5.0,3,0.3164556962025316,0.3841463414634146,656,252,1.826086956521739,79,79,0,79,0,0.7463768115942029,0.0942028985507246,138,2023-01-10,2025-08-30,True,319.08741152883425,0.3278481012658228,3.72191403549941,334.066554400982,3.3307155883926685,0.5496672837081346,1.0305065581184982,1000,-14.754150602698004,15.28602747588176,1000,220.7245738375733,354.87235065522475,1000,0.7272223382890965,1.2194694577661738,1000
catboost_abcd,KZT,wf_oos,5.0,3,0.3043478260869565,0.3384146341463415,656,222,1.608695652173913,69,69,0,69,0,0.7391304347826086,0.0579710144927536,138,2023-01-10,2025-08-30,True,337.01377763953167,0.2847826086956522,-4.721649660600757,369.7662317658469,-3.1399357734078985,0.6509117017349576,1.2940577224252363,1000,-32.7445215281978,6.863460666382853,1000,285.64628541470694,398.06848112379225,1000,0.7223605392635042,2.1239532910952006,1000
catboost_abcd,TJS,wf_oos,5.0,3,0.3389830508474576,0.4054878048780488,656,266,1.927536231884058,59,59,0,59,0,0.7971014492753623,0.072463768115942,138,2023-01-10,2025-08-30,True,313.5767256915018,0.326271186440678,8.01596858311426,354.48089247314545,14.267888588560938,0.557993269102809,1.0935209763539282,1000,-12.43384247812735,29.94426428595655,1000,208.0448870001347,359.089045971972,1000,0.7351929475080794,1.4922413989507604,1000
catboost_abcd,UZS,wf_oos,5.0,3,0.3333333333333333,0.3765243902439024,656,247,1.789855072463768,75,75,0,75,0,0.7753623188405797,0.0869565217391304,138,2023-01-10,2025-08-30,True,345.57796951637783,0.3303333333333333,-1.0614779921031328,358.20844391262057,-1.0986050177788669,0.5936142942025295,1.294260746112598,1000,-15.965497805883825,21.856273194896534,1000,228.82843535474947,379.0690617521264,1000,0.8032317554490702,1.2317065759320596,1000
level,AMD,wf_oos,,3,0.2765957446808511,0.3887195121951219,656,255,1.8478260869565215,141,141,0,141,0,0.7246376811594203,0.217391304347826,138,2023-01-10,2025-08-30,False,,0.2361702127659574,-23.369751245171827,521.7327080438046,-12.606684876861063,0.5502089228493178,0.9526740119000224,1000,11.148949021703343,39.61744776222882,1000,261.79168464504954,613.7855077736021,1000,1.0528218260095017,2.2392752735291457,1000
level,KGS,wf_oos,,3,0.2444444444444444,0.3841463414634146,656,252,1.826086956521739,135,135,0,135,0,0.7391304347826086,0.2028985507246377,138,2023-01-10,2025-08-30,False,,0.2285925925925926,-21.037774321267065,560.9671063928104,-15.79758314031148,0.4843556224973744,0.8337492123968732,1000,9.50047988338901,32.5326653292734,1000,254.9441028924749,709.4558186808897,1000,0.6877103901558661,1.3333854026859746,1000
level,KZT,wf_oos,,3,0.287292817679558,0.3384146341463415,656,222,1.608695652173913,181,181,0,181,0,0.6666666666666666,0.2681159420289855,138,2023-01-10,2025-08-30,False,,0.2467955801104972,-29.93533501735899,635.5253477017111,-18.21489273131096,0.6657658569500674,1.0225205006086944,1000,11.109171557383954,26.314425060414823,1000,294.03917165999246,869.926393561653,1000,1.0916217046095713,1.6548827717806835,1000
level,TJS,wf_oos,,3,0.3058823529411765,0.4054878048780488,656,266,1.927536231884058,85,85,0,85,0,0.8260869565217391,0.1231884057971014,138,2023-01-10,2025-08-30,True,570.7172184189524,0.2788235294117647,-21.890845430368053,614.8304755958445,-5.651412269322755,0.552481757164054,0.9780693712246574,1000,16.16131214748124,50.97480256840539,1000,264.28489584903133,625.8270875827576,1000,0.973298246960514,2.9201287813492605,1000
level,UZS,wf_oos,,3,0.2756410256410256,0.3765243902439024,656,247,1.789855072463768,156,156,0,156,0,0.6956521739130435,0.2536231884057971,138,2023-01-10,2025-08-30,False,,0.2389423076923077,-23.732454356784924,601.0574314537866,-11.655252859663824,0.5364232215751,0.9460409564779289,1000,13.555830535859425,30.89255247477348,1000,293.42149238255985,633.5271807745758,1000,1.062836226627723,3.9665760517242377,1000
logreg_a,AMD,wf_oos,5.0,3,0.3229166666666667,0.3887195121951219,656,255,1.8478260869565215,96,96,0,96,0,0.6811594202898551,0.1014492753623188,138,2023-01-10,2025-08-30,True,448.9884075543143,0.3096354166666666,2.4739562429558526,400.8160547122473,3.6627707261540934,0.5532877003830331,1.1208156122629809,1000,-4.907382985151209,23.23653446605028,1000,236.95503380088616,680.6965730973795,1000,0.457473335046748,1.4792254299724392,1000
logreg_a,KGS,wf_oos,5.0,3,0.3384615384615385,0.3841463414634146,656,252,1.826086956521739,65,65,0,65,0,0.7681159420289855,0.072463768115942,138,2023-01-10,2025-08-30,True,344.35056105735384,0.3333846153846154,-1.1456476856446411,422.93748655300936,-0.9046735969978048,0.5531372870249017,1.2102418451020267,1000,-15.935076084985075,3.545810737738438,1000,187.843486871878,710.4595313612672,1000,0.7557280002271555,1.8612356569636992,1000
logreg_a,KZT,wf_oos,5.0,3,0.2608695652173913,0.3384146341463415,656,222,1.608695652173913,69,69,0,69,0,0.7463768115942029,0.072463768115942,138,2023-01-10,2025-08-30,True,428.99538347254173,0.2834057971014493,-0.8321508130646146,512.7260219231056,0.2728914974033579,0.4901474282982325,1.0503317955534703,1000,-23.10952009737151,9.292310586340594,1000,214.78350263097667,789.7672261677358,1000,0.5131186591578981,1.998574321088513,1000
logreg_a,TJS,wf_oos,5.0,3,0.3894736842105263,0.4054878048780488,656,266,1.927536231884058,95,95,0,95,0,0.6594202898550725,0.0942028985507246,138,2023-01-10,2025-08-30,True,459.77276189308685,0.3600526315789473,9.988577521226611,513.8919932928238,15.41445839336125,0.7201272587922694,1.1810632720794754,1000,-8.681079374354043,16.091147313515457,1000,239.76263926678695,640.8997957284848,1000,0.7358368193388961,2.1784206838298834,1000
logreg_a,UZS,wf_oos,5.0,3,0.34375,0.3765243902439024,656,247,1.789855072463768,64,64,0,64,0,0.7463768115942029,0.072463768115942,138,2023-01-10,2025-08-30,True,511.1538371155122,0.350625,-3.1342478944525136,538.7097096597103,-12.994278690680211,0.514135125673429,1.3087401687401687,1000,-16.226256573790533,11.215109198789174,1000,270.9638373205707,789.5460713718116,1000,0.4750421558155241,1.5749930563177683,1000
logreg_ab,AMD,wf_oos,5.0,3,0.35,0.3887195121951219,656,255,1.8478260869565215,40,40,0,40,0,0.8623188405797102,0.0434782608695652,138,2023-01-10,2025-08-30,True,273.09733251155865,0.307625,10.82532018073738,354.12312918126537,16.198159326449552,0.33717551062058,1.878503294689735,1000,-11.372847721247556,30.150735840466037,1000,96.66710320801909,781.599033112146,1000,0.1557335184982572,2.432770395335597,1000
logreg_ab,KGS,wf_oos,5.0,3,0.3333333333333333,0.3841463414634146,656,252,1.826086956521739,33,33,0,33,0,0.8768115942028986,0.036231884057971,138,2023-01-10,2025-08-30,True,129.85195857808975,0.3407575757575757,8.19400262735511,154.9189157791099,3.976897779218254,0.3105950462067483,1.4565786637222808,1000,-13.83219502221758,9.800132474660296,1000,87.89598654276841,193.81578555028645,1000,0.4611483346098546,1.3488362446936526,1000
logreg_ab,KZT,wf_oos,5.0,3,0.2,0.3384146341463415,656,222,1.608695652173913,30,30,0,30,0,0.8695652173913043,0.0289855072463768,138,2023-01-10,2025-08-30,True,307.56309705596726,0.2238333333333333,-4.826431119176117,422.46798009136154,3.962809279097682,0.2266320955897211,1.44518154042916,1000,-13.501140541990276,48.39509483528925,1000,105.6274373884177,936.708439798468,1000,0.0916348323374404,2.6420621526812145,1000
logreg_ab,TJS,wf_oos,5.0,3,0.4680851063829787,0.4054878048780488,656,266,1.927536231884058,47,47,0,47,0,0.8333333333333334,0.0507246376811594,138,2023-01-10,2025-08-30,True,261.5576133812225,0.4058510638297872,19.994821250839728,433.4273164014885,29.858511585723832,0.7045746509129968,1.624328211439882,1000,-14.63283810740076,24.97173749619643,1000,79.13586269402593,744.5371412109592,1000,0.8874065064297356,2.667943651441715,1000
logreg_ab,UZS,wf_oos,5.0,3,0.4074074074074074,0.3765243902439024,656,247,1.789855072463768,27,27,0,27,0,0.8768115942028986,0.0217391304347826,138,2023-01-10,2025-08-30,True,127.04768234761896,0.4268518518518519,16.21650363934829,290.4047865408675,26.401306236126057,0.5065149985149985,1.9606274750169752,1000,-9.316275676189065,47.05989811617856,1000,77.45099257367771,168.1428305053134,1000,0.6599919677603457,7.653370552312679,1000
logreg_abc,AMD,wf_oos,5.0,3,,0.3887195121951219,656,255,1.8478260869565215,0,0,0,0,0,1.0,0.0,138,2023-01-10,2025-08-30,True,,,,,,,,0,,,0,,,0,,,0
logreg_abc,KGS,wf_oos,5.0,3,,0.3841463414634146,656,252,1.826086956521739,0,0,0,0,0,1.0,0.0,138,2023-01-10,2025-08-30,True,,,,,,,,0,,,0,,,0,,,0
logreg_abc,KZT,wf_oos,5.0,3,,0.3384146341463415,656,222,1.608695652173913,0,0,0,0,0,1.0,0.0,138,2023-01-10,2025-08-30,True,,,,,,,,0,,,0,,,0,,,0
logreg_abc,TJS,wf_oos,5.0,3,0.6666666666666666,0.4054878048780488,656,266,1.927536231884058,3,3,0,3,0,0.9855072463768116,0.0,138,2023-01-10,2025-08-30,True,90.05210973527318,0.5333333333333333,86.39055278636029,140.26460974528308,53.46264933790682,0.0,2.583187575861317,679,-36.444694365768136,44.056537082296515,679,0.0,270.15632920581953,679,0.2087786122130191,3.259294056281843,573
logreg_abc,UZS,wf_oos,5.0,3,,0.3765243902439024,656,247,1.789855072463768,0,0,0,0,0,1.0,0.0,138,2023-01-10,2025-08-30,True,,,,,,,,0,,,0,,,0,,,0
logreg_abcd,AMD,wf_oos,5.0,3,0.3519553072625698,0.3887195121951219,656,255,1.8478260869565215,179,179,0,179,0,0.5869565217391305,0.2608695652173913,138,2023-01-10,2025-08-30,False,,0.3276815642458101,-0.5786297184028829,450.9217389743745,6.015774945835065,0.6966648430385645,1.1338452999790412,1000,11.98037484706492,35.449881557161824,1000,309.8384882461676,619.5476727074057,1000,0.6351114671681598,1.5826340684323446,1000
logreg_abcd,KGS,wf_oos,5.0,3,0.3812154696132597,0.3841463414634146,656,252,1.826086956521739,181,181,0,181,0,0.5362318840579711,0.2463768115942029,138,2023-01-10,2025-08-30,False,,0.3587569060773481,1.66775029367077,421.97080551853463,6.720468661011616,0.7931379187305592,1.2124155972394577,1000,6.94816394445885,24.409509024682908,1000,255.8856950218424,580.3390047982272,1000,0.7634825535355999,2.065896079949984,1000
logreg_abcd,KZT,wf_oos,5.0,3,0.3275862068965517,0.3384146341463415,656,222,1.608695652173913,174,174,0,174,0,0.5652173913043478,0.2391304347826087,138,2023-01-10,2025-08-30,False,,0.300287356321839,-3.0704270135117127,535.9869951418258,5.706452400868861,0.7787591244548586,1.2184699347849846,1000,7.566581179368252,29.155700880916996,1000,259.8011372732284,539.9638975553165,1000,1.1092669865403095,4.801345191934986,1000
logreg_abcd,TJS,wf_oos,5.0,3,0.3707865168539326,0.4054878048780488,656,266,1.927536231884058,178,178,0,178,0,0.5579710144927537,0.2391304347826087,138,2023-01-10,2025-08-30,False,,0.343623595505618,-0.0358278452055602,478.24085724484087,7.586968420927694,0.7638099634423204,1.0822153155432197,1000,8.01487706953051,29.440827443320924,1000,273.47279949353515,563.3278204851497,1000,0.8918235990183064,2.229967092292018,1000
logreg_abcd,UZS,wf_oos,5.0,3,0.3783783783783784,0.3765243902439024,656,247,1.789855072463768,185,185,0,185,0,0.572463768115942,0.2753623188405797,138,2023-01-10,2025-08-30,False,,0.3554324324324324,-1.5757448811938386,485.99725919466056,0.463315962119914,0.8054240328516095,1.2720722590072502,1000,6.103922926605736,25.725551797940515,1000,281.9685479152745,706.0600939174091,1000,0.6309607630784477,1.633987481962957,1000
momentum,AMD,wf_oos,,3,0.3707865168539326,0.3887195121951219,656,255,1.8478260869565215,89,89,0,89,0,0.6521739130434783,0.072463768115942,138,2023-01-10,2025-08-30,True,513.3800111802329,0.2476966292134831,-39.02857257492005,605.6921897918378,-1.2623242693883614,0.7434071552419483,1.2148429615899494,1000,59.06200194774189,96.92153503478409,1000,310.46589723132803,670.8087582852651,1000,1.2738682253299196,6.72695313795165,1000
momentum,KGS,wf_oos,,3,0.3260869565217391,0.3841463414634146,656,252,1.826086956521739,92,92,0,92,0,0.6594202898550725,0.0869565217391304,138,2023-01-10,2025-08-30,True,474.0632866983216,0.2008695652173913,-46.083496645062176,571.3673124161922,0.4828313035260798,0.6703576269543629,1.0485585925702203,1000,51.693937142426854,94.23787585252978,1000,215.25349255362457,616.7396365037197,1000,1.644590681790174,8.349350672226198,1000
momentum,KZT,wf_oos,,3,0.3809523809523809,0.3384146341463415,656,222,1.608695652173913,84,84,0,84,0,0.6159420289855072,0.0434782608695652,138,2023-01-10,2025-08-30,True,474.7845633116299,0.239047619047619,-35.12213224584961,641.8254133823351,10.010385581434036,0.9064506367764495,1.424047981980566,1000,58.88253368790553,100.762315963883,1000,226.98247272877992,615.3499849605008,1000,1.7767578355746123,18.75160034707031,1000
momentum,TJS,wf_oos,,3,0.3170731707317073,0.4054878048780488,656,266,1.927536231884058,82,82,0,82,0,0.6884057971014492,0.0652173913043478,138,2023-01-10,2025-08-30,True,477.8463665901742,0.2383536585365853,-48.286262891032074,575.4070898149816,-14.176752446492094,0.5929694405836454,0.973839736327119,1000,51.560413357162666,87.2976576392048,1000,269.5949246278118,636.9894908169578,1000,1.1596165461867345,6.69234369633325,1000
momentum,UZS,wf_oos,,3,0.3636363636363636,0.3765243902439024,656,247,1.789855072463768,99,99,0,99,0,0.6014492753623188,0.0869565217391304,138,2023-01-10,2025-08-30,True,477.6122325618344,0.2330808080808081,-41.75838390976806,613.2232187755052,10.00818200664749,0.7745851402601974,1.1978588794873786,1000,59.54469367488384,97.66309173048616,1000,213.49940679838863,619.2311245725967,1000,1.6495474398046257,10.646365710332676,1000
random,AMD,wf_oos,,3,0.4147465437788018,0.3887195121951219,656,255,1.8478260869565215,217,217,0,217,0,0.1521739130434782,0.1739130434782608,138,2023-01-10,2025-08-30,False,,0.4194930875576037,16.02874442386484,452.6473249499221,23.271826847532427,0.9384788102631924,1.186523764867255,1000,3.6919466434422343,18.790127026558512,1000,261.0621113244979,422.00447395830327,1000,1.1505303112214111,2.292358628937902,1000
random,KGS,wf_oos,,3,0.4383561643835616,0.3841463414634146,656,252,1.826086956521739,219,219,0,219,0,0.1594202898550724,0.1666666666666666,138,2023-01-10,2025-08-30,False,,0.3988356164383562,11.774769982240436,399.7704977322971,18.12031689555609,0.9764490740446032,1.2997139502733472,1000,-0.4531309309424416,16.064057712366267,1000,273.3701400552509,391.6899208791902,1000,0.9377384027531572,2.31038910338904,1000
random,KZT,wf_oos,,3,0.345,0.3384146341463415,656,222,1.608695652173913,200,200,0,200,0,0.1594202898550724,0.1521739130434782,138,2023-01-10,2025-08-30,False,,0.341625,0.2626963061873132,521.144253664435,-9.787322767453327,0.8372079601071197,1.1608785775452442,1000,-13.500533090686194,6.885568462964366,1000,405.56775681630745,827.1104257567036,1000,0.3049071785342491,0.976849649501148,1000
random,TJS,wf_oos,,3,0.3796791443850267,0.4054878048780488,656,266,1.927536231884058,187,187,0,187,0,0.2318840579710145,0.144927536231884,138,2023-01-10,2025-08-30,False,,0.3539037433155081,3.271464229942353,466.99516367446626,4.180503007920405,0.804795055103162,1.0655424952214465,1000,-10.865057017642425,4.490171793222144,1000,355.30028746290327,624.5158497158133,1000,0.614312666366495,1.3511959058448118,1000
random,UZS,wf_oos,,3,0.380281690140845,0.3765243902439024,656,247,1.789855072463768,213,213,0,213,0,0.1304347826086956,0.1884057971014492,138,2023-01-10,2025-08-30,False,,0.3798826291079812,0.4692323695867346,478.57615560881794,-4.041006722503436,0.824119241755868,1.195895450075981,1000,-17.137598665210668,3.5460639434352137,1000,409.64162126080817,722.987278623302,1000,0.363416448457065,1.0894662097621923,1000
reversal,AMD,wf_oos,,3,0.4137931034482758,0.3887195121951219,656,255,1.8478260869565215,29,29,0,29,0,0.7971014492753623,0.0,138,2023-01-10,2025-08-30,True,370.84697835009985,0.3408620689655172,12.778170586554138,457.3909020430115,30.199893967604073,0.627288708586883,1.6009728046825136,1000,-4.983011595839905,57.849636902303416,1000,216.6606702528151,781.5990331121459,1000,0.2280580050020162,2.4708669263632292,1000
reversal,KGS,wf_oos,,3,0.2666666666666666,0.3841463414634146,656,252,1.826086956521739,30,30,0,30,0,0.7971014492753623,0.0,138,2023-01-10,2025-08-30,True,286.1206573052524,0.2818333333333333,2.2114421904556054,388.3732238025858,1.2138710215614137,0.3355498721227621,1.1409827467218772,1000,-12.156329169655438,22.631049985898965,1000,193.81578555028645,343.20516992886627,1000,0.4566346954048152,3.5490053346433506,1000
reversal,KZT,wf_oos,,3,0.303030303030303,0.3384146341463415,656,222,1.608695652173913,33,33,0,33,0,0.782608695652174,0.0,138,2023-01-10,2025-08-30,True,467.3775876425643,0.2583333333333333,-2.489208541716366,547.5099159404236,14.927468054850902,0.4685924487686602,1.4037860082304523,1000,-17.2763434460987,40.82439341965954,1000,263.04028267921217,936.708439798468,1000,0.1669217260392675,1.5834956968594331,1000
reversal,TJS,wf_oos,,3,0.4285714285714285,0.4054878048780488,656,266,1.927536231884058,28,28,0,28,0,0.8043478260869565,0.0,138,2023-01-10,2025-08-30,True,289.9138325284145,0.3110714285714286,14.663061759350274,389.5579618394624,31.709400676360193,0.5562463988055811,1.560587411435162,1000,-5.783222467966102,59.486004689519746,1000,183.5679065712248,346.7893239726449,1000,0.7712947953553205,4.800036655666288,1000
reversal,UZS,wf_oos,,3,0.3333333333333333,0.3765243902439024,656,247,1.789855072463768,33,33,0,33,0,0.7753623188405797,0.0,138,2023-01-10,2025-08-30,True,274.4694648055073,0.2987878787878788,5.25308732304105,374.9851124694167,18.94386092554162,0.4581572613388741,1.390127480805447,1000,-3.458667276599335,41.75320856862329,1000,186.6190467943428,351.30043543367464,1000,0.6541846387591036,3.4652642617030556,1000
seasonality,AMD,wf_oos,,3,0.3455882352941176,0.3887195121951219,656,255,1.8478260869565215,136,136,0,136,0,0.717391304347826,0.1956521739130435,138,2023-01-10,2025-08-30,False,,0.3269485294117648,-5.574607531288863,337.82504103864744,1.5136571864659938,0.6229559156565123,1.1731134786688229,1000,-5.2899998342923285,13.415237225762793,1000,222.57779232049137,368.22288355688784,1000,0.9551065538288848,1.414457846973762,1000
seasonality,KGS,wf_oos,,3,0.3566878980891719,0.3841463414634146,656,252,1.826086956521739,157,157,0,157,0,0.6594202898550725,0.2391304347826087,138,2023-01-10,2025-08-30,False,,0.3394585987261146,-1.3161280688275188,396.76956419810494,3.2230200852463433,0.6727651067696502,1.1598895395038689,1000,-8.03332272777622,9.649424985820696,1000,226.78194332603044,566.9195209715128,1000,0.6791279945066958,1.1891198324616037,1000
seasonality,KZT,wf_oos,,3,0.3096774193548387,0.3384146341463415,656,222,1.608695652173913,155,155,0,155,0,0.6739130434782609,0.2246376811594203,138,2023-01-10,2025-08-30,False,,0.3123548387096774,-2.623799606919925,493.600404721468,-5.699783275233129,0.7023320168775731,1.1870657517155334,1000,-12.801990249944186,5.5922926572041405,1000,315.16863142330556,762.3978934357314,1000,0.5096292338938285,1.3150653129728889,1000
seasonality,TJS,wf_oos,,3,0.3863636363636363,0.4054878048780488,656,266,1.927536231884058,132,132,0,132,0,0.7246376811594203,0.1884057971014492,138,2023-01-10,2025-08-30,False,,0.36875,1.8323840972915375,489.5464893778348,4.690734156678795,0.7495240249205402,1.1475923325709143,1000,-9.372803151827004,13.642271101617007,1000,303.18587240593934,617.8063520405591,1000,0.6470048472250937,1.932014087973859,1000
seasonality,UZS,wf_oos,,3,0.39568345323741,0.3765243902439024,656,247,1.789855072463768,139,139,0,139,0,0.7101449275362319,0.1956521739130435,138,2023-01-10,2025-08-30,False,,0.3673741007194245,-6.635244817256687,547.6719503902723,-6.968687788066973,0.78609360457386,1.34104336896458,1000,-10.192319251000356,13.195499149167826,1000,364.34502651946417,788.5833221267291,1000,0.4854726702367334,1.1316358326450615,1000
catboost_ab,AMD,oot,5.0,5,0.3846153846153846,0.3045267489711934,243,74,1.3962264150943395,13,13,0,13,0,0.9056603773584906,0.0566037735849056,53,2025-09-02,2026-09-02,True,147.0765933945062,0.4807692307692308,40.71569179566933,264.7931963411979,37.373011912462594,0.0,2.544995968392195,997,-129.75901886149165,38.07850128341977,997,54.78572216018218,269.88540369372595,997,0.0,1.3154415035684743,986
catboost_ab,AMD,wf_2022,5.0,5,0.15625,0.291497975708502,247,72,1.411764705882353,32,32,0,32,0,0.7254901960784313,0.0980392156862745,51,2022-01-11,2022-12-31,True,965.3864754682768,0.16484375,-5.8950206275192025,1080.7491885597235,-34.938008887519636,0.0,1.2750290088098348,1000,-48.21684985441045,98.97023581233536,1000,435.03804433490336,1153.6322484811355,1000,0.0,1.5350297318883188,997
catboost_ab,AMD,wf_2023,5.0,5,0.3092783505154639,0.3846153846153846,247,95,1.8627450980392155,97,97,0,97,0,0.4705882352941176,0.392156862745098,51,2023-01-10,2023-12-30,True,525.3980068946489,0.2818041237113401,6.311261974066026,550.5821766799955,19.763506695306155,0.5693133582303936,1.1196660754852163,1000,18.58827607512636,80.76394417224235,1000,326.397456537047,584.1501699827712,1000,0.9741385550676076,2.3733704346697,1000
catboost_ab,AMD,wf_2024,5.0,5,0.25,0.3548387096774194,248,88,1.7254901960784317,40,40,0,40,0,0.7254901960784313,0.1372549019607843,51,2024-01-10,2024-12-29,True,427.8764482714528,0.2761249999999999,6.388796224864843,640.9750601798918,-0.5080381223073737,0.0922736089278655,1.2678254295532645,1000,-15.215008970719362,44.41979172051035,1000,109.2514279042467,726.5623107910636,1000,0.3318447206220467,2.3372930162928744,1000
catboost_ab,AMD,wf_2025,5.0,5,,0.1987577639751552,161,32,0.9411764705882352,0,0,0,0,0,1.0,0.0,34,2025-01-10,2025-08-30,True,,,,,,,,0,,,0,,,0,,,0
catboost_ab,KGS,oot,5.0,5,0.4,0.2880658436213992,243,70,1.320754716981132,17,15,2,15,2,0.8679245283018868,0.0566037735849056,53,2025-09-02,2026-09-02,True,284.0570622373999,0.4643333333333334,62.76394393870207,510.4106968162835,58.70911361607376,0.0,2.244598930481283,1000,-124.68147012170488,43.933857637332544,1000,61.39020132879036,510.4106968162836,1000,0.0,1.1250844274510456,999
catboost_ab,KGS,wf_2022,5.0,5,0.1515151515151515,0.2631578947368421,247,65,1.2745098039215683,33,33,0,33,0,0.6862745098039216,0.0784313725490196,51,2022-01-11,2022-12-31,True,900.0986482446585,0.1865151515151515,-79.25033904477817,1003.2125858103926,-81.2173640184952,0.0,1.164439709595959,1000,-20.167634472358944,179.49144982649915,1000,477.1736404009253,1021.2682301905774,1000,0.0,1.5922355881424386,999
catboost_ab,KGS,wf_2023,5.0,5,0.3431372549019608,0.3805668016194332,247,94,1.843137254901961,102,102,0,102,0,0.392156862745098,0.4313725490196078,51,2023-01-10,2023-12-30,False,,0.3207352941176471,12.341671254573177,497.7140006033576,28.22696153352638,0.7202578174126795,1.1856027738756314,1000,19.08962001304732,60.61935600664117,1000,160.88603620968058,559.0584915938605,1000,1.016444956476006,3.4086752803862557,1000
catboost_ab,KGS,wf_2024,5.0,5,0.2363636363636363,0.375,248,93,1.8235294117647056,55,55,0,55,0,0.6078431372549019,0.1764705882352941,51,2024-01-10,2024-12-29,True,536.9228378741898,0.2351818181818182,-23.628136169610535,726.9250351283347,-13.955633520920856,0.3383654335113145,1.0307085821464772,1000,-18.696220585003513,41.18844822576586,1000,242.9270439903182,812.0986469953051,1000,0.7517952814771417,2.528121143098581,1000
catboost_ab,KGS,wf_2025,5.0,5,0.0,0.1739130434782608,161,28,0.8235294117647058,1,1,0,1,0,0.9705882352941176,0.0,34,2025-01-10,2025-08-30,True,47.229445236256495,0.44,14.864232508768078,18.6753778029224,-34.378989702981144,0.0,0.0,287,-36.75264301748693,-36.75264301748693,287,47.229445236256495,47.229445236256495,287,0.0,0.0,73
catboost_ab,KZT,oot,5.0,5,0.2413793103448276,0.3292181069958848,243,80,1.509433962264151,29,29,0,29,0,0.7547169811320755,0.0754716981132075,53,2025-09-02,2026-09-02,True,265.77110698726744,0.3346551724137931,46.9857394095708,424.1374249124146,55.54094694627854,0.1155354063018242,1.373982608695652,1000,-65.34443893937048,5.441962851208206,1000,179.04497686600607,335.27279664250284,1000,0.1613258900446454,3.6919910891549583,1000
catboost_ab,KZT,wf_2022,5.0,5,0.2631578947368421,0.2591093117408907,247,64,1.2549019607843137,38,38,0,38,0,0.6470588235294118,0.0980392156862745,51,2022-01-11,2022-12-31,True,1078.066800580839,0.2207894736842104,-46.39931058991341,1161.214869288403,-16.855601748549862,0.654670262192894,1.835938328395447,1000,53.4578845638539,212.74184241440577,1000,863.9750324183026,1179.6445289005608,1000,0.8211450216598005,3.634456785978804,1000
catboost_ab,KZT,wf_2023,5.0,5,0.3137254901960784,0.3603238866396761,247,89,1.7450980392156863,102,102,0,102,0,0.3725490196078431,0.4117647058823529,51,2023-01-10,2023-12-30,False,,0.2773529411764706,6.499007384825149,591.7507929740304,19.89498047843995,0.6267621743081337,1.199644487964257,1000,14.90820798971214,64.88346657280596,1000,346.90522372231453,614.8015887475822,1000,0.9454127396697992,7.820848545923916,1000
catboost_ab,KZT,wf_2024,5.0,5,0.2051282051282051,0.2701612903225806,248,67,1.3137254901960784,39,39,0,39,0,0.7254901960784313,0.1176470588235294,51,2024-01-10,2024-12-29,True,441.19066729001895,0.1983333333333333,-10.343623483828788,628.0527258303766,-11.366227835502835,0.2580311226875041,1.1625,1000,-6.464825402772952,54.68252327527229,1000,125.60633848746308,681.9489079213304,1000,0.6129230694955041,2.402373356481826,1000
catboost_ab,KZT,wf_2025,5.0,5,,0.1677018633540372,161,27,0.7941176470588235,0,0,0,0,0,1.0,0.0,34,2025-01-10,2025-08-30,True,,,,,,,,0,,,0,,,0,,,0
catboost_ab,TJS,oot,5.0,5,0.5714285714285714,0.3004115226337449,243,73,1.3773584905660377,29,28,1,28,1,0.7358490566037735,0.0754716981132075,53,2025-09-02,2026-09-02,True,344.1393553993422,0.5632142857142857,105.52075969655594,420.3235767150504,102.09353441796318,0.8537869980906484,2.7384509559852805,1000,-103.8533709298363,11.453343584367628,1000,134.4809628922437,434.4332326119771,1000,0.5439741170055254,1.4472053857433844,1000
catboost_ab,TJS,wf_2022,5.0,5,0.1538461538461538,0.3117408906882591,247,77,1.5098039215686274,39,39,0,39,0,0.6470588235294118,0.1176470588235294,51,2022-01-11,2022-12-31,True,1943.30034655692,0.1329487179487179,-148.4119553972103,2327.555392546319,-143.00610187421137,0.2235711382761698,0.9381843202871136,1000,-12.5635569884109,116.70053275068096,1000,492.54159114240474,2501.98750709824,1000,0.4974514216647734,5.5373813394907785,1000
catboost_ab,TJS,wf_2023,5.0,5,0.2674418604651162,0.3805668016194332,247,94,1.843137254901961,86,86,0,86,0,0.4705882352941176,0.3333333333333333,51,2023-01-10,2023-12-30,True,412.8242128683132,0.2600581395348837,-0.7674807189872762,494.8015703197985,14.019581687891767,0.5162613224637681,0.9596841329858624,1000,18.92248010108557,72.93716916325552,1000,292.4890740393493,515.0794963433847,1000,1.0300542560268562,3.633289242500752,1000
catboost_ab,TJS,wf_2024,5.0,5,0.2972972972972973,0.3548387096774194,248,88,1.7254901960784317,37,37,0,37,0,0.7254901960784313,0.1568627450980392,51,2024-01-10,2024-12-29,True,615.9783350467226,0.3356756756756756,-9.662606141072342,765.7237776392676,-18.546870142304854,0.291261824595158,1.2884271284271285,1000,-14.847529931285036,49.02102903060994,1000,169.60028335450073,764.3914649765837,1000,0.4495568570035774,1.5737709917635347,1000
catboost_ab,TJS,wf_2025,5.0,5,,0.2981366459627329,161,48,1.411764705882353,0,0,0,0,0,1.0,0.0,34,2025-01-10,2025-08-30,True,,,,,,,,0,,,0,,,0,,,0
catboost_ab,UZS,oot,5.0,5,0.45,0.3415637860082304,243,83,1.5660377358490567,22,20,2,20,2,0.8113207547169812,0.0754716981132075,53,2025-09-02,2026-09-02,True,350.0757479830741,0.44625,58.95967571826957,492.6143286248362,46.59635277778367,0.5057709750566893,2.0074876097226495,1000,-108.17330672756746,7.461446253654096,1000,223.54718940052808,492.61432862483633,1000,0.3751125168563424,1.3824411466351547,999
catboost_ab,UZS,wf_2022,5.0,5,0.2105263157894736,0.2631578947368421,247,65,1.2745098039215683,38,38,0,38,0,0.6470588235294118,0.0980392156862745,51,2022-01-11,2022-12-31,True,1474.213625677664,0.2139473684210526,-166.82049326248102,1853.2613291061143,-192.63490828667884,0.2950317066446098,1.5294117647058822,1000,-7.3937301128856445,76.84763198898352,1000,739.5882441748553,1989.9146573734772,1000,0.3377679600451257,2.6576829402965916,1000
catboost_ab,UZS,wf_2023,5.0,5,0.3461538461538461,0.3846153846153846,247,95,1.8627450980392155,104,104,0,104,0,0.4509803921568627,0.4313725490196078,51,2023-01-10,2023-12-30,False,,0.3341826923076923,13.739697374796323,470.01951194893826,25.642936771162105,0.6544897391498361,1.3163253333660794,1000,18.876183495258054,73.71712085704752,1000,198.46120803531687,526.5073878985461,1000,0.9861236135307968,3.009969366388376,1000
catboost_ab,UZS,wf_2024,5.0,5,0.2368421052631578,0.3346774193548387,248,83,1.6274509803921569,38,38,0,38,0,0.6862745098039216,0.1176470588235294,51,2024-01-10,2024-12-29,True,706.5252643137021,0.2364473684210526,-33.75649107845665,757.1552174982507,-48.877662740051,0.2670592966095568,1.2086064755384396,1000,-38.65879098474901,34.970887111810356,1000,294.0694568119684,789.5460713718116,1000,0.190715998080076,1.671466881144649,1000
catboost_ab,UZS,wf_2025,5.0,5,0.0,0.1614906832298136,161,26,0.7647058823529411,4,4,0,4,0,0.9705882352941176,0.0294117647058823,34,2025-01-10,2025-08-30,True,120.52100814217036,0.19,-26.13972372997484,163.9976070606953,-60.229050291990816,0.0,0.0,264,-106.39330511596212,-56.93235441436517,264,145.73621729116138,168.1428305053134,264,0.0,0.0,65
catboost_abcd,AMD,oot,5.0,5,0.0,0.3045267489711934,243,74,1.3962264150943395,1,1,0,1,0,0.981132075471698,0.0,53,2025-09-02,2026-09-02,True,54.78572216018218,0.805,117.6407984253496,10.683215821235526,57.929009314783286,0.0,0.0,680,-61.59875953082206,-61.59875953082206,680,54.78572216018218,54.78572216018218,680,0.0,0.0,609
catboost_abcd,AMD,wf_2022,5.0,5,,0.291497975708502,247,72,1.411764705882353,0,0,0,0,0,1.0,0.0,51,2022-01-11,2022-12-31,True,,,,,,,,0,,,0,,,0,,,0
catboost_abcd,AMD,wf_2023,5.0,5,0.2115384615384615,0.3846153846153846,247,95,1.8627450980392155,52,52,0,52,0,0.6666666666666666,0.196078431372549,51,2023-01-10,2023-12-30,True,476.9516132328562,0.2051923076923077,-3.61960113115945,521.3647898575156,-13.508666859126492,0.3072969640930805,0.8560825390288874,1000,-9.366887884004504,55.23705049190192,1000,370.287685441492,614.7246236867377,1000,0.3678724959858335,1.5501124619598796,1000
catboost_abcd,AMD,wf_2024,5.0,5,0.25,0.3548387096774194,248,88,1.7254901960784317,4,4,0,4,0,0.9215686274509804,0.0,51,2024-01-10,2024-12-29,True,34.59520390594828,0.35125,43.963439361931776,114.8001592519782,48.73827666252078,0.0,1.0017533548829467,982,-65.09912605402567,44.9716662325872,982,10.465235378729345,101.03036459711224,982,0.0,1.4488084556585823,918
catboost_abcd,AMD,wf_2025,5.0,5,0.1578947368421052,0.1987577639751552,161,32,0.9411764705882352,19,19,0,19,0,0.6764705882352942,0.0588235294117647,34,2025-01-10,2025-08-30,True,224.87981186921417,0.2442105263157894,-12.811610707943233,353.45009910742846,-16.61944952302962,0.0,1.2629946524064168,1000,-66.05264564903233,2.668276347720702,1000,116.70470694629786,365.19475080909024,1000,0.0,1.0916447986826625,999
catboost_abcd,KGS,oot,5.0,5,0.5,0.2880658436213992,243,70,1.320754716981132,4,4,0,4,0,0.9433962264150944,0.0,53,2025-09-02,2026-09-02,True,42.318339490710066,0.5,70.84425182807855,396.2503130077566,197.97868933765335,0.0,3.0792569298858603,766,-60.76348694588618,8.847724343073276,766,52.121510979614705,117.15184698322555,766,0.0,22.612089815848087,758
catboost_abcd,KGS,wf_2022,5.0,5,,0.2631578947368421,247,65,1.2745098039215683,0,0,0,0,0,1.0,0.0,51,2022-01-11,2022-12-31,True,,,,,,,,0,,,0,,,0,,,0
catboost_abcd,KGS,wf_2023,5.0,5,0.26,0.3805668016194332,247,94,1.843137254901961,50,50,0,50,0,0.6666666666666666,0.196078431372549,51,2023-01-10,2023-12-30,True,419.32944526728113,0.2726,8.530237536342709,490.43826322916703,8.310759794449128,0.4403201490681144,0.9857242591185408,999,-5.556426185453945,56.313842874806454,999,134.7144651786712,590.9749040234025,999,0.776568363544859,1.3509763629430471,999
catboost_abcd,KGS,wf_2024,5.0,5,0.4285714285714285,0.375,248,93,1.8235294117647056,7,7,0,7,0,0.8823529411764706,0.0,51,2024-01-10,2024-12-29,True,29.209573766738384,0.5685714285714285,48.93444863890552,106.93009074028862,40.97886201444165,0.0,1.5030903665814153,991,-44.578709168139,10.226785097063186,991,21.69197396963085,84.64704511920607,991,0.0,1.2315855947331893,985
catboost_abcd,KGS,wf_2025,5.0,5,0.2272727272727272,0.1739130434782608,161,28,0.8235294117647058,22,22,0,22,0,0.6470588235294118,0.088235294117647,34,2025-01-10,2025-08-30,True,235.37927212675496,0.2124999999999999,-15.35516194904982,370.389178368244,-16.10579079288375,0.3250133689839572,2.8417026143790847,1000,-71.36442059285422,8.787701998256217,1000,142.76626772323775,371.9530058288134,1000,0.4368987640470089,2.6052196983601337,1000
catboost_abcd,KZT,oot,5.0,5,0.3333333333333333,0.3292181069958848,243,80,1.509433962264151,3,3,0,3,0,0.9433962264150944,0.0,53,2025-09-02,2026-09-02,True,32.97113222841504,0.5883333333333334,182.58875385764603,282.4295987963171,274.92813944846114,0.0,1.9203124999999992,785,-102.92728508035977,30.244615017014915,785,36.75835403597283,62.155042649272296,785,0.0,9.663031362127256,761
catboost_abcd,KZT,wf_2022,5.0,5,,0.2591093117408907,247,64,1.2549019607843137,0,0,0,0,0,1.0,0.0,51,2022-01-11,2022-12-31,True,,,,,,,,0,,,0,,,0,,,0
catboost_abcd,KZT,wf_2023,5.0,5,0.2894736842105263,0.3603238866396761,247,89,1.7450980392156863,38,38,0,38,0,0.6862745098039216,0.0980392156862745,51,2023-01-10,2023-12-30,True,452.9575858675786,0.2553947368421053,-6.859923807603632,553.827489759584,1.6132694380624943,0.4273049230854944,1.277615886650462,1000,-30.03104058151973,56.567681536133705,1000,298.9941243628023,632.8268289424077,1000,0.6707608486693988,1.6332785003522845,1000
catboost_abcd,KZT,wf_2024,5.0,5,0.1666666666666666,0.2701612903225806,248,67,1.3137254901960784,6,6,0,6,0,0.9019607843137256,0.0,51,2024-01-10,2024-12-29,True,119.3767334281359,0.3508333333333333,20.262632341439453,268.3986510991214,-23.667905582282305,0.0,1.744946874227823,971,-113.92381731111736,-14.006353276625104,971,16.448505803903224,376.6380282912429,971,0.0,0.5709505516546243,958
catboost_abcd,KZT,wf_2025,5.0,5,0.12,0.1677018633540372,161,27,0.7941176470588235,25,25,0,25,0,0.5588235294117647,0.088235294117647,34,2025-01-10,2025-08-30,True,358.55417836210756,0.1784,-23.183695695152377,433.5027953794268,-31.817979175535573,0.0,1.68,1000,-73.68557425634017,-1.7352536036172836,1000,330.94362209594163,453.47790223968286,1000,0.0,1.248194276032275,1000
catboost_abcd,TJS,oot,5.0,5,0.5,0.3004115226337449,243,73,1.3773584905660377,4,4,0,4,0,0.9622641509433962,0.0188679245283018,53,2025-09-02,2026-09-02,True,66.48426977385213,0.19875,9.15501184598339,407.0536492464061,199.6506702692019,0.0,4.065573770491803,783,-82.19126273550869,26.159317970173568,783,0.0,223.87557032434557,783,2.307264677194243,32.4807988133019,734
catboost_abcd,TJS,wf_2022,5.0,5,,0.3117408906882591,247,77,1.5098039215686274,0,0,0,0,0,1.0,0.0,51,2022-01-11,2022-12-31,True,,,,,,,,0,,,0,,,0,,,0
catboost_abcd,TJS,wf_2023,5.0,5,0.2307692307692307,0.3805668016194332,247,94,1.843137254901961,39,39,0,39,0,0.7254901960784313,0.1568627450980392,51,2023-01-10,2023-12-30,True,346.94110807960635,0.2452564102564103,9.168368863731915,469.6233487765608,11.670200212201156,0.2715035434995112,1.0291666666666668,1000,19.848708872969716,91.13581031234968,1000,111.6167633499665,450.2419766580612,1000,0.810683880960473,2.1014379024711336,999
catboost_abcd,TJS,wf_2024,5.0,5,0.5,0.3548387096774194,248,88,1.7254901960784317,6,6,0,6,0,0.8823529411764706,0.0,51,2024-01-10,2024-12-29,True,25.338843800568167,0.465,51.574815666868254,119.5691504978122,59.818176768070366,0.0,2.1364783357030612,997,-39.426184501634154,43.95547497792305,997,10.577405453107149,86.85739492544809,997,0.0,2.111706550698133,987
catboost_abcd,TJS,wf_2025,5.0,5,0.3571428571428571,0.2981366459627329,161,48,1.411764705882353,14,14,0,14,0,0.7647058823529411,0.0588235294117647,34,2025-01-10,2025-08-30,True,253.92282027731517,0.3046428571428571,15.954998424791697,401.6772917743503,35.589131509419374,0.2931812140008861,2.3000000000000003,1000,-80.16862301011139,57.3536641659335,1000,66.88653665658518,382.9857202484099,1000,0.3091531508955313,3.162529192509332,1000
catboost_abcd,UZS,oot,5.0,5,0.5,0.3415637860082304,243,83,1.5660377358490567,4,4,0,4,0,0.9433962264150944,0.0,53,2025-09-02,2026-09-02,True,49.50910799001784,0.52625,50.35060629218475,405.7044737377127,167.2182816580048,0.0,2.464014900865133,767,-58.72726404199668,-12.80171912729888,767,24.8135892615986,173.22284269847276,767,0.0,19.30110013595574,752
catboost_abcd,UZS,wf_2022,5.0,5,,0.2631578947368421,247,65,1.2745098039215683,0,0,0,0,0,1.0,0.0,51,2022-01-11,2022-12-31,True,,,,,,,,0,,,0,,,0,,,0
catboost_abcd,UZS,wf_2023,5.0,5,0.2941176470588235,0.3846153846153846,247,95,1.8627450980392155,51,51,0,51,0,0.7058823529411765,0.196078431372549,51,2023-01-10,2023-12-30,True,404.2482131034073,0.2960784313725489,10.15535096481583,439.0465878403004,6.234143978888786,0.2996807669319805,1.3206012561274507,1000,-3.1977279133823933,75.08376138458421,1000,99.1168184201463,464.7659869900522,1000,0.8169722794943564,1.316123007944496,999
catboost_abcd,UZS,wf_2024,5.0,5,0.6,0.3346774193548387,248,83,1.6274509803921569,5,5,0,5,0,0.9019607843137256,0.0,51,2024-01-10,2024-12-29,True,28.297001340442225,0.517,50.61862904805445,124.93664363460984,59.30261396675318,0.0,2.9367507002801108,979,-40.826116357786105,31.13325153611436,979,0.0,133.9935019030958,979,0.0,2.404478116889284,942
catboost_abcd,UZS,wf_2025,5.0,5,0.1578947368421052,0.1614906832298136,161,26,0.7647058823529411,19,19,0,19,0,0.6764705882352942,0.0588235294117647,34,2025-01-10,2025-08-30,True,249.4267862513433,0.1778947368421052,-25.578365906733353,415.4200088709419,-24.67070128446146,0.0,1.883317853457172,1000,-76.59238383610054,20.36386072916084,1000,132.48384692866378,401.64070429489,1000,0.0,1.7501092055943437,1000
level,AMD,oot,,5,0.2857142857142857,0.3045267489711934,243,74,1.3962264150943395,42,42,0,42,0,0.7169811320754716,0.1320754716981132,53,2025-09-02,2026-09-02,True,312.4760535689819,0.2013095238095238,1.262345091357182,327.4369774496338,30.57967260279441,0.6125177295673959,1.6182202240495285,1000,38.374542470296255,86.77690539577706,1000,109.51910576395218,338.4998373093606,1000,1.2423747320189586,3.5577686916263693,999
level,AMD,wf_2022,,5,0.15625,0.291497975708502,247,72,1.411764705882353,32,32,0,32,0,0.8235294117647058,0.1372549019607843,51,2022-01-11,2022-12-31,True,983.7859004159184,0.136875,-4.765321701146834,1111.9585916953504,35.77983076622801,0.0,1.080249117360604,982,51.872169881743275,263.794065233582,982,407.1289467803218,1123.0216230496426,982,0.6629435962467988,8.752307032959985,945
level,AMD,wf_2023,,5,0.16,0.3846153846153846,247,95,1.8627450980392155,25,25,0,25,0,0.8823529411764706,0.0980392156862745,51,2023-01-10,2023-12-30,True,352.7534707240689,0.1838,-29.344921502823063,379.1247344194536,-27.288170419220005,0.1204810049019607,0.8107376283846872,941,-5.039473123332036,87.81776528382117,941,37.86415269298571,389.0413947315752,941,0.6872722709419276,1.1606451563362052,919
level,AMD,wf_2024,,5,0.3571428571428571,0.3548387096774194,248,88,1.7254901960784317,28,28,0,28,0,0.8431372549019608,0.1372549019607843,51,2024-01-10,2024-12-29,True,283.1110015653122,0.2925,22.905757726501687,532.474639061714,65.39816419731405,0.772554347826087,1.8861302681992336,991,39.729008623721576,196.8150101436229,991,147.08299096138467,529.34288307523,991,1.042750799040994,5.280414070784952,990
level,AMD,wf_2025,,5,0.2045454545454545,0.1987577639751552,161,32,0.9411764705882352,88,88,0,88,0,0.2941176470588235,0.5294117647058824,34,2025-01-10,2025-08-30,True,664.4145528844567,0.1729545454545454,-44.270526080151974,635.5633885519202,-36.67545430433773,0.8028368009843516,1.3663711789868305,1000,9.064266413853575,38.595817096345534,1000,273.71100082986095,749.4958187347607,1000,0.810757919460512,1.4774386648949542,1000
level,KGS,oot,,5,0.2295081967213114,0.2880658436213992,243,70,1.320754716981132,61,61,0,61,0,0.6226415094339622,0.2075471698113207,53,2025-09-02,2026-09-02,True,325.8895541975977,0.1742622950819672,-15.02951288412309,338.65706569306974,2.909592696271615,0.4936488254625121,1.3478994979634369,1000,27.121344432725756,66.34905775327569,1000,245.83492490434728,346.75049315427646,1000,1.1259340917697502,2.158119557060809,1000
level,KGS,wf_2022,,5,0.1666666666666666,0.2631578947368421,247,65,1.2745098039215683,42,42,0,42,0,0.7647058823529411,0.1764705882352941,51,2022-01-11,2022-12-31,True,985.7894846568108,0.1134523809523809,-87.45864609740994,1367.5476507189578,7.787281446593219,0.3228582693947144,2.0591501322751316,1000,55.09312500681139,555.7133533796863,1000,431.1908214024296,1181.0141900755625,1000,1.1745189995137737,1231.2953953713377,999
level,KGS,wf_2023,,5,0.2857142857142857,0.3805668016194332,247,94,1.843137254901961,14,14,0,14,0,0.9215686274509804,0.0588235294117647,51,2023-01-10,2023-12-30,True,209.51986686472736,0.3292857142857143,13.598047404788094,377.64471287330207,18.51527796644627,0.0,1.2999999999999998,872,-12.589899460999645,90.47835120820896,872,48.43638647646253,349.43486285370363,872,0.6007723751474006,1.2531877096190096,804
level,KGS,wf_2024,,5,0.3636363636363636,0.375,248,93,1.8235294117647056,22,22,0,22,0,0.8627450980392157,0.0784313725490196,51,2024-01-10,2024-12-29,True,573.9168155493792,0.3304545454545454,47.80562508275429,717.1229421248701,68.952737156706,0.5923895246667524,2.6956521739130435,977,31.197928253049497,188.55980916704704,977,0.0,710.4595313612672,977,0.8630196431989592,3.215347404507076,973
level,KGS,wf_2025,,5,0.1515151515151515,0.1739130434782608,161,28,0.8235294117647058,99,99,0,99,0,0.2647058823529412,0.6176470588235294,34,2025-01-10,2025-08-30,True,663.4491635147932,0.1452020202020202,-47.00030395549741,629.8642702966054,-42.57566994377401,0.6094571141709697,1.2400513478818995,1000,4.952819456428629,30.9528392974606,1000,275.7902617523432,749.4916238985186,1000,0.7456318065517026,1.3821095021200434,1000
level,KZT,oot,,5,0.3684210526315789,0.3292181069958848,243,80,1.509433962264151,19,19,0,19,0,0.8679245283018868,0.0754716981132075,53,2025-09-02,2026-09-02,True,266.85501416119496,0.291578947368421,19.60646392070419,385.9692900896944,75.97455021835013,0.5729497354497354,3.630147058823528,984,60.82979266108213,239.73023139555573,984,0.0,370.06399037409653,984,0.9849463329778104,7.547778828274829,968
level,KZT,wf_2022,,5,0.196078431372549,0.2591093117408907,247,64,1.2549019607843137,51,51,0,51,0,0.7058823529411765,0.2156862745098039,51,2022-01-11,2022-12-31,True,1059.0250505618526,0.1470588235294117,-113.77921246792955,1103.744411985179,-19.746440774948713,0.3444764421624887,2.0307349129951864,1000,69.59442091263314,421.4522429655367,1000,312.04294860004643,1179.6445289005608,1000,1.1978166480066796,24.78743323451137,999
level,KZT,wf_2023,,5,0.1904761904761904,0.3603238866396761,247,89,1.7450980392156863,21,21,0,21,0,0.8823529411764706,0.0784313725490196,51,2023-01-10,2023-12-30,True,263.6743497326899,0.1366666666666666,-6.41374442758379,303.4462497421542,1.7355064090861032,0.0,1.462664141414144,932,17.907304821797474,119.45775919731228,932,16.51138105908334,311.2152238570265,932,0.9651910568346932,3.971901128238049,902
level,KZT,wf_2024,,5,0.2,0.2701612903225806,248,67,1.3137254901960784,45,45,0,45,0,0.803921568627451,0.196078431372549,51,2024-01-10,2024-12-29,True,873.9212610645209,0.2068888888888889,-41.156497852005906,965.5117624344816,-37.93302808607832,0.2231924019607843,1.0979205369449272,986,-3.473676727037093,64.71898488329458,986,219.5130150263891,1010.7582904239588,986,0.8294667347714969,1.1033382370125806,971
level,KZT,wf_2025,,5,0.2,0.1677018633540372,161,27,0.7941176470588235,115,115,0,115,0,0.1176470588235294,0.6764705882352942,34,2025-01-10,2025-08-30,False,,0.1714347826086956,-48.75261544099941,727.6038140597623,-31.98153563683838,1.0658703020064235,1.288,1000,13.87492774050222,37.33435420753582,1000,396.64275359439137,848.7350192745217,1000,1.0712286068008738,1.8039208947792476,1000
level,TJS,oot,,5,0.2571428571428571,0.3004115226337449,243,73,1.3773584905660377,70,70,0,70,0,0.5849056603773585,0.2075471698113207,53,2025-09-02,2026-09-02,True,301.27386954535405,0.2238571428571428,-2.5216254054193303,314.1956462751964,7.215962819665714,0.6020086234707824,1.2678271287328489,1000,20.38751475776787,57.040824817069776,1000,219.02064546831417,328.5445126135236,1000,0.9914862977598812,1.8665871468377109,1000
level,TJS,wf_2022,,5,0.2051282051282051,0.3117408906882591,247,77,1.5098039215686274,39,39,0,39,0,0.7843137254901961,0.1764705882352941,51,2022-01-11,2022-12-31,True,932.277603316606,0.1664102564102564,-103.89191287012947,1474.3408919835465,4.13412658358265,0.2171113338424334,1.4714968607305936,996,53.63373763228233,422.8170801858944,996,419.4704943125793,1002.2372546282488,996,0.8667605992431517,562.8107103002934,986
level,TJS,wf_2023,,5,0.25,0.3805668016194332,247,94,1.843137254901961,12,12,0,12,0,0.9411764705882352,0.0588235294117647,51,2023-01-10,2023-12-30,True,108.99334410321649,0.2954166666666666,38.00279289256354,372.0680328525785,54.54282533069418,0.0,1.1555555555555554,841,52.631565539115186,108.68816705243312,841,34.2962832917526,178.58633999578765,841,0.6318440992220933,3.439110182521626,799
level,TJS,wf_2024,,5,0.3666666666666666,0.3548387096774194,248,88,1.7254901960784317,30,30,0,30,0,0.803921568627451,0.1176470588235294,51,2024-01-10,2024-12-29,True,421.986590350269,0.3013333333333333,29.446514805721645,638.2459368236252,64.07541474523086,0.7309473684210527,1.6564976076555022,985,34.538533491607296,115.55027371524449,985,126.75672704010266,669.0258274905814,985,0.9890298469488624,3.0641897516512433,982
level,TJS,wf_2025,,5,0.2325581395348837,0.2981366459627329,161,48,1.411764705882353,43,43,0,43,0,0.6764705882352942,0.2352941176470588,34,2025-01-10,2025-08-30,True,672.632041067716,0.2046511627906976,-69.61220915713311,675.1880879740233,-62.04906408646691,0.3654817038307604,1.2437251204693065,997,7.993272979980914,87.99231636745637,997,274.48769317306443,770.8822510256064,997,0.79601893226851,2.326297896785584,991
level,UZS,oot,,5,0.3265306122448979,0.3415637860082304,243,83,1.5660377358490567,49,49,0,49,0,0.6981132075471698,0.1698113207547169,53,2025-09-02,2026-09-02,True,341.19704446246635,0.2365306122448979,-18.10855848952226,375.34960001818973,6.206549742917612,0.6549412821564897,1.6010126582278472,1000,30.76809910374172,93.13789751439283,1000,122.9500891987656,392.90042346917886,1000,1.1669011351409475,3.4456331184056515,1000
level,UZS,wf_2022,,5,0.108695652173913,0.2631578947368421,247,65,1.2745098039215683,46,46,0,46,0,0.7647058823529411,0.196078431372549,51,2022-01-11,2022-12-31,True,1031.8917348448558,0.0920652173913043,-119.92756013176955,1126.7234160403211,-54.34849467983486,0.0993394132670481,1.2815086206896542,994,43.73025923928553,329.148539033848,994,491.1283989398241,1219.155231021023,994,1.016270426276909,18.355971464723503,978
level,UZS,wf_2023,,5,0.1481481481481481,0.3846153846153846,247,95,1.8627450980392155,27,27,0,27,0,0.8823529411764706,0.1176470588235294,51,2023-01-10,2023-12-30,True,356.27764455410824,0.1635185185185185,-36.80679780977259,400.0428079428776,-35.03687858662598,0.0,1.1593710691823895,945,7.567502163384407,99.50518888843574,945,27.03449885457676,417.7912348209301,945,0.6651434257605358,1.0662296247374383,813
level,UZS,wf_2024,,5,0.2941176470588235,0.3346774193548387,248,83,1.6274509803921569,51,51,0,51,0,0.7058823529411765,0.2352941176470588,51,2024-01-10,2024-12-29,True,524.8515157797868,0.2245098039215686,3.2300868249444625,748.5223327261301,30.728654784770065,0.4371640650263104,1.448763825634353,996,23.166931598523064,66.8385372673375,996,210.96962234657624,766.9902319155964,996,1.0732511277963643,3.5654784221214286,994
level,UZS,wf_2025,,5,0.141025641025641,0.1614906832298136,161,26,0.7647058823529411,78,78,0,78,0,0.3823529411764705,0.5,34,2025-01-10,2025-08-30,True,664.6609860504022,0.1257051282051282,-48.416322539168526,678.780784704822,-39.89111263767475,0.5541772352568167,1.329948136279305,1000,14.293670009754,44.04860313125102,1000,276.010317079165,728.839277496206,1000,0.9850805731199044,1.483123772315205,1000
logreg_a,AMD,oot,5.0,5,0.2105263157894736,0.3045267489711934,243,74,1.3962264150943395,38,38,0,38,0,0.660377358490566,0.1320754716981132,53,2025-09-02,2026-09-02,True,271.7161618682136,0.3031578947368421,6.834319940541473,295.0676748454641,-8.647170205113591,0.1435936593203674,1.393281463646632,1000,-49.80646556213977,21.659588367813015,1000,249.5697687106867,319.7913094087435,1000,0.2331209479015645,0.9728743095026388,1000
logreg_a,AMD,wf_2022,5.0,5,0.5,0.291497975708502,247,72,1.411764705882353,2,2,0,2,0,0.9607843137254902,0.0,51,2022-01-11,2022-12-31,True,45.15772480693458,0.425,608.5335280590396,334.60271709301617,643.821777562149,0.0,4.333333333333333,909,-275.7737362090207,531.9573413341816,909,0.0,90.31544961386916,909,0.0,13.201751049926283,837
logreg_a,AMD,wf_2023,5.0,5,0.2857142857142857,0.3846153846153846,247,95,1.8627450980392155,7,7,0,7,0,0.8627450980392157,0.0,51,2023-01-10,2023-12-30,True,167.01122551711344,0.2228571428571428,30.517646282730112,387.24438791781705,58.26822737294528,0.0,2.5389793108318033,995,-3.714562583043701,286.0977386094521,995,0.0,352.6135874855685,995,0.0,18.08186452589339,989
logreg_a,AMD,wf_2024,5.0,5,0.2388059701492537,0.3548387096774194,248,88,1.7254901960784317,67,67,0,67,0,0.5490196078431373,0.2352941176470588,51,2024-01-10,2024-12-29,True,412.09501316494726,0.2403731343283581,11.02916198164904,462.49952615610295,19.061203405593908,0.2540660363028784,1.0491202250004816,1000,2.509794132328147,46.15041994931783,1000,188.29110911327604,781.5990331121459,1000,0.564259710543409,1.722030974333412,1000
logreg_a,AMD,wf_2025,5.0,5,0.2272727272727272,0.1987577639751552,161,32,0.9411764705882352,22,22,0,22,0,0.5882352941176471,0.0588235294117647,34,2025-01-10,2025-08-30,True,295.7277335295694,0.2220454545454545,-16.21607454982459,393.74196149482,-31.77773295127417,0.3351461693548387,2.167333754208754,1000,-36.20878070435827,41.243030863706856,1000,205.20145808258673,365.19475080909024,1000,0.4071451167902567,2.0824061808895187,1000
logreg_a,KGS,oot,5.0,5,0.25,0.2880658436213992,243,70,1.320754716981132,4,4,0,4,0,0.9245283018867924,0.0,53,2025-09-02,2026-09-02,True,132.88192106850562,0.25,-13.155158869036184,347.348832773475,14.109611491912595,0.0,2.296296296296296,989,-52.966773041981384,131.90252915388575,989,61.39020132879036,381.8471297191928,989,0.0,4.161451931073347,951
logreg_a,KGS,wf_2022,5.0,5,,0.2631578947368421,247,65,1.2745098039215683,0,0,0,0,0,1.0,0.0,51,2022-01-11,2022-12-31,True,,,,,,,,0,,,0,,,0,,,0
logreg_a,KGS,wf_2023,5.0,5,0.3333333333333333,0.3805668016194332,247,94,1.843137254901961,6,6,0,6,0,0.8823529411764706,0.0,51,2023-01-10,2023-12-30,True,157.5412668050551,0.2366666666666666,1.448784562148988,320.5407877050028,-1.4451310098203165,0.0,2.494949494949495,979,-10.32111712846344,165.28963000624896,979,0.0,343.7858497089863,979,0.0,2.5756455896708217,965
logreg_a,KGS,wf_2024,5.0,5,0.2727272727272727,0.375,248,93,1.8235294117647056,55,55,0,55,0,0.5686274509803921,0.196078431372549,51,2024-01-10,2024-12-29,True,556.1915394207574,0.2923636363636363,-1.9545470762654429,740.7318579813466,-4.051960641864448,0.2545116837185803,1.047796165992243,1000,-30.163792105493386,8.327694763897224,1000,185.48489449616977,812.0986469953051,1000,0.5515842396890157,1.3143455899500007,1000
logreg_a,KGS,wf_2025,5.0,5,0.0,0.1739130434782608,161,28,0.8235294117647058,4,4,0,4,0,0.8823529411764706,0.0,34,2025-01-10,2025-08-30,True,58.89326311560694,0.15625,-18.459996798615737,281.55967686649024,15.36030655803211,0.0,0.0,980,40.138416482866646,65.91400801602364,980,2.4805945158190568,202.66316140126415,980,0.0,0.0,957
logreg_a,KZT,oot,5.0,5,0.4,0.3292181069958848,243,80,1.509433962264151,5,5,0,5,0,0.9245283018867924,0.0,53,2025-09-02,2026-09-02,True,70.21266672151549,0.258,9.186717897437608,211.91408362699164,27.059746692115866,0.0,3.1815428824049494,998,38.30899828997091,92.32902508954145,998,0.0,217.0743149859877,998,0.0,8.524436634047246,986
logreg_a,KZT,wf_2022,5.0,5,,0.2591093117408907,247,64,1.2549019607843137,0,0,0,0,0,1.0,0.0,51,2022-01-11,2022-12-31,True,,,,,,,,0,,,0,,,0,,,0
logreg_a,KZT,wf_2023,5.0,5,0.3333333333333333,0.3603238866396761,247,89,1.7450980392156863,9,9,0,9,0,0.8431372549019608,0.0,51,2023-01-10,2023-12-30,True,102.63026927027316,0.2811111111111111,75.62894468112076,218.8224158309783,67.79005050151696,0.0,1.9073973550133343,1000,-6.756214264765823,142.7560872013939,1000,68.53201146678867,164.87247650883052,1000,0.0,2.906582096463922,1000
logreg_a,KZT,wf_2024,5.0,5,0.175438596491228,0.2701612903225806,248,67,1.3137254901960784,57,57,0,57,0,0.5294117647058824,0.196078431372549,51,2024-01-10,2024-12-29,True,701.4989757223526,0.1947368421052631,-23.06251987977939,932.6937111205938,-22.817124787168943,0.3442743909610788,0.9456199146325196,1000,-27.137377678431463,16.115973262940138,1000,213.1673770668552,1010.7582904239586,1000,0.6065316224227706,1.5372798045941245,1000
logreg_a,KZT,wf_2025,5.0,5,0.0,0.1677018633540372,161,27,0.7941176470588235,3,3,0,3,0,0.9117647058823528,0.0,34,2025-01-10,2025-08-30,True,143.2311187298622,0.22,-10.97194497939119,227.00650503296012,-62.00659906242671,0.0,0.0,990,-259.6145384141524,147.75123974865022,990,5.575439290665951,353.66552119129534,990,0.0,0.0,969
logreg_a,TJS,oot,5.0,5,0.5,0.3004115226337449,243,73,1.3773584905660377,47,46,1,46,1,0.5471698113207547,0.1132075471698113,53,2025-09-02,2026-09-02,True,361.2015757437623,0.4942391304347826,77.91388801598278,385.90715456071194,78.47507740268941,0.8701601830663616,2.142234662886601,1000,-45.315089019868275,34.6307359952995,1000,252.3064486314844,434.4332326119771,1000,0.6012813481573508,1.204313473160787,1000
logreg_a,TJS,wf_2022,5.0,5,0.0,0.3117408906882591,247,77,1.5098039215686274,2,2,0,2,0,0.9607843137254902,0.0,51,2022-01-11,2022-12-31,True,811.6104157413117,0.0,-338.9218000674623,878.8278348704295,-418.3477574464267,0.0,0.0,743,-138.7537166730779,45.92233222469267,743,620.9835768543747,1002.2372546282488,743,,,0
logreg_a,TJS,wf_2023,5.0,5,0.1666666666666666,0.3805668016194332,247,94,1.843137254901961,6,6,0,6,0,0.8823529411764706,0.0,51,2023-01-10,2023-12-30,True,162.39801525470867,0.205,1.4106972113284957,324.99242506413464,-4.620616240052687,0.0,2.47,968,-14.452635729666111,176.98760228356923,968,0.0,349.48895076956086,968,0.0,2.4876401733276623,950
logreg_a,TJS,wf_2024,5.0,5,0.3870967741935484,0.3548387096774194,248,88,1.7254901960784317,62,62,0,62,0,0.4901960784313725,0.196078431372549,51,2024-01-10,2024-12-29,True,614.528529617866,0.3383870967741936,24.188424587116796,716.6591564118439,34.72859466991111,0.7466805862259833,1.420895603764922,1000,3.207287935062172,45.84285079137111,1000,134.07215678030386,760.4206002234589,1000,0.9552750419450996,1.8169978151616064,1000
logreg_a,TJS,wf_2025,5.0,5,0.3333333333333333,0.2981366459627329,161,48,1.411764705882353,27,27,0,27,0,0.5588235294117647,0.088235294117647,34,2025-01-10,2025-08-30,True,446.0715060451817,0.3038888888888889,-2.812547304338921,499.8305043598921,-7.628528397666871,0.6575995337159255,1.6694029746623509,1000,-28.56999591400367,24.601534426077617,1000,279.0543897612918,770.8822510256064,1000,0.2349624368228576,1.7433723123114917,1000
logreg_a,UZS,oot,5.0,5,0.25,0.3415637860082304,243,83,1.5660377358490567,4,4,0,4,0,0.9245283018867924,0.0,53,2025-09-02,2026-09-02,True,128.38832509178002,0.275,51.322143598299554,248.04316100320477,8.899669752676086,0.0,3.4243911719939084,938,-9.370612520364086,44.52532531566189,938,0.0,237.86951921429105,938,0.0,3.8615321136489102,884
logreg_a,UZS,wf_2022,5.0,5,,0.2631578947368421,247,65,1.2745098039215683,0,0,0,0,0,1.0,0.0,51,2022-01-11,2022-12-31,True,,,,,,,,0,,,0,,,0,,,0
logreg_a,UZS,wf_2023,5.0,5,0.1428571428571428,0.3846153846153846,247,95,1.8627450980392155,7,7,0,7,0,0.8627450980392157,0.0,51,2023-01-10,2023-12-30,True,180.03717400388598,0.2664285714285714,7.763866301453247,333.09075707831244,-5.181832364414665,0.0,1.6502174303683723,993,-8.004261582224744,173.33784373738453,993,19.486785496315665,344.21287953791955,993,0.0,1.726483666547701,982
logreg_a,UZS,wf_2024,5.0,5,0.3137254901960784,0.3346774193548387,248,83,1.6274509803921569,51,51,0,51,0,0.5686274509803921,0.196078431372549,51,2024-01-10,2024-12-29,True,759.3839779624939,0.3148039215686274,-5.014058109100888,764.565918991149,-17.578382444061617,0.2713537879554888,1.39416054179195,1000,-33.19341280760767,19.063925499408263,1000,281.78613289312756,789.5460713718116,1000,0.2514609093350421,1.25050758997462,1000
logreg_a,UZS,wf_2025,5.0,5,0.1666666666666666,0.1614906832298136,161,26,0.7647058823529411,6,6,0,6,0,0.8235294117647058,0.0,34,2025-01-10,2025-08-30,True,220.7898943442301,0.135,-35.82825322673847,516.1264013817438,-41.79973845210553,0.0,5.065553977272718,994,-57.93935911145892,143.27720521911445,994,22.80388657545096,799.7051035233516,994,0.0,5.4391657164754355,973
logreg_ab,AMD,oot,5.0,5,,0.3045267489711934,243,74,1.3962264150943395,0,0,0,0,0,1.0,0.0,53,2025-09-02,2026-09-02,True,,,,,,,,0,,,0,,,0,,,0
logreg_ab,AMD,wf_2022,5.0,5,0.3333333333333333,0.291497975708502,247,72,1.411764705882353,6,6,0,6,0,0.8823529411764706,0.0,51,2022-01-11,2022-12-31,True,707.2311043991298,0.1725,-67.04918325109253,1069.4710750094614,-35.813940160909226,0.0,2.5961936936936936,1000,-118.5605177690344,298.94176841801846,1000,288.879017582071,1153.6322484811355,1000,0.2873386359659643,5.702317585027005,910
logreg_ab,AMD,wf_2023,5.0,5,,0.3846153846153846,247,95,1.8627450980392155,0,0,0,0,0,1.0,0.0,51,2023-01-10,2023-12-30,True,,,,,,,,0,,,0,,,0,,,0
logreg_ab,AMD,wf_2024,5.0,5,0.275,0.3548387096774194,248,88,1.7254901960784317,40,40,0,40,0,0.6274509803921569,0.1176470588235294,51,2024-01-10,2024-12-29,True,303.86937985416785,0.2525,14.73837811163368,509.2534761164698,23.988187538002247,0.1404661480834331,1.3884464167782788,1000,-3.5041247136527316,67.46382773200035,1000,108.22714062150796,781.599033112146,1000,0.2961371754508525,2.3318879265230725,1000
logreg_ab,AMD,wf_2025,5.0,5,,0.1987577639751552,161,32,0.9411764705882352,0,0,0,0,0,1.0,0.0,34,2025-01-10,2025-08-30,True,,,,,,,,0,,,0,,,0,,,0
logreg_ab,KGS,oot,5.0,5,,0.2880658436213992,243,70,1.320754716981132,0,0,0,0,0,1.0,0.0,53,2025-09-02,2026-09-02,True,,,,,,,,0,,,0,,,0,,,0
logreg_ab,KGS,wf_2022,5.0,5,0.3333333333333333,0.2631578947368421,247,65,1.2745098039215683,3,3,0,3,0,0.9411764705882352,0.0,51,2022-01-11,2022-12-31,True,199.2165971142164,0.1266666666666666,-94.05974709843277,434.6847824258592,-40.18809377483149,0.0,3.9617383512544793,975,-41.324162233591366,127.98341361617504,975,0.0,429.4347914597907,975,0.7088328014800713,11.522304914365494,677
logreg_ab,KGS,wf_2023,5.0,5,,0.3805668016194332,247,94,1.843137254901961,0,0,0,0,0,1.0,0.0,51,2023-01-10,2023-12-30,True,,,,,,,,0,,,0,,,0,,,0
logreg_ab,KGS,wf_2024,5.0,5,0.21875,0.375,248,93,1.8235294117647056,32,32,0,32,0,0.6862745098039216,0.0980392156862745,51,2024-01-10,2024-12-29,True,170.14185055294507,0.27578125,17.844106342161798,192.4240155894241,12.981322918223134,0.1012846312614114,1.0108695652173914,1000,-11.576170871738848,27.092869659837444,1000,112.65207535216204,209.1741313121376,1000,0.2655077102690396,0.9612506754818104,1000
logreg_ab,KGS,wf_2025,5.0,5,1.0,0.1739130434782608,161,28,0.8235294117647058,1,1,0,1,0,0.9705882352941176,0.0,34,2025-01-10,2025-08-30,True,0.0,0.42,14.802009553588835,18.59464928791359,72.81632084698231,3.744186046511628,7.379166666666663,53,45.896769651878614,45.896769651878614,53,0.0,0.0,53,3.056531628819414,3.056531628819414,53
logreg_ab,KZT,oot,5.0,5,,0.3292181069958848,243,80,1.509433962264151,0,0,0,0,0,1.0,0.0,53,2025-09-02,2026-09-02,True,,,,,,,,0,,,0,,,0,,,0
logreg_ab,KZT,wf_2022,5.0,5,0.0909090909090909,0.2591093117408907,247,64,1.2549019607843137,11,11,0,11,0,0.9019607843137256,0.0392156862745098,51,2022-01-11,2022-12-31,True,874.5145439463316,0.179090909090909,-66.0148399607315,1114.6135799234726,-129.84610181612604,0.0,1.2184646619841957,984,-54.192968234254735,270.4938509726605,984,1.5895122468134737,1179.6445289005608,984,0.0,0.6577910302215945,898
logreg_ab,KZT,wf_2023,5.0,5,,0.3603238866396761,247,89,1.7450980392156863,0,0,0,0,0,1.0,0.0,51,2023-01-10,2023-12-30,True,,,,,,,,0,,,0,,,0,,,0
logreg_ab,KZT,wf_2024,5.0,5,0.1333333333333333,0.2701612903225806,248,67,1.3137254901960784,30,30,0,30,0,0.6470588235294118,0.0784313725490196,51,2024-01-10,2024-12-29,True,342.41112242402096,0.1748333333333333,-10.693330835122213,654.5513596906227,1.2298363060031514,0.083480808080808,1.322933333333333,1000,-11.24718434718945,70.81687814186985,1000,111.66108530117124,936.708439798468,1000,0.120692750692526,3.38836848967261,1000
logreg_ab,KZT,wf_2025,5.0,5,,0.1677018633540372,161,27,0.7941176470588235,0,0,0,0,0,1.0,0.0,34,2025-01-10,2025-08-30,True,,,,,,,,0,,,0,,,0,,,0
logreg_ab,TJS,oot,5.0,5,,0.3004115226337449,243,73,1.3773584905660377,0,0,0,0,0,1.0,0.0,53,2025-09-02,2026-09-02,True,,,,,,,,0,,,0,,,0,,,0
logreg_ab,TJS,wf_2022,5.0,5,0.2,0.3117408906882591,247,77,1.5098039215686274,10,10,0,10,0,0.803921568627451,0.0,51,2022-01-11,2022-12-31,True,729.1780725358449,0.222,-65.35460254706665,1385.0236345482192,-16.562004782644813,0.0,1.6087110408399463,1000,1.6808625251108502,319.40903608466493,1000,515.8173514969055,1002.2372546282488,1000,0.0,55.087816312606805,999
logreg_ab,TJS,wf_2023,5.0,5,,0.3805668016194332,247,94,1.843137254901961,0,0,0,0,0,1.0,0.0,51,2023-01-10,2023-12-30,True,,,,,,,,0,,,0,,,0,,,0
logreg_ab,TJS,wf_2024,5.0,5,0.4318181818181818,0.3548387096774194,248,88,1.7254901960784317,44,44,0,44,0,0.5882352941176471,0.1372549019607843,51,2024-01-10,2024-12-29,True,520.5207593343899,0.3777272727272727,22.84521727850183,730.8477363691851,35.040963765285554,0.6751685046553436,1.6937950315520407,1000,-7.317841591731849,60.8315258610156,1000,97.97173068973504,764.3914649765837,1000,0.8665556150530578,2.684356499866016,1000
logreg_ab,TJS,wf_2025,5.0,5,0.3333333333333333,0.2981366459627329,161,48,1.411764705882353,3,3,0,3,0,0.9411764705882352,0.0,34,2025-01-10,2025-08-30,True,20.849509859184323,0.5083333333333333,88.20881597582802,38.223682555655984,57.090392509633325,0.0,1.299264559729673,745,-52.74194351158464,-0.0466714258684523,745,30.248256101903515,32.300273475649455,745,0.0,0.7653860977343209,703
logreg_ab,UZS,oot,5.0,5,,0.3415637860082304,243,83,1.5660377358490567,0,0,0,0,0,1.0,0.0,53,2025-09-02,2026-09-02,True,,,,,,,,0,,,0,,,0,,,0
logreg_ab,UZS,wf_2022,5.0,5,0.1,0.2631578947368421,247,65,1.2745098039215683,10,10,0,10,0,0.8627450980392157,0.0196078431372549,51,2022-01-11,2022-12-31,True,870.6103294693196,0.0805,-241.0568955372936,1158.3314810527254,-289.9634901327114,0.0,1.425698529411764,1000,9.911763933460229,176.85208812828805,1000,487.61542077295104,1152.1628929846538,1000,0.0,2.324791621231387,982
logreg_ab,UZS,wf_2023,5.0,5,,0.3846153846153846,247,95,1.8627450980392155,0,0,0,0,0,1.0,0.0,51,2023-01-10,2023-12-30,True,,,,,,,,0,,,0,,,0,,,0
logreg_ab,UZS,wf_2024,5.0,5,0.375,0.3346774193548387,248,83,1.6274509803921569,24,24,0,24,0,0.6862745098039216,0.0392156862745098,51,2024-01-10,2024-12-29,True,116.5413041051866,0.370625,36.15628464720431,311.77014721764624,52.23167418761716,0.264859649122807,1.8534299128101943,1000,4.109892325532565,90.0020544094243,1000,77.45099257367771,137.54173729173758,1000,0.7526748571362091,7.543375286609478,1000
logreg_ab,UZS,wf_2025,5.0,5,0.0,0.1614906832298136,161,26,0.7647058823529411,3,3,0,3,0,0.9705882352941176,0.0294117647058823,34,2025-01-10,2025-08-30,True,143.7213831395671,0.1833333333333333,-28.214495181874117,158.5330039156763,-88.82171387581997,0.0,0.0,249,-106.39330511596212,-88.44539808058032,249,145.73621729116138,168.1428305053134,249,0.0,0.0,49
logreg_abc,AMD,oot,5.0,5,0.3,0.3045267489711934,243,74,1.3962264150943395,20,20,0,20,0,0.7547169811320755,0.0377358490566037,53,2025-09-02,2026-09-02,True,236.11703288391172,0.407,34.97993767652219,313.30082998660174,23.68129342747432,0.0,1.7557113967932974,1000,-25.813586606585115,30.73534495032244,1000,184.06680112562296,329.4292384830877,1000,0.0,1.0775490813150976,1000
logreg_abc,AMD,wf_2022,5.0,5,0.25,0.291497975708502,247,72,1.411764705882353,4,4,0,4,0,0.9607843137254902,0.0196078431372549,51,2022-01-11,2022-12-31,True,257.3007866794669,0.09,-59.064305471409554,383.36832074741585,-84.76950323992094,0.0,4.186440677966101,927,-43.30452891326742,65.9261955018553,927,0.0,435.03804433490336,927,1.1943488932870872,3.896061681151974,651
logreg_abc,AMD,wf_2023,5.0,5,,0.3846153846153846,247,95,1.8627450980392155,0,0,0,0,0,1.0,0.0,51,2023-01-10,2023-12-30,True,,,,,,,,0,,,0,,,0,,,0
logreg_abc,AMD,wf_2024,5.0,5,,0.3548387096774194,248,88,1.7254901960784317,0,0,0,0,0,1.0,0.0,51,2024-01-10,2024-12-29,True,,,,,,,,0,,,0,,,0,,,0
logreg_abc,AMD,wf_2025,5.0,5,,0.1987577639751552,161,32,0.9411764705882352,0,0,0,0,0,1.0,0.0,34,2025-01-10,2025-08-30,True,,,,,,,,0,,,0,,,0,,,0
logreg_abc,KGS,oot,5.0,5,0.238095238095238,0.2880658436213992,243,70,1.320754716981132,24,21,3,21,3,0.7169811320754716,0.0377358490566037,53,2025-09-02,2026-09-02,True,372.4085484917575,0.3080952380952381,30.2519394290669,458.3924224384394,30.50124742050178,0.0,1.2158694017379676,1000,-75.90640152281657,47.61500626491783,1000,244.6847633714144,510.4106968162836,1000,0.0,1.136017517603478,1000
logreg_abc,KGS,wf_2022,5.0,5,0.5,0.2631578947368421,247,65,1.2745098039215683,2,2,0,2,0,0.9607843137254902,0.0,51,2022-01-11,2022-12-31,True,84.1074999414293,0.1925,-25.517246146789113,213.01291353275775,4.341606415447785,0.0,4.908519607843133,894,-41.324162233591366,72.96223935703506,894,0.0,168.2149998828586,894,1.565984726756881,7.645179380243395,655
logreg_abc,KGS,wf_2023,5.0,5,,0.3805668016194332,247,94,1.843137254901961,0,0,0,0,0,1.0,0.0,51,2023-01-10,2023-12-30,True,,,,,,,,0,,,0,,,0,,,0
logreg_abc,KGS,wf_2024,5.0,5,,0.375,248,93,1.8235294117647056,0,0,0,0,0,1.0,0.0,51,2024-01-10,2024-12-29,True,,,,,,,,0,,,0,,,0,,,0
logreg_abc,KGS,wf_2025,5.0,5,,0.1739130434782608,161,28,0.8235294117647058,0,0,0,0,0,1.0,0.0,34,2025-01-10,2025-08-30,True,,,,,,,,0,,,0,,,0,,,0
logreg_abc,KZT,oot,5.0,5,0.3,0.3292181069958848,243,80,1.509433962264151,10,10,0,10,0,0.8490566037735849,0.0188679245283018,53,2025-09-02,2026-09-02,True,207.7935663824322,0.3505,78.31280232155565,389.0741231840139,108.56253632610832,0.0,1.6103896103896105,1000,-61.196390106662925,26.983974963525284,1000,101.8417110414549,329.8223142748147,1000,0.0,3.1164389310595277,1000
logreg_abc,KZT,wf_2022,5.0,5,1.0,0.2591093117408907,247,64,1.2549019607843137,1,1,0,1,0,0.9803921568627452,0.0,51,2022-01-11,2022-12-31,True,0.0,0.665,747.8821984802706,56.97653687063206,1107.8912408112674,3.0875,6.175,676,568.6910733407946,568.6910733407946,676,0.0,0.0,676,5.214668177818196,5.214668177818196,596
logreg_abc,KZT,wf_2023,5.0,5,,0.3603238866396761,247,89,1.7450980392156863,0,0,0,0,0,1.0,0.0,51,2023-01-10,2023-12-30,True,,,,,,,,0,,,0,,,0,,,0
logreg_abc,KZT,wf_2024,5.0,5,,0.2701612903225806,248,67,1.3137254901960784,0,0,0,0,0,1.0,0.0,51,2024-01-10,2024-12-29,True,,,,,,,,0,,,0,,,0,,,0
logreg_abc,KZT,wf_2025,5.0,5,,0.1677018633540372,161,27,0.7941176470588235,0,0,0,0,0,1.0,0.0,34,2025-01-10,2025-08-30,True,,,,,,,,0,,,0,,,0,,,0
logreg_abc,TJS,oot,5.0,5,0.3714285714285714,0.3004115226337449,243,73,1.3773584905660377,36,35,1,35,1,0.6037735849056604,0.0754716981132075,53,2025-09-02,2026-09-02,True,346.93336711258337,0.3798571428571429,66.1793474664654,420.3235767150504,60.31010311417618,0.5535136554621849,1.5556603773584905,1000,-68.5504827393851,23.819147671782535,1000,181.49908128999525,434.4332326119771,1000,0.3889975599988375,1.3391699988414587,1000
logreg_abc,TJS,wf_2022,5.0,5,0.2,0.3117408906882591,247,77,1.5098039215686274,5,5,0,5,0,0.9607843137254902,0.0196078431372549,51,2022-01-11,2022-12-31,True,57.991796737659755,0.156,-12.102946267619474,251.68302021216925,29.73490719943594,0.0,2.0583333333333336,938,-22.732041988068637,102.85465302214102,938,10.35418883621908,104.07716516178444,938,0.0,6.091554391580384,693
logreg_abc,TJS,wf_2023,5.0,5,,0.3805668016194332,247,94,1.843137254901961,0,0,0,0,0,1.0,0.0,51,2023-01-10,2023-12-30,True,,,,,,,,0,,,0,,,0,,,0
logreg_abc,TJS,wf_2024,5.0,5,,0.3548387096774194,248,88,1.7254901960784317,0,0,0,0,0,1.0,0.0,51,2024-01-10,2024-12-29,True,,,,,,,,0,,,0,,,0,,,0
logreg_abc,TJS,wf_2025,5.0,5,0.6666666666666666,0.2981366459627329,161,48,1.411764705882353,3,3,0,3,0,0.9411764705882352,0.0,34,2025-01-10,2025-08-30,True,90.05210973527318,0.5233333333333333,133.62973474578294,149.30321943101163,105.06654810424304,0.0,3.425531914893617,782,56.19831430987654,88.0706547405774,782,0.0,270.15632920581953,782,0.2383611605930538,2.6089322951476053,692
logreg_abc,UZS,oot,5.0,5,0.3,0.3415637860082304,243,83,1.5660377358490567,23,20,3,20,3,0.7735849056603774,0.0566037735849056,53,2025-09-02,2026-09-02,True,368.6553911893658,0.29275,4.6409970298929375,492.6143286248362,-16.776739391273445,0.4185389762604953,1.5101053023949302,1000,-106.40032011946307,23.678787991211763,1000,237.86951921429105,492.61432862483633,1000,0.4572548295837287,1.4066380212628695,1000
logreg_abc,UZS,wf_2022,5.0,5,0.2,0.2631578947368421,247,65,1.2745098039215683,5,5,0,5,0,0.9411764705882352,0.0,51,2022-01-11,2022-12-31,True,893.7808598465341,0.105,-475.5234974334525,1733.5857807693928,-528.3225144546903,0.0,4.94,911,-87.8126685244381,201.79613235101675,911,0.0,1885.5390700697392,911,0.1481729277244783,314.1142351883312,675
logreg_abc,UZS,wf_2023,5.0,5,,0.3846153846153846,247,95,1.8627450980392155,0,0,0,0,0,1.0,0.0,51,2023-01-10,2023-12-30,True,,,,,,,,0,,,0,,,0,,,0
logreg_abc,UZS,wf_2024,5.0,5,,0.3346774193548387,248,83,1.6274509803921569,0,0,0,0,0,1.0,0.0,51,2024-01-10,2024-12-29,True,,,,,,,,0,,,0,,,0,,,0
logreg_abc,UZS,wf_2025,5.0,5,,0.1614906832298136,161,26,0.7647058823529411,0,0,0,0,0,1.0,0.0,34,2025-01-10,2025-08-30,True,,,,,,,,0,,,0,,,0,,,0
logreg_abcd,AMD,oot,5.0,5,,0.3045267489711934,243,74,1.3962264150943395,0,0,0,0,0,1.0,0.0,53,2025-09-02,2026-09-02,True,,,,,,,,0,,,0,,,0,,,0
logreg_abcd,AMD,wf_2022,5.0,5,0.1851851851851851,0.291497975708502,247,72,1.411764705882353,27,27,0,27,0,0.7647058823529411,0.0980392156862745,51,2022-01-11,2022-12-31,True,1101.819223917286,0.1829629629629629,-36.86545033784907,1364.340613534482,-6.592739738137815,0.0,1.1694228211547486,1000,80.91641573660299,247.71014687360545,1000,416.8662005555035,1358.5319567526178,1000,0.0,6.585133062674405,995
logreg_abcd,AMD,wf_2023,5.0,5,0.3131313131313131,0.3846153846153846,247,95,1.8627450980392155,99,99,0,99,0,0.4705882352941176,0.392156862745098,51,2023-01-10,2023-12-30,True,525.3980068946489,0.2839898989898989,7.291434574894201,546.3000604576318,19.589898917017575,0.6125340362208713,1.154553622208669,1000,19.556189838332372,78.68334400938792,1000,297.74088198760705,584.730435438321,1000,0.970382394522388,2.4213779524160417,1000
logreg_abcd,AMD,wf_2024,5.0,5,0.2467532467532467,0.3548387096774194,248,88,1.7254901960784317,77,77,0,77,0,0.4705882352941176,0.3137254901960784,51,2024-01-10,2024-12-29,True,497.5368638679774,0.2470779220779221,6.465025421083351,545.9437057670934,13.62932785592076,0.393772676637078,1.1003919774284436,1000,10.032665669558265,51.42767998903041,1000,219.5582602041968,770.5916886479293,1000,0.6780255065199521,1.8802335896775697,1000
logreg_abcd,AMD,wf_2025,5.0,5,0.3333333333333333,0.1987577639751552,161,32,0.9411764705882352,3,3,0,3,0,0.9117647058823528,0.0,34,2025-01-10,2025-08-30,True,127.11870935792588,0.3333333333333332,-16.024797650140936,303.8205926121364,-5.810655316711806,0.0,5.700431034482759,971,-165.38289257577495,176.2144822249456,971,0.0,365.19475080909024,971,0.0,5.286853277623667,914
logreg_abcd,KGS,oot,5.0,5,,0.2880658436213992,243,70,1.320754716981132,0,0,0,0,0,1.0,0.0,53,2025-09-02,2026-09-02,True,,,,,,,,0,,,0,,,0,,,0
logreg_abcd,KGS,wf_2022,5.0,5,0.217391304347826,0.2631578947368421,247,65,1.2745098039215683,23,23,0,23,0,0.7843137254901961,0.0784313725490196,51,2022-01-11,2022-12-31,True,494.1510114483041,0.2065217391304347,50.42568022042458,782.1381721967866,62.87404180222402,0.0,1.6467767379679144,1000,21.659788820500097,224.30379786823292,1000,270.50627373390364,643.877560156021,1000,0.4747673246026894,20.30770612271156,998
logreg_abcd,KGS,wf_2023,5.0,5,0.34,0.3805668016194332,247,94,1.843137254901961,100,100,0,100,0,0.392156862745098,0.4117647058823529,51,2023-01-10,2023-12-30,False,,0.3218999999999999,13.91336212568778,515.2097492198792,29.248629897176546,0.6990735159962873,1.1673315295743147,1000,18.03081477005427,63.22158095658872,1000,166.0595564463467,559.0584915938605,1000,1.0074193259940278,3.644290464528721,1000
logreg_abcd,KGS,wf_2024,5.0,5,0.3026315789473684,0.375,248,93,1.8235294117647056,76,76,0,76,0,0.4509803921568627,0.2549019607843137,51,2024-01-10,2024-12-29,True,661.7951330647091,0.2884868421052631,-0.9836033410547488,716.8790746007487,1.2005338824054643,0.5132186619542203,1.050887999581502,1000,-5.729459308338286,31.85825853012022,1000,212.4149493615729,791.7708238684975,1000,0.7767991300772457,1.4124236928089164,1000
logreg_abcd,KGS,wf_2025,5.0,5,0.2,0.1739130434782608,161,28,0.8235294117647058,5,5,0,5,0,0.8529411764705882,0.0,34,2025-01-10,2025-08-30,True,95.78925380007728,0.229,-12.056323635069395,322.0104487587087,-14.532016976892104,0.0,1.4375,990,-115.98381502607845,39.25781939889165,990,25.469034252614264,371.9530058288134,990,0.0,1.1409277039774923,972
logreg_abcd,KZT,oot,5.0,5,,0.3292181069958848,243,80,1.509433962264151,0,0,0,0,0,1.0,0.0,53,2025-09-02,2026-09-02,True,,,,,,,,0,,,0,,,0,,,0
logreg_abcd,KZT,wf_2022,5.0,5,0.2083333333333333,0.2591093117408907,247,64,1.2549019607843137,24,24,0,24,0,0.7647058823529411,0.0588235294117647,51,2022-01-11,2022-12-31,True,1034.0457250719517,0.1897916666666666,-72.89262268072152,1118.6142322213664,-63.176681721014184,0.2374434523809524,1.873402362424164,1000,39.22527244261838,277.42440832106723,1000,737.0774568680516,1179.6445289005608,1000,0.5586409998047941,4.891064199339997,999
logreg_abcd,KZT,wf_2023,5.0,5,0.3131313131313131,0.3603238866396761,247,89,1.7450980392156863,99,99,0,99,0,0.392156862745098,0.392156862745098,51,2023-01-10,2023-12-30,True,519.8889955264092,0.2873737373737374,9.639484052047468,623.3927447915324,22.99788073690217,0.5994726829845742,1.1980568669229057,1000,17.949188917177857,65.76366871452561,1000,341.01386258887715,614.8015887475822,1000,0.937440215361216,7.5968032655567646,1000
logreg_abcd,KZT,wf_2024,5.0,5,0.1780821917808219,0.2701612903225806,248,67,1.3137254901960784,73,73,0,73,0,0.4705882352941176,0.2549019607843137,51,2024-01-10,2024-12-29,True,713.5868090439415,0.1926712328767123,-17.459810943719887,866.6392031290577,-11.969136967956672,0.4031779053084648,0.9695807241872,1000,-2.0640092744222938,43.96080864457063,1000,200.90816020944715,992.245827767586,1000,0.6989034028945755,1.7349634266354392,1000
logreg_abcd,KZT,wf_2025,5.0,5,0.5,0.1677018633540372,161,27,0.7941176470588235,2,2,0,2,0,0.9411764705882352,0.0,34,2025-01-10,2025-08-30,True,2.7877196453329756,0.4,34.509366736995354,80.69583619241327,42.2944369961753,0.0,7.6492424242424,923,23.85147971537327,147.75123974865022,923,0.0,5.575439290665951,923,0.0,2.3663065812835593,882
logreg_abcd,TJS,oot,5.0,5,,0.3004115226337449,243,73,1.3773584905660377,0,0,0,0,0,1.0,0.0,53,2025-09-02,2026-09-02,True,,,,,,,,0,,,0,,,0,,,0
logreg_abcd,TJS,wf_2022,5.0,5,0.28125,0.3117408906882591,247,77,1.5098039215686274,32,32,0,32,0,0.7450980392156863,0.0980392156862745,51,2022-01-11,2022-12-31,True,968.9701496896384,0.2234375,8.498581707916172,1477.2621795961802,62.86197502653775,0.511910992980304,1.4376118326118328,1000,38.48922276924712,214.85646539239215,1000,416.4896009109775,2329.795383107025,1000,0.0782148393312262,13.820351568957053,1000
logreg_abcd,TJS,wf_2023,5.0,5,0.2650602409638554,0.3805668016194332,247,94,1.843137254901961,83,83,0,83,0,0.4901960784313725,0.3137254901960784,51,2023-01-10,2023-12-30,True,412.8242128683132,0.2627710843373494,1.1913933211675671,484.91170321951535,15.389983706910089,0.5132530421588926,0.9850483146053868,1000,19.024556985086104,72.5152757752164,1000,292.4261621394059,515.0794963433847,1000,1.0054958506379996,3.7070165340967263,1000
logreg_abcd,TJS,wf_2024,5.0,5,0.3214285714285714,0.3548387096774194,248,88,1.7254901960784317,84,84,0,84,0,0.4509803921568627,0.3137254901960784,51,2024-01-10,2024-12-29,True,651.7600264850256,0.3176785714285713,13.302895524292694,687.6410668085616,14.74677642795568,0.6116436147439855,1.1490945945945945,1000,1.2158065800218734,45.35797894950954,1000,191.51919249798704,757.7733570547089,1000,0.8657059088906529,1.5555651091759417,1000
logreg_abcd,TJS,wf_2025,5.0,5,0.4545454545454545,0.2981366459627329,161,48,1.411764705882353,11,11,0,11,0,0.7941176470588235,0.0294117647058823,34,2025-01-10,2025-08-30,True,219.6883967867787,0.3831818181818181,21.546775040791964,384.6912638913177,36.65106237878836,0.5344878365973071,3.159681372549017,998,-70.69064448853418,103.42974125359252,998,24.712875902350717,382.9857202484099,998,0.2432792829391016,5.122479264297889,995
logreg_abcd,UZS,oot,5.0,5,,0.3415637860082304,243,83,1.5660377358490567,0,0,0,0,0,1.0,0.0,53,2025-09-02,2026-09-02,True,,,,,,,,0,,,0,,,0,,,0
logreg_abcd,UZS,wf_2022,5.0,5,0.1935483870967742,0.2631578947368421,247,65,1.2745098039215683,31,31,0,31,0,0.7450980392156863,0.1176470588235294,51,2022-01-11,2022-12-31,True,1335.4165789542658,0.1730645161290323,-113.02283791167916,1681.7678336839774,-125.56277105203606,0.1715011430296756,1.4705321428571427,1000,45.62922906866594,185.83396889846665,1000,572.7274958278117,1885.5390700697396,1000,0.3927213343653715,5.026694042809261,999
logreg_abcd,UZS,wf_2023,5.0,5,0.35,0.3846153846153846,247,95,1.8627450980392155,100,100,0,100,0,0.4509803921568627,0.392156862745098,51,2023-01-10,2023-12-30,False,,0.33635,16.528965918254197,487.8542539250044,29.80124039753241,0.6263493612078977,1.327999881914923,1000,22.91680286140165,80.6190177163396,1000,209.64987104749113,526.5073878985461,1000,1.0244467449783166,3.251724556127804,1000
logreg_abcd,UZS,wf_2024,5.0,5,0.2891566265060241,0.3346774193548387,248,83,1.6274509803921569,83,83,0,83,0,0.4313725490196078,0.3529411764705882,51,2024-01-10,2024-12-29,True,760.1984582818782,0.2653614457831325,-5.409992226867932,726.8095450661796,-11.988113654914097,0.4479727280031054,1.166676470588235,1000,-12.34044425342405,24.77490500506683,1000,243.1379421853188,788.9042385417566,1000,0.6098552887217882,1.2208672994690717,1000
logreg_abcd,UZS,wf_2025,5.0,5,0.5,0.1614906832298136,161,26,0.7647058823529411,2,2,0,2,0,0.9411764705882352,0.0,34,2025-01-10,2025-08-30,True,11.40194328772548,0.325,55.599044596392794,116.69442577067286,102.33061463994386,0.0,8.944444444444445,940,-2.9971374610049395,191.41572406608853,940,0.0,22.80388657545096,940,0.0,5.603421699122721,894
momentum,AMD,oot,,5,0.2222222222222222,0.3045267489711934,243,74,1.3962264150943395,36,36,0,36,0,0.6226415094339622,0.0754716981132075,53,2025-09-02,2026-09-02,True,322.68671908361796,0.1429166666666667,-43.154589608918485,342.81401454802153,-13.43823283216703,0.3263128176171654,1.2883310052602337,1000,42.87179580450397,99.08869331957044,1000,304.63501086677815,338.4998373093606,1000,1.102440758663722,2.646662240816493,1000
momentum,AMD,wf_2022,,5,0.1764705882352941,0.291497975708502,247,72,1.411764705882353,51,51,0,51,0,0.5882352941176471,0.1764705882352941,51,2022-01-11,2022-12-31,True,1120.5222361961096,0.1284313725490196,-118.45443014038052,1455.23101510927,-30.872788680026716,0.3675051510989011,0.8949455645867637,1000,97.53619875273176,266.3232405214334,1000,737.2242709710987,1358.5319567526178,1000,1.3443673346836549,30.317117793321188,1000
momentum,AMD,wf_2023,,5,0.3142857142857143,0.3846153846153846,247,95,1.8627450980392155,35,35,0,35,0,0.7058823529411765,0.1176470588235294,51,2023-01-10,2023-12-30,True,406.513938496881,0.252,-2.529103962646833,572.866409038375,26.76103767200555,0.4535718017222871,1.242198411773843,1000,65.61856857422754,168.90679302146737,1000,326.45214864793434,564.7343099393764,1000,0.6851495695401781,6.441644330803427,1000
momentum,AMD,wf_2024,,5,0.3666666666666666,0.3548387096774194,248,88,1.7254901960784317,30,30,0,30,0,0.6274509803921569,0.0392156862745098,51,2024-01-10,2024-12-29,True,445.3467766702497,0.2408333333333333,-19.533154215537365,748.0809440133115,43.45021518119685,0.6869687239406109,1.5609760765550238,1000,56.70142758615036,170.48178509219886,1000,140.6831335262493,726.5623107910635,1000,1.8837233504118287,14.62024084964796,1000
momentum,AMD,wf_2025,,5,0.2083333333333333,0.1987577639751552,161,32,0.9411764705882352,24,24,0,24,0,0.5882352941176471,0.0588235294117647,34,2025-01-10,2025-08-30,True,504.5397135444931,0.1089583333333333,-96.79811105358068,646.75277174574,-56.24007356053469,0.3706479421579532,2.1855203619909505,1000,40.26802546270607,110.68701865855633,1000,237.8074137114017,634.8390692975258,1000,1.6239947892595978,5.981501859087307,999
momentum,KGS,oot,,5,0.2448979591836734,0.2880658436213992,243,70,1.320754716981132,49,49,0,49,0,0.490566037735849,0.0943396226415094,53,2025-09-02,2026-09-02,True,341.41606418889523,0.145204081632653,-52.78507285168641,359.072319658119,-26.762975362297407,0.5055182926829268,1.328140397770761,1000,41.092845118047336,85.03465676227142,1000,319.744729566734,358.16211991074766,1000,1.250887645791385,2.678792906134895,1000
momentum,KGS,wf_2022,,5,0.1395348837209302,0.2631578947368421,247,65,1.2745098039215683,43,43,0,43,0,0.5686274509803921,0.1176470588235294,51,2022-01-11,2022-12-31,True,840.6067967934323,0.1001162790697674,-90.21745557288912,1677.624332898924,59.46316685462055,0.3049265251383895,0.9193776741502812,1000,100.9483419390881,373.15329430492017,1000,597.1486030416262,1047.0884766125766,1000,2.7432207913996387,818.1687349698857,1000
momentum,KGS,wf_2023,,5,0.2352941176470588,0.3805668016194332,247,94,1.843137254901961,34,34,0,34,0,0.7058823529411765,0.1176470588235294,51,2023-01-10,2023-12-30,True,386.1006249220371,0.1870588235294117,-46.71745395157395,579.4354446541918,-5.387121068195207,0.2839080459770114,1.0084456223527145,1000,55.53803008866053,131.18740864456416,1000,167.13172050743407,511.1838729495477,1000,1.090725986432764,16.324481602380743,1000
momentum,KGS,wf_2024,,5,0.3870967741935484,0.375,248,93,1.8235294117647056,31,31,0,31,0,0.6274509803921569,0.0588235294117647,51,2024-01-10,2024-12-29,True,386.2268752268672,0.2208064516129032,-20.142900427358892,697.4221088910562,41.05693694133612,0.6771256026682517,1.6533885180240322,1000,39.379665212425955,163.51780119439186,1000,158.99795789026652,685.4866885612477,1000,1.7870450330395375,12.316185507755662,1000
momentum,KGS,wf_2025,,5,0.1481481481481481,0.1739130434782608,161,28,0.8235294117647058,27,27,0,27,0,0.6176470588235294,0.088235294117647,34,2025-01-10,2025-08-30,True,481.3548444901774,0.0833333333333333,-88.41833196647472,650.949654366466,-41.204122276649784,0.2172087719298245,1.568697667464114,1000,27.213419606046592,112.39557252653758,1000,180.3406530168816,645.8523464143328,1000,1.458042875977129,6.60404290131731,983
momentum,KZT,oot,,5,0.2962962962962963,0.3292181069958848,243,80,1.509433962264151,27,27,0,27,0,0.7169811320754716,0.0566037735849056,53,2025-09-02,2026-09-02,True,457.5762160642131,0.1657407407407407,-47.82261357313864,503.7610624573283,-16.169982365035278,0.4155796688691425,1.699936291097464,1000,35.59890165894883,140.5789620026982,1000,84.33068779138989,515.6908914341907,1000,1.383878229196338,5.590578610873701,1000
momentum,KZT,wf_2022,,5,0.1111111111111111,0.2591093117408907,247,64,1.2549019607843137,45,45,0,45,0,0.5882352941176471,0.1176470588235294,51,2022-01-11,2022-12-31,True,1067.037724013327,0.0747777777777777,-241.39477310513905,1141.2983854680438,-196.0920103978708,0.1334946335830922,0.9816707826843556,1000,52.10843914022649,174.16559116995592,1000,737.8669605520672,1179.6445289005608,1000,0.6195960897531291,9.08929909269042,1000
momentum,KZT,wf_2023,,5,0.2857142857142857,0.3603238866396761,247,89,1.7450980392156863,28,28,0,28,0,0.6470588235294118,0.0588235294117647,51,2023-01-10,2023-12-30,True,309.89995141240234,0.1967857142857142,-48.833606543937094,743.7564899998064,0.99633721383409,0.394936980941377,1.1905945491641976,1000,60.370116875799056,161.97202201910878,1000,205.16705496547385,475.8601384984296,1000,1.48199695827892,82.20891896728384,1000
momentum,KZT,wf_2024,,5,0.2903225806451613,0.2701612903225806,248,67,1.3137254901960784,31,31,0,31,0,0.6078431372549019,0.0196078431372549,51,2024-01-10,2024-12-29,True,431.50159918869286,0.2296774193548386,-13.485373490967234,812.0075883504577,31.320321618337463,0.5853428620696262,1.514474311489237,1000,45.94681506398338,139.91233638260783,1000,211.62214969249413,681.9489079213304,1000,0.9232695638190626,12.933414319965658,1000
momentum,KZT,wf_2025,,5,0.24,0.1677018633540372,161,27,0.7941176470588235,25,25,0,25,0,0.5588235294117647,0.0588235294117647,34,2025-01-10,2025-08-30,True,418.9635312296476,0.1484,-55.50575598516847,617.6745987840678,-3.4172917402124825,0.7363898026315789,1.981538461538462,1000,48.932766990712416,129.76060243404297,1000,328.29674726791654,711.622182626428,1000,1.0136044362484464,5.765145530205403,1000
momentum,TJS,oot,,5,0.2195121951219512,0.3004115226337449,243,73,1.3773584905660377,41,41,0,41,0,0.5660377358490566,0.0943396226415094,53,2025-09-02,2026-09-02,True,306.6840943765805,0.1310975609756097,-53.803290724,318.65009889229543,-26.71142599718693,0.392354873741525,1.138300839411333,1000,30.844180348306622,84.88704449253792,1000,288.54244339290955,320.7102262950334,1000,1.101184429272339,2.999519082219245,1000
momentum,TJS,wf_2022,,5,0.2,0.3117408906882591,247,77,1.5098039215686274,40,40,0,40,0,0.6470588235294118,0.1176470588235294,51,2022-01-11,2022-12-31,True,1382.4004918603537,0.156375,-132.96944700856886,2072.4487445550876,-68.22645564969281,0.4573820522296132,0.995943498198493,1000,78.32911855861886,190.5012028287946,1000,479.2986362259144,2329.795383107025,1000,0.2468263750756777,16.739089297875655,1000
momentum,TJS,wf_2023,,5,0.25,0.3805668016194332,247,94,1.843137254901961,32,32,0,32,0,0.6862745098039216,0.0980392156862745,51,2023-01-10,2023-12-30,True,399.52024966997567,0.2109375,-46.877006790724664,588.8875146729513,-4.889436199609559,0.3087243563122923,1.2525871888985478,1000,57.926410178444115,150.2996827440602,1000,160.88528072587982,536.6920029051591,1000,0.9869113969931568,15.021184006882942,1000
momentum,TJS,wf_2024,,5,0.2941176470588235,0.3548387096774194,248,88,1.7254901960784317,34,34,0,34,0,0.6470588235294118,0.0588235294117647,51,2024-01-10,2024-12-29,True,381.04378236658533,0.2455882352941176,-20.179593874902466,694.1504848237909,11.220704450123124,0.4261031281649838,1.299794141456321,1000,35.8338327271926,99.85104890399472,1000,163.61954050774452,685.9468643229217,1000,1.0208670054613131,4.203754228365411,1000
momentum,TJS,wf_2025,,5,0.125,0.2981366459627329,161,48,1.411764705882353,16,16,0,16,0,0.7352941176470589,0.0294117647058823,34,2025-01-10,2025-08-30,True,492.8545571372314,0.124375,-111.41284457050374,694.4437688174711,-60.20007970028239,0.0,0.7668509615384613,1000,71.9340356586542,145.87954793875426,1000,195.88180877231133,643.0124561426709,1000,0.0,2.4164768042914773,948
momentum,UZS,oot,,5,0.25,0.3415637860082304,243,83,1.5660377358490567,36,36,0,36,0,0.6981132075471698,0.1132075471698113,53,2025-09-02,2026-09-02,True,369.1559799662971,0.1511111111111111,-51.374389936849845,410.355374098675,-12.086287346554276,0.4745019099982335,1.2220504736057898,1000,63.418817257519706,124.04148971381152,1000,314.128010684077,431.9934410508308,1000,1.227105013883478,3.2611464510540977,1000
momentum,UZS,wf_2022,,5,0.1698113207547169,0.2631578947368421,247,65,1.2745098039215683,53,53,0,53,0,0.5490196078431373,0.1568627450980392,51,2022-01-11,2022-12-31,True,1537.0027963679747,0.1340566037735849,-189.63320606380853,1796.4469600849045,-113.25324240841144,0.4260521101582618,1.0510739987484357,1000,89.84176806625989,236.07848724787593,1000,679.9430679931185,1969.561417849248,1000,0.9849462686496668,6.921982264094233,1000
momentum,UZS,wf_2023,,5,0.2564102564102564,0.3846153846153846,247,95,1.8627450980392155,39,39,0,39,0,0.6470588235294118,0.1372549019607843,51,2023-01-10,2023-12-30,True,354.2324663215752,0.232051282051282,-25.27985754481291,566.241057796314,13.267915093750684,0.3920201222081752,1.118633779395737,1000,68.73651815268914,152.74796605426528,1000,181.7790762210758,464.7659869900522,1000,1.233317189793823,9.315673069110415,1000
momentum,UZS,wf_2024,,5,0.3142857142857143,0.3346774193548387,248,83,1.6274509803921569,35,35,0,35,0,0.6274509803921569,0.0784313725490196,51,2024-01-10,2024-12-29,True,394.2705250861964,0.1917142857142857,-24.135491877211106,704.0430716096039,36.6594576696491,0.4972264899088964,1.5050991780800924,1000,46.760242520876574,144.71378263073655,1000,166.30870360200055,684.4457649232049,1000,1.91362484842077,12.521196936069346,1000
momentum,UZS,wf_2025,,5,0.2,0.1614906832298136,161,26,0.7647058823529411,25,25,0,25,0,0.4705882352941176,0.0294117647058823,34,2025-01-10,2025-08-30,True,494.50643904041544,0.0696,-87.25577067750167,683.6827430630417,-7.486022302095694,0.2186479166666666,2.0124999999999997,1000,76.11701874740704,113.43481281295338,1000,215.3009631590086,648.9020161809656,1000,2.4502646677076565,11.060277473636656,987
random,AMD,oot,,5,0.3604651162790697,0.3045267489711934,243,74,1.3962264150943395,88,86,2,86,2,0.1886792452830188,0.2264150943396226,53,2025-09-02,2026-09-02,True,386.8002396907654,0.3417441860465116,25.33900567103503,364.7642162100343,20.289211565559363,0.833269864334115,1.4882725274725273,1000,-18.792234290962217,10.923418484008511,1000,323.4193161228028,457.3226156859548,1000,0.7242893175034497,1.1335886848786674,1000
random,AMD,wf_2022,,5,0.3333333333333333,0.291497975708502,247,72,1.411764705882353,81,81,0,81,0,0.1372549019607843,0.2156862745098039,51,2022-01-11,2022-12-31,True,1117.8064352593549,0.312716049382716,22.91895762991812,1265.8518818846171,37.3224317484209,0.9080882352941176,1.500860950013808,1000,4.821902232310851,109.93442210830288,1000,821.8529613993048,1276.706710085652,1000,0.6771566481339792,13.410796512731144,1000
random,AMD,wf_2023,,5,0.44,0.3846153846153846,247,95,1.8627450980392155,75,75,0,75,0,0.1372549019607843,0.1176470588235294,51,2023-01-10,2023-12-30,True,480.1300891525444,0.4221999999999999,55.597674970495426,519.128555692249,56.07608986379387,0.9634312029395116,1.4142097667552105,1000,-5.507551882167597,29.781249136793328,1000,308.07175398825893,660.3944258339916,1000,0.6367080785314736,2.081430868198474,1000
random,AMD,wf_2024,,5,0.4111111111111111,0.3548387096774194,248,88,1.7254901960784317,90,90,0,90,0,0.1568627450980392,0.2745098039215686,51,2024-01-10,2024-12-29,True,493.3388509045979,0.3887222222222222,26.306454852944356,571.9058942606839,35.977735846839266,0.987139563417894,1.3260048998901748,1000,-8.009631096375381,24.239148221562196,1000,271.4128469076345,669.4736390187475,1000,0.7909909840849053,2.4735776561932052,1000
random,AMD,wf_2025,,5,0.173076923076923,0.1987577639751552,161,32,0.9411764705882352,52,52,0,52,0,0.1176470588235294,0.1176470588235294,34,2025-01-10,2025-08-30,True,436.825368160485,0.1991346153846153,-33.404469348315196,569.3729997170495,-14.360523364096691,0.536369295958279,1.281199818289385,1000,12.166301229592037,54.70540951213816,1000,305.6888958746477,494.26844618681184,1000,0.6947945574446283,2.5957329813818584,1000
random,KGS,oot,,5,0.3382352941176471,0.2880658436213992,243,70,1.320754716981132,70,68,2,68,2,0.1886792452830188,0.1132075471698113,53,2025-09-02,2026-09-02,True,335.0177244467645,0.2942647058823529,11.420734638159797,382.356611927391,25.234330211554788,0.7770476387476876,1.5067973215025854,1000,-17.421439430650505,18.62041425016127,1000,299.87993410714506,354.53556598477877,1000,1.021407572759147,2.064695128396245,1000
random,KGS,wf_2022,,5,0.1917808219178082,0.2631578947368421,247,65,1.2745098039215683,73,73,0,73,0,0.2156862745098039,0.1764705882352941,51,2022-01-11,2022-12-31,True,1479.028247297082,0.2361643835616438,-46.11447320640834,1520.2210725053708,-78.8257204908868,0.4650851275003817,0.9878324986958792,1000,-95.20108175431524,13.254166053938013,1000,889.7875102576713,2006.7065849879373,1000,0.179577442395189,1.2196503512060557,1000
random,KGS,wf_2023,,5,0.4605263157894737,0.3805668016194332,247,94,1.843137254901961,76,76,0,76,0,0.1176470588235294,0.0784313725490196,51,2023-01-10,2023-12-30,True,449.9334168472813,0.4058552631578947,34.82460703630542,442.46495705826936,42.62398761651408,1.0307595806523857,1.4471559542185606,1000,-1.9576893917003224,24.660154651697336,1000,357.0186166441183,556.5221291245715,1000,0.61092109171854,1.4151403871230794,1000
random,KGS,wf_2024,,5,0.3793103448275862,0.375,248,93,1.8235294117647056,87,87,0,87,0,0.1372549019607843,0.2156862745098039,51,2024-01-10,2024-12-29,True,493.64873012575447,0.3722413793103448,20.657046496370786,510.4259295435193,25.222505775570472,0.8371632802937576,1.260165625936955,1000,-16.775479931305462,21.924791152425072,1000,198.6158056419404,738.5123698520424,1000,0.7096119302663618,2.3576805854582092,1000
random,KGS,wf_2025,,5,0.25,0.1739130434782608,161,28,0.8235294117647058,56,56,0,56,0,0.2058823529411764,0.2352941176470588,34,2025-01-10,2025-08-30,True,321.261577915755,0.2420535714285714,-12.98645746561754,494.5194981140596,-9.887150039943,0.9114302828348032,2.0444444444444443,1000,-7.11663743375243,50.21534526195816,1000,212.78923642885047,467.70819055148127,1000,0.8438095137471195,7.003082236190615,1000
random,KZT,oot,,5,0.2528735632183908,0.3292181069958848,243,80,1.509433962264151,87,87,0,87,0,0.1698113207547169,0.1886792452830188,53,2025-09-02,2026-09-02,True,530.9914974586078,0.2905172413793103,6.708297623567757,540.4257029134064,5.336900405711507,0.5622835231193927,0.922265564050554,1000,-37.10880702078192,12.907774349483844,1000,397.8291530068301,672.6918083456042,1000,0.6000556653498069,1.1351406723115478,1000
random,KZT,wf_2022,,5,0.3255813953488372,0.2591093117408907,247,64,1.2549019607843137,86,86,0,86,0,0.196078431372549,0.2352941176470588,51,2022-01-11,2022-12-31,True,1092.9313417765195,0.296453488372093,13.305126658030291,1083.7689948443638,23.1272203644322,0.9409020805756372,1.566270667777493,1000,-0.5484431140068232,86.38045126401704,1000,884.2637054148522,1214.679526598779,1000,0.6505630482383535,1.7775209391192834,1000
random,KZT,wf_2023,,5,0.44,0.3603238866396761,247,89,1.7450980392156863,75,75,0,75,0,0.1176470588235294,0.1372549019607843,51,2023-01-10,2023-12-30,True,806.6651078823024,0.3606,33.43798261436671,658.0326523322937,38.37691799159154,1.0009653700351764,1.4284728915662648,1000,-17.898033670759975,37.58008683914355,1000,311.42308732840183,1165.1459175324192,1000,0.2318924333430078,1.7047793099042174,1000
random,KZT,wf_2024,,5,0.25,0.2701612903225806,248,67,1.3137254901960784,68,68,0,68,0,0.1764705882352941,0.1176470588235294,51,2024-01-10,2024-12-29,True,822.1048930017562,0.2770588235294118,-0.5973145907686115,674.2404546242714,-25.25103776337159,0.4900277748103835,1.2685421994884911,1000,-30.066916096567013,8.790908082303075,1000,319.1674572101731,1077.9098791035358,1000,0.0891108620907365,0.9803638343919492,1000
random,KZT,wf_2025,,5,0.1578947368421052,0.1677018633540372,161,27,0.7941176470588235,57,57,0,57,0,0.1470588235294117,0.2352941176470588,34,2025-01-10,2025-08-30,True,612.5610202853079,0.1592105263157894,-46.90088845485288,627.9842463345153,-64.96799894724333,0.6231259305210918,1.2387284482758618,1000,-37.528584638823745,8.842716944736255,1000,443.4713092313852,856.6775044851415,1000,0.4170770200756659,1.0978368947926864,1000
random,TJS,oot,,5,0.2535211267605634,0.3004115226337449,243,73,1.3773584905660377,73,71,2,71,2,0.2452830188679245,0.1320754716981132,53,2025-09-02,2026-09-02,True,423.20248694083546,0.2737323943661972,-16.73065860142001,419.0075461657258,-21.266549095054508,0.6074202898550725,1.2055669761273209,1000,-41.94602011454579,4.171660472821458,1000,316.80917994068596,450.609525415474,1000,0.6011894632588758,1.458546671616689,1000
random,TJS,wf_2022,,5,0.3661971830985915,0.3117408906882591,247,77,1.5098039215686274,71,71,0,71,0,0.1372549019607843,0.1176470588235294,51,2022-01-11,2022-12-31,True,1093.876827262929,0.3238732394366196,56.11619433512367,1670.2376974682145,114.68030328393068,0.8494013798701299,1.5076137640964302,1000,7.594052089431149,113.3106987796747,1000,627.7736310888962,1741.1400139093191,1000,0.7808586637795271,69.33462817120112,1000
random,TJS,wf_2023,,5,0.3333333333333333,0.3805668016194332,247,94,1.843137254901961,60,60,0,60,0,0.2352941176470588,0.1176470588235294,51,2023-01-10,2023-12-30,True,433.8725587803891,0.3398333333333333,24.340379012421582,489.3463521733874,28.94027008039701,0.6328278223816282,1.1725332937607809,1000,-26.88407209390448,19.905446671487443,1000,330.90375565235644,530.4224981930505,1000,0.6645116153329658,2.140801521511422,1000
random,TJS,wf_2024,,5,0.2941176470588235,0.3548387096774194,248,88,1.7254901960784317,68,68,0,68,0,0.2549019607843137,0.1176470588235294,51,2024-01-10,2024-12-29,True,585.7133028081352,0.2883088235294117,3.4228123770503993,698.3779551879724,5.889459363691124,0.6290026980988971,1.0100590580103614,1000,-33.93409259191773,5.3343420523133815,1000,239.24196885490068,805.536962572883,1000,0.7348780002188087,2.2883165153477636,1000
random,TJS,wf_2025,,5,0.288135593220339,0.2981366459627329,161,48,1.411764705882353,59,59,0,59,0,0.1470588235294117,0.2352941176470588,34,2025-01-10,2025-08-30,True,538.7551271727102,0.2766101694915254,-11.73311327670645,619.916264090202,-22.52345643890462,0.677796205630355,1.1633957544780256,1000,-13.622786963547997,21.5167245036205,1000,341.5375810406196,717.6452628288544,1000,0.7232871762137365,1.6492934904589105,1000
random,UZS,oot,,5,0.3492063492063492,0.3415637860082304,243,83,1.5660377358490567,63,63,0,63,0,0.2452830188679245,0.0754716981132075,53,2025-09-02,2026-09-02,True,393.74650158263466,0.3718253968253968,28.93525685935414,397.5167458334308,28.735813151082127,0.7499420222634509,1.2827828054298638,1000,-10.440513617765257,26.528208599453304,1000,359.6315334787025,442.9525201828799,1000,0.6603411405417933,1.2855943756590904,1000
random,UZS,wf_2022,,5,0.3132530120481928,0.2631578947368421,247,65,1.2745098039215683,83,83,0,83,0,0.2352941176470588,0.2941176470588235,51,2022-01-11,2022-12-31,True,1087.2248908329811,0.3004819277108433,23.47758579673973,1190.143784840793,60.5933177442092,0.912311195299962,1.544870816789563,1000,15.156898678887767,94.70708758184897,1000,757.5875186942867,1122.6616556305478,1000,0.7629373299390397,11.563607362634546,1000
random,UZS,wf_2023,,5,0.4216867469879518,0.3846153846153846,247,95,1.8627450980392155,83,83,0,83,0,0.1176470588235294,0.2352941176470588,51,2023-01-10,2023-12-30,True,650.1629834349262,0.3960843373493976,20.80659647969628,536.4612072218391,12.249680167696038,0.7790147268140757,1.414238997232743,1000,-33.70134013115635,8.569073143457041,1000,404.4132643651019,817.5157001603661,1000,0.3691509162417064,1.1267099744187457,1000
random,UZS,wf_2024,,5,0.3658536585365853,0.3346774193548387,248,83,1.6274509803921569,82,82,0,82,0,0.0588235294117647,0.196078431372549,51,2024-01-10,2024-12-29,True,597.9768855925948,0.3057926829268292,8.81045272617204,581.929132348056,9.967524556477477,0.7889088173904076,1.380425904627585,1000,-25.256573017177715,21.758145317020983,1000,324.9606173882802,789.0646967492704,1000,0.4297074370448311,2.8910128585531547,1000
random,UZS,wf_2025,,5,0.125,0.1614906832298136,161,26,0.7647058823529411,48,48,0,48,0,0.2058823529411764,0.1176470588235294,34,2025-01-10,2025-08-30,True,569.5579722786737,0.1604166666666666,-41.4874272463381,624.6192445113847,-54.68324868714907,0.1742096719070403,1.36499488603156,1000,-52.17859946910258,6.290341526953196,1000,347.40117839088924,799.7051035233516,1000,0.2025272668356162,1.3160487175862428,1000
reversal,AMD,oot,,5,0.1,0.3045267489711934,243,74,1.3962264150943395,10,10,0,10,0,0.8113207547169812,0.0,53,2025-09-02,2026-09-02,True,175.77204657409328,0.237,12.195593547519955,319.24849408354714,8.128195447956179,0.0,1.1668238993710691,999,-11.816026778575043,77.64899067343288,999,157.8484654731449,319.7913094087435,999,0.0,1.83138570249532,998
reversal,AMD,wf_2022,,5,0.3636363636363636,0.291497975708502,247,72,1.411764705882353,11,11,0,11,0,0.7843137254901961,0.0,51,2022-01-11,2022-12-31,True,858.9177646881233,0.2263636363636363,24.891193129775385,1090.9543337387588,-4.330608251388929,0.3956161833855799,2.406237267634326,1000,-126.40102841723537,216.40428001917311,1000,435.03804433490336,1153.6322484811355,1000,0.2496647848874449,2.9792954046213223,1000
reversal,AMD,wf_2023,,5,0.2857142857142857,0.3846153846153846,247,95,1.8627450980392155,7,7,0,7,0,0.8627450980392157,0.0,51,2023-01-10,2023-12-30,True,167.01122551711344,0.247142857142857,39.549688015295416,388.1503948168037,58.26822737294528,0.0,2.5256048811277068,993,-7.792085201364651,247.53768549223548,993,0.0,352.6135874855685,993,0.0,10.721254777973517,984
reversal,AMD,wf_2024,,5,0.2727272727272727,0.3548387096774194,248,88,1.7254901960784317,11,11,0,11,0,0.7843137254901961,0.0,51,2024-01-10,2024-12-29,True,264.49099942818987,0.23,9.433763646595024,685.2942466005179,50.59029094039204,0.0,1.9233659730722144,1000,-11.869866498106584,169.1593810045797,1000,10.465235378729345,781.5990331121459,1000,0.0,6.937370860053851,1000
reversal,AMD,wf_2025,,5,0.3636363636363636,0.1987577639751552,161,32,0.9411764705882352,11,11,0,11,0,0.7058823529411765,0.0,34,2025-01-10,2025-08-30,True,198.1674749352922,0.3295454545454545,8.02770197580343,386.738405816109,11.7471161934995,0.6708333333333334,3.26045050898852,1000,34.848863043785464,89.43201502031557,1000,189.0661526473369,318.7753586558295,1000,0.4769621594092512,2.7608338428578576,1000
reversal,KGS,oot,,5,0.0909090909090909,0.2880658436213992,243,70,1.320754716981132,11,11,0,11,0,0.7924528301886793,0.0,53,2025-09-02,2026-09-02,True,221.7392470814725,0.2309090909090909,2.4665752705206416,337.54353141693605,-7.094521201500155,0.0,1.0292708333333331,1000,-2.6049011068482906,73.07408847703203,1000,88.29035322603929,381.8471297191928,1000,0.0,1.1783676301723085,1000
reversal,KGS,wf_2022,,5,0.3333333333333333,0.2631578947368421,247,65,1.2745098039215683,12,12,0,12,0,0.7647058823529411,0.0,51,2022-01-11,2022-12-31,True,752.1917059488694,0.3045833333333334,87.45220869835538,1115.9843485482104,70.75580551794229,0.4603271588486141,2.4950757575757576,1000,-100.68463085193986,159.6514116932423,1000,477.1736404009253,2009.8322013880463,1000,0.0016853428169472,11.026671881162985,1000
reversal,KGS,wf_2023,,5,0.3333333333333333,0.3805668016194332,247,94,1.843137254901961,6,6,0,6,0,0.8823529411764706,0.0,51,2023-01-10,2023-12-30,True,157.5412668050551,0.2333333333333333,0.066857887238926,315.92147995669825,-1.4451310098203165,0.0,2.520408163265306,972,-14.38082307270638,165.28963000624896,972,0.0,343.7858497089863,972,0.0,2.7378308998677525,951
reversal,KGS,wf_2024,,5,0.25,0.375,248,93,1.8235294117647056,8,8,0,8,0,0.8431372549019608,0.0,51,2024-01-10,2024-12-29,True,76.07835981144717,0.34125,58.732262261835366,372.984152861428,79.37803769048581,0.0,1.6053082839490604,1000,-15.684121741894616,163.46681286239553,1000,13.716744296203842,193.81578555028645,1000,0.0,4.8466150836089295,996
reversal,KGS,wf_2025,,5,0.0625,0.1739130434782608,161,28,0.8235294117647058,16,16,0,16,0,0.5882352941176471,0.0,34,2025-01-10,2025-08-30,True,354.4061114485983,0.1959375,-16.37016789058803,554.0851108168259,-37.87741613118748,0.0,1.1180555555555556,1000,0.3984687605084365,38.1996599665212,1000,162.21623453105184,771.37600464801,1000,0.0,0.6597626801717258,1000
reversal,KZT,oot,,5,0.4444444444444444,0.3292181069958848,243,80,1.509433962264151,9,9,0,9,0,0.8490566037735849,0.0,53,2025-09-02,2026-09-02,True,179.24241951083928,0.2416666666666666,3.313842756636067,333.76534462999075,53.76636831600217,0.4407821596244131,2.609993492346433,1000,43.605820253106145,120.69508755576332,1000,32.14730758013484,326.17315685845585,1000,0.6716794780071061,9.13630226178844,1000
reversal,KZT,wf_2022,,5,0.3076923076923077,0.2591093117408907,247,64,1.2549019607843137,13,13,0,13,0,0.7843137254901961,0.0,51,2022-01-11,2022-12-31,True,718.9184754332416,0.2757692307692308,117.73648998725947,927.6485216647316,126.68193137192397,0.4968093281913704,2.2055217217484007,1000,-13.49195627740471,299.05172057163077,1000,542.8353683792064,863.9750324183026,1000,0.3448904576970659,3.908864141596239,998
reversal,KZT,wf_2023,,5,0.3333333333333333,0.3603238866396761,247,89,1.7450980392156863,9,9,0,9,0,0.8431372549019608,0.0,51,2023-01-10,2023-12-30,True,102.63026927027316,0.29,79.79121790583605,222.1473839319504,67.79005050151696,0.0,1.9604288419913416,1000,-3.941941709231083,144.75468894900325,1000,68.53201146678867,164.87247650883052,1000,0.0,3.1489052174856047,998
reversal,KZT,wf_2024,,5,0.2727272727272727,0.2701612903225806,248,67,1.3137254901960784,11,11,0,11,0,0.7843137254901961,0.0,51,2024-01-10,2024-12-29,True,342.41112242402096,0.2036363636363636,-33.477325968232655,782.3594796068032,16.6682811310671,0.0,2.8843978600283866,1000,-15.709574878908168,188.46955115614787,1000,0.0,936.708439798468,1000,0.0,9.647010989779696,998
reversal,KZT,wf_2025,,5,0.2307692307692307,0.1677018633540372,161,27,0.7941176470588235,13,13,0,13,0,0.6764705882352942,0.0,34,2025-01-10,2025-08-30,True,315.8400671955834,0.1976923076923077,-26.107311219524657,552.5444930072953,-23.292822447403488,0.4419833333333334,2.515822149294671,1000,-30.28846566334076,81.33119570279217,1000,325.25106305980376,516.4458318617337,1000,0.4096847535380731,2.5212631215077885,1000
reversal,TJS,oot,,5,0.1666666666666666,0.3004115226337449,243,73,1.3773584905660377,12,12,0,12,0,0.7735849056603774,0.0,53,2025-09-02,2026-09-02,True,205.94439907755023,0.27875,21.08805103772496,289.86837408857497,11.455422819023813,0.0,1.3290527950310551,1000,-5.841343963298486,88.04467586989358,1000,234.82964066508185,282.3609142997951,1000,0.0,1.4442986271734306,1000
reversal,TJS,wf_2022,,5,0.3846153846153846,0.3117408906882591,247,77,1.5098039215686274,13,13,0,13,0,0.7647058823529411,0.0,51,2022-01-11,2022-12-31,True,944.346218646213,0.3138461538461539,-13.216382456621927,1787.4323921610846,26.082608171287884,0.617423196517413,2.1440972222222223,1000,48.38717201661411,273.93469457029494,1000,515.8173514969055,1591.658082048746,1000,0.2942790247908774,36.3929839771401,1000
reversal,TJS,wf_2023,,5,0.1666666666666666,0.3805668016194332,247,94,1.843137254901961,6,6,0,6,0,0.8823529411764706,0.0,51,2023-01-10,2023-12-30,True,162.39801525470867,0.2066666666666666,5.573051269494061,315.76757131317646,-4.620616240052687,0.0,2.41686655244622,969,-15.94173696860142,176.98760228356923,969,0.0,349.48895076956086,969,0.0,1.9543809344599916,956
reversal,TJS,wf_2024,,5,0.3333333333333333,0.3548387096774194,248,88,1.7254901960784317,12,12,0,12,0,0.7647058823529411,0.0,51,2024-01-10,2024-12-29,True,106.80218292275302,0.2695833333333333,39.99572266317679,416.3153188453928,82.7301257572601,0.0,1.889562402738873,1000,-4.483698641605313,180.08638449228854,1000,51.48769926101026,183.5679065712248,1000,0.0,10.453212515185855,999
reversal,TJS,wf_2025,,5,0.5,0.2981366459627329,161,48,1.411764705882353,10,10,0,10,0,0.7352941176470589,0.0,34,2025-01-10,2025-08-30,True,349.2382434080854,0.2995,10.40104105344928,539.1357265815808,9.341023754841904,0.8214285714285714,2.627039627039627,998,8.13114838672077,146.36001656969768,998,120.66901793307272,770.8822510256064,998,0.203609276241218,6.075621445851799,996
reversal,UZS,oot,,5,0.2222222222222222,0.3415637860082304,243,83,1.5660377358490567,9,9,0,9,0,0.8301886792452831,0.0,53,2025-09-02,2026-09-02,True,216.01041655391165,0.2288888888888889,-13.340803991732509,355.94934332025963,-25.250539909866443,0.0,1.698799596450021,1000,-13.59041055150114,43.381400215070265,1000,141.65060486002855,395.11308397216726,1000,0.0,2.303885774880772,998
reversal,UZS,wf_2022,,5,0.2666666666666666,0.2631578947368421,247,65,1.2745098039215683,15,15,0,15,0,0.7254901960784313,0.0,51,2022-01-11,2022-12-31,True,854.9878525782527,0.2056666666666666,-38.47879655838951,1124.126105347724,-33.77635909049457,0.3741860624315443,1.937831465919701,1000,-5.6337252088727965,192.15864275569623,1000,487.61542077295104,1126.8531421822693,1000,0.3973205367105973,2.8967450917979765,1000
reversal,UZS,wf_2023,,5,0.1428571428571428,0.3846153846153846,247,95,1.8627450980392155,7,7,0,7,0,0.8627450980392157,0.0,51,2023-01-10,2023-12-30,True,180.03717400388598,0.2814285714285713,9.47762536604753,332.76973207755896,-5.181832364414665,0.0,1.89420366084578,993,-12.147943700148396,180.52956671662344,993,14.383215122446558,344.21287953791955,993,0.0,1.9309816426119393,977
reversal,UZS,wf_2024,,5,0.3,0.3346774193548387,248,83,1.6274509803921569,10,10,0,10,0,0.803921568627451,0.0,51,2024-01-10,2024-12-29,True,89.78837515204009,0.285,34.34410379855721,423.41135653962687,79.28216054496306,0.0,1.8961334317550704,1000,9.375205892917997,153.3214451090996,1000,7.491504799115312,137.54173729173758,1000,0.0,11.273716287919544,999
reversal,UZS,wf_2025,,5,0.1875,0.1614906832298136,161,26,0.7647058823529411,16,16,0,16,0,0.5882352941176471,0.0,34,2025-01-10,2025-08-30,True,347.74810342834024,0.159375,-13.628657497674135,520.8325301443107,-23.180669034665176,0.2974252136752137,2.683333333333333,1000,-1.3355879774785735,70.35645271788046,1000,117.02275760975488,799.7051035233516,1000,0.079424216631425,3.130353297928396,1000
seasonality,AMD,oot,,5,0.26,0.3045267489711934,243,74,1.3962264150943395,50,50,0,50,0,0.7547169811320755,0.1886792452830188,53,2025-09-02,2026-09-02,True,255.7772228861865,0.2653,2.482202211174532,262.00190660236194,-1.1422174491126051,0.387998643219809,1.5771464479185069,1000,-30.261643141614275,40.3805958482466,1000,204.6726023767429,269.88540369372595,1000,0.8125326642581189,1.0933653092415565,999
seasonality,AMD,wf_2022,,5,0.2244897959183673,0.291497975708502,247,72,1.411764705882353,49,49,0,49,0,0.7254901960784313,0.1764705882352941,51,2022-01-11,2022-12-31,True,1032.0365786101816,0.2060204081632652,82.26671751469075,1139.4970919225896,125.66491006219962,0.1785892737045818,1.6145114111218255,1000,-65.52951581144968,199.0598545935763,1000,600.7818532890708,1153.6322484811355,1000,0.9851390592286678,3.644962741078724,995
seasonality,AMD,wf_2023,,5,0.3541666666666667,0.3846153846153846,247,95,1.8627450980392155,48,48,0,48,0,0.7450980392156863,0.196078431372549,51,2023-01-10,2023-12-30,True,489.01267495495705,0.3244791666666666,-0.172107221522591,542.9352123227311,8.02089867194688,0.4198584069474789,1.6678396505906137,1000,-17.572379479236858,18.19830149369726,1000,74.40142370717106,614.7246236867377,1000,0.92754827367544,2.430748529188566,1000
seasonality,AMD,wf_2024,,5,0.28,0.3548387096774194,248,88,1.7254901960784317,50,50,0,50,0,0.7254901960784313,0.1764705882352941,51,2024-01-10,2024-12-29,True,220.50210273919384,0.2578,18.43934130695843,263.3616620150843,31.349525451246336,0.1860084440753045,1.2353291144689826,1000,-0.1474795619855711,43.577673051859,1000,107.9365079365091,242.7822957148429,1000,0.6880224405659057,3.6720770403787166,1000
seasonality,AMD,wf_2025,,5,0.1052631578947368,0.1987577639751552,161,32,0.9411764705882352,38,38,0,38,0,0.6470588235294118,0.2352941176470588,34,2025-01-10,2025-08-30,True,368.7043338920293,0.1126315789473684,-46.26091442968352,427.317057150024,-45.63117795305383,0.1169556686046511,1.098611111111111,1000,-58.16227451937562,26.812899072443297,1000,189.38835390091205,489.43936349095776,1000,0.3232837516648013,1.3201165078591202,1000
seasonality,KGS,oot,,5,0.3055555555555556,0.2880658436213992,243,70,1.320754716981132,39,36,3,36,3,0.7924528301886793,0.1320754716981132,53,2025-09-02,2026-09-02,True,356.0166272210239,0.3166666666666666,24.383169312836007,458.3924224384394,29.20199251041844,0.423909026297086,2.013093372145096,1000,-47.73303039367516,58.63064028372213,1000,123.39729119638989,510.4106968162836,1000,0.6577339803755966,1.386061938798807,1000
seasonality,KGS,wf_2022,,5,0.2075471698113207,0.2631578947368421,247,65,1.2745098039215683,53,53,0,53,0,0.7058823529411765,0.2156862745098039,51,2022-01-11,2022-12-31,True,1676.1492050242855,0.1995283018867924,47.691527106757384,1692.4233810435585,29.823580192518076,0.2301786347613981,1.4888767496566435,1000,-103.260460644482,100.47694795382334,1000,883.7969105427181,2066.2726523174133,1000,0.1125369648928337,1.4045789515763718,1000
seasonality,KGS,wf_2023,,5,0.3548387096774194,0.3805668016194332,247,94,1.843137254901961,62,62,0,62,0,0.6274509803921569,0.2549019607843137,51,2023-01-10,2023-12-30,True,472.3370430179457,0.3421774193548387,15.24049774867727,499.65937237382417,26.11382655358068,0.5356756106756108,1.3453240476981754,1000,-8.0955822844997,30.506966691203782,1000,114.33448150572453,571.0271462549388,1000,0.9192223849848724,1.9248915336383137,1000
seasonality,KGS,wf_2024,,5,0.293103448275862,0.375,248,93,1.8235294117647056,58,58,0,58,0,0.6666666666666666,0.2352941176470588,51,2024-01-10,2024-12-29,True,556.1915394207574,0.2893965517241379,-4.763414384393389,740.0426419408204,-1.4001096796422086,0.3221665274296853,1.08068720821662,1000,-37.7804354208763,11.63519605150074,1000,175.78198224902482,812.0986469953051,1000,0.6959935939496245,1.2615596495499488,1000
seasonality,KGS,wf_2025,,5,0.2162162162162162,0.1739130434782608,161,28,0.8235294117647058,37,37,0,37,0,0.6764705882352942,0.2352941176470588,34,2025-01-10,2025-08-30,True,431.7351183104559,0.1952702702702702,-28.38908368501268,533.3683356343292,-23.021820460952252,0.4105068542568542,2.15625,999,-45.7370756668889,41.056281177546055,999,163.6926037149451,575.0341646737267,999,0.4636203623480378,2.0966867276819023,999
seasonality,KZT,oot,,5,0.25,0.3292181069958848,243,80,1.509433962264151,52,52,0,52,0,0.6981132075471698,0.1698113207547169,53,2025-09-02,2026-09-02,True,431.9350154093553,0.2597115384615385,9.922500959065566,454.62856039252046,8.181871721932767,0.3156717455023247,1.2840247252747254,1000,-63.58280272592209,7.5156607285311425,1000,333.4559691866068,506.7133544065605,1000,0.6256432121763669,1.211877964829205,1000
seasonality,KZT,wf_2022,,5,0.320754716981132,0.2591093117408907,247,64,1.2549019607843137,53,53,0,53,0,0.7254901960784313,0.196078431372549,51,2022-01-11,2022-12-31,True,960.8778114764264,0.2982075471698113,90.67835928384642,1048.1824397694627,104.36757309985238,0.6083577528973543,1.9844302082573937,1000,-36.63518519721768,92.14615192095104,1000,729.4428804166301,1102.4934646006025,1000,0.9494339216841948,2.1270729502404864,1000
seasonality,KZT,wf_2023,,5,0.3050847457627119,0.3603238866396761,247,89,1.7450980392156863,59,59,0,59,0,0.6862745098039216,0.2352941176470588,51,2023-01-10,2023-12-30,True,509.0524051945824,0.3341525423728814,21.220039204223585,522.9725882554011,14.992730489905194,0.3670829501805607,1.3786750436206956,1000,-13.027984198844534,28.21198849041993,1000,357.39196997292765,632.8268289424077,1000,0.505651810062149,1.0543858396945878,1000
seasonality,KZT,wf_2024,,5,0.1964285714285714,0.2701612903225806,248,67,1.3137254901960784,56,56,0,56,0,0.6862745098039216,0.2156862745098039,51,2024-01-10,2024-12-29,True,701.4989757223526,0.1840178571428571,-27.75077195737296,923.1658897714008,-22.75919757499566,0.3208909094931528,1.0082329517172723,1000,-38.46182728968775,8.785633066714531,1000,252.25968071983445,1010.7582904239588,1000,0.8086500794903813,1.499081875507248,1000
seasonality,KZT,wf_2025,,5,0.175,0.1677018633540372,161,27,0.7941176470588235,40,40,0,40,0,0.6176470588235294,0.2352941176470588,34,2025-01-10,2025-08-30,True,480.58495570012735,0.177875,-24.118384916596113,743.2997737029561,-31.266610192762165,0.656686507936508,2.1001143790849675,1000,-47.95783221121102,38.58450936488376,1000,171.76957554863628,842.778155366557,1000,0.3631632168412582,2.367716950712386,1000
seasonality,TJS,oot,,5,0.5434782608695652,0.3004115226337449,243,73,1.3773584905660377,47,46,1,46,1,0.6981132075471698,0.1509433962264151,53,2025-09-02,2026-09-02,True,350.31154353391213,0.5082608695652174,74.87678201205847,381.87402038137145,80.18965896030704,1.0846375846375846,2.7462591311034217,1000,-45.466762449697335,39.09070737703086,1000,133.2715708384191,434.4332326119771,1000,0.7894163356113237,1.743158656376977,1000
seasonality,TJS,wf_2022,,5,0.1458333333333333,0.3117408906882591,247,77,1.5098039215686274,48,48,0,48,0,0.7647058823529411,0.196078431372549,51,2022-01-11,2022-12-31,True,1875.0468482263504,0.1220833333333333,-94.02655507979354,2094.303917573415,-90.67502765669434,0.0875073622451126,0.8168834382411967,1000,-154.4228359715072,-12.529730643430812,1000,783.4520925031186,2501.98750709824,1000,0.4722434411726195,6.604017602465364,997
seasonality,TJS,wf_2023,,5,0.25,0.3805668016194332,247,94,1.843137254901961,48,48,0,48,0,0.7450980392156863,0.1764705882352941,51,2023-01-10,2023-12-30,True,410.7528095699288,0.25,-6.245336291288021,451.8476892000111,-4.782823046606747,0.274421650055371,1.0880046834625323,1000,-24.679624731898095,33.63849240285624,1000,141.96681264337153,536.6920029051591,1000,0.7970417575868475,1.1888914831142994,1000
seasonality,TJS,wf_2024,,5,0.392156862745098,0.3548387096774194,248,88,1.7254901960784317,51,51,0,51,0,0.7058823529411765,0.2156862745098039,51,2024-01-10,2024-12-29,True,583.3355547512596,0.3759803921568627,27.87976067451943,741.2134452269388,35.2435828170658,0.6078307322929172,1.4253737897576375,1000,-7.716014737660691,51.16003427560057,1000,110.70152476905756,764.3914649765837,1000,0.7468016264719705,1.8459400724436428,1000
seasonality,TJS,wf_2025,,5,0.2727272727272727,0.2981366459627329,161,48,1.411764705882353,33,33,0,33,0,0.7058823529411765,0.1764705882352941,34,2025-01-10,2025-08-30,True,454.2126993919431,0.2960606060606061,-9.548098067833308,557.1958964190374,-12.962005261281238,0.5419968919968919,1.533333333333333,1000,-61.296952339517944,23.947488127954575,1000,220.10182074571728,615.7229541721155,1000,0.552847053380221,1.401111734799204,1000
seasonality,UZS,oot,,5,0.3181818181818182,0.3415637860082304,243,83,1.5660377358490567,48,44,4,44,4,0.7547169811320755,0.1698113207547169,53,2025-09-02,2026-09-02,True,370.8850289464167,0.3284090909090909,21.63433356387089,411.5991533389461,21.348423308399894,0.4814677152912446,1.3937583263556494,1000,-44.41578895058551,52.80879549704631,1000,276.76503742545935,492.61432862483633,1000,0.8135892413043037,1.1186345455566338,1000
seasonality,UZS,wf_2022,,5,0.2692307692307692,0.2631578947368421,247,65,1.2745098039215683,52,52,0,52,0,0.7058823529411765,0.2156862745098039,51,2022-01-11,2022-12-31,True,1417.6699330233928,0.2447115384615384,-19.97580822238232,1563.0129375710535,-11.001991396352384,0.6601138336109408,1.6690058417792792,1000,-118.54640183762277,62.06648872876621,1000,863.1535272329169,1989.9146573734772,1000,0.3628534974599285,2.632975372578837,1000
seasonality,UZS,wf_2023,,5,0.4444444444444444,0.3846153846153846,247,95,1.8627450980392155,54,54,0,54,0,0.7058823529411765,0.196078431372549,51,2023-01-10,2023-12-30,True,432.07643639681226,0.4077777777777778,34.498986551652756,471.5115666825794,42.971787904448334,0.6976490790574884,2.0100833914129996,1000,-18.81816257174261,45.28497628425091,1000,97.71067915334856,567.6683218375422,1000,0.953400661680641,1.2900172335099134,1000
seasonality,UZS,wf_2024,,5,0.3148148148148148,0.3346774193548387,248,83,1.6274509803921569,54,54,0,54,0,0.6862745098039216,0.2156862745098039,51,2024-01-10,2024-12-29,True,760.1984582818782,0.2986111111111111,-21.419637579906976,777.3401682498155,-29.332544764254468,0.2061260123444064,1.4012789998797932,1000,-39.60374104430282,21.133586571909913,1000,291.8420896407481,789.5460713718116,1000,0.4143250059220552,1.2354284975296472,1000
seasonality,UZS,wf_2025,,5,0.1935483870967742,0.1614906832298136,161,26,0.7647058823529411,31,31,0,31,0,0.7352941176470589,0.1764705882352941,34,2025-01-10,2025-08-30,True,472.78696042658464,0.1569354838709677,-28.963540308119025,584.4375716133011,-23.90473746983703,0.5676793981481482,2.1296296296296298,1000,-50.65352875564266,48.13233354247538,1000,168.1428305053134,647.107494453365,1000,0.6415304296166008,2.1409385378282555,992
catboost_ab,AMD,wf_oos,5.0,5,0.291970802919708,0.3277439024390244,656,215,1.5579710144927537,137,137,0,137,0,0.7028985507246377,0.1956521739130435,138,2023-01-10,2025-08-30,False,,0.2801824817518248,6.442662100315566,580.5527211695484,13.844807478484684,0.5734925977072325,1.2529640289556176,1000,12.992483947305752,60.80385692413099,1000,356.2432006296814,647.7586043797891,1000,0.9382668861980288,1.976355609948983,1000
catboost_ab,KGS,wf_oos,5.0,5,0.3037974683544304,0.3277439024390244,656,215,1.5579710144927537,158,158,0,158,0,0.6231884057971014,0.2246376811594203,138,2023-01-10,2025-08-30,False,,0.2920253164556962,-0.2894220653679041,613.5412842547793,13.14690660168394,0.6783663121999373,1.2171187878440934,1000,9.299781155711502,47.71627673716586,1000,338.9066805168207,684.1441350440889,1000,1.0344871894053025,2.3252140570414954,1000
catboost_ab,KZT,wf_oos,5.0,5,0.2836879432624113,0.2789634146341463,656,183,1.326086956521739,141,141,0,141,0,0.6666666666666666,0.1956521739130435,138,2023-01-10,2025-08-30,False,,0.2575886524822695,2.0856909010927724,606.2608209622022,11.24826328522174,0.7370683052697323,1.4009670967624632,1000,14.872595135572023,53.200980605309134,1000,369.54652797747406,633.9295152484358,1000,0.9661528846641922,4.96047909608383,1000
catboost_ab,TJS,wf_oos,5.0,5,0.2764227642276423,0.3506097560975609,656,230,1.6666666666666667,123,123,0,123,0,0.7028985507246377,0.181159420289855,138,2023-01-10,2025-08-30,False,,0.2809756097560976,-3.2713529629801235,630.495173863741,4.223169348726931,0.5552077417067242,1.0289864669286313,1000,13.148096422873392,55.10363801560033,1000,346.6145559160217,755.8966507368631,1000,0.8605231051155454,1.98327333601468,1000
catboost_ab,UZS,wf_oos,5.0,5,0.3082191780821918,0.3109756097560975,656,204,1.4782608695652173,146,146,0,146,0,0.6739130434782609,0.2101449275362318,138,2023-01-10,2025-08-30,False,,0.3050342465753424,-0.1194080202308216,597.9768810566103,3.894507115828471,0.7007849850405602,1.4204579272591853,1000,7.86221441580664,52.347337576482055,1000,383.5661195993802,788.5833221267291,1000,0.4648442107144158,1.5914075444410414,1000
catboost_abcd,AMD,wf_oos,5.0,5,0.2,0.3277439024390244,656,215,1.5579710144927537,75,75,0,75,0,0.7681159420289855,0.0869565217391304,138,2023-01-10,2025-08-30,True,476.9516132328562,0.223,-2.982710991356979,491.86646933618994,-10.976894812827428,0.3363214785504029,0.8649789029535865,1000,-17.86680748319275,32.292117384740884,1000,358.908788983136,594.7284981877932,1000,0.338220544188122,1.289038327692308,1000
catboost_abcd,KGS,wf_oos,5.0,5,0.2658227848101265,0.3277439024390244,656,215,1.5579710144927537,79,79,0,79,0,0.7463768115942029,0.0942028985507246,138,2023-01-10,2025-08-30,True,422.1329019116373,0.28,5.568495547505469,465.89192320271826,4.405856030127921,0.522747381974927,1.0566290850020692,1000,-21.113233012313344,29.47449860254399,1000,293.3066001701527,535.7307959961048,1000,0.7733497349846463,1.2944907515943125,1000
catboost_abcd,KZT,wf_oos,5.0,5,0.217391304347826,0.2789634146341463,656,183,1.326086956521739,69,69,0,69,0,0.7391304347826086,0.0579710144927536,138,2023-01-10,2025-08-30,True,495.8325450250433,0.2342028985507246,-9.758699554258383,498.2393575521053,-12.697864843995772,0.4893335769090244,1.1769300103977391,1000,-42.656927891207005,15.437440910316644,1000,365.79988075256335,632.8268289424077,1000,0.5730947535732167,1.1243494983544609,1000
catboost_abcd,TJS,wf_oos,5.0,5,0.288135593220339,0.3506097560975609,656,230,1.6666666666666667,59,59,0,59,0,0.7971014492753623,0.072463768115942,138,2023-01-10,2025-08-30,True,379.97491508516566,0.2845762711864407,15.878190144401216,447.71945440458546,22.242283220612517,0.4999704291990537,1.1485858828970403,1000,-15.692150549208716,57.6659352600504,1000,301.6841175340801,450.2419766580612,1000,0.8356677555428506,1.667175615610282,1000
catboost_abcd,UZS,wf_oos,5.0,5,0.28,0.3109756097560975,656,204,1.4782608695652173,75,75,0,75,0,0.7753623188405797,0.0869565217391304,138,2023-01-10,2025-08-30,True,409.71853967816816,0.2828666666666667,4.572135877816376,432.7317269745693,1.942814511364349,0.508678009650937,1.4332321866185789,1000,-17.475338072958824,43.97866915874892,1000,351.811005127313,453.0222989477717,1000,0.8519530098107876,1.2367319878202878,1000
level,AMD,wf_oos,,5,0.226950354609929,0.3277439024390244,656,215,1.5579710144927537,141,141,0,141,0,0.7246376811594203,0.217391304347826,138,2023-01-10,2025-08-30,False,,0.1997517730496454,-27.72090934606277,610.9960028247609,-14.74110384210941,0.4981616939202585,0.9403703429680048,1000,18.437005793308153,56.93420521787222,1000,363.99213651059466,726.65590528794,1000,0.8157937930686349,1.8653593926567869,1000
level,KGS,wf_oos,,5,0.2,0.3277439024390244,656,215,1.5579710144927537,135,135,0,135,0,0.7391304347826086,0.2028985507246377,138,2023-01-10,2025-08-30,False,,0.1948148148148148,-25.60101472929584,665.1211361975606,-18.06531270708035,0.4218761942528816,0.8387109836334906,1000,16.398157400287413,49.775289355371775,1000,339.52406030715235,744.0205287111457,1000,0.7354235764118161,1.3967743416294245,1000
level,KZT,wf_oos,,5,0.1988950276243093,0.2789634146341463,656,183,1.326086956521739,181,181,0,181,0,0.6666666666666666,0.2681159420289855,138,2023-01-10,2025-08-30,False,,0.1786464088397789,-41.50306014829752,811.5219014624208,-29.549266450381932,0.5391290427001777,0.9030245209712988,1000,16.626749524774034,37.73106190816145,1000,413.9460582611991,965.511762434481,1000,1.0367063062615862,1.4756208919645866,1000
level,TJS,wf_oos,,5,0.2823529411764706,0.3506097560975609,656,230,1.6666666666666667,85,85,0,85,0,0.8260869565217391,0.1231884057971014,138,2023-01-10,2025-08-30,True,683.2926157314092,0.2528235294117646,-19.49982281478408,685.1262935489632,-1.074510698739081,0.5717952630049405,1.085781370964456,1000,32.7342325847012,75.95869335750096,1000,336.77473276155445,753.1365882933557,1000,0.8374147990264297,1.923888226404959,1000
level,UZS,wf_oos,,5,0.1923076923076923,0.3109756097560975,656,204,1.4782608695652173,156,156,0,156,0,0.6956521739130435,0.2536231884057971,138,2023-01-10,2025-08-30,False,,0.1641025641025641,-29.44562408561308,699.7758726869812,-15.96372508688627,0.3965759363280045,0.8955386999429085,1000,23.170425754294055,46.10279632471322,1000,376.5176105002506,722.6914356852764,1000,1.0005377566019518,2.135289148309403,1000
logreg_a,AMD,wf_oos,5.0,5,0.2395833333333333,0.3277439024390244,656,215,1.5579710144927537,96,96,0,96,0,0.6811594202898551,0.1014492753623188,138,2023-01-10,2025-08-30,True,472.3526882370352,0.23828125,7.626166994568415,487.08568119751976,10.269459321431013,0.4038296313204823,1.118111686495083,1000,2.258495681498972,51.45920651267016,1000,246.1744194419431,680.6965730973795,1000,0.7270747475161972,1.734342483968558,1000
logreg_a,KGS,wf_oos,5.0,5,0.2615384615384615,0.3277439024390244,656,215,1.5579710144927537,65,65,0,65,0,0.7681159420289855,0.072463768115942,138,2023-01-10,2025-08-30,True,571.6894691994736,0.2822307692307692,-2.6805916041586864,668.8133042928442,-2.6167291558359684,0.3708882485311937,1.2379660065491966,1000,-19.95047498254648,18.996461787725337,1000,205.9186463567009,812.0986469953051,1000,0.636882036860365,1.4845026454835355,1000
logreg_a,KZT,wf_oos,5.0,5,0.1884057971014492,0.2789634146341463,656,183,1.326086956521739,69,69,0,69,0,0.7463768115942029,0.072463768115942,138,2023-01-10,2025-08-30,True,701.4989757223526,0.2076086956521739,-9.58444068231281,832.6757799264759,-12.702687761481991,0.4286130390260553,1.0250070676657168,1000,-20.300328053302596,26.5853966831023,1000,267.06223425887345,992.245827767586,1000,0.5903229482631175,1.5082339297585896,1000
logreg_a,TJS,wf_oos,5.0,5,0.3578947368421052,0.3506097560975609,656,230,1.6666666666666667,95,95,0,95,0,0.6594202898550725,0.0942028985507246,138,2023-01-10,2025-08-30,True,690.3106706244499,0.3231052631578947,15.587607630102356,692.5246341761598,20.205041109022815,0.7408939266445577,1.3279800853485064,1000,-0.6856355688580034,33.27957966607193,1000,329.64152935687696,766.9877793961929,1000,0.5504289366334397,1.7279393678941275,1000
logreg_a,UZS,wf_oos,5.0,5,0.28125,0.3109756097560975,656,204,1.4782608695652173,64,64,0,64,0,0.7463768115942029,0.072463768115942,138,2023-01-10,2025-08-30,True,783.2503260019075,0.292890625,-6.981467024243338,744.0396340561483,-18.493261904854347,0.3635729774812343,1.4377647352647351,1000,-17.277721083102282,28.272210230695347,1000,344.1422483927731,799.7051035233516,1000,0.2004470452866397,1.1217980814108268,1000
logreg_ab,AMD,wf_oos,5.0,5,0.275,0.3277439024390244,656,215,1.5579710144927537,40,40,0,40,0,0.8623188405797102,0.0434782608695652,138,2023-01-10,2025-08-30,True,303.86937985416785,0.252875,13.92648307438029,539.2984645718227,23.988187538002247,0.2460749101883045,1.9584348155416689,1000,-1.7415900948555414,70.4738874124584,1000,72.14744387013761,781.599033112146,1000,0.4527519036237983,2.7289885842054367,1000
logreg_ab,KGS,wf_oos,5.0,5,0.2424242424242424,0.3277439024390244,656,215,1.5579710144927537,33,33,0,33,0,0.8768115942028986,0.036231884057971,138,2023-01-10,2025-08-30,True,170.14185055294507,0.2783333333333334,17.270204789190316,193.89611007598847,14.79450467364008,0.1808809513243011,1.4506353992183136,1000,-8.93283635032902,32.9439547316182,1000,80.01869049705013,209.1741313121376,1000,0.3118790291720235,1.2561817613614443,1000
logreg_ab,KZT,wf_oos,5.0,5,0.1333333333333333,0.2789634146341463,656,183,1.326086956521739,30,30,0,30,0,0.8695652173913043,0.0289855072463768,138,2023-01-10,2025-08-30,True,342.41112242402096,0.1731666666666666,-9.099392238174762,641.2203658916006,1.2298363060031514,0.0,1.4912018086625414,1000,-9.003113865572773,86.39475852173162,1000,109.86451398540154,936.708439798468,1000,0.0,3.9676448091507823,1000
logreg_ab,TJS,wf_oos,5.0,5,0.425531914893617,0.3506097560975609,656,230,1.6666666666666667,47,47,0,47,0,0.8333333333333334,0.0507246376811594,138,2023-01-10,2025-08-30,True,520.5207593343899,0.3814893617021276,28.082705725876075,730.4638212263054,36.448374110669455,0.6385878848178382,1.747632831086439,1000,-8.047018673333323,55.488892158100874,1000,93.31183101480538,764.3914649765837,1000,0.7509802008064705,2.3822828668236835,1000
logreg_ab,UZS,wf_oos,5.0,5,0.3333333333333333,0.3109756097560975,656,204,1.4782608695652173,27,27,0,27,0,0.8768115942028986,0.0217391304347826,138,2023-01-10,2025-08-30,True,141.379057649472,0.3503703703703704,30.84934357423356,309.0790261201952,36.55907551390192,0.2765130938348794,1.9713577586206896,1000,0.496633884244663,83.51862392388902,1000,77.45099257367771,168.1428305053134,1000,0.699196877494924,6.357125466671352,1000
logreg_abc,AMD,wf_oos,5.0,5,,0.3277439024390244,656,215,1.5579710144927537,0,0,0,0,0,1.0,0.0,138,2023-01-10,2025-08-30,True,,,,,,,,0,,,0,,,0,,,0
logreg_abc,KGS,wf_oos,5.0,5,,0.3277439024390244,656,215,1.5579710144927537,0,0,0,0,0,1.0,0.0,138,2023-01-10,2025-08-30,True,,,,,,,,0,,,0,,,0,,,0
logreg_abc,KZT,wf_oos,5.0,5,,0.2789634146341463,656,183,1.326086956521739,0,0,0,0,0,1.0,0.0,138,2023-01-10,2025-08-30,True,,,,,,,,0,,,0,,,0,,,0
logreg_abc,TJS,wf_oos,5.0,5,0.6666666666666666,0.3506097560975609,656,230,1.6666666666666667,3,3,0,3,0,0.9855072463768116,0.0,138,2023-01-10,2025-08-30,True,90.05210973527318,0.5366666666666666,136.0437816965485,145.31319724500315,105.06654810424304,0.0,2.9285714285714284,725,56.19831430987654,77.4465412636771,725,0.0,270.15632920581953,725,0.2316872086812308,1.5872853638505489,646
logreg_abc,UZS,wf_oos,5.0,5,,0.3109756097560975,656,204,1.4782608695652173,0,0,0,0,0,1.0,0.0,138,2023-01-10,2025-08-30,True,,,,,,,,0,,,0,,,0,,,0
logreg_abcd,AMD,wf_oos,5.0,5,0.2849162011173184,0.3277439024390244,656,215,1.5579710144927537,179,179,0,179,0,0.5869565217391305,0.2608695652173913,138,2023-01-10,2025-08-30,False,,0.2675418994413407,5.301482589432611,567.3416298856247,16.60014676950002,0.6360203701605334,1.1325195584613958,1000,18.518125633379036,54.59852493110519,1000,374.4769512905606,654.5333262817629,1000,0.9370293618958192,1.7462789618336232,1000
logreg_abcd,KGS,wf_oos,5.0,5,0.3204419889502762,0.3277439024390244,656,215,1.5579710144927537,181,181,0,181,0,0.5362318840579711,0.2463768115942029,138,2023-01-10,2025-08-30,False,,0.3072651933701657,6.932984134680257,589.3979608876077,16.262118673458616,0.7510506855128619,1.2214373234558478,1000,9.025798329978455,37.538707069906096,1000,342.5427800580976,743.9400126554235,1000,0.93005117049226,1.6650124554194747,1000
logreg_abcd,KZT,wf_oos,5.0,5,0.2586206896551724,0.2789634146341463,656,183,1.326086956521739,174,174,0,174,0,0.5652173913043478,0.2391304347826087,138,2023-01-10,2025-08-30,False,,0.2493965517241379,-0.937543616417187,735.5541830206098,8.549609587843845,0.6766704414333267,1.2548225667031638,1000,14.279165484439906,47.862757380222774,1000,346.2042918749048,923.1658897714008,1000,0.9795509260152708,3.479577502862798,1000
logreg_abcd,TJS,wf_oos,5.0,5,0.3033707865168539,0.3506097560975609,656,230,1.6666666666666667,178,178,0,178,0,0.5579710144927537,0.2391304347826087,138,2023-01-10,2025-08-30,False,,0.2937359550561798,7.604572563798163,610.9883903705966,16.400334571845427,0.6737488716224801,1.0608182502768546,1000,11.496399672302038,47.27446018303428,1000,355.9472663716115,729.7470525074248,1000,1.0225101553899378,1.738738853679708,1000
logreg_abcd,UZS,wf_oos,5.0,5,0.3243243243243243,0.3109756097560975,656,204,1.4782608695652173,185,185,0,185,0,0.572463768115942,0.2753623188405797,138,2023-01-10,2025-08-30,False,,0.3053513513513513,7.3029575382928655,623.4716557242311,11.83660451716356,0.772101646510851,1.3869068443853003,1000,10.87336868680977,45.53548874128702,1000,364.9386734566271,781.9855607676332,1000,0.7767221695052127,1.6064147019910635,1000
momentum,AMD,wf_oos,,5,0.3033707865168539,0.3277439024390244,656,215,1.5579710144927537,89,89,0,89,0,0.6521739130434783,0.072463768115942,138,2023-01-10,2025-08-30,True,594.0467605332311,0.2125842696629213,-33.50696488112014,696.6120333254102,10.004280994418732,0.675631651617886,1.2115475431995404,1000,74.67762200352165,128.44001341379382,1000,462.0669199467145,686.1995031685294,1000,1.592267804013045,4.578451238962487,1000
momentum,KGS,wf_oos,,5,0.2608695652173913,0.3277439024390244,656,215,1.5579710144927537,92,92,0,92,0,0.6594202898550725,0.0869565217391304,138,2023-01-10,2025-08-30,True,580.0784386578019,0.1667934782608695,-49.483978144126816,675.8257777952313,-0.249004050073495,0.5761629653776673,1.0105522620323757,1000,62.208688055892736,118.38339363397546,1000,406.3516334961798,665.6695174877902,1000,1.8233092609560195,5.3057458381542055,1000
momentum,KZT,wf_oos,,5,0.2738095238095238,0.2789634146341463,656,183,1.326086956521739,84,84,0,84,0,0.6159420289855072,0.0434782608695652,138,2023-01-10,2025-08-30,True,560.6082156141459,0.1979166666666666,-36.41133221684454,774.2536658566515,10.873751412506,0.7579975576564182,1.3073038887618145,1000,69.56662396703308,121.87986756071268,1000,351.4310686994711,699.8641475245329,1000,1.814078384090033,12.937911681903454,1000
momentum,TJS,wf_oos,,5,0.2439024390243902,0.3506097560975609,656,230,1.6666666666666667,82,82,0,82,0,0.6884057971014492,0.0652173913043478,138,2023-01-10,2025-08-30,True,591.5868742732035,0.2080487804878049,-47.25840873506419,678.879869534529,-9.001942466924852,0.4510065902225895,0.9104450564009384,1000,64.8360195754465,114.9263050354992,1000,423.60846756046016,675.2669302880843,1000,1.205555338867165,3.350196782603977,1000
momentum,UZS,wf_oos,,5,0.2626262626262626,0.3109756097560975,656,204,1.4782608695652173,99,99,0,99,0,0.6014492753623188,0.0869565217391304,138,2023-01-10,2025-08-30,True,593.701492114418,0.175050505050505,-41.59095059683506,701.3215261139605,16.296759086278815,0.5885013632254307,1.0864780688701026,1000,76.26601459401839,123.81372914731452,1000,363.9201919524051,663.1195156778613,1000,1.8434749921349096,5.370592081363457,1000
random,AMD,wf_oos,,5,0.3640552995391705,0.3277439024390244,656,215,1.5579710144927537,217,217,0,217,0,0.1521739130434782,0.1739130434782608,138,2023-01-10,2025-08-30,False,,0.3541474654377879,22.957424961165053,587.2665824915294,30.86154723994031,0.9672144849053792,1.257637468076522,1000,3.3826779877497355,25.020295631711257,1000,396.0348395868092,620.818551556973,1000,1.0377943940031509,2.0472312700074102,1000
random,KGS,wf_oos,,5,0.3744292237442922,0.3277439024390244,656,215,1.5579710144927537,219,219,0,219,0,0.1594202898550724,0.1666666666666666,138,2023-01-10,2025-08-30,False,,0.3493835616438356,16.73113311706461,497.5587184643062,22.2835646533922,0.9816782149472858,1.3045915044037208,1000,-2.6553782040424405,21.297836505423167,1000,345.7471327224428,599.5360450990332,1000,0.8654701663252431,1.887734271745842,1000
random,KZT,wf_oos,,5,0.295,0.2789634146341463,656,183,1.326086956521739,200,200,0,200,0,0.1594202898550724,0.1521739130434782,138,2023-01-10,2025-08-30,False,,0.275075,-1.0548978578698245,701.6243150055991,-12.70988829266386,0.8421423539442725,1.234551152914222,1000,-17.82763073151618,11.391805372298432,1000,547.9389486045244,1076.6098483136725,1000,0.2296489330471706,0.895314619353977,1000
random,TJS,wf_oos,,5,0.3048128342245989,0.3506097560975609,656,230,1.6666666666666667,187,187,0,187,0,0.2318840579710145,0.144927536231884,138,2023-01-10,2025-08-30,False,,0.3040909090909091,6.071410089090271,629.0998776086681,4.320938565023768,0.7328119552636939,1.0047510206231294,1000,-16.68736535934212,5.989729973567485,1000,445.82796456307966,727.1414463865563,1000,0.9046573241100844,1.5206802720423187,1000
random,UZS,wf_oos,,5,0.3333333333333333,0.3109756097560975,656,204,1.4782608695652173,213,213,0,213,0,0.1304347826086956,0.1884057971014492,138,2023-01-10,2025-08-30,False,,0.3093427230046949,1.9858401083206951,614.2976678588255,-3.712373095930663,0.8717681404831605,1.3006135449016227,1000,-22.526940767169144,7.016419989430301,1000,492.54952325040256,795.2312971276285,1000,0.5180805748359365,1.401419556887615,1000
reversal,AMD,wf_oos,,5,0.3103448275862069,0.3277439024390244,656,215,1.5579710144927537,29,29,0,29,0,0.7971014492753623,0.0,138,2023-01-10,2025-08-30,True,384.9273806021687,0.2772413793103448,18.517678487653356,598.7100930886863,37.70996793391116,0.4554848171152519,1.6204105731674083,1000,22.2583826576996,106.6602095616046,1000,254.50915871383867,781.5990331121459,1000,0.4250285815058914,3.104534492243847,1000
reversal,KGS,wf_oos,,5,0.1666666666666666,0.3277439024390244,656,215,1.5579710144927537,30,30,0,30,0,0.7971014492753623,0.0,138,2023-01-10,2025-08-30,True,390.7200344841853,0.2421666666666667,5.137431813873033,516.711862641679,0.6771619121988341,0.163831055449913,0.8983943186666299,1000,8.123123923086121,57.08326526238845,1000,184.84035170180528,771.37600464801,1000,0.1201317571550519,1.939893599527704,1000
reversal,KZT,wf_oos,,5,0.2727272727272727,0.2789634146341463,656,183,1.326086956521739,33,33,0,33,0,0.782608695652174,0.0,138,2023-01-10,2025-08-30,True,474.6181324519099,0.2392424242424242,2.765745199827515,741.5032420988646,14.868328943610464,0.4732959422216812,1.64,1000,7.13161475846327,88.42049733421487,1000,283.135434704026,936.708439798468,1000,0.4749736896884842,2.735171871620264,1000
reversal,TJS,wf_oos,,5,0.3571428571428571,0.3506097560975609,656,230,1.6666666666666667,28,28,0,28,0,0.8043478260869565,0.0,138,2023-01-10,2025-08-30,True,395.00222997538305,0.2705357142857143,20.709457519588216,521.6712544990983,37.80171604268657,0.4398876764198865,1.543725968175154,1000,17.030928556803914,108.4515905295908,1000,183.5679065712248,770.8822510256064,1000,0.2951809517213827,4.8142759118641365,1000
reversal,UZS,wf_oos,,5,0.2121212121212121,0.3109756097560975,656,204,1.4782608695652173,33,33,0,33,0,0.7753623188405797,0.0,138,2023-01-10,2025-08-30,True,380.653227810404,0.2224242424242424,7.534248333322044,508.5451097557801,11.686608313457128,0.2363657355575459,1.30646756718728,1000,17.233169077629817,82.1260202139506,1000,192.90415190100552,799.7051035233516,1000,0.1595389554111818,3.062245452878125,1000
seasonality,AMD,wf_oos,,5,0.2573529411764705,0.3277439024390244,656,215,1.5579710144927537,136,136,0,136,0,0.717391304347826,0.1956521739130435,138,2023-01-10,2025-08-30,False,,0.240625,-6.55189061689853,471.385355582119,1.6065782838214848,0.4509114576887453,1.1330985768972268,1000,-10.54564210241015,24.767436505640426,1000,281.4785670892804,553.4846120538855,1000,0.9264553876165084,1.3096355255457537,1000
seasonality,KGS,wf_oos,,5,0.2993630573248407,0.3277439024390244,656,215,1.5579710144927537,157,157,0,157,0,0.6594202898550725,0.2391304347826087,138,2023-01-10,2025-08-30,False,,0.2879299363057325,-2.2322957216614077,605.0934319323235,4.369703999028797,0.6173535598666698,1.195186401927945,1000,-14.232117091014947,17.67064105772837,1000,336.8258116229428,752.1777546479436,1000,0.9099176512235678,1.2583691442581844,1000
seasonality,KZT,wf_oos,,5,0.232258064516129,0.2789634146341463,656,183,1.326086956521739,155,155,0,155,0,0.6739130434782609,0.2246376811594203,138,2023-01-10,2025-08-30,False,,0.2401290322580644,-7.789219729514449,723.9879776862115,-10.584570148424758,0.5831941151636172,1.185452916610738,1000,-17.5125854762463,13.04546668899874,1000,403.0008124007249,952.0615899655794,1000,0.6790092926102229,1.2401018420810603,1000
seasonality,TJS,wf_oos,,5,0.3106060606060606,0.3506097560975609,656,230,1.6666666666666667,132,132,0,132,0,0.7246376811594203,0.1884057971014492,138,2023-01-10,2025-08-30,False,,0.3092045454545454,6.296824296830884,637.9248239354254,8.637129119779928,0.620160150389237,1.1089407583292266,1000,-12.599774479592574,26.21879658151822,1000,362.75257787620154,744.9711391378613,1000,0.8755088778690763,1.390750575264576,1000
seasonality,UZS,wf_oos,,5,0.3381294964028777,0.3109756097560975,656,204,1.4782608695652173,139,139,0,139,0,0.7101449275362319,0.1956521739130435,138,2023-01-10,2025-08-30,False,,0.3104316546762589,-1.2458216852311517,705.4019281151772,-0.0325736114710746,0.7472844153842767,1.491491294549698,1000,-15.006116463354234,27.63991977437623,1000,427.32799453139586,786.2699404396436,1000,0.7900088705615312,1.2238469360010695,1000
catboost_ab,AMD,oot,5.0,10,0.2307692307692307,0.2352941176470588,238,56,1.0566037735849056,13,13,0,13,0,0.9056603773584906,0.0566037735849056,53,2025-09-02,2026-09-02,True,314.53028750870044,0.2488461538461538,74.49124167155293,343.1197670036638,59.15517760555747,0.0,3.066819291819292,996,-216.09811715090672,77.2917471724206,996,241.3476324566144,385.44240206191074,996,0.3407169427277726,1.097609618383683,745
catboost_ab,AMD,wf_2022,5.0,10,0.09375,0.2388663967611336,247,59,1.156862745098039,32,32,0,32,0,0.7254901960784313,0.0980392156862745,51,2022-01-11,2022-12-31,True,1339.0765716842088,0.115,25.983675512443245,1447.950137374886,-24.76677314061473,0.0,1.4114573996265172,1000,-119.51678168798674,252.9726403687587,1000,684.0472120949826,2154.35554905911,1000,0.0,1.7663411246522265,996
catboost_ab,AMD,wf_2023,5.0,10,0.2577319587628865,0.3198380566801619,247,79,1.5490196078431373,97,97,0,97,0,0.4705882352941176,0.392156862745098,51,2023-01-10,2023-12-30,True,738.5229405074427,0.2374742268041237,9.480451058409288,746.7754609012278,24.922620377563447,0.4571381369822262,1.198078596607182,1000,15.672230540297251,104.59414807720034,1000,507.6257219466643,773.1890715936003,1000,0.9737152885308008,2.233744875459935,1000
catboost_ab,AMD,wf_2024,5.0,10,0.2,0.2903225806451613,248,72,1.411764705882353,40,40,0,40,0,0.7254901960784313,0.1372549019607843,51,2024-01-10,2024-12-29,True,466.305248669598,0.2245,25.609231976413803,670.0719986530802,21.85097102927178,0.1338329824561403,1.5385093167701864,1000,-21.68073184479499,54.436363250358866,1000,134.2052313883313,726.5623107910636,1000,0.3250481049760498,2.407448523484612,1000
catboost_ab,AMD,wf_2025,5.0,10,,0.1428571428571428,161,23,0.6764705882352942,0,0,0,0,0,1.0,0.0,34,2025-01-10,2025-08-30,True,,,,,,,,0,,,0,,,0,,,0
catboost_ab,KGS,oot,5.0,10,0.3076923076923077,0.2226890756302521,238,53,1.0,17,13,4,13,4,0.8679245283018868,0.0566037735849056,53,2025-09-02,2026-09-02,True,420.5998727650417,0.3007692307692308,58.87811878447468,560.86720347996,47.67519454868461,0.0,2.747998599603221,999,-214.24619991733152,55.112768491593954,999,306.9649048041367,560.86720347996,999,0.5035767994158626,2.1055578936958024,796
catboost_ab,KGS,wf_2022,5.0,10,0.0606060606060606,0.2064777327935222,247,51,1.0,33,33,0,33,0,0.6862745098039216,0.0784313725490196,51,2022-01-11,2022-12-31,True,1740.1151836481022,0.1009090909090908,-159.13420576162395,1887.6930836927024,-173.5197868912686,0.0,0.7960691094619664,1000,-26.414359677722647,140.92566079951197,1000,477.1736404009253,1976.329501483278,1000,0.0,2.2192689855791934,997
catboost_ab,KGS,wf_2023,5.0,10,0.2941176470588235,0.2995951417004048,247,74,1.4509803921568627,102,102,0,102,0,0.392156862745098,0.4313725490196078,51,2023-01-10,2023-12-30,False,,0.2644117647058823,27.32275157620261,691.6281885382631,49.296743106658,0.734525776602776,1.320298342450945,1000,13.35738175774701,95.09345100437906,1000,269.4536009962055,726.7089892061435,1000,1.0301270570638117,2.5814293644560538,1000
catboost_ab,KGS,wf_2024,5.0,10,0.1818181818181818,0.2943548387096774,248,73,1.431372549019608,55,55,0,55,0,0.6078431372549019,0.1764705882352941,51,2024-01-10,2024-12-29,True,639.2736595501556,0.1662727272727272,-10.323853514487505,757.7093009060779,1.615928000264132,0.1935659153667472,1.1481570100511131,1000,-28.749410438777172,44.20134756059869,1000,266.7331988110079,812.0986469953051,1000,0.466864236549052,2.7708516738050077,1000
catboost_ab,KGS,wf_2025,5.0,10,0.0,0.124223602484472,161,20,0.5882352941176471,1,1,0,1,0,0.9705882352941176,0.0,34,2025-01-10,2025-08-30,True,47.229445236256495,0.355,131.44058820898965,21.191615984681313,19.010883936798617,0.0,0.0,248,-29.004442916737982,-29.004442916737982,248,47.229445236256495,47.229445236256495,248,0.0,0.0,53
catboost_ab,KZT,oot,5.0,10,0.2068965517241379,0.2731092436974789,238,65,1.2264150943396226,29,29,0,29,0,0.7547169811320755,0.0754716981132075,53,2025-09-02,2026-09-02,True,597.925875995557,0.2729310344827586,71.79050887572485,738.0041957191788,62.50914009932775,0.0,1.470931044053633,1000,-112.05712819287744,32.5591177099914,1000,290.30233000080204,788.4689574436953,1000,0.0,3.210784425776428,1000
catboost_ab,KZT,wf_2022,5.0,10,0.2105263157894736,0.2064777327935222,247,51,1.0,38,38,0,38,0,0.6470588235294118,0.0980392156862745,51,2022-01-11,2022-12-31,True,1722.979562428633,0.19,-62.04421114093095,1803.6494678702215,-49.60216136564087,0.4987671356421356,2.213346774193549,1000,-63.25924073256387,387.2870094784026,1000,1058.5778738953743,1760.1696219414189,1000,0.7920921813161316,6.891580308381231,999
catboost_ab,KZT,wf_2023,5.0,10,0.2352941176470588,0.2834008097165992,247,70,1.3725490196078431,102,102,0,102,0,0.3725490196078431,0.4117647058823529,51,2023-01-10,2023-12-30,False,,0.2343627450980392,46.28874597654119,615.4260632110787,59.69722092522749,0.3978625081383583,1.2619099020322972,1000,24.611323980932873,125.1042188019756,1000,431.2662995633701,635.7296724962604,1000,0.7624037828109076,4.301830282785443,1000
catboost_ab,KZT,wf_2024,5.0,10,0.1282051282051282,0.2056451612903226,248,51,1.0,39,39,0,39,0,0.7254901960784313,0.1176470588235294,51,2024-01-10,2024-12-29,True,503.57627358287266,0.1378205128205128,-1.091942111503874,620.0764500679688,-4.761056573768738,0.1538768115942029,1.1447037037037038,1000,-22.5772330437011,60.012986894473705,1000,182.0166475993538,681.9489079213304,1000,0.4076486733975816,1.888126574409552,998
catboost_ab,KZT,wf_2025,5.0,10,,0.0993788819875776,161,16,0.4705882352941176,0,0,0,0,0,1.0,0.0,34,2025-01-10,2025-08-30,True,,,,,,,,0,,,0,,,0,,,0
catboost_ab,TJS,oot,5.0,10,0.4642857142857143,0.226890756302521,238,54,1.018867924528302,29,28,1,28,1,0.7358490566037735,0.0754716981132075,53,2025-09-02,2026-09-02,True,576.8671997421957,0.46875,96.633868111999,578.1484117733514,88.3673132612769,0.5622485950902101,3.0009803921568623,1000,-176.28425834776309,10.44761286886668,1000,342.8975430266357,710.1687762173548,1000,0.3262218856080869,1.1719920515059778,996
catboost_ab,TJS,wf_2022,5.0,10,0.0769230769230769,0.2307692307692307,247,57,1.1176470588235294,39,39,0,39,0,0.6470588235294118,0.1176470588235294,51,2022-01-11,2022-12-31,True,3937.9972435401273,0.0807692307692307,-287.5263129610012,4061.212536073924,-309.9102638845224,0.0925263432062706,0.9718051046176044,1000,-232.8705007910815,213.87824351193453,1000,740.4580467618626,4206.4938555888575,1000,0.1717542303687791,18.577384929697217,1000
catboost_ab,TJS,wf_2023,5.0,10,0.2209302325581395,0.2793522267206478,247,69,1.3529411764705883,86,86,0,86,0,0.4705882352941176,0.3333333333333333,51,2023-01-10,2023-12-30,True,601.9660943603169,0.1984883720930232,21.384563127439733,630.7584753828712,39.7447425794289,0.5409361147977255,1.127199323222439,1000,21.66447933845368,116.7581908306876,1000,368.4617022680173,688.1416706310345,1000,0.9753171954829188,2.701336839755707,1000
catboost_ab,TJS,wf_2024,5.0,10,0.2972972972972973,0.2943548387096774,248,73,1.431372549019608,37,37,0,37,0,0.7254901960784313,0.1568627450980392,51,2024-01-10,2024-12-29,True,688.1821064619347,0.2828378378378379,14.876020009290082,773.0953513204363,14.846120343785609,0.4071750539296178,1.6031057999214025,1000,-17.45527718244628,64.98348734494985,1000,208.64904524121897,764.3914649765837,1000,0.6711818145518038,1.8419088378152195,1000
catboost_ab,TJS,wf_2025,5.0,10,,0.2360248447204969,161,38,1.1176470588235294,0,0,0,0,0,1.0,0.0,34,2025-01-10,2025-08-30,True,,,,,,,,0,,,0,,,0,,,0
catboost_ab,UZS,oot,5.0,10,0.2222222222222222,0.2647058823529412,238,63,1.1886792452830188,22,18,4,18,4,0.8113207547169812,0.0754716981132075,53,2025-09-02,2026-09-02,True,496.0808866837048,0.2733333333333334,42.04226972242832,590.6355684644558,21.107667350101615,0.0,1.7344178628389153,1000,-183.50999613368575,31.473444067957978,1000,401.38674515525,636.521209764016,1000,0.0,1.0293133533247028,947
catboost_ab,UZS,wf_2022,5.0,10,0.1578947368421052,0.2064777327935222,247,51,1.0,38,38,0,38,0,0.6470588235294118,0.0980392156862745,51,2022-01-11,2022-12-31,True,2941.0731926068843,0.1653947368421052,-260.18828785822285,3302.5111014528584,-309.2422727554205,0.1330394236060161,1.7708967555741748,1000,-160.2074287884409,202.1206322569749,1000,973.2287030769814,3510.345185072947,1000,0.088295138952497,1.569277192063918,1000
catboost_ab,UZS,wf_2023,5.0,10,0.25,0.3036437246963562,247,75,1.4705882352941178,104,104,0,104,0,0.4509803921568627,0.4313725490196078,51,2023-01-10,2023-12-30,False,,0.2449038461538462,34.16058032726288,620.719338883698,47.23354924220045,0.5114280473655474,1.271767864250731,1000,30.828366053357648,119.5044876385434,1000,403.590475185829,647.8734855455922,1000,1.0142027181036606,2.5109548156952224,1000
catboost_ab,UZS,wf_2024,5.0,10,0.2105263157894736,0.2620967741935484,248,65,1.2745098039215683,38,38,0,38,0,0.6862745098039216,0.1176470588235294,51,2024-01-10,2024-12-29,True,706.5252643137021,0.1871052631578947,-3.556760522439069,763.7134102597436,-10.884032698864996,0.191880917126576,1.5319799050054803,1000,-51.158167863672126,34.37671923234153,1000,297.8593054317846,789.5460713718116,1000,0.2645001661764403,1.9573512380944111,1000
catboost_ab,UZS,wf_2025,5.0,10,0.0,0.0993788819875776,161,16,0.4705882352941176,4,4,0,4,0,0.9705882352941176,0.0294117647058823,34,2025-01-10,2025-08-30,True,120.52100814217036,0.205,109.41748231419336,163.4374417303415,55.303620048653414,0.0,0.0,257,-116.161219464761,-39.25857450838898,257,145.73621729116138,168.1428305053134,257,0.0,0.0,64
catboost_abcd,AMD,oot,5.0,10,0.0,0.2352941176470588,238,56,1.0566037735849056,1,1,0,1,0,0.981132075471698,0.0,53,2025-09-02,2026-09-02,True,54.78572216018218,0.82,316.0660612425261,9.861429988832793,279.743914879822,0.0,0.0,695,15.370282848616856,15.370282848616858,695,54.78572216018218,54.78572216018218,695,0.0,0.0,602
catboost_abcd,AMD,wf_2022,5.0,10,,0.2388663967611336,247,59,1.156862745098039,0,0,0,0,0,1.0,0.0,51,2022-01-11,2022-12-31,True,,,,,,,,0,,,0,,,0,,,0
catboost_abcd,AMD,wf_2023,5.0,10,0.1538461538461538,0.3198380566801619,247,79,1.5490196078431373,52,52,0,52,0,0.6666666666666666,0.196078431372549,51,2023-01-10,2023-12-30,True,738.5229405074427,0.1538461538461538,-10.968677534182683,750.2512718779096,-14.86676033870555,0.193920902985538,0.8445289855072463,1000,-34.468659472098906,94.80540030469662,1000,483.3543390644528,790.5762550969774,1000,0.4682596064500849,1.511147767343204,1000
catboost_abcd,AMD,wf_2024,5.0,10,0.0,0.2903225806451613,248,72,1.411764705882353,4,4,0,4,0,0.9215686274509804,0.0,51,2024-01-10,2024-12-29,True,96.85910774134275,0.245,71.47766962243023,209.68353731581615,63.2082904720388,0.0,0.0,971,-57.38897779456353,125.41340539276248,971,10.465235378729345,230.14840335625397,971,0.0,0.0,914
catboost_abcd,AMD,wf_2025,5.0,10,0.0526315789473684,0.1428571428571428,161,23,0.6764705882352942,19,19,0,19,0,0.6764705882352942,0.0588235294117647,34,2025-01-10,2025-08-30,True,551.9922194184787,0.161578947368421,-37.3117713116116,923.4698240657988,-45.694897581873384,0.0,0.5161088709677419,1000,-91.07773642790644,19.8663041144014,1000,177.27873444188137,940.1093463242138,1000,0.0,0.5339509119722958,999
catboost_abcd,KGS,oot,5.0,10,0.25,0.2226890756302521,238,53,1.0,4,4,0,4,0,0.9433962264150944,0.0,53,2025-09-02,2026-09-02,True,60.17346239661437,0.37875,84.13910512236446,473.33612969322974,173.82793582594255,0.0,2.5072407750979178,784,-126.88241485138974,15.510182134681472,784,52.121510979614705,147.4690723380645,784,0.0,23.059744586740404,764
catboost_abcd,KGS,wf_2022,5.0,10,,0.2064777327935222,247,51,1.0,0,0,0,0,0,1.0,0.0,51,2022-01-11,2022-12-31,True,,,,,,,,0,,,0,,,0,,,0
catboost_abcd,KGS,wf_2023,5.0,10,0.24,0.2995951417004048,247,74,1.4509803921568627,50,50,0,50,0,0.6666666666666666,0.196078431372549,51,2023-01-10,2023-12-30,True,690.8351325099806,0.2416,12.442609427425504,715.2975118059039,15.812057039477695,0.4542143669734048,1.2625381910592417,1000,-43.55918939509846,110.27683620536608,1000,238.97869393078233,730.2478836812809,1000,0.7729185570259995,1.4026595478327344,1000
catboost_abcd,KGS,wf_2024,5.0,10,0.1428571428571428,0.2943548387096774,248,73,1.431372549019608,7,7,0,7,0,0.8823529411764706,0.0,51,2024-01-10,2024-12-29,True,123.6840638169068,0.3428571428571427,64.42594201736475,214.3373920789559,35.09067303390163,0.0,1.635929824561402,993,-59.056194363943746,51.26088511181144,993,25.99210544865116,186.8294123437342,993,0.0,1.0111125565664545,973
catboost_abcd,KGS,wf_2025,5.0,10,0.0909090909090909,0.124223602484472,161,20,0.5882352941176471,22,22,0,22,0,0.6470588235294118,0.088235294117647,34,2025-01-10,2025-08-30,True,609.331493689678,0.1286363636363636,-30.544953550743244,928.4450269046796,-35.657905641375734,0.0,0.7319437799043061,1000,-84.15620759854843,27.76367880372758,1000,216.5745620493853,961.8423300307466,1000,0.0,0.8462294760920759,997
catboost_abcd,KZT,oot,5.0,10,0.3333333333333333,0.2731092436974789,238,65,1.2264150943396226,3,3,0,3,0,0.9433962264150944,0.0,53,2025-09-02,2026-09-02,True,42.96672871611691,0.6,296.45565507617397,270.7462795788494,319.88458919828855,0.0,2.5833333333333335,793,-204.79554081976104,43.50186447162674,793,62.155042649272296,66.74514349907845,793,0.0,11.80540261083141,774
catboost_abcd,KZT,wf_2022,5.0,10,,0.2064777327935222,247,51,1.0,0,0,0,0,0,1.0,0.0,51,2022-01-11,2022-12-31,True,,,,,,,,0,,,0,,,0,,,0
catboost_abcd,KZT,wf_2023,5.0,10,0.2105263157894736,0.2834008097165992,247,70,1.3725490196078431,38,38,0,38,0,0.6862745098039216,0.0980392156862745,51,2023-01-10,2023-12-30,True,518.7116864812901,0.1813157894736841,4.3629174046573835,582.634648957466,10.678406226275555,0.2449498586091328,1.3727194041867952,1000,-89.12353966589288,103.28904626803306,1000,358.5134103650678,653.7904511543569,1000,0.7276597094769979,2.589044661859357,998
catboost_abcd,KZT,wf_2024,5.0,10,0.0,0.2056451612903226,248,51,1.0,6,6,0,6,0,0.9019607843137256,0.0,51,2024-01-10,2024-12-29,True,325.5108234280488,0.2058333333333333,-20.329008544767877,540.6614696008781,-73.02409138438826,0.0,0.0,967,-109.64679898117224,45.145608383156954,967,16.448505803903224,659.1539546615288,967,0.0,0.0,876
catboost_abcd,KZT,wf_2025,5.0,10,0.04,0.0993788819875776,161,16,0.4705882352941176,25,25,0,25,0,0.5588235294117647,0.088235294117647,34,2025-01-10,2025-08-30,True,892.2244159638337,0.0916,-50.089298167288206,1022.9794028633202,-64.73091081163717,0.0,2.0125,1000,-99.59717132189384,9.12654724147967,1000,547.2410632038682,1041.777647152471,1000,0.0,1.3265237807416266,1000
catboost_abcd,TJS,oot,5.0,10,0.5,0.226890756302521,238,54,1.018867924528302,4,4,0,4,0,0.9622641509433962,0.0188679245283018,53,2025-09-02,2026-09-02,True,86.25125119293975,0.19625,-71.55112654838072,532.3360035310994,102.193454560891,0.7918437118437118,6.101063164477796,825,-165.02174883277755,-35.72591934418057,825,0.0,272.94413236015333,825,3.190459365701221,53.40719208824958,779
catboost_abcd,TJS,wf_2022,5.0,10,,0.2307692307692307,247,57,1.1176470588235294,0,0,0,0,0,1.0,0.0,51,2022-01-11,2022-12-31,True,,,,,,,,0,,,0,,,0,,,0
catboost_abcd,TJS,wf_2023,5.0,10,0.1794871794871795,0.2793522267206478,247,69,1.3529411764705883,39,39,0,39,0,0.7254901960784313,0.1568627450980392,51,2023-01-10,2023-12-30,True,583.3098204802942,0.1696153846153846,19.404716000514444,670.2946806521891,28.53152574223215,0.2087823915948916,1.1698848362658842,999,4.664821839058793,167.81820631234092,999,152.52933891319876,709.4913816040216,999,0.7275593941121035,2.3851933732382133,997
catboost_abcd,TJS,wf_2024,5.0,10,0.3333333333333333,0.2943548387096774,248,73,1.431372549019608,6,6,0,6,0,0.8823529411764706,0.0,51,2024-01-10,2024-12-29,True,52.029511899787096,0.4133333333333333,93.18874885290592,178.22211751854252,83.03131659763393,0.0,2.583333333333333,998,-25.89712552905653,96.25097493575548,998,10.577405453107149,144.08071992140225,998,0.0,1.5649961674109825,984
catboost_abcd,TJS,wf_2025,5.0,10,0.2857142857142857,0.2360248447204969,161,38,1.1176470588235294,14,14,0,14,0,0.7647058823529411,0.0588235294117647,34,2025-01-10,2025-08-30,True,642.7809999841859,0.2846428571428571,11.68876783462012,994.9712025210366,30.68033973618782,0.0,2.2361111111111107,1000,-111.38440202998255,111.26403042526644,1000,66.88653665658518,1008.2134835227464,1000,0.0,2.918745479784641,998
catboost_abcd,UZS,oot,5.0,10,0.0,0.2647058823529412,238,63,1.1886792452830188,4,4,0,4,0,0.9433962264150944,0.0,53,2025-09-02,2026-09-02,True,82.20509218987593,0.38375,84.48009712796932,429.9444995949472,132.53142007958462,0.0,0.0,775,-179.8232790188661,39.11630637518648,775,24.8135892615986,183.20928381018177,775,0.0,0.0,733
catboost_abcd,UZS,wf_2022,5.0,10,,0.2064777327935222,247,51,1.0,0,0,0,0,0,1.0,0.0,51,2022-01-11,2022-12-31,True,,,,,,,,0,,,0,,,0,,,0
catboost_abcd,UZS,wf_2023,5.0,10,0.196078431372549,0.3036437246963562,247,75,1.4705882352941178,51,51,0,51,0,0.7058823529411765,0.196078431372549,51,2023-01-10,2023-12-30,True,570.7890541701884,0.2120588235294118,19.494373771970864,614.537366795113,16.572128618740265,0.2327341459102356,1.292825446215094,1000,-21.796012846076252,118.9857796963304,1000,393.13453995818537,651.4464835359602,1000,0.681267825284986,1.1568747908464507,999
catboost_abcd,UZS,wf_2024,5.0,10,0.4,0.2620967741935484,248,65,1.2745098039215683,5,5,0,5,0,0.9019607843137256,0.0,51,2024-01-10,2024-12-29,True,73.96680686910662,0.4590000000000001,69.82214604919467,236.45875919290705,70.23711847409751,0.0,3.672914837576823,982,-45.94532460987288,71.81578101358892,982,0.0,259.7916111586662,982,0.0,2.02966476844614,929
catboost_abcd,UZS,wf_2025,5.0,10,0.1052631578947368,0.0993788819875776,161,16,0.4705882352941176,19,19,0,19,0,0.6764705882352942,0.0588235294117647,34,2025-01-10,2025-08-30,True,627.451637613889,0.1242105263157894,-32.44150580085797,1037.239609388176,-33.789607939047684,0.0,2.5555555555555554,1000,-105.70770025204796,30.33139081479469,1000,182.91187864720283,1050.8687759952284,1000,0.0,3.488416025798753,998
level,AMD,oot,,10,0.238095238095238,0.2352941176470588,238,56,1.0566037735849056,42,42,0,42,0,0.7169811320754716,0.1320754716981132,53,2025-09-02,2026-09-02,True,366.1011660097237,0.1663095238095238,28.179313763651912,384.259546042709,58.70758082135415,0.560664370638114,1.923589015151515,1000,80.16511220826706,141.69410560643036,1000,127.9189389484435,401.9476402789457,1000,1.2460142812215875,3.9854183501951006,1000
level,AMD,wf_2022,,10,0.09375,0.2388663967611336,247,59,1.156862745098039,32,32,0,32,0,0.8235294117647058,0.1372549019607843,51,2022-01-11,2022-12-31,True,1395.7792034513873,0.10265625,60.18016233704806,1775.9329957243629,114.8024347602431,0.0,1.1588149350649326,974,125.06627852597708,466.2861835148911,974,648.4851387159619,1804.0556227134075,974,0.7528416892678242,6.293748113061346,911
level,AMD,wf_2023,,10,0.12,0.3198380566801619,247,79,1.5490196078431373,25,25,0,25,0,0.8823529411764706,0.0980392156862745,51,2023-01-10,2023-12-30,True,500.185777336708,0.1134,-49.52901977226525,513.5496009626928,-43.38439673742691,0.0,1.056516881902574,938,3.1040385470759713,147.39676739493044,938,37.86415269298571,514.6189721364491,938,0.9898053453091848,1.8019107913505472,796
level,AMD,wf_2024,,10,0.2857142857142857,0.2903225806451613,248,72,1.411764705882353,28,28,0,28,0,0.8431372549019608,0.1372549019607843,51,2024-01-10,2024-12-29,True,293.66480426030915,0.2323214285714285,91.10435055384454,528.9745958351308,133.50644696650554,0.4313240093240093,2.1409389461113593,988,99.76279757417876,250.9486894959854,988,173.65931767275634,529.34288307523,988,0.9892418407909008,4.894607944427379,983
level,AMD,wf_2025,,10,0.1477272727272727,0.1428571428571428,161,23,0.6764705882352942,88,88,0,88,0,0.2941176470588235,0.5294117647058824,34,2025-01-10,2025-08-30,True,931.5594870505572,0.1193181818181818,-62.34442251292328,940.804757977512,-52.06012010267031,0.7665217391304348,1.4549732960881638,1000,17.55388061055177,70.36896600096165,1000,277.05818168945314,972.7116957048102,1000,1.0456331283987448,2.432549742560852,1000
level,KGS,oot,,10,0.180327868852459,0.2226890756302521,238,53,1.0,61,61,0,61,0,0.6226415094339622,0.2075471698113207,53,2025-09-02,2026-09-02,True,445.8036483733205,0.131639344262295,-11.021730305953682,505.2642417573708,7.602523935489267,0.4168275687232943,1.4504049980022518,1000,52.60537502762583,122.176343459474,1000,274.08042930940456,533.2319118262924,1000,1.2510315155068,2.9676686886591734,999
level,KGS,wf_2022,,10,0.1428571428571428,0.2064777327935222,247,51,1.0,42,42,0,42,0,0.7647058823529411,0.1764705882352941,51,2022-01-11,2022-12-31,True,1490.7366200857537,0.1029761904761904,-106.02561453308914,1735.3053031401537,-16.217494548170436,0.2516388060565305,2.7824776306919157,999,119.19873323776436,699.2052352405767,999,379.06342772675794,1760.111611461075,999,1.128928843714532,659.0172983532746,994
level,KGS,wf_2023,,10,0.2857142857142857,0.2995951417004048,247,74,1.4509803921568627,14,14,0,14,0,0.9215686274509804,0.0588235294117647,51,2023-01-10,2023-12-30,True,228.67440442304155,0.3260714285714285,44.57213765452376,455.2180219895991,63.225647780130025,0.0,1.7152777777777777,890,-62.05911502361272,132.95417093022843,890,48.43638647646253,425.30647471520354,890,0.6651842529131184,1.6232040926877132,814
level,KGS,wf_2024,,10,0.3636363636363636,0.2943548387096774,248,73,1.431372549019608,22,22,0,22,0,0.8627450980392157,0.0784313725490196,51,2024-01-10,2024-12-29,True,573.9168155493792,0.3284090909090909,100.0727916122234,761.2455440439683,129.9697576616693,0.7185507246376812,3.4602112676056302,988,90.42239664811552,244.0059749827206,988,0.0,710.4595313612672,988,0.956644462083715,6.754120200560379,982
level,KGS,wf_2025,,10,0.0909090909090909,0.124223602484472,161,20,0.5882352941176471,99,99,0,99,0,0.2647058823529412,0.6176470588235294,34,2025-01-10,2025-08-30,True,992.529037582079,0.0846969696969696,-73.03813924383847,993.4258579265352,-67.11211334128662,0.4556325042881646,1.4124504470310388,1000,13.20426373031972,59.61852337804182,1000,412.5341264824926,1048.3481971399035,1000,0.9258181339207368,1.833592075616532,1000
level,KZT,oot,,10,0.3157894736842105,0.2731092436974789,238,65,1.2264150943396226,19,19,0,19,0,0.8679245283018868,0.0754716981132075,53,2025-09-02,2026-09-02,True,299.2700737314546,0.2571052631578946,65.6817975269211,475.230392693063,116.67206894769102,0.4106770833333333,4.675390058055153,986,119.18592360708686,253.63251155636985,986,0.0,370.06399037409653,986,0.973011014074227,9.890998013000722,978
level,KZT,wf_2022,,10,0.1764705882352941,0.2064777327935222,247,51,1.0,51,51,0,51,0,0.7058823529411765,0.2156862745098039,51,2022-01-11,2022-12-31,True,1821.5194968588637,0.1415686274509804,-169.35652267059325,1876.5174572390256,-74.99956951138563,0.4210227272727272,2.26196130952381,1000,99.96731577044044,676.1954214501694,1000,796.3356689487952,1922.7321289761248,1000,1.0682516443807346,16.100769562779615,998
level,KZT,wf_2023,,10,0.1428571428571428,0.2834008097165992,247,70,1.3725490196078431,21,21,0,21,0,0.8823529411764706,0.0784313725490196,51,2023-01-10,2023-12-30,True,368.7837233174536,0.1228571428571428,13.396822098314194,456.6873037190624,30.50179985034952,0.0,1.715277777777778,935,51.613052353898446,196.26153841647456,935,53.98096570589761,448.8195193851507,935,0.0,2.2812527462994185,798
level,KZT,wf_2024,,10,0.0888888888888888,0.2056451612903226,248,51,1.0,45,45,0,45,0,0.803921568627451,0.196078431372549,51,2024-01-10,2024-12-29,True,1005.6257932922788,0.0966666666666666,-67.02648789084425,1015.1185111693704,-62.58378285881174,0.0,0.9719536937582048,985,-19.15392859410661,138.9092862977295,985,219.5130150263891,1025.8897344514703,985,0.6648369431404212,1.2102481870432868,963
level,KZT,wf_2025,,10,0.1043478260869565,0.0993788819875776,161,16,0.4705882352941176,115,115,0,115,0,0.1176470588235294,0.6764705882352942,34,2025-01-10,2025-08-30,False,,0.0884782608695652,-81.4935907331929,931.4077961741464,-64.71366152899914,0.8862222827787367,1.278033333333333,1000,22.96390311577799,60.0618084363322,1000,621.105701066558,942.706515549514,1000,1.172029352894446,2.7327686002630385,1000
level,TJS,oot,,10,0.1714285714285714,0.226890756302521,238,54,1.018867924528302,70,70,0,70,0,0.5849056603773585,0.2075471698113207,53,2025-09-02,2026-09-02,True,357.8075006616297,0.1517857142857142,11.226911170790036,418.2499531555152,23.380127163549982,0.4901125262284682,1.3053615940303247,1000,43.91070877446016,113.07520725009503,1000,249.94649650340844,400.0908212562952,1000,1.208328941265857,2.2697924252508295,1000
level,TJS,wf_2022,,10,0.1538461538461538,0.2307692307692307,247,57,1.1176470588235294,39,39,0,39,0,0.7843137254901961,0.1764705882352941,51,2022-01-11,2022-12-31,True,1685.7980867509436,0.1314102564102564,-133.16307046813913,2318.902121706166,9.626183888595271,0.0,1.9395945921922768,994,78.4194381215352,750.838471727073,994,419.4704943125793,1919.1343748703105,994,0.9763118619550668,30832.92448970769,923
level,TJS,wf_2023,,10,0.25,0.2793522267206478,247,69,1.3529411764705883,12,12,0,12,0,0.9411764705882352,0.0588235294117647,51,2023-01-10,2023-12-30,True,108.99334410321649,0.2316666666666666,90.41539472941696,418.4873441622619,123.242036489144,0.0,1.7642857142857145,850,112.45434503837002,158.45959446359691,850,34.2962832917526,178.58633999578765,850,0.8914807247844717,6.555349840224994,798
level,TJS,wf_2024,,10,0.3,0.2943548387096774,248,73,1.431372549019608,30,30,0,30,0,0.803921568627451,0.1176470588235294,51,2024-01-10,2024-12-29,True,421.986590350269,0.2486666666666666,90.31544487873651,688.2040681947267,127.97959510745714,0.4328096420568106,1.8846532746285083,988,84.21500885258148,172.9937371779722,988,130.52163321891538,669.0258274905814,988,0.9523381715572878,3.565228780960927,980
level,TJS,wf_2025,,10,0.1860465116279069,0.2360248447204969,161,38,1.1176470588235294,43,43,0,43,0,0.6764705882352942,0.2352941176470588,34,2025-01-10,2025-08-30,True,996.7798523982068,0.1602325581395349,-94.5306248274016,1034.255521713096,-82.25502238217831,0.1538311688311688,1.5193364884347766,999,19.586021708330993,155.14369092201073,999,274.48769317306443,1052.5990145892306,999,0.9747248776585096,3.205850709208227,984
level,UZS,oot,,10,0.2653061224489796,0.2647058823529412,238,63,1.1886792452830188,49,49,0,49,0,0.6981132075471698,0.1698113207547169,53,2025-09-02,2026-09-02,True,464.63239716363887,0.2112244897959183,-11.414782672535912,559.7288188564423,10.228835095852965,0.5636079545454545,1.884738095238095,1000,55.21587540049607,134.69750436145088,1000,233.3590856908501,604.0052559195464,1000,1.069025769421477,3.539873783474208,1000
level,UZS,wf_2022,,10,0.0869565217391304,0.2064777327935222,247,51,1.0,46,46,0,46,0,0.7647058823529411,0.196078431372549,51,2022-01-11,2022-12-31,True,1717.1160457484104,0.082391304347826,-165.7447907671881,1882.5661307716227,-108.0011559498801,0.0,1.3309445144762524,994,70.30450087567014,565.7981001158225,994,914.5781476623572,2131.829913131058,994,0.999999999999996,5.938416365484462,915
level,UZS,wf_2023,,10,0.1481481481481481,0.3036437246963562,247,75,1.4705882352941178,27,27,0,27,0,0.8823529411764706,0.1176470588235294,51,2023-01-10,2023-12-30,True,518.4931052145992,0.1298148148148148,-62.06189920883362,537.6574641228716,-55.639371552290385,0.0,1.4851391570141563,940,13.403407203271604,153.7734830161208,940,27.03449885457676,547.327609772883,940,0.987109502114036,2.1127067808141256,788
level,UZS,wf_2024,,10,0.196078431372549,0.2620967741935484,248,65,1.2745098039215683,51,51,0,51,0,0.7058823529411765,0.2352941176470588,51,2024-01-10,2024-12-29,True,738.9390808953875,0.1801960784313725,26.350026934502452,774.0575754612028,50.99567963941007,0.3179487179487179,1.216547590696197,998,29.024909551815337,123.3061854749626,998,216.62984241322292,766.9902319155964,998,0.9600845310840354,2.4837661830454585,994
level,UZS,wf_2025,,10,0.1025641025641025,0.0993788819875776,161,16,0.4705882352941176,78,78,0,78,0,0.3823529411764705,0.5,34,2025-01-10,2025-08-30,True,963.5449790171388,0.0794230769230769,-66.48471986239454,1005.5773533011114,-56.30605226054191,0.5488325216450216,1.9227575025939816,1000,29.757045792309825,87.19640243277395,1000,395.2615569426483,994.5315550978988,1000,1.2168460168295918,2.3365844546791195,1000
logreg_a,AMD,oot,5.0,10,0.1052631578947368,0.2352941176470588,238,56,1.0566037735849056,38,38,0,38,0,0.660377358490566,0.1320754716981132,53,2025-09-02,2026-09-02,True,467.2468266448613,0.1605263157894737,15.504147320305718,535.6339742352538,1.1284095041119149,0.0,1.3771748225200255,1000,-68.02433224490997,52.567499776156666,1000,286.56938682757317,564.9611823028722,1000,0.0,0.8734416811410225,1000
logreg_a,AMD,wf_2022,5.0,10,0.5,0.2388663967611336,247,59,1.156862745098039,2,2,0,2,0,0.9607843137254902,0.0,51,2022-01-11,2022-12-31,True,71.93403122989662,0.38,769.9824149416676,331.8484212517535,645.7739341369306,0.0,5.25531914893617,906,-114.22600172960485,630.85378696905,906,0.0,143.86806245979324,906,0.0,8.131927414509141,838
logreg_a,AMD,wf_2023,5.0,10,0.2857142857142857,0.3198380566801619,247,79,1.5490196078431373,7,7,0,7,0,0.8627450980392157,0.0,51,2023-01-10,2023-12-30,True,260.3062784925956,0.2107142857142856,12.530944254306345,510.07075839715384,26.451759556477572,0.0,2.905882352941177,992,35.88493192956957,291.91603193164894,992,0.0,495.7779639146076,992,0.0,9.044746865546616,977
logreg_a,AMD,wf_2024,5.0,10,0.1940298507462686,0.2903225806451613,248,72,1.411764705882353,67,67,0,67,0,0.5490196078431373,0.2352941176470588,51,2024-01-10,2024-12-29,True,457.79333201117606,0.1970149253731343,32.62925365657101,537.71922938559,41.039155799833914,0.2555777957790029,1.1946643250170086,1000,8.37283032383169,89.55042086025863,1000,232.07958039016435,781.599033112146,1000,0.6274741548632029,2.5362105981537595,1000
logreg_a,AMD,wf_2025,5.0,10,0.0909090909090909,0.1428571428571428,161,23,0.6764705882352942,22,22,0,22,0,0.5882352941176471,0.0588235294117647,34,2025-01-10,2025-08-30,True,590.260696703472,0.1138636363636363,-52.937722260515486,859.4796650193438,-65.74531387980727,0.0,1.9180759803921552,1000,-33.27028569518051,86.63874538815716,1000,250.7653542393129,940.1093463242138,1000,0.0,5.952941145841027,1000
logreg_a,KGS,oot,5.0,10,0.0,0.2226890756302521,238,53,1.0,4,4,0,4,0,0.9245283018867924,0.0,53,2025-09-02,2026-09-02,True,255.1396947017065,0.05,-68.00177661855616,457.72851470974854,-59.905347553829706,0.0,0.0,988,-34.19437979853668,147.62162036392246,988,61.39020132879036,557.519965859905,988,0.0,0.0,663
logreg_a,KGS,wf_2022,5.0,10,,0.2064777327935222,247,51,1.0,0,0,0,0,0,1.0,0.0,51,2022-01-11,2022-12-31,True,,,,,,,,0,,,0,,,0,,,0
logreg_a,KGS,wf_2023,5.0,10,0.3333333333333333,0.2995951417004048,247,74,1.4509803921568627,6,6,0,6,0,0.8823529411764706,0.0,51,2023-01-10,2023-12-30,True,245.7534027550326,0.2125,-15.435124798567449,468.2334641033207,-17.10410404210919,0.0,3.166666666666667,972,14.961304242969655,278.01461104188354,972,0.0,481.6896121531955,972,0.4183419406708816,2.7834954058763404,913
logreg_a,KGS,wf_2024,5.0,10,0.2,0.2943548387096774,248,73,1.431372549019608,55,55,0,55,0,0.5686274509803921,0.196078431372549,51,2024-01-10,2024-12-29,True,685.1692267306788,0.2290909090909091,12.847809068965455,776.2819524007739,7.831437398160604,0.0888849135360763,1.2855406967165002,1000,-40.13916145776249,20.348807215931934,1000,249.0866912088312,812.0986469953051,1000,0.2853964180012997,1.2871022884474217,1000
logreg_a,KGS,wf_2025,5.0,10,0.0,0.124223602484472,161,20,0.5882352941176471,4,4,0,4,0,0.8823529411764706,0.0,34,2025-01-10,2025-08-30,True,117.21795161195756,0.11375,-27.69469653251723,495.3700597863654,-2.3563431324138993,0.0,0.0,979,87.73924533189037,167.05121108117726,979,2.4805945158190568,225.95607211824745,979,0.0,0.0,903
logreg_a,KZT,oot,5.0,10,0.2,0.2731092436974789,238,65,1.2264150943396226,5,5,0,5,0,0.9245283018867924,0.0,53,2025-09-02,2026-09-02,True,116.15135592483038,0.212,43.934457501549005,217.82999298462252,47.81498942545737,0.0,2.740751262626263,996,85.93901861437959,168.16869741375044,996,32.14730758013484,229.69344601657448,996,0.0,4.6059419244636945,975
logreg_a,KZT,wf_2022,5.0,10,,0.2064777327935222,247,51,1.0,0,0,0,0,0,1.0,0.0,51,2022-01-11,2022-12-31,True,,,,,,,,0,,,0,,,0,,,0
logreg_a,KZT,wf_2023,5.0,10,0.2222222222222222,0.2834008097165992,247,70,1.3725490196078431,9,9,0,9,0,0.8431372549019608,0.0,51,2023-01-10,2023-12-30,True,146.72314762779814,0.2316666666666666,151.46409682831523,286.55282621080454,119.31811280595656,0.0,2.166785714285714,1000,86.90003830659099,236.7369067449536,1000,68.53201146678867,305.46748927206215,1000,0.0,2.342013586439737,1000
logreg_a,KZT,wf_2024,5.0,10,0.0701754385964912,0.2056451612903226,248,51,1.0,57,57,0,57,0,0.5294117647058824,0.196078431372549,51,2024-01-10,2024-12-29,True,960.8189824796711,0.1036842105263157,-48.69372578780016,1005.4103688266382,-49.857423866355134,0.090356185764349,0.6462120202558632,1000,-31.43484181227355,37.81202598223296,1000,374.2322052474833,1025.8897344514703,1000,0.3371679867821865,1.3250428242235646,1000
logreg_a,KZT,wf_2025,5.0,10,0.0,0.0993788819875776,161,16,0.4705882352941176,3,3,0,3,0,0.9117647058823528,0.0,34,2025-01-10,2025-08-30,True,143.2311187298622,0.2016666666666666,-4.78748538796906,219.49047988537737,-59.77160201714127,0.0,0.0,989,-259.4460547322219,264.17649314543155,989,5.575439290665951,353.66552119129534,989,0.0,0.0,961
logreg_a,TJS,oot,5.0,10,0.4130434782608695,0.226890756302521,238,54,1.018867924528302,47,46,1,46,1,0.5471698113207547,0.1132075471698113,53,2025-09-02,2026-09-02,True,580.976416410321,0.4093478260869566,87.33279632373502,566.829970246859,87.42098322280364,0.7882034056375288,2.3691868521815733,1000,-74.89917835733189,57.637046654311064,1000,372.5379648555128,710.1687762173548,1000,0.4688302890044729,1.081503836971349,1000
logreg_a,TJS,wf_2022,5.0,10,0.0,0.2307692307692307,247,57,1.1176470588235294,2,2,0,2,0,0.9607843137254902,0.0,51,2022-01-11,2022-12-31,True,1444.272141646774,0.0,-648.2622486085195,1544.66112964241,-709.7927613492411,0.0,0.0,767,-98.29995189467368,44.83319779357231,767,1401.913814902047,1486.630468391501,767,,,0
logreg_a,TJS,wf_2023,5.0,10,0.1666666666666666,0.2793522267206478,247,69,1.3529411764705883,6,6,0,6,0,0.8823529411764706,0.0,51,2023-01-10,2023-12-30,True,256.95606990103806,0.1816666666666666,-15.055554610404627,493.9094290657327,-17.79979111229753,0.0,3.3322747747747745,966,7.808242065988628,297.0794480989869,966,0.0,489.01604395306776,966,0.0,2.0810861524906725,903
logreg_a,TJS,wf_2024,5.0,10,0.3387096774193548,0.2943548387096774,248,73,1.431372549019608,62,62,0,62,0,0.4901960784313725,0.196078431372549,51,2024-01-10,2024-12-29,True,687.3177587193574,0.2989516129032258,55.849059107769584,749.5924672955169,65.56817326588545,0.7630769230769231,1.7051213372594085,1000,23.296910734376567,90.19958487213113,1000,160.00080303365374,762.6967102812956,1000,0.9518268456853932,2.246889746523339,1000
logreg_a,TJS,wf_2025,5.0,10,0.1851851851851851,0.2360248447204969,161,38,1.1176470588235294,27,27,0,27,0,0.5588235294117647,0.088235294117647,34,2025-01-10,2025-08-30,True,802.8822799298592,0.2229629629629629,-13.33860049150366,985.320768786538,-22.59924576338291,0.1596143018018018,1.3669568876699605,1000,-48.71896566676497,62.030252275368184,1000,317.2520322263173,1043.488630942917,1000,0.1561830423789025,1.5802970531565812,1000
logreg_a,UZS,oot,5.0,10,0.0,0.2647058823529412,238,63,1.1886792452830188,4,4,0,4,0,0.9245283018867924,0.0,53,2025-09-02,2026-09-02,True,222.8249937152077,0.18875,45.633072287745584,352.09311027360434,25.15789294219584,0.0,0.0,936,25.32553269505966,119.77346053500315,936,216.2520404030488,354.06870074190743,936,0.0,0.0,884
logreg_a,UZS,wf_2022,5.0,10,,0.2064777327935222,247,51,1.0,0,0,0,0,0,1.0,0.0,51,2022-01-11,2022-12-31,True,,,,,,,,0,,,0,,,0,,,0
logreg_a,UZS,wf_2023,5.0,10,0.1428571428571428,0.3036437246963562,247,75,1.4705882352941178,7,7,0,7,0,0.8627450980392157,0.0,51,2023-01-10,2023-12-30,True,285.4809175619533,0.2685714285714285,-0.6803705912179752,510.99360812058336,-8.769469536410282,0.0,2.2563095138656863,994,28.024106338451585,310.7885637066415,994,14.383215122446558,527.9873184728601,994,0.0,1.745595864564768,981
logreg_a,UZS,wf_2024,5.0,10,0.196078431372549,0.2620967741935484,248,65,1.2745098039215683,51,51,0,51,0,0.5686274509803921,0.196078431372549,51,2024-01-10,2024-12-29,True,774.0208228345549,0.2394117647058823,6.813988350737338,775.7315308656136,-6.7491897548538216,0.2312063317293315,1.3571849491138137,1000,-34.49651315299686,35.992185949632514,1000,296.7720391807174,789.5460713718116,1000,0.1872227935085848,1.101363407872053,1000
logreg_a,UZS,wf_2025,5.0,10,0.1666666666666666,0.0993788819875776,161,16,0.4705882352941176,6,6,0,6,0,0.8235294117647058,0.0,34,2025-01-10,2025-08-30,True,312.2249638917425,0.0883333333333333,-86.33687543099435,968.0060929743956,-68.64402045128874,0.0,9.049673202614343,993,-82.3192818035855,322.1406820186767,993,0.0,999.152353465671,993,0.0,8.919697716385258,922
logreg_ab,AMD,oot,5.0,10,,0.2352941176470588,238,56,1.0566037735849056,0,0,0,0,0,1.0,0.0,53,2025-09-02,2026-09-02,True,,,,,,,,0,,,0,,,0,,,0
logreg_ab,AMD,wf_2022,5.0,10,0.3333333333333333,0.2388663967611336,247,59,1.156862745098039,6,6,0,6,0,0.8823529411764706,0.0,51,2022-01-11,2022-12-31,True,814.5385671770522,0.1774999999999999,18.07212597294879,1529.254184754214,58.39835423535445,0.0,3.1513180272108836,999,44.523486282241755,496.4407807192811,999,534.4004225321131,1361.999971314236,999,0.3270664730020336,26.409918545435055,916
logreg_ab,AMD,wf_2023,5.0,10,,0.3198380566801619,247,79,1.5490196078431373,0,0,0,0,0,1.0,0.0,51,2023-01-10,2023-12-30,True,,,,,,,,0,,,0,,,0,,,0
logreg_ab,AMD,wf_2024,5.0,10,0.2,0.2903225806451613,248,72,1.411764705882353,40,40,0,40,0,0.6274509803921569,0.1176470588235294,51,2024-01-10,2024-12-29,True,393.706301067616,0.223625,24.653388847017126,630.2304804036128,31.256903825713813,0.1288600619109093,1.4839661319073083,1000,-1.9132330214205575,103.67246242741288,1000,114.24533428928142,781.599033112146,1000,0.3606242464334263,3.916881703751226,1000
logreg_ab,AMD,wf_2025,5.0,10,,0.1428571428571428,161,23,0.6764705882352942,0,0,0,0,0,1.0,0.0,34,2025-01-10,2025-08-30,True,,,,,,,,0,,,0,,,0,,,0
logreg_ab,KGS,oot,5.0,10,,0.2226890756302521,238,53,1.0,0,0,0,0,0,1.0,0.0,53,2025-09-02,2026-09-02,True,,,,,,,,0,,,0,,,0,,,0
logreg_ab,KGS,wf_2022,5.0,10,0.3333333333333333,0.2064777327935222,247,51,1.0,3,3,0,3,0,0.9411764705882352,0.0,51,2022-01-11,2022-12-31,True,252.81520569823064,0.15,80.42256216602819,582.7188782542888,285.8626779453366,0.0,5.145833333333333,977,-76.51252958744581,493.65211574973864,977,0.0,429.4347914597907,977,0.4716428259507862,17.92305285959796,672
logreg_ab,KGS,wf_2023,5.0,10,,0.2995951417004048,247,74,1.4509803921568627,0,0,0,0,0,1.0,0.0,51,2023-01-10,2023-12-30,True,,,,,,,,0,,,0,,,0,,,0
logreg_ab,KGS,wf_2024,5.0,10,0.1875,0.2943548387096774,248,73,1.431372549019608,32,32,0,32,0,0.6862745098039216,0.0980392156862745,51,2024-01-10,2024-12-29,True,216.9003133640044,0.22796875,35.48115920534652,249.1687375036189,31.430582995171303,0.1080893880893881,1.3744690749863164,1000,-5.870396599776504,42.80610909922069,1000,132.98849905617698,266.8804878290243,1000,0.253490030767711,1.2432454790409315,1000
logreg_ab,KGS,wf_2025,5.0,10,1.0,0.124223602484472,161,20,0.5882352941176471,1,1,0,1,0,0.9705882352941176,0.0,34,2025-01-10,2025-08-30,True,0.0,0.37,134.8945605879215,20.855918096460854,268.0444334689191,4.384590840840842,12.141346153846156,52,129.8890147551557,129.8890147551557,52,0.0,0.0,52,4.276038129382328,4.276038129382328,52
logreg_ab,KZT,oot,5.0,10,,0.2731092436974789,238,65,1.2264150943396226,0,0,0,0,0,1.0,0.0,53,2025-09-02,2026-09-02,True,,,,,,,,0,,,0,,,0,,,0
logreg_ab,KZT,wf_2022,5.0,10,0.0909090909090909,0.2064777327935222,247,51,1.0,11,11,0,11,0,0.9019607843137256,0.0392156862745098,51,2022-01-11,2022-12-31,True,1041.4509940529535,0.1927272727272727,121.71801291438511,1526.0583514772431,104.1207329503421,0.0,1.4541170634920633,986,33.442330338802066,643.4923678002106,986,1.5895122468134737,1433.2834117814875,986,0.0,1.4032162996651552,890
logreg_ab,KZT,wf_2023,5.0,10,,0.2834008097165992,247,70,1.3725490196078431,0,0,0,0,0,1.0,0.0,51,2023-01-10,2023-12-30,True,,,,,,,,0,,,0,,,0,,,0
logreg_ab,KZT,wf_2024,5.0,10,0.0666666666666666,0.2056451612903226,248,51,1.0,30,30,0,30,0,0.6470588235294118,0.0784313725490196,51,2024-01-10,2024-12-29,True,587.1680655763951,0.11,-25.315656636403027,934.3913953367354,-12.141190310236857,0.0,1.0260869565217383,1000,-14.871920157630134,98.44424064033171,1000,159.48688590203375,1008.7075086326826,1000,0.0,6.363873364909619,1000
logreg_ab,KZT,wf_2025,5.0,10,,0.0993788819875776,161,16,0.4705882352941176,0,0,0,0,0,1.0,0.0,34,2025-01-10,2025-08-30,True,,,,,,,,0,,,0,,,0,,,0
logreg_ab,TJS,oot,5.0,10,,0.226890756302521,238,54,1.018867924528302,0,0,0,0,0,1.0,0.0,53,2025-09-02,2026-09-02,True,,,,,,,,0,,,0,,,0,,,0
logreg_ab,TJS,wf_2022,5.0,10,0.2,0.2307692307692307,247,57,1.1176470588235294,10,10,0,10,0,0.803921568627451,0.0,51,2022-01-11,2022-12-31,True,982.2427628980298,0.2175,26.002786448779982,2237.5022210504467,114.8552687286998,0.0,2.166785714285714,1000,142.34811055513853,636.6330005564262,1000,515.8173514969055,1486.630468391501,1000,0.0,2262.8403588439865,1000
logreg_ab,TJS,wf_2023,5.0,10,,0.2793522267206478,247,69,1.3529411764705883,0,0,0,0,0,1.0,0.0,51,2023-01-10,2023-12-30,True,,,,,,,,0,,,0,,,0,,,0
logreg_ab,TJS,wf_2024,5.0,10,0.3636363636363636,0.2943548387096774,248,73,1.431372549019608,44,44,0,44,0,0.5882352941176471,0.1372549019607843,51,2024-01-10,2024-12-29,True,658.4686336984344,0.32625,43.05165675690598,755.0314273615077,54.542101394565016,0.7414974959091585,1.8404574670897955,1000,7.092877727097267,92.3815477242915,1000,109.14358439573223,764.3914649765837,1000,0.8596856221563978,3.4060129522859333,1000
logreg_ab,TJS,wf_2025,5.0,10,0.3333333333333333,0.2360248447204969,161,38,1.1176470588235294,3,3,0,3,0,0.9411764705882352,0.0,34,2025-01-10,2025-08-30,True,20.849509859184323,0.555,167.67452618407907,38.386018200545905,147.75471024995286,0.0,1.641508838383836,749,7.538657720824737,83.41619287793422,749,30.248256101903515,32.300273475649455,749,0.0,0.7476342324714522,686
logreg_ab,UZS,oot,5.0,10,,0.2647058823529412,238,63,1.1886792452830188,0,0,0,0,0,1.0,0.0,53,2025-09-02,2026-09-02,True,,,,,,,,0,,,0,,,0,,,0
logreg_ab,UZS,wf_2022,5.0,10,0.1,0.2064777327935222,247,51,1.0,10,10,0,10,0,0.8627450980392157,0.0196078431372549,51,2022-01-11,2022-12-31,True,1691.6861963245472,0.06,-306.94857275120273,2081.767834429331,-330.544960066542,0.0,2.0483488805970147,1000,54.28890592289906,421.72482477227055,1000,487.61542077295104,2390.0562584061236,1000,0.0,2.9190103992802525,911
logreg_ab,UZS,wf_2023,5.0,10,,0.3036437246963562,247,75,1.4705882352941178,0,0,0,0,0,1.0,0.0,51,2023-01-10,2023-12-30,True,,,,,,,,0,,,0,,,0,,,0
logreg_ab,UZS,wf_2024,5.0,10,0.25,0.2620967741935484,248,65,1.2745098039215683,24,24,0,24,0,0.6862745098039216,0.0392156862745098,51,2024-01-10,2024-12-29,True,184.31827192170357,0.2745833333333333,51.48684842513771,378.5773361428904,68.20707212471142,0.2209915413533834,1.6711641964559087,1000,18.822220081326808,124.39597209922748,1000,133.78960548067198,255.95843184597732,1000,0.5608036402483799,4.469301106700611,1000
logreg_ab,UZS,wf_2025,5.0,10,0.0,0.0993788819875776,161,16,0.4705882352941176,3,3,0,3,0,0.9705882352941176,0.0294117647058823,34,2025-01-10,2025-08-30,True,143.7213831395671,0.1916666666666666,107.827286780309,155.04226490143293,3.141291508084175,0.0,0.0,229,-116.161219464761,-81.54743233881248,229,145.73621729116138,168.1428305053134,229,0.0,0.0,31
logreg_abc,AMD,oot,5.0,10,0.15,0.2352941176470588,238,56,1.0566037735849056,20,20,0,20,0,0.7547169811320755,0.0377358490566037,53,2025-09-02,2026-09-02,True,372.2371675547236,0.261,71.16703292994455,602.9550478497254,70.25404806814345,0.0,1.7591793313069906,1000,-10.698033163117998,89.27995073093396,1000,252.78378012523865,527.1672042368491,1000,0.0,1.5706460278848509,1000
logreg_abc,AMD,wf_2022,5.0,10,0.25,0.2388663967611336,247,59,1.156862745098039,4,4,0,4,0,0.9607843137254902,0.0196078431372549,51,2022-01-11,2022-12-31,True,442.41166071258334,0.10125,44.9918189757532,621.2494773365812,37.6756073923698,0.0,5.25531914893617,919,14.97446995598427,381.83689808989783,919,0.0,684.0472120949826,919,0.4786228161011115,7.097999052159272,646
logreg_abc,AMD,wf_2023,5.0,10,,0.3198380566801619,247,79,1.5490196078431373,0,0,0,0,0,1.0,0.0,51,2023-01-10,2023-12-30,True,,,,,,,,0,,,0,,,0,,,0
logreg_abc,AMD,wf_2024,5.0,10,,0.2903225806451613,248,72,1.411764705882353,0,0,0,0,0,1.0,0.0,51,2024-01-10,2024-12-29,True,,,,,,,,0,,,0,,,0,,,0
logreg_abc,AMD,wf_2025,5.0,10,,0.1428571428571428,161,23,0.6764705882352942,0,0,0,0,0,1.0,0.0,34,2025-01-10,2025-08-30,True,,,,,,,,0,,,0,,,0,,,0
logreg_abc,KGS,oot,5.0,10,0.1111111111111111,0.2226890756302521,238,53,1.0,24,18,6,18,6,0.7169811320754716,0.0377358490566037,53,2025-09-02,2026-09-02,True,497.9931012248793,0.22,9.792261570590416,679.2239739463201,4.541127331797207,0.0,1.0724614484614483,1000,-124.65373797807052,112.06764971514212,1000,244.6847633714144,677.8323313759138,1000,0.0,1.0060000474256563,1000
logreg_abc,KGS,wf_2022,5.0,10,0.5,0.2064777327935222,247,51,1.0,2,2,0,2,0,0.9607843137254902,0.0,51,2022-01-11,2022-12-31,True,164.50541281745058,0.2,53.361295626189566,333.7173099564208,232.06938342618216,0.0,6.675675675675675,909,-76.51252958744581,398.4863288772611,909,0.0,329.01082563490115,909,0.9595613039519684,18.37499529499465,661
logreg_abc,KGS,wf_2023,5.0,10,,0.2995951417004048,247,74,1.4509803921568627,0,0,0,0,0,1.0,0.0,51,2023-01-10,2023-12-30,True,,,,,,,,0,,,0,,,0,,,0
logreg_abc,KGS,wf_2024,5.0,10,,0.2943548387096774,248,73,1.431372549019608,0,0,0,0,0,1.0,0.0,51,2024-01-10,2024-12-29,True,,,,,,,,0,,,0,,,0,,,0
logreg_abc,KGS,wf_2025,5.0,10,,0.124223602484472,161,20,0.5882352941176471,0,0,0,0,0,1.0,0.0,34,2025-01-10,2025-08-30,True,,,,,,,,0,,,0,,,0,,,0
logreg_abc,KZT,oot,5.0,10,0.3,0.2731092436974789,238,65,1.2264150943396226,10,10,0,10,0,0.8490566037735849,0.0188679245283018,53,2025-09-02,2026-09-02,True,208.7115865523934,0.355,177.81074183424502,430.3446649136173,206.2594519553032,0.0,2.0667961570593145,1000,-10.66665079331822,131.83277427285594,1000,101.8417110414549,329.8223142748147,1000,0.0,3.5542691548805507,998
logreg_abc,KZT,wf_2022,5.0,10,1.0,0.2064777327935222,247,51,1.0,1,1,0,1,0,0.9803921568627452,0.0,51,2022-01-11,2022-12-31,True,0.0,0.525,951.2522624278156,83.35963129368162,1134.735630147905,3.742424242424242,8.339798850574713,666,833.7571854532276,833.7571854532277,666,0.0,0.0,666,4.77389995531799,4.77389995531799,581
logreg_abc,KZT,wf_2023,5.0,10,,0.2834008097165992,247,70,1.3725490196078431,0,0,0,0,0,1.0,0.0,51,2023-01-10,2023-12-30,True,,,,,,,,0,,,0,,,0,,,0
logreg_abc,KZT,wf_2024,5.0,10,,0.2056451612903226,248,51,1.0,0,0,0,0,0,1.0,0.0,51,2024-01-10,2024-12-29,True,,,,,,,,0,,,0,,,0,,,0
logreg_abc,KZT,wf_2025,5.0,10,,0.0993788819875776,161,16,0.4705882352941176,0,0,0,0,0,1.0,0.0,34,2025-01-10,2025-08-30,True,,,,,,,,0,,,0,,,0,,,0
logreg_abc,TJS,oot,5.0,10,0.2352941176470588,0.226890756302521,238,54,1.018867924528302,36,34,2,34,2,0.6037735849056604,0.0754716981132075,53,2025-09-02,2026-09-02,True,474.3167304458402,0.2886764705882353,64.82906343347757,573.9087482639602,54.480308649380184,0.0,1.4232935899338708,1000,-125.396364008743,72.47102570166909,1000,234.82964066508185,710.1687762173548,1000,0.0,1.1089677122055783,1000
logreg_abc,TJS,wf_2022,5.0,10,0.2,0.2307692307692307,247,57,1.1176470588235294,5,5,0,5,0,0.9607843137254902,0.0196078431372549,51,2022-01-11,2022-12-31,True,133.83561547417247,0.154,43.78387984305064,286.93002211398857,146.84004815764845,0.0,2.8720930232558137,924,-56.30337025348431,364.2824377932541,924,10.35418883621908,230.61973436079745,924,0.2091482789947182,6.4167276469627925,689
logreg_abc,TJS,wf_2023,5.0,10,,0.2793522267206478,247,69,1.3529411764705883,0,0,0,0,0,1.0,0.0,51,2023-01-10,2023-12-30,True,,,,,,,,0,,,0,,,0,,,0
logreg_abc,TJS,wf_2024,5.0,10,,0.2943548387096774,248,73,1.431372549019608,0,0,0,0,0,1.0,0.0,51,2024-01-10,2024-12-29,True,,,,,,,,0,,,0,,,0,,,0
logreg_abc,TJS,wf_2025,5.0,10,0.3333333333333333,0.2360248447204969,161,38,1.1176470588235294,3,3,0,3,0,0.9411764705882352,0.0,34,2025-01-10,2025-08-30,True,135.9016221494236,0.2933333333333333,171.49992616289563,237.82099075913897,158.8617446459824,0.0,2.6873282180485316,764,117.28827999468947,216.4522180706641,764,137.5485372424512,270.15632920581953,764,0.0,3.542866119936146,678
logreg_abc,UZS,oot,5.0,10,0.0555555555555555,0.2647058823529412,238,63,1.1886792452830188,23,18,5,18,5,0.7735849056603774,0.0566037735849056,53,2025-09-02,2026-09-02,True,433.7309023001974,0.1152777777777777,-45.86991524454529,554.1834749499301,-64.50518293266346,0.0,1.1073922136422134,1000,-185.8746950647897,88.16749963730307,1000,237.86951921429105,524.1784850579334,1000,0.0,1.839578941499358,1000
logreg_abc,UZS,wf_2022,5.0,10,0.2,0.2064777327935222,247,51,1.0,5,5,0,5,0,0.9411764705882352,0.0,51,2022-01-11,2022-12-31,True,1714.473602210745,0.0889999999999999,-687.615506111251,2500.4707496182828,-685.3457533952507,0.0,5.880952380952381,919,99.61875506649064,412.3559811557098,919,0.0,2434.6699312440646,919,0.1396465143079732,2899.142428970047,658
logreg_abc,UZS,wf_2023,5.0,10,,0.3036437246963562,247,75,1.4705882352941178,0,0,0,0,0,1.0,0.0,51,2023-01-10,2023-12-30,True,,,,,,,,0,,,0,,,0,,,0
logreg_abc,UZS,wf_2024,5.0,10,,0.2620967741935484,248,65,1.2745098039215683,0,0,0,0,0,1.0,0.0,51,2024-01-10,2024-12-29,True,,,,,,,,0,,,0,,,0,,,0
logreg_abc,UZS,wf_2025,5.0,10,,0.0993788819875776,161,16,0.4705882352941176,0,0,0,0,0,1.0,0.0,34,2025-01-10,2025-08-30,True,,,,,,,,0,,,0,,,0,,,0
logreg_abcd,AMD,oot,5.0,10,,0.2352941176470588,238,56,1.0566037735849056,0,0,0,0,0,1.0,0.0,53,2025-09-02,2026-09-02,True,,,,,,,,0,,,0,,,0,,,0
logreg_abcd,AMD,wf_2022,5.0,10,0.1851851851851851,0.2388663967611336,247,59,1.156862745098039,27,27,0,27,0,0.7647058823529411,0.0980392156862745,51,2022-01-11,2022-12-31,True,1507.3595334771967,0.1812962962962962,88.45832544208567,2167.450517801456,158.0575683655821,0.0,1.386235544217687,1000,221.9874410498991,491.7256515407539,1000,648.4851387159619,2240.915629495277,1000,0.4028165885601727,23.01316311756247,993
logreg_abcd,AMD,wf_2023,5.0,10,0.2626262626262626,0.3198380566801619,247,79,1.5490196078431373,99,99,0,99,0,0.4705882352941176,0.392156862745098,51,2023-01-10,2023-12-30,True,738.5229405074427,0.2388383838383838,10.666760777398968,746.9013237272885,25.657148612451586,0.4814556033306033,1.1917662871600252,1000,11.94346932588338,104.39548379709402,1000,504.60377252155513,773.1890715936003,1000,1.001520329972091,2.1005524084665756,1000
logreg_abcd,AMD,wf_2024,5.0,10,0.2207792207792207,0.2903225806451613,248,72,1.411764705882353,77,77,0,77,0,0.4705882352941176,0.3137254901960784,51,2024-01-10,2024-12-29,True,602.4303718898585,0.2097402597402597,28.92238841639837,680.4183738714961,42.76344857845397,0.4035414734297,1.173665139108006,1000,14.185029487732589,89.6066164307699,1000,296.29711996814575,774.0628571159837,1000,0.7472059162888525,1.8727439217750497,1000
logreg_abcd,AMD,wf_2025,5.0,10,0.3333333333333333,0.1428571428571428,161,23,0.6764705882352942,3,3,0,3,0,0.9117647058823528,0.0,34,2025-01-10,2025-08-30,True,318.756907862967,0.28,-62.945324677979585,831.7726582840825,-53.649717319828035,0.0,7.155555555555556,978,-261.31149474466156,289.4354768105245,978,0.0,940.1093463242138,978,0.0,7.945237249654436,922
logreg_abcd,KGS,oot,5.0,10,,0.2226890756302521,238,53,1.0,0,0,0,0,0,1.0,0.0,53,2025-09-02,2026-09-02,True,,,,,,,,0,,,0,,,0,,,0
logreg_abcd,KGS,wf_2022,5.0,10,0.217391304347826,0.2064777327935222,247,51,1.0,23,23,0,23,0,0.7843137254901961,0.0784313725490196,51,2022-01-11,2022-12-31,True,1036.8586646115791,0.1997826086956521,157.41526125504845,1377.8160285063077,191.49001581196987,0.0,2.117447044334975,1000,64.10030410126969,429.30297501063217,1000,757.3015995966954,1237.328272408782,1000,0.3931372492518347,8.348552918458841,994
logreg_abcd,KGS,wf_2023,5.0,10,0.29,0.2995951417004048,247,74,1.4509803921568627,100,100,0,100,0,0.392156862745098,0.4117647058823529,51,2023-01-10,2023-12-30,False,,0.26415,29.356916653019145,708.1170522438401,50.52047107143804,0.7013805988551038,1.2832004193722943,1000,14.004378294454408,96.8303607848885,1000,217.25327601300089,726.456211029348,1000,1.0232669027466013,2.70067338683305,1000
logreg_abcd,KGS,wf_2024,5.0,10,0.25,0.2943548387096774,248,73,1.431372549019608,76,76,0,76,0,0.4509803921568627,0.2549019607843137,51,2024-01-10,2024-12-29,True,742.3804586458917,0.2351973684210526,19.974709797836447,764.5794568683615,25.910799811022414,0.4577146655804378,1.2496164981011408,1000,0.0978143001856943,56.44395123094163,1000,257.6652972414667,810.9364533653941,1000,0.7376384445825163,1.5016655702572552,1000
logreg_abcd,KGS,wf_2025,5.0,10,0.2,0.124223602484472,161,20,0.5882352941176471,5,5,0,5,0,0.8529411764705882,0.0,34,2025-01-10,2025-08-30,True,223.21746916210867,0.1569999999999999,-26.276766668620255,858.2720180314556,-16.362029551853833,0.0,1.2578125,992,-161.062861720202,88.03240674705171,992,49.336474757848414,961.8423300307466,992,0.0,0.840474120171512,949
logreg_abcd,KZT,oot,5.0,10,,0.2731092436974789,238,65,1.2264150943396226,0,0,0,0,0,1.0,0.0,53,2025-09-02,2026-09-02,True,,,,,,,,0,,,0,,,0,,,0
logreg_abcd,KZT,wf_2022,5.0,10,0.1666666666666666,0.2064777327935222,247,51,1.0,24,24,0,24,0,0.7647058823529411,0.0588235294117647,51,2022-01-11,2022-12-31,True,1715.2766761740472,0.1858333333333333,-76.79155305083017,1831.489718179565,-42.87904778711974,0.0,1.733384074941452,1000,56.68615196909821,553.3274940680121,1000,1654.8085028252358,1790.5743294438614,1000,0.0,2.9610387385983055,988
logreg_abcd,KZT,wf_2023,5.0,10,0.2323232323232323,0.2834008097165992,247,70,1.3725490196078431,99,99,0,99,0,0.392156862745098,0.392156862745098,51,2023-01-10,2023-12-30,True,563.5580429343192,0.2301010101010101,48.13950983568674,647.1855019100808,64.2091490487956,0.413997901156344,1.318988968021226,1000,35.9741769993942,129.03573077435524,1000,438.4138798584169,635.7296724962604,1000,0.782555889037768,5.388055211148184,1000
logreg_abcd,KZT,wf_2024,5.0,10,0.1095890410958904,0.2056451612903226,248,51,1.0,73,73,0,73,0,0.4705882352941176,0.2549019607843137,51,2024-01-10,2024-12-29,True,1005.6257932922788,0.1254109589041095,-28.211163911648654,1012.254806866238,-18.593214246628698,0.1977844660841726,0.9279862272777962,1000,1.0455103673070274,82.1107224899577,1000,291.30742615361504,1020.8459197756332,1000,0.5825162518488198,1.8006589476679804,1000
logreg_abcd,KZT,wf_2025,5.0,10,0.0,0.0993788819875776,161,16,0.4705882352941176,2,2,0,2,0,0.9411764705882352,0.0,34,2025-01-10,2025-08-30,True,7.340606241900138,0.1875,42.48850253315547,107.25738631092062,51.73153360793492,0.0,0.0,942,83.06953144294083,264.17649314543155,942,5.575439290665951,9.105773193134326,942,0.0,0.0,888
logreg_abcd,TJS,oot,5.0,10,,0.226890756302521,238,54,1.018867924528302,0,0,0,0,0,1.0,0.0,53,2025-09-02,2026-09-02,True,,,,,,,,0,,,0,,,0,,,0
logreg_abcd,TJS,wf_2022,5.0,10,0.1875,0.2307692307692307,247,57,1.1176470588235294,32,32,0,32,0,0.7450980392156863,0.0980392156862745,51,2022-01-11,2022-12-31,True,1508.449166763619,0.17296875,121.46098461086304,2518.8552053053827,194.0159243654624,0.2843785719457762,1.483717824967825,1000,79.0973322436154,422.8040010381439,1000,692.1345672237877,3007.992944701807,1000,0.1549154954656255,154.65947177579807,1000
logreg_abcd,TJS,wf_2023,5.0,10,0.216867469879518,0.2793522267206478,247,69,1.3529411764705883,83,83,0,83,0,0.4901960784313725,0.3137254901960784,51,2023-01-10,2023-12-30,True,601.9660943603169,0.2025301204819277,23.90712625300184,629.9741449816879,41.47575798187306,0.5356009984639016,1.1335462580268236,1000,20.16788169363887,122.64500688090364,1000,405.2389024702318,688.1416706310345,1000,0.951858432470145,2.7412105240102775,1000
logreg_abcd,TJS,wf_2024,5.0,10,0.2857142857142857,0.2943548387096774,248,73,1.431372549019608,84,84,0,84,0,0.4509803921568627,0.3137254901960784,51,2024-01-10,2024-12-29,True,723.9637979002378,0.2707142857142857,42.39274279371126,730.1772023183186,50.5355466484577,0.652140864624717,1.3046355243690355,1000,23.183363226988384,84.81019059406445,1000,227.5411465139228,762.2730216074735,1000,0.9008569162841804,1.591390463016812,1000
logreg_abcd,TJS,wf_2025,5.0,10,0.4545454545454545,0.2360248447204969,161,38,1.1176470588235294,11,11,0,11,0,0.7941176470588235,0.0294117647058823,34,2025-01-10,2025-08-30,True,468.95953375657217,0.3786363636363636,21.10695092355791,978.3034630728488,45.67762541600294,0.6693087121212122,4.035409482758611,998,-110.0174821118468,158.82856391471216,998,24.712875902350717,1008.2134835227464,998,0.308217747091543,9.104110655020635,996
logreg_abcd,UZS,oot,5.0,10,,0.2647058823529412,238,63,1.1886792452830188,0,0,0,0,0,1.0,0.0,53,2025-09-02,2026-09-02,True,,,,,,,,0,,,0,,,0,,,0
logreg_abcd,UZS,wf_2022,5.0,10,0.1612903225806451,0.2064777327935222,247,51,1.0,31,31,0,31,0,0.7450980392156863,0.1176470588235294,51,2022-01-11,2022-12-31,True,2314.185888695856,0.1456451612903225,-77.09362016421912,2490.7919287840687,-55.122590899791,0.1688896488828089,1.506199877386002,1000,149.25477571097414,425.9253089706425,1000,914.5781476623572,2642.338625206073,1000,0.4194331648317665,12.7071583870335,986
logreg_abcd,UZS,wf_2023,5.0,10,0.25,0.3036437246963562,247,75,1.4705882352941178,100,100,0,100,0,0.4509803921568627,0.392156862745098,51,2023-01-10,2023-12-30,False,,0.2482,37.932884705009045,635.8924820255165,52.2595137906751,0.4880846832502494,1.3097158727016107,1000,30.92141261347425,120.5290757758699,1000,361.72042038249623,647.1588859475186,1000,0.9986982952213086,2.593258961666607,1000
logreg_abcd,UZS,wf_2024,5.0,10,0.216867469879518,0.2620967741935484,248,65,1.2745098039215683,83,83,0,83,0,0.4313725490196078,0.3529411764705882,51,2024-01-10,2024-12-29,True,774.0208228345549,0.2175903614457831,10.142333652039811,766.2886119306511,6.806319075168797,0.4264010824329065,1.155894208235688,1000,-13.586844155333086,57.73948804370241,1000,285.49975024284515,788.9042385417566,1000,0.6321359560343531,1.228095781879918,1000
logreg_abcd,UZS,wf_2025,5.0,10,0.5,0.0993788819875776,161,16,0.4705882352941176,2,2,0,2,0,0.9411764705882352,0.0,34,2025-01-10,2025-08-30,True,11.40194328772548,0.3125,83.86840741318039,126.79081747753553,128.6663995958226,0.0,17.88888888888889,913,22.517247405287044,322.1406820186767,913,0.0,22.80388657545096,913,0.0,6.356584013496346,860
momentum,AMD,oot,,10,0.1388888888888889,0.2352941176470588,238,56,1.0566037735849056,36,36,0,36,0,0.6226415094339622,0.0754716981132075,53,2025-09-02,2026-09-02,True,459.42048299060406,0.0793055555555555,-59.69364737932749,574.8036389994796,-21.702555610619008,0.2161167586071309,1.291166867590918,1000,39.48041811535364,117.73732403097222,1000,337.0321264704868,527.1672042368491,1000,1.4610875582564185,4.902689686005757,999
momentum,AMD,wf_2022,,10,0.1568627450980392,0.2388663967611336,247,59,1.156862745098039,51,51,0,51,0,0.5882352941176471,0.1764705882352941,51,2022-01-11,2022-12-31,True,2204.9199229311894,0.1237254901960784,-134.29256378982558,2362.6843470481053,-56.83930257941637,0.355155012824802,1.0433113866707615,1000,95.26556462062892,360.05071613998996,1000,1006.1495420683132,2380.2835698533854,1000,0.483408564601998,7.159927546180249,1000
momentum,AMD,wf_2023,,10,0.2857142857142857,0.3198380566801619,247,79,1.5490196078431373,35,35,0,35,0,0.7058823529411765,0.1176470588235294,51,2023-01-10,2023-12-30,True,493.0242112522634,0.229,26.978675510120148,580.5806327169055,67.30709787132136,0.4069994969818914,1.417554502877686,1000,72.23398464741013,209.7904973904168,1000,383.2769322006035,564.7343099393764,1000,0.8594380435525291,4.489243841841525,1000
momentum,AMD,wf_2024,,10,0.3333333333333333,0.2903225806451613,248,72,1.411764705882353,30,30,0,30,0,0.6274509803921569,0.0392156862745098,51,2024-01-10,2024-12-29,True,549.1061267128891,0.1788333333333333,11.342294829937623,801.7918506072518,82.75778407288918,0.710997150997151,1.859260369815092,1000,64.42389306707733,201.1025881681669,1000,172.7380626312458,751.4543291274966,1000,1.2936039252193914,8.816012818254508,1000
momentum,AMD,wf_2025,,10,0.2083333333333333,0.1428571428571428,161,23,0.6764705882352942,24,24,0,24,0,0.5882352941176471,0.0588235294117647,34,2025-01-10,2025-08-30,True,721.7591028872548,0.0816666666666666,-122.83069941804564,944.8957662695356,-76.04521134448817,0.5224368686868687,3.334319526627219,1000,37.47182110653133,132.6456996605081,1000,378.53202611230154,907.097333196365,1000,1.769422089280312,9.326846655213853,1000
momentum,KGS,oot,,10,0.1458333333333333,0.2226890756302521,238,53,1.0,49,48,1,48,1,0.490566037735849,0.0943396226415094,53,2025-09-02,2026-09-02,True,561.4899163822025,0.0867708333333333,-73.5566371445977,652.7716863640936,-46.199086756845965,0.3888311203540767,1.2155823742540497,1000,44.814155966972336,96.21521320761448,1000,415.0937984957936,677.8323313759138,1000,1.3690933462597623,3.948019074562446,1000
momentum,KGS,wf_2022,,10,0.1395348837209302,0.2064777327935222,247,51,1.0,43,43,0,43,0,0.5686274509803921,0.1176470588235294,51,2022-01-11,2022-12-31,True,1808.5223971822888,0.1041860465116279,-130.18712926997887,1984.3395853428112,-7.521617204243864,0.4009308175660546,1.2703093228439084,1000,123.93851569317064,422.7962602401334,1000,1226.331594034829,1976.329501483278,1000,0.6883861639807072,18.632672848861205,1000
momentum,KGS,wf_2023,,10,0.2058823529411764,0.2995951417004048,247,74,1.4509803921568627,34,34,0,34,0,0.7058823529411765,0.1176470588235294,51,2023-01-10,2023-12-30,True,511.41324431616215,0.1411764705882353,-31.118697816500116,650.7489989127629,11.679452438310664,0.229388774010992,1.220416144875357,1000,37.57679153146708,173.51761852928811,1000,212.83488621124908,683.8602942022432,1000,1.00840571125704,12.674646487142777,998
momentum,KGS,wf_2024,,10,0.3225806451612903,0.2943548387096774,248,73,1.431372549019608,31,31,0,31,0,0.6274509803921569,0.0588235294117647,51,2024-01-10,2024-12-29,True,417.2353801787256,0.145,-0.2155010638287381,699.4061493273772,72.76233015362955,0.59441943900848,1.7304855161158708,1000,51.449914374907046,182.31558610441976,1000,207.8635450696275,685.4866885612477,1000,2.091258708667859,11.344071130560028,1000
momentum,KGS,wf_2025,,10,0.1111111111111111,0.124223602484472,161,20,0.5882352941176471,27,27,0,27,0,0.6176470588235294,0.088235294117647,34,2025-01-10,2025-08-30,True,769.5476156563976,0.0724074074074074,-119.12396787345278,1000.8183955125836,-69.3528841550347,0.0,2.0641025641025643,1000,33.67934199086949,137.88930383713495,1000,426.6805504862914,949.096945026282,1000,0.8856116821790015,5.6826603361582695,945
momentum,KZT,oot,,10,0.1851851851851851,0.2731092436974789,238,65,1.2264150943396226,27,27,0,27,0,0.7169811320754716,0.0566037735849056,53,2025-09-02,2026-09-02,True,654.0341823872843,0.1046296296296296,-68.04743911242139,733.2005568793221,-32.47851871111594,0.2683416684786548,1.389394576012223,1000,25.65314987658712,139.56994484139256,1000,145.67698336719909,731.3464665582603,1000,1.472532360461329,16.957861977100574,1000
momentum,KZT,wf_2022,,10,0.1111111111111111,0.2064777327935222,247,51,1.0,45,45,0,45,0,0.5882352941176471,0.1176470588235294,51,2022-01-11,2022-12-31,True,1846.8674844063207,0.0784444444444444,-304.67954140405925,1892.262183554319,-228.4919814902879,0.1755704897886432,1.190881098373767,1000,48.378343401982015,291.3839138276003,1000,1263.1134075432326,1936.8510638297876,1000,0.6202381284953654,6.8283852986416465,999
momentum,KZT,wf_2023,,10,0.2142857142857142,0.2834008097165992,247,70,1.3725490196078431,28,28,0,28,0,0.6470588235294118,0.0588235294117647,51,2023-01-10,2023-12-30,True,381.9433286577363,0.1851785714285714,-8.008104051928145,761.5237432699688,47.78078165124579,0.2828602403160576,1.249381571509327,1000,60.65400086283766,184.63968213938847,1000,280.5895192730456,475.8601384984296,1000,1.1320158945043342,43.48307912685735,1000
momentum,KZT,wf_2024,,10,0.2580645161290322,0.2056451612903226,248,51,1.0,31,31,0,31,0,0.6078431372549019,0.0196078431372549,51,2024-01-10,2024-12-29,True,712.084088005605,0.1937096774193548,-6.747558336807415,1006.2006268401536,34.47289140349766,0.6595307297251537,1.68711072514112,1000,33.521190289333894,157.4905075074329,1000,351.55739490307036,979.109738996442,1000,0.5077081677428565,9.750341634358085,1000
momentum,KZT,wf_2025,,10,0.24,0.0993788819875776,161,16,0.4705882352941176,25,25,0,25,0,0.5588235294117647,0.0588235294117647,34,2025-01-10,2025-08-30,True,627.5440445449719,0.1124,-81.02652618693548,822.0519789011983,-26.899237638531343,1.2768904320987653,4.503609090909091,1000,54.86362191820625,165.49867819180685,1000,489.95687525621224,711.622182626428,1000,1.6885251546055513,10.445151032161483,1000
momentum,TJS,oot,,10,0.125,0.226890756302521,238,54,1.018867924528302,41,40,1,40,1,0.5660377358490566,0.0943396226415094,53,2025-09-02,2026-09-02,True,545.5406825361905,0.067375,-73.59090207655872,598.7544311983702,-44.9008059684092,0.2004849386724387,1.1305555555555555,1000,41.79131821133369,100.24235909171384,1000,370.48076104969624,614.8436170682058,1000,1.02558968814228,4.290624534427261,1000
momentum,TJS,wf_2022,,10,0.1,0.2307692307692307,247,57,1.1176470588235294,40,40,0,40,0,0.6470588235294118,0.1176470588235294,51,2022-01-11,2022-12-31,True,2209.789682698046,0.1007499999999999,-167.23010277252592,3363.845979290778,-102.29243481216844,0.1663976639712488,0.8853387096774193,1000,77.20235563436324,281.6738214573426,1000,576.1979817737051,3007.992944701807,1000,0.1641241018620824,165.86179976875692,1000
momentum,TJS,wf_2023,,10,0.25,0.2793522267206478,247,69,1.3529411764705883,32,32,0,32,0,0.6862745098039216,0.0980392156862745,51,2023-01-10,2023-12-30,True,542.2583617628147,0.16109375,-26.695157788498147,686.5201813187789,21.40083526101754,0.4410714285714285,1.6884868706597222,1000,47.532172591345365,197.98527004755087,1000,285.1655796299091,709.4913816040216,1000,1.045293581250844,10.280557601803045,1000
momentum,TJS,wf_2024,,10,0.2647058823529412,0.2943548387096774,248,73,1.431372549019608,34,34,0,34,0,0.6470588235294118,0.0588235294117647,51,2024-01-10,2024-12-29,True,405.4619842830451,0.1789705882352941,6.462282680435143,696.9393610583647,49.15934008719597,0.4362060383446903,1.3286904761904763,1000,39.63325924561458,136.89336556901492,1000,169.60028335450073,685.9468643229217,1000,1.0730688135972402,5.7623505738992575,1000
momentum,TJS,wf_2025,,10,0.125,0.2360248447204969,161,38,1.1176470588235294,16,16,0,16,0,0.7352941176470589,0.0294117647058823,34,2025-01-10,2025-08-30,True,784.5034339192232,0.1275,-114.66557159163548,1034.9625202723214,-56.65624909569664,0.0,0.9662439393939392,1000,77.757786622716,211.05662697467145,1000,131.572282781105,955.6591855900054,1000,0.0,3.226643553075983,937
momentum,UZS,oot,,10,0.1944444444444444,0.2647058823529412,238,63,1.1886792452830188,36,36,0,36,0,0.6981132075471698,0.1132075471698113,53,2025-09-02,2026-09-02,True,451.94075027207026,0.1030555555555555,-72.91502080953737,612.6878239433495,-32.31769028007761,0.3509413100922535,1.3500035014005602,1000,67.34623147388905,137.3306831969116,1000,405.5000790983443,483.5854631609049,1000,2.359908453281848,6.232216584668598,1000
momentum,UZS,wf_2022,,10,0.1509433962264151,0.2064777327935222,247,51,1.0,53,53,0,53,0,0.5490196078431373,0.1568627450980392,51,2022-01-11,2022-12-31,True,2847.437642956354,0.1230188679245283,-266.90830672177566,3068.349401755123,-197.53824541413752,0.4526699012338848,1.2391304347826086,1000,62.08212066984839,328.3951606701215,1000,1118.9597533309127,3510.345185072947,1000,0.6026971543630596,5.279608698774022,1000
momentum,UZS,wf_2023,,10,0.2051282051282051,0.3036437246963562,247,75,1.4705882352941178,39,39,0,39,0,0.6470588235294118,0.1372549019607843,51,2023-01-10,2023-12-30,True,464.4808157759543,0.1825641025641025,-9.562065428454211,687.1653389078809,43.79424647199358,0.33193604390681,1.3722603819058212,1000,63.19234926604619,203.3858558402515,1000,348.93136500258936,523.5956155118382,1000,1.3900811095684265,10.136428079741776,1000
momentum,UZS,wf_2024,,10,0.2857142857142857,0.2620967741935484,248,65,1.2745098039215683,35,35,0,35,0,0.6274509803921569,0.0784313725490196,51,2024-01-10,2024-12-29,True,602.8785697208402,0.1277142857142857,-19.366858167762636,749.9905580008909,48.20800237741798,0.5623582766439909,1.6285943517329908,1000,43.12526935500968,148.92142106468114,1000,200.34341412495272,707.8804846143516,1000,1.595427517346475,6.985090688236011,1000
momentum,UZS,wf_2025,,10,0.2,0.0993788819875776,161,16,0.4705882352941176,25,25,0,25,0,0.4705882352941176,0.0294117647058823,34,2025-01-10,2025-08-30,True,756.5231342160796,0.0585999999999999,-121.20162886214608,970.0330635556726,-39.29810002475565,0.5159027777777778,2.9814814814814814,1000,59.17132754552847,125.05972544485532,1000,386.9513032822791,919.2861197759682,1000,1.8717830974278429,12.265379391559147,990
random,AMD,oot,,10,0.2738095238095238,0.2352941176470588,238,56,1.0566037735849056,88,84,4,84,4,0.1886792452830188,0.2264150943396226,53,2025-09-02,2026-09-02,True,502.73632240745945,0.2489880952380952,33.508947102694805,481.3193888523388,24.833572469531003,0.6562679738562092,1.5500242338961852,1000,-31.63482453643006,24.442483009138535,1000,436.5742722615114,545.6487371201874,1000,0.6880629833178044,1.2528441949416107,1000
random,AMD,wf_2022,,10,0.2839506172839506,0.2388663967611336,247,59,1.156862745098039,81,81,0,81,0,0.1372549019607843,0.2156862745098039,51,2022-01-11,2022-12-31,True,2475.627439679791,0.2429012345679012,36.041687190469,2475.863352587367,61.82129229890491,0.8941675169649882,1.6918637523502549,1000,-6.669391493573623,198.5170953886571,1000,1318.4597608135248,2679.1099665212146,1000,0.4750183834723638,3.24038775933908,1000
random,AMD,wf_2023,,10,0.3466666666666667,0.3198380566801619,247,79,1.5490196078431373,75,75,0,75,0,0.1372549019607843,0.1176470588235294,51,2023-01-10,2023-12-30,True,586.4285482053981,0.352,96.0448777743126,673.420411763522,100.9128669909815,0.8538773731111972,1.4190272381414926,1000,-7.676595904250603,58.92408440318018,1000,405.94587115159953,739.0745125874308,1000,0.7934888286497831,2.2566474624583304,1000
random,AMD,wf_2024,,10,0.3444444444444444,0.2903225806451613,248,72,1.411764705882353,90,90,0,90,0,0.1568627450980392,0.2745098039215686,51,2024-01-10,2024-12-29,True,802.2727015580856,0.319,50.18771124923953,801.9163239263517,53.607243538808646,0.9696700336700336,1.3804319484443708,1000,-20.549676599619573,31.205880691128275,1000,314.93890559628517,1005.0879544041792,1000,0.4406570731703665,1.9472547594264968,1000
random,AMD,wf_2025,,10,0.1538461538461538,0.1428571428571428,161,23,0.6764705882352942,52,52,0,52,0,0.1176470588235294,0.1176470588235294,34,2025-01-10,2025-08-30,True,772.3932111857735,0.149326923076923,-49.73311580899329,886.8133111084129,-26.13761541760223,0.596186683006536,1.8482142857142856,1000,22.248935775552155,85.50549790019679,1000,353.3926703232678,860.8601274025362,1000,0.6193247727236266,2.6143671110628124,1000
random,KGS,oot,,10,0.2686567164179104,0.2226890756302521,238,53,1.0,70,67,3,67,3,0.1886792452830188,0.1132075471698113,53,2025-09-02,2026-09-02,True,610.4286707906233,0.2427611940298507,17.26360874643884,621.6264648067299,13.605157924653886,0.7293911598537721,1.5787709948320414,1000,-33.61267466777676,29.976974842439873,1000,376.61462313639146,699.1197310409598,1000,0.6512858417978373,1.7802099203035284,1000
random,KGS,wf_2022,,10,0.1506849315068493,0.2064777327935222,247,51,1.0,73,73,0,73,0,0.2156862745098039,0.1764705882352941,51,2022-01-11,2022-12-31,True,1891.8180888673123,0.1761643835616438,-62.26998336962922,2009.7359555020157,-81.98121489285681,0.4141238736768437,0.9557228284832452,1000,-119.27662010376272,54.71859900683667,1000,1430.9771952098815,2298.8188717896505,1000,0.3188095259186936,1.7245320664466963,1000
random,KGS,wf_2023,,10,0.3684210526315789,0.2995951417004048,247,74,1.4509803921568627,76,76,0,76,0,0.1176470588235294,0.0784313725490196,51,2023-01-10,2023-12-30,True,584.7491392341699,0.3193421052631578,62.58440889041551,635.0768479909776,65.41535747661788,1.0152703806118002,1.4840544604076176,1000,-4.668622343370009,41.55102235188399,1000,447.4133595106867,690.7006739365045,1000,0.8266803933851163,2.028244183755653,1000
random,KGS,wf_2024,,10,0.3333333333333333,0.2943548387096774,248,73,1.431372549019608,87,87,0,87,0,0.1372549019607843,0.2156862745098039,51,2024-01-10,2024-12-29,True,769.3709603379427,0.2970689655172414,33.7383322068018,668.7591838811666,35.195262564431346,0.9001000974719644,1.3965587026612267,1000,-34.48975078069749,22.393856754030917,1000,266.3486376156135,963.5594996855574,1000,0.4308577142407054,1.7527290757730765,1000
random,KGS,wf_2025,,10,0.1785714285714285,0.124223602484472,161,20,0.5882352941176471,56,56,0,56,0,0.2058823529411764,0.2352941176470588,34,2025-01-10,2025-08-30,True,597.5935861407859,0.1803571428571428,-25.683485894992756,808.6449418087129,-19.16738110651554,0.7150158045977012,1.8685624803202732,1000,7.929999881732932,60.375854706152175,1000,353.2320337668413,830.6381330492885,1000,0.6664238399705851,4.742503375013951,1000
random,KZT,oot,,10,0.2325581395348837,0.2731092436974789,238,65,1.2264150943396226,87,86,1,86,1,0.1698113207547169,0.1886792452830188,53,2025-09-02,2026-09-02,True,707.4436315817021,0.2409302325581395,19.125134791436366,729.1562642381336,17.55904842422264,0.6440515504238269,1.1609421821920258,1000,-60.34221079535681,27.98544352004768,1000,436.75611707651854,758.090625145284,1000,0.7331136942409285,1.5242682280818811,1000
random,KZT,wf_2022,,10,0.2674418604651162,0.2064777327935222,247,51,1.0,86,86,0,86,0,0.196078431372549,0.2352941176470588,51,2022-01-11,2022-12-31,True,1794.4454104237411,0.2529651162790697,25.46792881215903,1795.2796667250316,26.705686448049033,0.9405759186027352,1.6666115011996034,1000,-18.84806274287017,139.83322178124385,1000,1396.900078613519,1900.281880233306,1000,0.5607973092540116,2.3489406027056,1000
random,KZT,wf_2023,,10,0.36,0.2834008097165992,247,70,1.3725490196078431,75,75,0,75,0,0.1176470588235294,0.1372549019607843,51,2023-01-10,2023-12-30,True,870.4195862188495,0.2975333333333333,68.68008350225001,806.0988228090006,72.20636974470551,0.9759631458966568,1.5246913580246917,1000,-34.39679870700267,65.71407612485788,1000,474.1205992260636,1165.5159182762636,1000,0.3358178869869615,1.6622911918445922,1000
random,KZT,wf_2024,,10,0.2058823529411764,0.2056451612903226,248,51,1.0,68,68,0,68,0,0.1764705882352941,0.1176470588235294,51,2024-01-10,2024-12-29,True,949.0955649638556,0.2039705882352941,3.793465702773945,987.7719926121196,-5.569959377953543,0.5196231570264975,1.4029663740627196,1000,-26.73595052226556,22.79452313005587,1000,346.78450647853936,1077.9098791035358,1000,0.2860822716562671,2.382844606619332,1000
random,KZT,wf_2025,,10,0.1052631578947368,0.0993788819875776,161,16,0.4705882352941176,57,57,0,57,0,0.1470588235294117,0.2352941176470588,34,2025-01-10,2025-08-30,True,937.3760815150574,0.1152631578947368,-86.24890868517515,967.3301151371472,-108.43580871380044,0.4672264693125135,1.7083363903154805,1000,-44.70195254513878,15.56898316000817,1000,709.8778044725939,1043.8665649920508,1000,0.3289339093178176,1.167323677844943,1000
random,TJS,oot,,10,0.1549295774647887,0.226890756302521,238,54,1.018867924528302,73,71,2,71,2,0.2452830188679245,0.1320754716981132,53,2025-09-02,2026-09-02,True,587.2842058078649,0.2082394366197183,-8.683392305413891,582.2009311357663,-17.44417355682749,0.4064583776878859,1.0306627426627428,1000,-60.81286353126942,15.336109858268516,1000,392.8141062695274,676.17486467497,1000,0.3918516986054142,1.1832415833872456,1000
random,TJS,wf_2022,,10,0.2676056338028169,0.2307692307692307,247,57,1.1176470588235294,71,71,0,71,0,0.1372549019607843,0.1176470588235294,51,2022-01-11,2022-12-31,True,2277.354660352801,0.2629577464788732,102.79325097810724,3098.750691986553,158.05938034918276,0.8116714761469352,1.6690058417792792,1000,-12.539007540964707,151.34604085096953,1000,981.04891281788,3559.31104753431,1000,0.5183841685313377,129.3388918836708,1000
random,TJS,wf_2023,,10,0.2166666666666666,0.2793522267206478,247,69,1.3529411764705883,60,60,0,60,0,0.2352941176470588,0.1176470588235294,51,2023-01-10,2023-12-30,True,691.253748806955,0.2223333333333333,22.52079277443668,730.9244393284881,24.14169467981134,0.4187032317406176,1.1578125,1000,-65.57514631676543,20.523490798642516,1000,515.4399103777633,745.7770938351692,1000,0.5462809943019173,1.4111481845824605,1000
random,TJS,wf_2024,,10,0.2205882352941176,0.2943548387096774,248,73,1.431372549019608,68,68,0,68,0,0.2549019607843137,0.1176470588235294,51,2024-01-10,2024-12-29,True,857.8814283384606,0.223235294117647,20.707964087885884,901.1249417557104,14.069194302097824,0.534477524751138,0.9666503259452413,1000,-60.63782918756363,20.575999729626464,1000,329.221870130255,1141.477501737983,1000,0.5587877066372063,1.56957459351773,1000
random,TJS,wf_2025,,10,0.2372881355932203,0.2360248447204969,161,38,1.1176470588235294,59,59,0,59,0,0.1470588235294117,0.2352941176470588,34,2025-01-10,2025-08-30,True,886.3607102632037,0.2369491525423728,-11.880788443696543,979.599160866591,-23.975636118740542,0.6821853421217828,1.2333709471199552,1000,-18.123259111241552,51.74513682796601,1000,363.3793480531885,969.9421236098292,1000,0.3739207125074928,1.574103838162123,1000
random,UZS,oot,,10,0.2786885245901639,0.2647058823529412,238,63,1.1886792452830188,63,61,2,61,2,0.2452830188679245,0.0754716981132075,53,2025-09-02,2026-09-02,True,543.3889612357027,0.2989344262295081,46.33522517097446,546.819232019629,51.90678130532584,0.6525826560404008,1.3693033735233224,1000,-17.622383738616723,46.94710273729712,1000,431.37506153127424,796.258998867394,1000,0.4048423341197291,1.2358689277201218,1000
random,UZS,wf_2022,,10,0.2289156626506024,0.2064777327935222,247,51,1.0,83,83,0,83,0,0.2352941176470588,0.2941176470588235,51,2022-01-11,2022-12-31,True,1706.1603899644404,0.2363253012048193,5.402819054527788,2103.6405027371484,25.14348056521762,0.7650668086889105,1.476681650236806,1000,-43.55996288016533,157.45778367634264,1000,1141.3371900987054,2267.954094317999,1000,1.312317277298072,70.44912171067348,1000
random,UZS,wf_2023,,10,0.3373493975903614,0.3036437246963562,247,75,1.4705882352941178,83,83,0,83,0,0.1176470588235294,0.2352941176470588,51,2023-01-10,2023-12-30,True,776.6318862999436,0.315722891566265,44.54202113570957,738.8172688366988,35.86726185248914,0.8076271753681392,1.424301693619081,1000,-45.56959522307511,22.108576955618695,1000,560.4547481490384,831.4296491332218,1000,0.6292912959403036,1.1930424787012794,1000
random,UZS,wf_2024,,10,0.2682926829268293,0.2620967741935484,248,65,1.2745098039215683,82,82,0,82,0,0.0588235294117647,0.196078431372549,51,2024-01-10,2024-12-29,True,600.5608144876846,0.2403658536585366,21.359053011587477,662.5398067697034,22.86967947256588,0.6707980260932273,1.2413717887656828,1000,-23.22361803469013,25.604119595416787,1000,353.8406508954232,789.0646967492704,1000,0.4918095287925918,4.473281718535793,1000
random,UZS,wf_2025,,10,0.0833333333333333,0.0993788819875776,161,16,0.4705882352941176,48,48,0,48,0,0.2058823529411764,0.1176470588235294,34,2025-01-10,2025-08-30,True,1006.3964996137854,0.1191666666666666,-77.27973660414119,1019.1447399070676,-91.90263030447989,0.0,1.5000291375291377,1000,-71.49479562551215,17.437504607775143,1000,549.3879507968395,1050.8687759952284,1000,0.0,1.043500169690702,1000
reversal,AMD,oot,,10,0.0,0.2352941176470588,238,56,1.0566037735849056,10,10,0,10,0,0.8113207547169812,0.0,53,2025-09-02,2026-09-02,True,235.8640007634656,0.14,22.2884302167456,356.86292451214706,35.256292123265865,0.0,0.0,999,48.627013130222,123.24873184108692,999,157.8484654731449,385.44240206191074,999,0.0,0.0,998
reversal,AMD,wf_2022,,10,0.2727272727272727,0.2388663967611336,247,59,1.156862745098039,11,11,0,11,0,0.7843137254901961,0.0,51,2022-01-11,2022-12-31,True,1205.2790496323075,0.2195454545454545,52.37686754299593,1624.3644739263275,39.61689632042526,0.2326811594202901,2.48991935483871,1000,0.226084951458003,408.3342040184826,1000,684.0472120949826,1804.0556227134075,1000,0.0796998315803432,10.343386397696316,998
reversal,AMD,wf_2023,,10,0.2857142857142857,0.3198380566801619,247,79,1.5490196078431373,7,7,0,7,0,0.8627450980392157,0.0,51,2023-01-10,2023-12-30,True,260.3062784925956,0.2114285714285713,11.67682187607874,511.52149432092006,26.451759556477572,0.0,2.8720930232558137,990,33.864530031464945,291.89112344563785,990,0.0,495.7779639146076,990,0.0,9.527054255241268,970
reversal,AMD,wf_2024,,10,0.1818181818181818,0.2903225806451613,248,72,1.411764705882353,11,11,0,11,0,0.7843137254901961,0.0,51,2024-01-10,2024-12-29,True,332.2752928831614,0.1963636363636363,9.26863676387736,777.5868717697891,60.96057013622349,0.0,1.7285567474454837,1000,8.494425374719413,263.4635187483427,1000,56.6511458048069,781.5990331121459,1000,0.0,11.810094689799136,1000
reversal,AMD,wf_2025,,10,0.0909090909090909,0.1428571428571428,161,23,0.6764705882352942,11,11,0,11,0,0.7058823529411765,0.0,34,2025-01-10,2025-08-30,True,278.6758368705473,0.1845454545454545,-3.7944868161772383,598.9127828077429,-0.7689404463943732,0.0,2.440016233766233,1000,75.28988479417862,164.80962545782987,1000,157.63021253896613,563.5570128639023,1000,0.0,5.821336515988801,1000
reversal,KGS,oot,,10,0.0,0.2226890756302521,238,53,1.0,11,11,0,11,0,0.7924528301886793,0.0,53,2025-09-02,2026-09-02,True,353.7247090339082,0.1336363636363636,-5.490710921009236,461.9464745737875,-1.52234572798136,0.0,0.0,1000,37.98925514650831,125.81252447599412,1000,373.56574804054566,557.519965859905,1000,0.0,0.0,1000
reversal,KGS,wf_2022,,10,0.25,0.2064777327935222,247,51,1.0,12,12,0,12,0,0.7647058823529411,0.0,51,2022-01-11,2022-12-31,True,883.8494240629916,0.2341666666666667,131.9064720246934,1493.3771044103214,174.34237128715344,0.2892187093416601,2.7192007337526203,1000,18.82941896432143,368.64228685892454,1000,477.1736404009253,2009.8322013880463,1000,0.0107168445766441,36.01143007581167,1000
reversal,KGS,wf_2023,,10,0.3333333333333333,0.2995951417004048,247,74,1.4509803921568627,6,6,0,6,0,0.8823529411764706,0.0,51,2023-01-10,2023-12-30,True,245.7534027550326,0.2091666666666666,-15.581285919774547,467.2350567085009,-17.10410404210919,0.0,3.207792207792208,979,12.07461461754227,278.01461104188354,979,0.0,481.6896121531955,979,0.5355357754790214,2.8026283062479243,919
reversal,KGS,wf_2024,,10,0.125,0.2943548387096774,248,73,1.431372549019608,8,8,0,8,0,0.8431372549019608,0.0,51,2024-01-10,2024-12-29,True,118.70354958971552,0.2625,85.23703873301572,393.85220669366834,93.39471282972868,0.0,1.7616152597402597,1000,13.594155080003633,213.0334633952474,1000,13.716744296203842,193.81578555028645,1000,0.0,4.289340292473112,999
reversal,KGS,wf_2025,,10,0.0,0.124223602484472,161,20,0.5882352941176471,16,16,0,16,0,0.5882352941176471,0.0,34,2025-01-10,2025-08-30,True,479.3104155944387,0.1015625,-42.213842956538144,957.908585060159,-63.470879998571704,0.0,0.0,1000,20.921138266652537,98.73593476960755,1000,162.21623453105184,1033.0189147102287,1000,0.0,0.0,1000
reversal,KZT,oot,,10,0.2222222222222222,0.2731092436974789,238,65,1.2264150943396226,9,9,0,9,0,0.8490566037735849,0.0,53,2025-09-02,2026-09-02,True,218.75164719812724,0.1877777777777778,10.02799810511495,398.2645616787889,47.20993943499452,0.0,2.218646553530274,1000,104.72644809336036,164.7978505943638,1000,217.0743149859877,326.17315685845585,1000,0.0,4.433277466333295,1000
reversal,KZT,wf_2022,,10,0.2307692307692307,0.2064777327935222,247,51,1.0,13,13,0,13,0,0.7843137254901961,0.0,51,2022-01-11,2022-12-31,True,1117.5008167125509,0.24,123.0538587125576,1634.370932293174,143.30994551472082,0.3951264880952381,2.225225225225225,1000,63.56662415911252,532.2289951418092,1000,844.5419880086802,1746.448413438233,1000,0.1063549845401994,21.281673518501357,996
reversal,KZT,wf_2023,,10,0.2222222222222222,0.2834008097165992,247,70,1.3725490196078431,9,9,0,9,0,0.8431372549019608,0.0,51,2023-01-10,2023-12-30,True,146.72314762779814,0.2277777777777778,147.81608922220917,287.8905133774305,119.31811280595656,0.0,2.352718938149972,1000,91.34676645119336,236.1529624392796,1000,68.53201146678867,305.46748927206215,1000,0.0,2.257592267574604,1000
reversal,KZT,wf_2024,,10,0.1818181818181818,0.2056451612903226,248,51,1.0,11,11,0,11,0,0.7843137254901961,0.0,51,2024-01-10,2024-12-29,True,584.2365766027306,0.1272727272727272,-87.78827812798085,995.2111473846978,-39.27242283735793,0.0,2.711005303760848,1000,-23.060279076606907,254.42164992147244,1000,98.43909326221478,1008.7075086326824,1000,0.0,23.29365258868396,994
reversal,KZT,wf_2025,,10,0.0769230769230769,0.0993788819875776,161,16,0.4705882352941176,13,13,0,13,0,0.6764705882352942,0.0,34,2025-01-10,2025-08-30,True,360.86271039279393,0.1257692307692307,-6.287288941393276,615.6740716818988,-11.525902884776697,0.0,2.3680855119825703,1000,15.846247070577272,173.84147098094564,1000,325.25106305980376,716.5579213783179,1000,0.0,1.518729648870339,1000
reversal,TJS,oot,,10,0.0833333333333333,0.226890756302521,238,54,1.018867924528302,12,12,0,12,0,0.7735849056603774,0.0,53,2025-09-02,2026-09-02,True,227.5920154093507,0.1829166666666666,35.81876356671167,319.9411690459922,42.99878008412028,0.0,1.3338126159554726,1000,41.96692234797554,124.12167844695104,1000,167.699423430272,325.5946901078,1000,0.0,1.6511907140654087,1000
reversal,TJS,wf_2022,,10,0.3076923076923077,0.2307692307692307,247,57,1.1176470588235294,13,13,0,13,0,0.7647058823529411,0.0,51,2022-01-11,2022-12-31,True,1379.8227290765317,0.2742307692307692,-9.221875875202416,2635.653133447154,84.19112421058391,0.4777332285311009,2.911516955266954,1000,174.56675430513536,498.88828946028815,1000,515.8173514969055,2458.746728879877,1000,0.0712786870891073,175.6884005281623,1000
reversal,TJS,wf_2023,,10,0.1666666666666666,0.2793522267206478,247,69,1.3529411764705883,6,6,0,6,0,0.8823529411764706,0.0,51,2023-01-10,2023-12-30,True,256.95606990103806,0.1791666666666666,-20.587300905387306,492.71679778979177,-17.79979111229753,0.0,3.383561643835616,981,2.100630555805613,297.0794480989869,981,0.0,489.01604395306776,981,0.0,2.5237956303566125,905
reversal,TJS,wf_2024,,10,0.1666666666666666,0.2943548387096774,248,73,1.431372549019608,12,12,0,12,0,0.7647058823529411,0.0,51,2024-01-10,2024-12-29,True,144.86399225710358,0.1970833333333333,45.89316267718297,478.9298869362865,88.10942709021172,0.0,1.5899999999999996,1000,17.25775791564681,255.48175010319497,1000,52.25871997962983,213.1307284836148,1000,0.0,13.818751385087817,999
reversal,TJS,wf_2025,,10,0.3,0.2360248447204969,161,38,1.1176470588235294,10,10,0,10,0,0.7352941176470589,0.0,34,2025-01-10,2025-08-30,True,480.4605186075226,0.181,1.5654362695222386,972.3135271439264,5.161456113884958,0.0,2.683333333333333,996,27.97435892219107,249.93007140656772,996,120.66901793307272,1043.488630942917,996,0.0,17.17118236344909,982
reversal,UZS,oot,,10,0.1111111111111111,0.2647058823529412,238,63,1.1886792452830188,9,9,0,9,0,0.8301886792452831,0.0,53,2025-09-02,2026-09-02,True,268.9907898382886,0.1944444444444444,-7.367649483353636,387.7006203777387,-4.097603658986072,0.0,1.3973109923911282,1000,42.293039022414696,109.84854371827048,1000,216.2520404030488,395.11308397216726,1000,0.0,1.776264114747348,1000
reversal,UZS,wf_2022,,10,0.2,0.2064777327935222,247,51,1.0,15,15,0,15,0,0.7254901960784313,0.0,51,2022-01-11,2022-12-31,True,1449.6930764446436,0.1613333333333333,-43.445740678490296,1800.226107347745,-21.179142187732648,0.2591424369747899,2.159280303030303,1000,86.82522167547165,403.46047018771714,1000,604.6981236244831,1777.6052520464723,1000,0.1484031327358298,5.22732916290577,1000
reversal,UZS,wf_2023,,10,0.1428571428571428,0.3036437246963562,247,75,1.4705882352941178,7,7,0,7,0,0.8627450980392157,0.0,51,2023-01-10,2023-12-30,True,285.4809175619533,0.2614285714285714,1.1691516443252497,506.76754671725826,-8.769469536410282,0.0,2.2918462270681905,992,29.80825112218287,310.7885637066415,992,14.383215122446558,527.9873184728601,992,0.0,1.7233182224486812,974
reversal,UZS,wf_2024,,10,0.1,0.2620967741935484,248,65,1.2745098039215683,10,10,0,10,0,0.803921568627451,0.0,51,2024-01-10,2024-12-29,True,160.50625061385304,0.2,37.93672067365426,434.67295092523767,77.8238592618732,0.0,1.3333333333333333,999,27.332891541923505,206.14335134316912,999,31.17802578667117,255.95843184597732,999,0.0,4.943764857262834,995
reversal,UZS,wf_2025,,10,0.125,0.0993788819875776,161,16,0.4705882352941176,16,16,0,16,0,0.5882352941176471,0.0,34,2025-01-10,2025-08-30,True,449.1842021636412,0.0959375,-28.761651455651716,962.7082886946672,-27.186152186938124,0.0,3.38389037433155,1000,29.51059820991828,144.621962646924,1000,192.779248485333,999.152353465671,1000,0.0,12.893309708600691,1000
seasonality,AMD,oot,,10,0.14,0.2352941176470588,238,56,1.0566037735849056,50,50,0,50,0,0.7547169811320755,0.1886792452830188,53,2025-09-02,2026-09-02,True,516.4100230987185,0.1429,9.91251337908762,539.6275858984129,12.0975863175959,0.1186437583971026,1.5396990595611282,1000,-53.47724323311448,74.86418177584015,1000,261.3390343366214,560.1347220246888,1000,0.5759198408468063,1.192199150490904,997
seasonality,AMD,wf_2022,,10,0.1632653061224489,0.2388663967611336,247,59,1.156862745098039,49,49,0,49,0,0.7254901960784313,0.1764705882352941,51,2022-01-11,2022-12-31,True,1585.8186733753791,0.17,18.68969708804962,1686.5330045334556,49.65380651797001,0.1307818422019729,1.8190248114749776,1000,-186.6471808791165,275.4816928453192,1000,720.6063161760545,1900.964940996741,1000,0.6769249334230141,15.33127868138873,998
seasonality,AMD,wf_2023,,10,0.2916666666666667,0.3198380566801619,247,79,1.5490196078431373,48,48,0,48,0,0.7450980392156863,0.196078431372549,51,2023-01-10,2023-12-30,True,738.5229405074427,0.2794791666666666,2.075854274833506,753.0057533610603,8.760620183522683,0.2165732758620689,1.8037270268609011,1000,-47.951067750677424,24.10203540721813,1000,140.33360980407528,790.5762550969774,1000,0.6172976171598721,2.330336998859418,1000
seasonality,AMD,wf_2024,,10,0.24,0.2903225806451613,248,72,1.411764705882353,50,50,0,50,0,0.7254901960784313,0.1764705882352941,51,2024-01-10,2024-12-29,True,272.07521582108285,0.2183,33.53653054317744,322.02391212804827,45.62387418796106,0.2175177467894966,1.49833081779379,1000,-5.675693624889914,72.92793148684405,1000,108.83076235189026,306.1381192536064,1000,0.6383108722376206,3.245087097892342,1000
seasonality,AMD,wf_2025,,10,0.0526315789473684,0.1428571428571428,161,23,0.6764705882352942,38,38,0,38,0,0.6470588235294118,0.2352941176470588,34,2025-01-10,2025-08-30,True,827.0884846072044,0.0578947368421052,-82.93217582130994,923.126074966609,-83.98307411445764,0.0,1.0530847692612388,1000,-104.34020251921416,53.01175709814494,1000,259.195854511503,940.1093463242138,1000,0.0,3.2572597371472014,999
seasonality,KGS,oot,,10,0.2058823529411764,0.2226890756302521,238,53,1.0,39,34,5,34,5,0.7924528301886793,0.1320754716981132,53,2025-09-02,2026-09-02,True,588.7194916460659,0.2194117647058823,7.954257923394303,626.438507443905,10.867867188042576,0.0,2.108887443070918,997,-98.61523390383196,97.52677398546211,997,306.9649048041367,630.0116245600651,997,0.0,1.240103993531706,985
seasonality,KGS,wf_2022,,10,0.1320754716981132,0.2064777327935222,247,51,1.0,53,53,0,53,0,0.7058823529411765,0.2156862745098039,51,2022-01-11,2022-12-31,True,1978.4620758919743,0.135754716981132,-0.6057041241882684,1986.643932668618,-13.930327167156802,0.0,1.5015197568389058,1000,-159.99869268546496,151.5963226087057,1000,1473.9487122976236,2066.2726523174133,1000,0.0,1.4567491253830838,1000
seasonality,KGS,wf_2023,,10,0.2903225806451613,0.2995951417004048,247,74,1.4509803921568627,62,62,0,62,0,0.6274509803921569,0.2549019607843137,51,2023-01-10,2023-12-30,True,690.8351325099806,0.2735483870967742,28.98406776205974,713.8937273210495,43.850483400433035,0.534238922841864,1.4351799626019852,1000,-24.25555560469883,76.82901210277032,1000,230.36725877352103,728.4784364437122,1000,0.8870149578076466,1.3500775740573991,1000
seasonality,KGS,wf_2024,,10,0.2068965517241379,0.2943548387096774,248,73,1.431372549019608,58,58,0,58,0,0.6666666666666666,0.2352941176470588,51,2024-01-10,2024-12-29,True,685.1692267306788,0.2041379310344827,8.378173424783654,776.2819524007739,10.689406322932776,0.0769909332359925,1.2686235162961508,1000,-50.35955255139209,24.696165771129586,1000,231.6062541445385,812.0986469953051,1000,0.3234046386407149,1.3284541166699593,1000
seasonality,KGS,wf_2025,,10,0.1351351351351351,0.124223602484472,161,20,0.5882352941176471,37,37,0,37,0,0.6764705882352942,0.2352941176470588,34,2025-01-10,2025-08-30,True,851.3116346099187,0.1156756756756756,-45.53010332721646,949.190724291082,-42.38235897555673,0.0,2.562248900293254,1000,-66.11854875202253,69.9794510664052,1000,280.24699121526385,961.8423300307466,1000,0.5868059494065757,2.6582942686864923,986
seasonality,KZT,oot,,10,0.1923076923076923,0.2731092436974789,238,65,1.2264150943396226,52,52,0,52,0,0.6981132075471698,0.1698113207547169,53,2025-09-02,2026-09-02,True,734.740329350188,0.2073076923076923,11.779048509871275,766.9149006174339,6.107643450929765,0.2054114763114123,1.252211889642883,1000,-116.27606748742753,28.564099085565307,1000,379.7035659593073,788.4689574436953,1000,0.5899600087046185,1.2208168155236196,1000
seasonality,KZT,wf_2022,,10,0.2452830188679245,0.2064777327935222,247,51,1.0,53,53,0,53,0,0.7254901960784313,0.196078431372549,51,2022-01-11,2022-12-31,True,1756.2043268365142,0.2156603773584905,13.684260965367493,1786.0122829205618,25.65157526707199,0.5011166432701758,2.09280666881745,1000,-141.59741954349195,146.73613844020858,1000,1589.5244184043731,1784.416244099385,1000,1.0202923600544789,1.9828255195337836,1000
seasonality,KZT,wf_2023,,10,0.2372881355932203,0.2834008097165992,247,70,1.3725490196078431,59,59,0,59,0,0.6862745098039216,0.2352941176470588,51,2023-01-10,2023-12-30,True,563.5580429343192,0.2637288135593221,57.11819989211917,563.6779278354959,53.01670904237807,0.1700241046831956,1.6524320652173912,1000,-16.370634155017015,99.0610820340975,1000,440.8313076257077,653.7904511543569,1000,0.3947510812585055,1.0750321163639796,997
seasonality,KZT,wf_2024,,10,0.0892857142857142,0.2056451612903226,248,51,1.0,56,56,0,56,0,0.6862745098039216,0.2156862745098039,51,2024-01-10,2024-12-29,True,890.9082716854404,0.0976785714285714,-45.758583494236554,991.1188215579656,-44.98488686381607,0.0,0.779928008865024,1000,-54.07650530626677,32.6399945710441,1000,374.90016699339344,1025.8897344514703,1000,0.0,1.0802543533675868,983
seasonality,KZT,wf_2025,,10,0.075,0.0993788819875776,161,16,0.4705882352941176,40,40,0,40,0,0.6176470588235294,0.2352941176470588,34,2025-01-10,2025-08-30,True,967.8355590661112,0.077875,-54.055317198932606,1023.3166173760244,-59.07604912620618,0.0,2.287024782889874,1000,-65.50364309002327,66.76457781839994,1000,302.1804155646901,1041.777647152471,1000,0.0,2.4168220029299485,999
seasonality,TJS,oot,,10,0.4565217391304347,0.226890756302521,238,54,1.018867924528302,47,46,1,46,1,0.6981132075471698,0.1509433962264151,53,2025-09-02,2026-09-02,True,580.976416410321,0.4231521739130434,85.66783459210052,567.4371345801035,88.32733830857751,1.1159967529297117,3.000285714285714,1000,-74.62934109088309,71.80476488238064,1000,356.9277833158635,710.1687762173548,1000,0.5667266094523253,1.301673651876751,999
seasonality,TJS,wf_2022,,10,0.0625,0.2307692307692307,247,57,1.1176470588235294,48,48,0,48,0,0.7647058823529411,0.196078431372549,51,2022-01-11,2022-12-31,True,3937.9972435401273,0.0539583333333333,-260.38199755034185,3989.711225266387,-272.82660615723046,0.0,0.6550178030303028,1000,-389.0130641140414,-18.961596469420005,1000,1352.7518850907609,4206.4938555888575,1000,0.2351483885060571,9.31777969587542,934
seasonality,TJS,wf_2023,,10,0.1666666666666666,0.2793522267206478,247,69,1.3529411764705883,48,48,0,48,0,0.7450980392156863,0.1764705882352941,51,2023-01-10,2023-12-30,True,556.8105546656685,0.1791666666666666,19.221078899809974,594.9443001031738,21.356785036155788,0.0894522077942543,1.1480258469343632,1000,-42.51574980302157,84.26851710579581,1000,368.60908803681315,624.0925377120732,1000,0.4670724906928157,1.1446738547341129,996
seasonality,TJS,wf_2024,,10,0.3529411764705882,0.2943548387096774,248,73,1.431372549019608,51,51,0,51,0,0.7058823529411765,0.2156862745098039,51,2024-01-10,2024-12-29,True,665.1687342341908,0.3297058823529412,56.248386293333624,755.1819136194173,63.920481644702136,0.6911352657004832,1.7383405667991527,1000,14.39838900034754,91.9799666810276,1000,126.84265241752776,764.3914649765837,1000,0.7168844543814588,1.8809429611303776,1000
seasonality,TJS,wf_2025,,10,0.1818181818181818,0.2360248447204969,161,38,1.1176470588235294,33,33,0,33,0,0.7058823529411765,0.1764705882352941,34,2025-01-10,2025-08-30,True,895.3568674779578,0.2596969696969696,-22.145344982656763,995.0048610412688,-30.53656385830011,0.0,1.5147113133248185,1000,-108.81112620733576,75.34588908374076,1000,279.0176765068435,1008.2134835227464,1000,0.0,0.994180147432448,1000
seasonality,UZS,oot,,10,0.2142857142857142,0.2647058823529412,238,63,1.1886792452830188,48,42,6,42,6,0.7547169811320755,0.1698113207547169,53,2025-09-02,2026-09-02,True,587.0584703947998,0.2322619047619047,26.598991058685023,631.3934730657555,28.574969482386138,0.1659146090534979,1.3763713891534195,1000,-88.75002924889603,102.37682870824564,1000,401.3845457225251,653.6539535137042,1000,0.7587852075300805,1.1942939459248298,987
seasonality,UZS,wf_2022,,10,0.1923076923076923,0.2064777327935222,247,51,1.0,52,52,0,52,0,0.7058823529411765,0.2156862745098039,51,2022-01-11,2022-12-31,True,2902.265474096911,0.1714423076923077,-132.7747582669832,3173.833327938191,-142.15577893112948,0.5912328187088789,1.7491693899782133,1000,-328.7140701484166,97.885436498907,1000,1545.4179664003764,3510.345185072947,1000,0.754463482751611,5.645174900125306,1000
seasonality,UZS,wf_2023,,10,0.2962962962962963,0.3036437246963562,247,75,1.4705882352941178,54,54,0,54,0,0.7058823529411765,0.196078431372549,51,2023-01-10,2023-12-30,True,582.5142981199467,0.2759259259259259,62.90745860145136,619.9474316461194,67.89247221008753,0.4241720814075138,1.8784289623234935,1000,-38.05610290006086,88.48288096500482,1000,214.69047735260037,651.4464835359602,1000,0.9304564560647952,1.2376971131691403,1000
seasonality,UZS,wf_2024,,10,0.2222222222222222,0.2620967741935484,248,65,1.2745098039215683,54,54,0,54,0,0.6862745098039216,0.2156862745098039,51,2024-01-10,2024-12-29,True,774.0208228345549,0.2164814814814815,-3.406083472878079,777.7527750691365,-7.548107068701902,0.1551602965245017,1.4706682777750093,1000,-52.445181255751415,31.262141196676684,1000,295.24131789841533,789.5460713718116,1000,0.4442505852738815,1.2049227137173857,1000
seasonality,UZS,wf_2025,,10,0.1290322580645161,0.0993788819875776,161,16,0.4705882352941176,31,31,0,31,0,0.7352941176470589,0.1764705882352941,34,2025-01-10,2025-08-30,True,934.4030847462908,0.1158064516129032,-29.74133090323723,1038.8785397003064,-26.622921200870188,0.0,2.484663830497164,999,-90.05873487743138,103.13667934434636,999,203.66979280851737,1050.8687759952284,999,0.0,1.539048135578823,983
catboost_ab,AMD,wf_oos,5.0,10,0.2408759124087591,0.2652439024390244,656,174,1.2608695652173914,137,137,0,137,0,0.7028985507246377,0.1956521739130435,138,2023-01-10,2025-08-30,False,,0.2322992700729927,14.058194450589976,745.6905874152325,24.025788451054932,0.550315809117155,1.3332220668226606,1000,7.076806641405874,79.2429770462133,1000,508.3446958057614,759.2582523101183,1000,0.949234739467464,1.736551037609106,1000
catboost_ab,KGS,wf_oos,5.0,10,0.2531645569620253,0.2545731707317073,656,167,1.210144927536232,158,158,0,158,0,0.6231884057971014,0.2246376811594203,138,2023-01-10,2025-08-30,False,,0.2304746835443037,15.272195968449806,729.9299282424302,32.507308359686355,0.6666548922642176,1.3806370153144345,1000,2.945300467450878,66.90209913217922,1000,491.44923327922186,793.404107072678,1000,0.9042061610420944,1.87515094910818,1000
catboost_ab,KZT,wf_oos,5.0,10,0.2056737588652482,0.2088414634146341,656,137,0.9927536231884058,141,141,0,141,0,0.6666666666666666,0.1956521739130435,138,2023-01-10,2025-08-30,False,,0.2068794326241134,31.75998053251111,634.3021413370715,41.86833565954768,0.5502925301808914,1.5024887582509774,1000,19.097031787748172,90.63455191795455,1000,451.0918820325827,643.9255641480244,1000,0.8478989551741815,3.51099259676442,1000
catboost_ab,TJS,wf_oos,5.0,10,0.2439024390243902,0.274390243902439,656,180,1.3043478260869563,123,123,0,123,0,0.7028985507246377,0.181159420289855,138,2023-01-10,2025-08-30,False,,0.2263821138211382,20.884853703290755,712.108509348273,32.254913126430516,0.5954053237430288,1.231388066199806,1000,10.978760518377811,83.2173289799516,1000,506.13773470006385,761.0019555860074,1000,0.9118970874865284,1.6864493042914075,1000
catboost_ab,UZS,wf_oos,5.0,10,0.2328767123287671,0.2378048780487804,656,156,1.1304347826086956,146,146,0,146,0,0.6739130434782609,0.2101449275362318,138,2023-01-10,2025-08-30,False,,0.2292465753424657,26.04345076893021,678.4564831495155,32.328153142647885,0.6373401791643696,1.5260869267390482,1000,6.9149092183624825,78.02301151618,1000,525.0728780320198,788.5833221267291,1000,0.6816175024446433,1.6456806084497697,1000
catboost_abcd,AMD,wf_oos,5.0,10,0.12,0.2652439024390244,656,174,1.2608695652173914,75,75,0,75,0,0.7681159420289855,0.0869565217391304,138,2023-01-10,2025-08-30,True,826.208999541453,0.1627333333333333,-12.701041528384463,842.744920161505,-18.512552397068365,0.1422230261785565,0.698409186761684,1000,-34.10121142032585,60.84013792016469,1000,560.0886367647447,940.1093463242138,1000,0.2562202734898706,1.0664969163842548,1000
catboost_abcd,KGS,wf_oos,5.0,10,0.189873417721519,0.2545731707317073,656,167,1.210144927536232,79,79,0,79,0,0.7463768115942029,0.0942028985507246,138,2023-01-10,2025-08-30,True,814.0192127328239,0.2166455696202531,4.397027677228774,841.4364169911942,3.1868815076067105,0.314987139766086,1.0314943284333609,1000,-42.54869971800207,57.67535473386261,1000,439.4964317636714,956.7816877348808,1000,0.479569736159081,1.105881405713152,1000
catboost_abcd,KZT,wf_oos,5.0,10,0.1304347826086956,0.2088414634146341,656,137,0.9927536231884058,69,69,0,69,0,0.7391304347826086,0.0579710144927536,138,2023-01-10,2025-08-30,True,892.2244159638337,0.1528985507246376,-17.628703110181327,960.7434333853084,-23.922288144909977,0.1789306701403966,1.1344550279007055,1000,-59.36847471448844,44.56188998180216,1000,562.3613959303908,1041.777647152471,1000,0.3590065089834084,1.3571358644079894,1000
catboost_abcd,TJS,wf_oos,5.0,10,0.2203389830508474,0.274390243902439,656,180,1.3043478260869563,59,59,0,59,0,0.7971014492753623,0.072463768115942,138,2023-01-10,2025-08-30,True,789.5284002181841,0.2244067796610169,26.63053382814274,908.395977554514,34.58376542100826,0.3902451233085958,1.1160771887575651,1000,-14.83445779233318,111.07325022674638,1000,461.7799817696067,1008.2134835227464,1000,0.5698168626056446,1.5090979231500017,1000
catboost_abcd,UZS,wf_oos,5.0,10,0.1866666666666666,0.2378048780487804,656,156,1.1304347826086956,75,75,0,75,0,0.7753623188405797,0.0869565217391304,138,2023-01-10,2025-08-30,True,801.6377431114886,0.2079333333333333,10.269283515939671,861.4215273561696,7.391488014457806,0.3394630461987859,1.2750744872793855,1000,-35.7954288737724,72.97086782091274,1000,484.0119140619916,1050.8687759952284,1000,0.5323869753293872,1.2864252896854578,1000
level,AMD,wf_oos,,10,0.1702127659574468,0.2652439024390244,656,174,1.2608695652173914,141,141,0,141,0,0.7246376811594203,0.217391304347826,138,2023-01-10,2025-08-30,False,,0.1414893617021276,-29.40388450776356,905.920501170616,-13.671772853961023,0.3976039712405657,0.9686218472052992,1000,39.85370583919504,104.35189941085584,1000,423.2280203533715,964.351382487762,1000,1.0512765596468143,2.439583769940411,1000
level,KGS,wf_oos,,10,0.1555555555555555,0.2545731707317073,656,167,1.210144927536232,135,135,0,135,0,0.7391304347826086,0.2028985507246377,138,2023-01-10,2025-08-30,False,,0.1498518518518518,-31.864991124241087,966.289664352584,-21.478559135620955,0.3486691592827901,0.9762531821680184,1000,34.92401065116057,92.944380266016,1000,430.7380822428477,1038.8643711864347,1000,0.9064719363120028,1.806966229553856,1000
level,KZT,wf_oos,,10,0.1049723756906077,0.2088414634146341,656,137,0.9927536231884058,181,181,0,181,0,0.6666666666666666,0.2681159420289855,138,2023-01-10,2025-08-30,False,,0.0954143646408839,-66.79414805127834,994.0237177521674,-53.13703595372426,0.3138730958890733,0.7333866846980772,1000,24.99656287998035,67.81289339582302,1000,660.0980928176509,1015.1185111693708,1000,1.0148222363554722,1.9058073340212616,1000
level,TJS,wf_oos,,10,0.2352941176470588,0.274390243902439,656,180,1.3043478260869563,85,85,0,85,0,0.8260869565217391,0.1231884057971014,138,2023-01-10,2025-08-30,True,996.7798523982068,0.1988823529411764,-3.931909651800909,1005.9328383729088,20.956780337173825,0.4904370591705637,1.3274037707228286,1000,71.08292450297789,143.17681551234293,1000,385.2720686081369,1049.5622200404594,1000,1.050468181280278,3.242283466013428,1000
level,UZS,wf_oos,,10,0.141025641025641,0.2378048780487804,656,156,1.1304347826086956,156,156,0,156,0,0.6956521739130435,0.2536231884057971,138,2023-01-10,2025-08-30,False,,0.1229807692307692,-35.38047271856781,939.7085706122188,-21.111252862975608,0.3724952151784613,0.8979287416577449,1000,45.3602216398617,90.84384088495445,1000,551.6028331489423,980.8101911773,1000,1.1277991638065916,1.680898170520068,1000
logreg_a,AMD,wf_oos,5.0,10,0.1770833333333333,0.2652439024390244,656,174,1.2608695652173914,96,96,0,96,0,0.6811594202898551,0.1014492753623188,138,2023-01-10,2025-08-30,True,744.1502157968994,0.1806770833333333,11.33602805711841,757.7734587428736,15.504050522171406,0.3465618769416237,1.1430329389867402,1000,19.137651259596705,89.53712818927876,1000,363.11696181745214,931.6177106454116,1000,0.5320153475436837,2.274906102332535,1000
logreg_a,KGS,wf_oos,5.0,10,0.2,0.2545731707317073,656,167,1.210144927536232,65,65,0,65,0,0.7681159420289855,0.072463768115942,138,2023-01-10,2025-08-30,True,701.6210433642813,0.2233846153846154,6.910895035748154,766.7624017889943,4.9027547710234245,0.2382772641466284,1.386628680400701,1000,-14.821232560408788,46.74192505831225,1000,295.3001317385747,812.0986469953051,1000,0.445792130435414,1.9121201485943944,1000
logreg_a,KZT,wf_oos,5.0,10,0.0869565217391304,0.2088414634146341,656,137,0.9927536231884058,69,69,0,69,0,0.7463768115942029,0.072463768115942,138,2023-01-10,2025-08-30,True,960.8189824796711,0.124927536231884,-21.320575338166257,983.0895027685546,-28.22210074173997,0.1457524440030894,0.7849286773244712,1000,-9.324177023796114,64.85935782606589,1000,389.2157415255156,1022.1068734445926,1000,0.3016251269359326,1.0959824935242393,1000
logreg_a,TJS,wf_oos,5.0,10,0.2842105263157894,0.274390243902439,656,180,1.3043478260869563,95,95,0,95,0,0.6594202898550725,0.0942028985507246,138,2023-01-10,2025-08-30,True,910.7615019004364,0.2734736842105263,32.78865909727061,869.9894185095551,35.24471958105024,0.6431147675853558,1.4086911611595156,1000,14.248870997965804,72.5414804012584,1000,481.10160684597696,1031.7302484695267,1000,0.4937309960819521,1.6127758447420053,1000
logreg_a,UZS,wf_oos,5.0,10,0.1875,0.2378048780487804,656,156,1.1304347826086956,64,64,0,64,0,0.7463768115942029,0.072463768115942,138,2023-01-10,2025-08-30,True,823.1397759903714,0.232265625,-1.637028844069305,826.6074461323436,-12.772798233752331,0.2929307263161842,1.3692564795895552,1000,-10.230754804877286,58.440075315258795,1000,479.24510619747673,999.152353465671,1000,0.272807159851313,1.204567947556134,1000
logreg_ab,AMD,wf_oos,5.0,10,0.2,0.2652439024390244,656,174,1.2608695652173914,40,40,0,40,0,0.8623188405797102,0.0434782608695652,138,2023-01-10,2025-08-30,True,393.706301067616,0.226,24.828273443653735,636.1124110089,31.256903825713813,0.1135585837357989,1.746009309009121,1000,1.4402287999597256,108.18543051993773,1000,160.4701795520025,781.599033112146,1000,0.2894885170148011,2.7970703498511993,1000
logreg_ab,KGS,wf_oos,5.0,10,0.2121212121212121,0.2545731707317073,656,167,1.210144927536232,33,33,0,33,0,0.8768115942028986,0.036231884057971,138,2023-01-10,2025-08-30,True,216.9003133640044,0.2345454545454545,38.58094805959891,252.74175200911063,38.60069967619397,0.0,1.610064379307733,1000,-0.3775103460966784,57.22046629049575,1000,112.1038951946729,266.8804878290243,1000,0.0,1.3538113471282944,1000
logreg_ab,KZT,wf_oos,5.0,10,0.0666666666666666,0.2088414634146341,656,137,0.9927536231884058,30,30,0,30,0,0.8695652173913043,0.0289855072463768,138,2023-01-10,2025-08-30,True,587.1680655763951,0.1135,-23.988225059089803,930.1629987669724,-12.141190310236857,0.0,1.2079186152335115,1000,-13.31600124427704,109.88943601087038,1000,141.12181035302063,1008.7075086326826,1000,0.0,6.062358994957827,1000
logreg_ab,TJS,wf_oos,5.0,10,0.3617021276595745,0.274390243902439,656,180,1.3043478260869563,47,47,0,47,0,0.8333333333333334,0.0507246376811594,138,2023-01-10,2025-08-30,True,658.4686336984344,0.3395744680851064,51.27392313938204,755.027188311989,60.49184238533445,0.5844289324734476,1.9809842686558297,1000,9.62637990250498,104.34474114373714,1000,110.70152476905756,764.3914649765837,1000,0.5975588311469984,2.5234018879232156,1000
logreg_ab,UZS,wf_oos,5.0,10,0.2222222222222222,0.2378048780487804,656,156,1.1304347826086956,27,27,0,27,0,0.8768115942028986,0.0217391304347826,138,2023-01-10,2025-08-30,True,191.18891692663183,0.257037037037037,56.05971966690359,378.4524292496522,60.977540945086176,0.0,1.8743751363140673,1000,20.11868658440016,116.7746603824302,1000,102.55091838775157,255.95843184597732,1000,0.0,4.8519817388735165,1000
logreg_abc,AMD,wf_oos,5.0,10,,0.2652439024390244,656,174,1.2608695652173914,0,0,0,0,0,1.0,0.0,138,2023-01-10,2025-08-30,True,,,,,,,,0,,,0,,,0,,,0
logreg_abc,KGS,wf_oos,5.0,10,,0.2545731707317073,656,167,1.210144927536232,0,0,0,0,0,1.0,0.0,138,2023-01-10,2025-08-30,True,,,,,,,,0,,,0,,,0,,,0
logreg_abc,KZT,wf_oos,5.0,10,,0.2088414634146341,656,137,0.9927536231884058,0,0,0,0,0,1.0,0.0,138,2023-01-10,2025-08-30,True,,,,,,,,0,,,0,,,0,,,0
logreg_abc,TJS,wf_oos,5.0,10,0.3333333333333333,0.274390243902439,656,180,1.3043478260869563,3,3,0,3,0,0.9855072463768116,0.0,138,2023-01-10,2025-08-30,True,135.9016221494236,0.2583333333333333,158.9846410148671,245.9127014977982,158.8617446459824,0.0,1.281949317738791,704,117.28827999468947,201.3041853731168,704,137.5485372424512,270.15632920581953,704,0.0,1.1441857324756513,629
logreg_abc,UZS,wf_oos,5.0,10,,0.2378048780487804,656,156,1.1304347826086956,0,0,0,0,0,1.0,0.0,138,2023-01-10,2025-08-30,True,,,,,,,,0,,,0,,,0,,,0
logreg_abcd,AMD,wf_oos,5.0,10,0.2458100558659217,0.2652439024390244,656,174,1.2608695652173914,179,179,0,179,0,0.5869565217391305,0.2608695652173913,138,2023-01-10,2025-08-30,False,,0.2250558659217877,17.147672483312476,765.9340106421466,31.686559224660215,0.657758253862968,1.2718756073858115,1000,24.479656117155972,79.93077465936588,1000,565.3919958297988,833.4521962315522,1000,0.9217586904082408,1.5318464877191398,1000
logreg_abcd,KGS,wf_oos,5.0,10,0.2707182320441988,0.2545731707317073,656,167,1.210144927536232,181,181,0,181,0,0.5362318840579711,0.2463768115942029,138,2023-01-10,2025-08-30,False,,0.2510220994475138,23.349412854256354,749.8147588008169,38.33954555260905,0.7784391928408058,1.4016195044172146,1000,13.7778884470735,64.37529530625548,1000,526.0006241256693,836.5268502997202,1000,0.8700907051179834,1.4023036257707366,1000
logreg_abcd,KZT,wf_oos,5.0,10,0.1781609195402299,0.2088414634146341,656,137,0.9927536231884058,174,174,0,174,0,0.5652173913043478,0.2391304347826087,138,2023-01-10,2025-08-30,False,,0.1847413793103448,15.909479928107451,973.7611895665884,29.326805649670924,0.5102588110062184,1.347722965866489,1000,24.621683394920513,90.22699021767296,1000,459.40451189182113,1015.1185111693704,1000,0.8250775706598058,2.5189360815142368,1000
logreg_abcd,TJS,wf_oos,5.0,10,0.2640449438202247,0.274390243902439,656,180,1.3043478260869563,178,178,0,178,0,0.5579710144927537,0.2391304347826087,138,2023-01-10,2025-08-30,False,,0.2473033707865168,32.484125983007694,765.4578256714952,46.010829834505294,0.7325181107234686,1.2165777384198055,1000,28.64203583373274,87.21533292865459,1000,517.4811343376953,919.1401200856754,1000,0.7886123850109247,1.5064043566464689,1000
logreg_abcd,UZS,wf_oos,5.0,10,0.2378378378378378,0.2378048780487804,656,156,1.1304347826086956,185,185,0,185,0,0.572463768115942,0.2753623188405797,138,2023-01-10,2025-08-30,False,,0.236054054054054,26.085455696541473,740.5556107192722,32.69301979188197,0.7044996152204828,1.4453988808472726,1000,16.733168056669783,79.84630944740536,1000,531.4869461816123,781.9885680835146,1000,0.8690650818935945,1.367946395478619,1000
momentum,AMD,wf_oos,,10,0.2808988764044944,0.2652439024390244,656,174,1.2608695652173914,89,89,0,89,0,0.6521739130434783,0.072463768115942,138,2023-01-10,2025-08-30,True,800.7422915898528,0.1759550561797752,-17.026799369955764,871.8292433538985,33.858391858597834,0.7548014570307183,1.426833715326095,1000,87.38208485284977,158.5370720648199,1000,574.9223968743977,891.6849312650887,1000,1.6023014436953993,4.408472964168411,1000
momentum,KGS,wf_oos,,10,0.217391304347826,0.2545731707317073,656,167,1.210144927536232,92,92,0,92,0,0.6594202898550725,0.0869565217391304,138,2023-01-10,2025-08-30,True,810.8819007825003,0.1231521739130434,-46.71993124748564,886.1299832604911,8.480497233468922,0.5454654578179122,1.185562179272646,1000,70.05930770241488,142.40977353273988,1000,527.3707358104165,947.7490897955907,1000,1.6133262858645798,5.210868135517429,1000
momentum,KZT,wf_oos,,10,0.238095238095238,0.2088414634146341,656,137,0.9927536231884058,84,84,0,84,0,0.6159420289855072,0.0434782608695652,138,2023-01-10,2025-08-30,True,805.0391879819339,0.1695833333333333,-29.09471991885749,949.3843153886514,20.643340223571737,0.8185555335035449,1.6341156126482217,1000,76.24754073230699,140.91246282740235,1000,555.5904708631736,975.7702902687593,1000,1.3994589010100824,9.2268565033989,1000
momentum,TJS,wf_oos,,10,0.2317073170731707,0.274390243902439,656,180,1.3043478260869563,82,82,0,82,0,0.6884057971014492,0.0652173913043478,138,2023-01-10,2025-08-30,True,823.8897424855004,0.1630487804878048,-29.959565162170033,893.0513295780413,17.679808607147297,0.5327500850892664,1.162700837161579,1000,76.80780081378498,149.13226566116074,1000,555.3088940700563,952.5564375203138,1000,1.121124392225531,3.910705762148371,1000
momentum,UZS,wf_oos,,10,0.2323232323232323,0.2378048780487804,656,156,1.1304347826086956,99,99,0,99,0,0.6014492753623188,0.0869565217391304,138,2023-01-10,2025-08-30,True,811.6437167860638,0.1331818181818181,-39.87627875950252,877.0433276879197,24.37174944442917,0.6338053759152715,1.3486065884134797,1000,77.51520961860514,144.03655618940044,1000,550.7323382560428,897.9005156097112,1000,1.5936047768621753,5.3122157897678415,1000
random,AMD,wf_oos,,10,0.2995391705069124,0.2652439024390244,656,174,1.2608695652173914,217,217,0,217,0,0.1521739130434782,0.1739130434782608,138,2023-01-10,2025-08-30,False,,0.2877880184331797,41.11838305576924,814.8888531892837,50.84774627235519,0.9568897371708638,1.290684211892402,1000,3.3875972501710487,39.10360912578231,1000,599.8129787045949,890.5033260913458,1000,0.8497453136711879,1.6320952505693962,1000
random,KGS,wf_oos,,10,0.3059360730593607,0.2545731707317073,656,167,1.210144927536232,219,219,0,219,0,0.1594202898550724,0.1666666666666666,138,2023-01-10,2025-08-30,False,,0.2755707762557077,28.011125744452865,723.8368355407437,31.78165145828136,1.0393510305658895,1.3989722259597908,1000,-3.964659122797019,28.248614730800085,1000,518.5120187163235,873.6542284233568,1000,0.6806286611019559,2.115851760693329,1000
random,KZT,wf_oos,,10,0.235,0.2088414634146341,656,137,0.9927536231884058,200,200,0,200,0,0.1594202898550724,0.1521739130434782,138,2023-01-10,2025-08-30,False,,0.21625,2.7518499988930585,964.4986259162612,-5.72060301767277,0.8663002201027146,1.3322903472239334,1000,-20.84651656996966,24.128681934074073,1000,771.3222588596165,1096.2147028742545,1000,0.5336693170567961,1.2607572973269665,1000
random,TJS,wf_oos,,10,0.2245989304812834,0.274390243902439,656,180,1.3043478260869563,187,187,0,187,0,0.2318840579710145,0.144927536231884,138,2023-01-10,2025-08-30,False,,0.224572192513369,10.531081059811084,896.7263518974304,5.297563434896473,0.6231151960409953,0.9956252044107192,1000,-32.1519294135515,12.905114457114571,1000,683.7943214665044,998.4170612522306,1000,0.7648332283224651,1.363428203934142,1000
random,UZS,wf_oos,,10,0.2535211267605634,0.2378048780487804,656,156,1.1304347826086956,213,213,0,213,0,0.1304347826086956,0.1884057971014492,138,2023-01-10,2025-08-30,False,,0.2427230046948356,8.973794759017371,890.1458227866661,2.0702826098214446,0.8407313219371475,1.2927076819230618,1000,-28.273712919510643,9.967883210719434,1000,711.1022051669469,1016.8066849713396,1000,0.6364163402391352,1.308735104036692,1000
reversal,AMD,wf_oos,,10,0.1724137931034483,0.2652439024390244,656,174,1.2608695652173914,29,29,0,29,0,0.7971014492753623,0.0,138,2023-01-10,2025-08-30,True,523.1927249924136,0.188103448275862,5.426389008142894,713.3394981215353,29.21621529253321,0.1841121888469581,1.3765220264733096,1000,59.95847982570615,174.11987434170774,1000,299.7183148029481,781.5990331121459,1000,0.3476720978772207,3.405843474678149,1000
reversal,KGS,wf_oos,,10,0.1,0.2545731707317073,656,167,1.210144927536232,30,30,0,30,0,0.7971014492753623,0.0,138,2023-01-10,2025-08-30,True,572.1151478287755,0.1648333333333333,-4.232772385501953,825.2922581048988,-12.366700053065763,0.0,0.8913303283259264,1000,43.41829660954199,116.91527769628703,1000,231.40055769639957,1033.0189147102287,1000,0.0,3.0319390419715933,1000
reversal,KZT,wf_oos,,10,0.1515151515151515,0.2088414634146341,656,137,0.9927536231884058,33,33,0,33,0,0.782608695652174,0.0,138,2023-01-10,2025-08-30,True,673.611873078515,0.1604545454545454,11.526847857794628,935.4603851097844,14.909988683047713,0.1972883701752628,1.4643676094598912,1000,46.73465335718788,163.7648888607719,1000,335.04426775973764,1008.7075086326826,1000,0.2646978272217093,2.5724267649557855,1000
reversal,TJS,wf_oos,,10,0.2142857142857142,0.274390243902439,656,180,1.3043478260869563,28,28,0,28,0,0.8043478260869565,0.0,138,2023-01-10,2025-08-30,True,583.7770157659863,0.1825,15.327886637974212,833.408539225025,35.79031926955733,0.2148337513043395,1.3453259704311915,1000,58.22586032132256,187.5046674692505,1000,223.56867373271473,1043.488630942917,1000,0.2235293096259877,6.771337473740294,1000
reversal,UZS,wf_oos,,10,0.1212121212121212,0.2378048780487804,656,156,1.1304347826086956,33,33,0,33,0,0.7753623188405797,0.0,138,2023-01-10,2025-08-30,True,561.8116184724364,0.1675757575757575,0.7287886867017735,812.3262784280072,8.54163245069241,0.1125657391470644,1.030942930307404,1000,55.20916769051299,152.1478397097864,1000,240.09488636293815,999.1523534656712,1000,0.1269228065584387,4.248576011449141,1000
seasonality,AMD,wf_oos,,10,0.2058823529411764,0.2652439024390244,656,174,1.2608695652173914,136,136,0,136,0,0.717391304347826,0.1956521739130435,138,2023-01-10,2025-08-30,False,,0.195735294117647,-10.00722650909189,836.6656288580908,-3.60039219222242,0.4172172262478709,1.191026995988236,1000,-24.272478623557777,35.20977082622634,1000,463.61226333784674,917.8672700587592,1000,0.8516180834574485,1.619060542475136,1000
seasonality,KGS,wf_oos,,10,0.2229299363057325,0.2545731707317073,656,167,1.210144927536232,157,157,0,157,0,0.6594202898550725,0.2391304347826087,138,2023-01-10,2025-08-30,False,,0.2110191082802547,3.641831202868625,847.0287476947176,11.27750481185574,0.5093077972983688,1.1917275654189503,1000,-23.848842039143836,34.03286400149831,1000,507.69521369935745,938.5462931329,1000,0.9025110470759082,1.2779579718868903,1000
seasonality,KZT,wf_oos,,10,0.1419354838709677,0.2088414634146341,656,137,0.9927536231884058,155,155,0,155,0,0.6739130434782609,0.2246376811594203,138,2023-01-10,2025-08-30,False,,0.1560645161290322,-9.068708844588372,980.7888218620196,-11.31748255433317,0.3287310477118109,1.1683130616874615,1000,-18.58252661619674,44.302599882445925,1000,537.5271568640401,1024.5274487902857,1000,0.6590323370978651,1.1182726962981524,1000
seasonality,TJS,wf_oos,,10,0.2424242424242424,0.274390243902439,656,180,1.3043478260869563,132,132,0,132,0,0.7246376811594203,0.1884057971014492,138,2023-01-10,2025-08-30,False,,0.2574621212121212,23.014078432040115,880.142305435972,24.828512411298355,0.5249981407509671,1.2023620766124146,1000,-12.872499280389228,57.049160557854165,1000,497.0856874223348,986.5796947361868,1000,0.7767811811622141,1.189395085955308,1000
seasonality,UZS,wf_oos,,10,0.2302158273381295,0.2378048780487804,656,156,1.1304347826086956,139,139,0,139,0,0.7101449275362319,0.1956521739130435,138,2023-01-10,2025-08-30,False,,0.2175899280575539,16.969667096033582,914.493455554658,17.50564863602769,0.5697565224146951,1.450966405817162,1000,-25.910688757152368,50.79926915248967,1000,583.6768852554029,1031.7887594880417,1000,0.8801402870344223,1.2308368465616049,1000
catboost_ab,AMD,oot,5.0,20,0.2307692307692307,0.1842105263157894,228,42,0.7924528301886793,13,13,0,13,0,0.9056603773584906,0.0566037735849056,53,2025-09-02,2026-09-02,True,468.36507067888624,0.2473076923076923,74.5353588779496,587.1616275852741,50.65718043260503,0.0,3.942857142857144,997,-233.5390332004846,79.80806531776986,997,255.68465892046532,597.7002567674527,997,0.3619001424265778,1.1471467123336012,727
catboost_ab,AMD,wf_2022,5.0,20,0.03125,0.1700404858299595,247,42,0.8235294117647058,32,32,0,32,0,0.7254901960784313,0.0980392156862745,51,2022-01-11,2022-12-31,True,2362.741585889148,0.07953125,157.28243250122284,2704.865680709734,71.9962288952134,0.0,0.8090891181316708,1000,-257.2848970553129,375.30145639972625,1000,1549.8236569153846,2683.5477492334658,1000,0.0,1.9726986267963096,990
catboost_ab,AMD,wf_2023,5.0,20,0.2164948453608247,0.291497975708502,247,72,1.411764705882353,97,97,0,97,0,0.4705882352941176,0.392156862745098,51,2023-01-10,2023-12-30,True,786.4202541550532,0.1996391752577319,26.688493636351577,787.8215535174361,42.50941653108264,0.3869204881388257,1.0942872603586888,1000,-29.12418561292093,129.43945636845385,1000,695.218177431227,804.8909408642741,1000,0.946555307337014,1.5482987259314995,1000
catboost_ab,AMD,wf_2024,5.0,20,0.15,0.2137096774193548,248,53,1.03921568627451,40,40,0,40,0,0.7254901960784313,0.1372549019607843,51,2024-01-10,2024-12-29,True,563.8275702739035,0.1595,17.01697666071263,735.4238745500581,16.498026354856783,0.0,1.7891281612702254,1000,-56.530803612996344,79.61071852116663,1000,305.1895854053977,726.5623107910636,1000,0.0,2.2257392531351288,998
catboost_ab,AMD,wf_2025,5.0,20,,0.093167701863354,161,15,0.4411764705882353,0,0,0,0,0,1.0,0.0,34,2025-01-10,2025-08-30,True,,,,,,,,0,,,0,,,0,,,0
catboost_ab,KGS,oot,5.0,20,0.2307692307692307,0.1666666666666666,228,38,0.7169811320754716,17,13,4,13,4,0.8679245283018868,0.0566037735849056,53,2025-09-02,2026-09-02,True,983.8237346265591,0.2480769230769231,-29.18436386709821,1276.7169272685842,-52.716504452073195,0.0,3.758008658008658,997,-361.1173187672901,68.24335037269503,997,333.1366460703156,1276.7169272685842,997,0.4490113921066332,1.2088799682635216,724
catboost_ab,KGS,wf_2022,5.0,20,0.0606060606060606,0.1659919028340081,247,41,0.803921568627451,33,33,0,33,0,0.6862745098039216,0.0784313725490196,51,2022-01-11,2022-12-31,True,2990.305681271941,0.0683333333333333,-161.17745262292914,3527.8810132787917,-170.0306202858768,0.0,1.0325721293393706,1000,-321.21830614671416,339.1483590619281,1000,603.423682265245,3656.261683631401,1000,0.0,6.890577855427482,1000
catboost_ab,KGS,wf_2023,5.0,20,0.2352941176470588,0.2591093117408907,247,64,1.2549019607843137,102,102,0,102,0,0.392156862745098,0.4313725490196078,51,2023-01-10,2023-12-30,False,,0.2226470588235294,65.75377122735499,750.8893759387606,86.46984497455209,0.6530788009648303,1.2835389610389607,1000,-15.75567412902732,125.87131704964182,1000,513.2427111591034,739.039463802798,1000,0.962523777274732,1.8831341679055356,1000
catboost_ab,KGS,wf_2024,5.0,20,0.0909090909090909,0.2096774193548387,248,52,1.0196078431372548,55,55,0,55,0,0.6078431372549019,0.1764705882352941,51,2024-01-10,2024-12-29,True,663.1391131915674,0.0874545454545454,25.679200425220102,775.5874294138027,41.729019936082935,0.1374405422546377,0.823920265780731,1000,-59.18914415514687,45.52609014550494,1000,345.3183748014354,812.0986469953051,1000,0.519716234093791,2.3759620026328903,1000
catboost_ab,KGS,wf_2025,5.0,20,0.0,0.0993788819875776,161,16,0.4705882352941176,1,1,0,1,0,0.9705882352941176,0.0,34,2025-01-10,2025-08-30,True,47.229445236256495,0.405,264.55987928040213,18.9918183499614,197.2400865863655,0.0,0.0,223,64.77153494407695,64.77153494407695,223,47.229445236256495,47.229445236256495,223,0.0,0.0,59
catboost_ab,KZT,oot,5.0,20,0.1379310344827586,0.2105263157894736,228,48,0.9056603773584906,29,29,0,29,0,0.7547169811320755,0.0754716981132075,53,2025-09-02,2026-09-02,True,1084.5785503404725,0.216551724137931,41.85883095498162,1148.6907455755209,27.78748811326996,0.0,1.2718181818181815,1000,-145.65739378706692,57.619489171944096,1000,335.27279664250284,1196.7430540363157,1000,0.0,10.94351678045267,997
catboost_ab,KZT,wf_2022,5.0,20,0.131578947368421,0.145748987854251,247,36,0.7058823529411765,38,38,0,38,0,0.6470588235294118,0.0980392156862745,51,2022-01-11,2022-12-31,True,3075.8837160828343,0.1151315789473684,-158.7472379108713,3663.205351601388,-136.62428638927813,0.0,2.6964526515151497,1000,-436.1826707099096,607.7395546169748,1000,1575.292397660819,3787.748746306354,1000,0.0,1014.1008946814924,993
catboost_ab,KZT,wf_2023,5.0,20,0.1862745098039215,0.2226720647773279,247,55,1.0784313725490196,102,102,0,102,0,0.3725490196078431,0.4117647058823529,51,2023-01-10,2023-12-30,False,,0.1714215686274509,112.23824325501823,657.5581340140776,129.7185125854929,0.4221454545454546,1.455680233560756,1000,10.77596486487554,141.65278676237915,1000,468.3383719781335,635.7296724962604,1000,0.8684341329570296,6.161350091752797,1000
catboost_ab,KZT,wf_2024,5.0,20,0.1025641025641025,0.1532258064516129,248,38,0.7450980392156863,39,39,0,39,0,0.7254901960784313,0.1176470588235294,51,2024-01-10,2024-12-29,True,518.0065650407392,0.1169230769230769,1.115733721416729,647.800577385956,1.4065396783236015,0.0,1.4134099616858231,1000,-62.294536668368615,46.036654502439575,1000,427.53060764627816,681.9489079213304,1000,0.0,2.20870290657678,998
catboost_ab,KZT,wf_2025,5.0,20,,0.0496894409937888,161,8,0.2352941176470588,0,0,0,0,0,1.0,0.0,34,2025-01-10,2025-08-30,True,,,,,,,,0,,,0,,,0,,,0
catboost_ab,TJS,oot,5.0,20,0.3214285714285714,0.1666666666666666,228,38,0.7169811320754716,29,28,1,28,1,0.7358490566037735,0.0754716981132075,53,2025-09-02,2026-09-02,True,981.369650497629,0.3733928571428571,42.523971699178134,1114.0968357900415,15.831253511426528,0.0,3.3584055453818897,1000,-285.62728358925426,11.10097225074872,1000,476.2947565932985,1129.1458964841383,1000,0.0,1.547803804736208,995
catboost_ab,TJS,wf_2022,5.0,20,0.0769230769230769,0.1902834008097166,247,47,0.9215686274509804,39,39,0,39,0,0.6470588235294118,0.1176470588235294,51,2022-01-11,2022-12-31,True,5504.800426184992,0.0717948717948717,-451.96998661268066,6196.708088329845,-479.5393494634665,0.0895926339285715,1.177055322128851,1000,-721.8845302903156,363.951840011366,1000,1220.008513212062,6518.1253872321495,1000,0.0034415771722745,17.44960125777686,999
catboost_ab,TJS,wf_2023,5.0,20,0.2093023255813953,0.2307692307692307,247,57,1.1176470588235294,86,86,0,86,0,0.4705882352941176,0.3333333333333333,51,2023-01-10,2023-12-30,True,758.3681829561577,0.1880813953488372,68.5700824234777,769.8692670021858,87.27326442689788,0.6376015582574761,1.3604683188805675,1000,18.914327755976696,166.58411502577565,1000,470.5203148114832,764.3416439464988,1000,0.9845040041595744,2.075708574821773,1000
catboost_ab,TJS,wf_2024,5.0,20,0.1891891891891892,0.1854838709677419,248,46,0.9019607843137256,37,37,0,37,0,0.7254901960784313,0.1568627450980392,51,2024-01-10,2024-12-29,True,700.4178064263393,0.1901351351351351,54.22403318084798,781.5021661364601,56.99657950154571,0.2994011614882214,2.1081002294534823,1000,-38.97085277683882,75.39985334161007,1000,342.9267346994936,764.3914649765837,1000,0.6551309134219765,1.6481975370828232,994
catboost_ab,TJS,wf_2025,5.0,20,,0.1801242236024844,161,29,0.8529411764705882,0,0,0,0,0,1.0,0.0,34,2025-01-10,2025-08-30,True,,,,,,,,0,,,0,,,0,,,0
catboost_ab,UZS,oot,5.0,20,0.1666666666666666,0.2105263157894736,228,48,0.9056603773584906,22,18,4,18,4,0.8113207547169812,0.0754716981132075,53,2025-09-02,2026-09-02,True,1002.6078090038402,0.1908333333333333,-50.21872578276627,1274.934741501812,-90.24110475979538,0.0,1.8805446428571424,1000,-324.9871280484049,-4.965841419402136,1000,675.2005197658062,1274.934741501812,1000,0.0,1.073822856974276,918
catboost_ab,UZS,wf_2022,5.0,20,0.1578947368421052,0.1538461538461538,247,38,0.7450980392156863,38,38,0,38,0,0.6470588235294118,0.0980392156862745,51,2022-01-11,2022-12-31,True,4874.197338579665,0.1517105263157894,-314.8513009405296,5717.135284312921,-355.9052119451657,0.2792875816993464,2.33632527517222,1000,-579.0932122487745,436.3954316553088,1000,1195.6282261110407,6003.588636591342,1000,0.191689595688715,6.4795653614418525,1000
catboost_ab,UZS,wf_2023,5.0,20,0.173076923076923,0.2226720647773279,247,55,1.0784313725490196,104,104,0,104,0,0.4509803921568627,0.4313725490196078,51,2023-01-10,2023-12-30,False,,0.16,42.94944586633852,828.1279014524422,57.237994101116215,0.4150395658263305,1.392241778575544,1000,11.676557113798305,136.8212898885757,1000,576.5410617744402,814.0562652716154,1000,1.1102638579668949,2.3016133730349058,1000
catboost_ab,UZS,wf_2024,5.0,20,0.0789473684210526,0.1814516129032258,248,45,0.8823529411764706,38,38,0,38,0,0.6862745098039216,0.1176470588235294,51,2024-01-10,2024-12-29,True,761.4067582138641,0.1117105263157894,1.216615730244802,822.8130162903016,-1.832730445938186,0.0,1.222133004926108,1000,-105.15269575813258,26.19192959804601,1000,411.3557359762199,864.8941617298922,1000,0.0,1.1042242074451896,999
catboost_ab,UZS,wf_2025,5.0,20,0.0,0.0745341614906832,161,12,0.3529411764705882,4,4,0,4,0,0.9705882352941176,0.0294117647058823,34,2025-01-10,2025-08-30,True,120.52100814217036,0.21,280.08473181170774,163.54947479641226,238.4988459615473,0.0,0.0,258,-22.210837462061097,27.346537778343286,258,145.73621729116138,168.1428305053134,258,0.0,0.0,57
catboost_abcd,AMD,oot,5.0,20,0.0,0.1842105263157894,228,42,0.7924528301886793,1,1,0,1,0,0.981132075471698,0.0,53,2025-09-02,2026-09-02,True,54.78572216018218,0.795,378.0108424120939,11.231073042837346,239.32660863596135,0.0,0.0,678,-12.07803892086301,-12.07803892086301,678,54.78572216018218,54.78572216018218,678,0.0,0.0,600
catboost_abcd,AMD,wf_2022,5.0,20,,0.1700404858299595,247,42,0.8235294117647058,0,0,0,0,0,1.0,0.0,51,2022-01-11,2022-12-31,True,,,,,,,,0,,,0,,,0,,,0
catboost_abcd,AMD,wf_2023,5.0,20,0.1346153846153846,0.291497975708502,247,72,1.411764705882353,52,52,0,52,0,0.6666666666666666,0.196078431372549,51,2023-01-10,2023-12-30,True,778.7242846497882,0.1111538461538461,-10.561241938845244,784.2699571723872,-13.896683230564332,0.1862002073556695,0.8489367108017415,1000,-128.71571746075134,136.81496919659756,1000,494.9058573374655,809.0440335699323,1000,0.9480403162550518,2.109634772399446,997
catboost_abcd,AMD,wf_2024,5.0,20,0.0,0.2137096774193548,248,53,1.03921568627451,4,4,0,4,0,0.9215686274509804,0.0,51,2024-01-10,2024-12-29,True,204.87624333206332,0.19375,90.3660757108806,415.24662184659826,75.66028120377766,0.0,0.0,985,-80.47802416896177,201.3062063464033,985,10.465235378729345,398.720419964731,985,0.0,0.0,906
catboost_abcd,AMD,wf_2025,5.0,20,0.0526315789473684,0.093167701863354,161,15,0.4411764705882353,19,19,0,19,0,0.6764705882352942,0.0588235294117647,34,2025-01-10,2025-08-30,True,741.2467365525672,0.0789473684210526,-57.437182331320194,925.7718140151616,-73.07398579015563,0.0,0.7341898148148142,994,-20.036971963762877,49.041095494862475,1000,233.94639377948613,940.1093463242138,1000,0.0,1.1487606993323836,937
catboost_abcd,KGS,oot,5.0,20,0.0,0.1666666666666666,228,38,0.7169811320754716,4,4,0,4,0,0.9433962264150944,0.0,53,2025-09-02,2026-09-02,True,476.1782397335657,0.20375,-42.51749658129895,1149.0597134204434,10.085150866035448,0.0,0.0,774,-292.2770722504209,-11.3410218733645,774,53.640059538355715,798.5344522469151,774,0.0,0.0,665
catboost_abcd,KGS,wf_2022,5.0,20,,0.1659919028340081,247,41,0.803921568627451,0,0,0,0,0,1.0,0.0,51,2022-01-11,2022-12-31,True,,,,,,,,0,,,0,,,0,,,0
catboost_abcd,KGS,wf_2023,5.0,20,0.16,0.2591093117408907,247,64,1.2549019607843137,50,50,0,50,0,0.6666666666666666,0.196078431372549,51,2023-01-10,2023-12-30,True,732.2359232303817,0.1906,32.43414706551558,757.435778243095,33.551482805897386,0.2268389349628983,1.235,1000,-117.5698997373757,169.58609052989058,1000,392.28327676373743,737.380895952362,1000,0.619677670763381,1.8250015719274797,999
catboost_abcd,KGS,wf_2024,5.0,20,0.1428571428571428,0.2096774193548387,248,52,1.0196078431372548,7,7,0,7,0,0.8823529411764706,0.0,51,2024-01-10,2024-12-29,True,232.6989202071896,0.2107142857142856,70.27885194232574,403.6389433973616,36.93339316563364,0.0,1.9491503267973849,994,-112.02982837569968,115.56393991290128,994,25.99210544865116,403.25557526266874,994,0.0,1.100244711081468,942
catboost_abcd,KGS,wf_2025,5.0,20,0.0909090909090909,0.0993788819875776,161,16,0.4705882352941176,22,22,0,22,0,0.6470588235294118,0.088235294117647,34,2025-01-10,2025-08-30,True,789.980498168823,0.0779545454545454,-46.26728123780298,927.4377028527498,-54.039382622807786,0.0,0.8066222570532906,974,-5.273336898179719,55.93334686325285,1000,299.15532373396303,961.8423300307466,1000,0.0,1.2571795720493606,756
catboost_abcd,KZT,oot,5.0,20,0.0,0.2105263157894736,228,48,0.9056603773584906,3,3,0,3,0,0.9433962264150944,0.0,53,2025-09-02,2026-09-02,True,260.2992106728822,0.4466666666666666,299.48848219203387,779.40863300039,259.97896280864023,0.0,0.0,789,-336.96380769826726,75.78366263682135,789,62.155042649272296,547.5035216778834,789,0.0,0.0,740
catboost_abcd,KZT,wf_2022,5.0,20,,0.145748987854251,247,36,0.7058823529411765,0,0,0,0,0,1.0,0.0,51,2022-01-11,2022-12-31,True,,,,,,,,0,,,0,,,0,,,0
catboost_abcd,KZT,wf_2023,5.0,20,0.131578947368421,0.2226720647773279,247,55,1.0784313725490196,38,38,0,38,0,0.6862745098039216,0.0980392156862745,51,2023-01-10,2023-12-30,True,533.5082916905383,0.098157894736842,41.98693702882103,605.6262984697332,48.22173761175941,0.1756117724867725,1.4988079823227904,1000,-187.0957397564066,161.10161269483757,1000,360.2768931118897,653.7904511543569,1000,0.8527531396670122,3.2753193508111327,990
catboost_abcd,KZT,wf_2024,5.0,20,0.0,0.1532258064516129,248,38,0.7450980392156863,6,6,0,6,0,0.9019607843137256,0.0,51,2024-01-10,2024-12-29,True,398.9658614978961,0.1183333333333333,-55.493952662795934,573.8143062014602,-116.08430641093425,0.0,0.0,973,-160.52125959786446,69.28009578477464,973,16.448505803903224,659.1539546615288,973,0.0,0.0,743
catboost_abcd,KZT,wf_2025,5.0,20,0.0,0.0496894409937888,161,8,0.2352941176470588,25,25,0,25,0,0.5588235294117647,0.088235294117647,34,2025-01-10,2025-08-30,True,979.2545356333356,0.0332,-103.10145110627224,1040.9821793568228,-119.27407338431036,0.0,0.0,947,-80.80272627952458,13.35949468682846,1000,680.7879815184103,1041.777647152471,1000,0.0,0.0,791
catboost_abcd,TJS,oot,5.0,20,0.0,0.1666666666666666,228,38,0.7169811320754716,4,4,0,4,0,0.9622641509433962,0.0188679245283018,53,2025-09-02,2026-09-02,True,541.617840490331,0.0,-250.4604070687582,1099.6730547450522,-77.71541609604611,0.0,0.0,804,-346.2218977333464,-26.776803793148176,804,65.75414753369868,904.569545188143,804,,,0
catboost_abcd,TJS,wf_2022,5.0,20,,0.1902834008097166,247,47,0.9215686274509804,0,0,0,0,0,1.0,0.0,51,2022-01-11,2022-12-31,True,,,,,,,,0,,,0,,,0,,,0
catboost_abcd,TJS,wf_2023,5.0,20,0.1538461538461538,0.2307692307692307,247,57,1.1176470588235294,39,39,0,39,0,0.7254901960784313,0.1568627450980392,51,2023-01-10,2023-12-30,True,753.2068199305369,0.1476923076923076,38.84090987724615,774.3761101083707,46.73813462290602,0.1932921319212616,1.37681639145584,1000,-76.43303688426502,242.51864400745964,1000,358.3014976144444,760.202210508909,1000,0.8589611713688646,2.457858463975454,994
catboost_abcd,TJS,wf_2024,5.0,20,0.3333333333333333,0.1854838709677419,248,46,0.9019607843137256,6,6,0,6,0,0.8823529411764706,0.0,51,2024-01-10,2024-12-29,True,136.78152791061837,0.3416666666666666,135.27177556342772,356.8750319008998,119.09000015777438,0.0,4.872470588235297,997,24.21643749318188,149.38521152808875,997,10.577405453107149,368.67621713199793,997,0.0,2.8203659368405134,938
catboost_abcd,TJS,wf_2025,5.0,20,0.2857142857142857,0.1801242236024844,161,29,0.8529411764705882,14,14,0,14,0,0.7647058823529411,0.0588235294117647,34,2025-01-10,2025-08-30,True,806.9972816611695,0.2571428571428571,27.795047778038292,997.1595427268768,31.677566879654997,0.0,3.137395334928228,1000,-51.84794933687763,153.83674730267472,1000,225.21258086811935,1008.2134835227464,1000,0.0,5.022934939102374,996
catboost_abcd,UZS,oot,5.0,20,0.0,0.2105263157894736,228,48,0.9056603773584906,4,4,0,4,0,0.9433962264150944,0.0,53,2025-09-02,2026-09-02,True,499.90837574260263,0.19875,-55.68938175617379,1159.0928053380285,-30.27275741334656,0.0,0.0,783,-340.11879430328185,-6.375974522411232,783,40.51863857359006,809.5571181386441,783,0.0,0.0,685
catboost_abcd,UZS,wf_2022,5.0,20,,0.1538461538461538,247,38,0.7450980392156863,0,0,0,0,0,1.0,0.0,51,2022-01-11,2022-12-31,True,,,,,,,,0,,,0,,,0,,,0
catboost_abcd,UZS,wf_2023,5.0,20,0.1176470588235294,0.2226720647773279,247,55,1.0784313725490196,51,51,0,51,0,0.7058823529411765,0.196078431372549,51,2023-01-10,2023-12-30,True,779.0633442503884,0.1220588235294117,11.836035130361934,810.2926483239295,8.046071613400992,0.0,1.2715272272760691,1000,-104.10209392185378,174.95135096614106,1000,480.3221183947515,790.4070513304263,1000,0.0,1.5358642047714277,986
catboost_abcd,UZS,wf_2024,5.0,20,0.2,0.1814516129032258,248,45,0.8823529411764706,5,5,0,5,0,0.9019607843137256,0.0,51,2024-01-10,2024-12-29,True,159.8524424865988,0.293,27.07223303084445,409.8706949697478,23.11961276146057,0.0,4.592592592592592,984,-43.91817281804933,67.94226479525324,984,0.0,388.5429239791072,984,0.0,4.168354645010473,928
catboost_abcd,UZS,wf_2025,5.0,20,0.0526315789473684,0.0745341614906832,161,12,0.3529411764705882,19,19,0,19,0,0.6764705882352942,0.0588235294117647,34,2025-01-10,2025-08-30,True,856.134361078745,0.0860526315789473,-16.58214577437556,1038.1660338044194,-21.013411073387687,0.0,0.5900712250712248,999,-45.3472869031061,58.172629772976954,1000,306.3011317380559,1050.8687759952284,1000,0.0,0.6413191404816824,937
level,AMD,oot,,20,0.1904761904761904,0.1842105263157894,228,42,0.7924528301886793,42,42,0,42,0,0.7169811320754716,0.1320754716981132,53,2025-09-02,2026-09-02,True,401.34320203296704,0.1427380952380952,62.781779481928496,452.1993395775277,92.13554599521672,0.4876622921258265,1.9560095579450412,1000,126.5194883497726,202.52255692572732,1000,266.11954277776414,451.00240077323497,1000,1.271792954127926,3.0934048783578536,997
level,AMD,wf_2022,,20,0.09375,0.1700404858299595,247,42,0.8235294117647058,32,32,0,32,0,0.8235294117647058,0.1372549019607843,51,2022-01-11,2022-12-31,True,1463.9629181910595,0.1,139.24408559280906,1921.4161056095036,207.42322932349344,0.0,1.7898550724637678,975,280.74924991674766,664.4253222920817,975,648.4851387159619,1804.0556227134075,975,0.8598561967264002,9.344944064980606,925
level,AMD,wf_2023,,20,0.12,0.291497975708502,247,72,1.411764705882353,25,25,0,25,0,0.8823529411764706,0.0980392156862745,51,2023-01-10,2023-12-30,True,612.4300204326589,0.1124,-69.30273088263215,663.4596706951686,-64.46497704893041,0.0,1.1644089900110988,931,54.790263041309856,239.46353418958023,931,37.86415269298571,620.1724406490805,931,0.991735048463542,2.284170237568033,801
level,AMD,wf_2024,,20,0.25,0.2137096774193548,248,53,1.03921568627451,28,28,0,28,0,0.8431372549019608,0.1372549019607843,51,2024-01-10,2024-12-29,True,293.66480426030915,0.2148214285714285,215.19297433911208,530.9862963022584,265.62452870514545,0.5207533642827761,2.7555555555555555,987,206.277817588038,330.85236536420484,987,192.73258467999764,529.34288307523,987,0.9882869793112856,5.375746019583701,981
level,AMD,wf_2025,,20,0.0681818181818181,0.093167701863354,161,15,0.4411764705882353,88,88,0,88,0,0.2941176470588235,0.5294117647058824,34,2025-01-10,2025-08-30,True,1146.2687586372226,0.0472727272727272,-101.52556492887658,1195.9511682029463,-91.82992607072264,0.2145659678369958,1.5631067961165048,999,35.05346936822135,110.35610859145386,1000,382.0426466044752,1216.8613730348077,1000,1.0174874078349647,4.352803006054985,995
level,KGS,oot,,20,0.1475409836065573,0.1666666666666666,228,38,0.7169811320754716,61,61,0,61,0,0.6226415094339622,0.2075471698113207,53,2025-09-02,2026-09-02,True,624.8956163969664,0.1068852459016393,-12.544304573874047,655.8424572654584,9.400751076910169,0.3634866310160428,1.8142402729116724,1000,105.08935139354053,200.87664926760635,1000,340.2293647812915,673.1199220881856,1000,1.1969782581702135,3.796781132322449,998
level,KGS,wf_2022,,20,0.0952380952380952,0.1659919028340081,247,41,0.803921568627451,42,42,0,42,0,0.7647058823529411,0.1764705882352941,51,2022-01-11,2022-12-31,True,2108.156317684756,0.0767857142857142,-175.0517401567383,2304.1269695115834,-92.08795853259883,0.0,2.183181187569364,1000,228.01679144030433,802.0160420809434,1000,379.06342772675794,2231.9891664583834,1000,1.5756472539618571,76.10432639814455,916
level,KGS,wf_2023,,20,0.2857142857142857,0.2591093117408907,247,64,1.2549019607843137,14,14,0,14,0,0.9215686274509804,0.0588235294117647,51,2023-01-10,2023-12-30,True,228.67440442304155,0.3296428571428571,99.52073538037696,457.7337382520559,120.22709776991977,0.0,2.089569373275522,874,56.43327697778755,239.04339980067925,874,48.43638647646253,425.30647471520354,874,0.6400305109075891,1.5397757098403468,792
level,KGS,wf_2024,,20,0.3636363636363636,0.2096774193548387,248,52,1.0196078431372548,22,22,0,22,0,0.8627450980392157,0.0784313725490196,51,2024-01-10,2024-12-29,True,573.9168155493792,0.3277272727272728,203.70360347075103,758.4089991822376,243.00438675208633,0.9624158653846154,5.166666666666667,984,168.4803775219539,345.02162873584984,984,0.0,710.4595313612672,984,0.9655211791208568,4.1317996313793,972
level,KGS,wf_2025,,20,0.0505050505050505,0.0993788819875776,161,16,0.4705882352941176,99,99,0,99,0,0.2647058823529412,0.6176470588235294,34,2025-01-10,2025-08-30,True,1232.519058760406,0.0442929292929292,-126.0058179894908,1279.8769598178155,-119.46814768194356,0.1028930731170973,1.4308213495575224,982,33.76264403896097,109.86051260275984,1000,558.6914863310815,1303.6770168635962,1000,0.8811786752135261,2.710053164090722,968
level,KZT,oot,,20,0.3157894736842105,0.2105263157894736,228,48,0.9056603773584906,19,19,0,19,0,0.8679245283018868,0.0754716981132075,53,2025-09-02,2026-09-02,True,299.2700737314546,0.2405263157894736,238.4292276089839,475.4122456792804,297.25346781249,0.6004048771407297,6.1649774774774775,991,276.609278845119,395.70213800397573,991,0.0,370.06399037409653,991,1.0391192206960402,13.421238146484328,982
level,KZT,wf_2022,,20,0.0980392156862745,0.145748987854251,247,36,0.7058823529411765,51,51,0,51,0,0.7058823529411765,0.2156862745098039,51,2022-01-11,2022-12-31,True,2800.5780816624533,0.09,-329.6230481883896,3222.0291938317164,-243.2973670423737,0.0,2.2256036648893787,1000,149.08264844151648,791.2809191240904,1000,973.662080796529,2911.7636571102566,1000,1.1626034405974504,157.15345034490812,970
level,KZT,wf_2023,,20,0.1428571428571428,0.2226720647773279,247,55,1.0784313725490196,21,21,0,21,0,0.8823529411764706,0.0784313725490196,51,2023-01-10,2023-12-30,True,393.26191666886024,0.1233333333333333,45.47083876605786,477.3945200431641,62.79455588450095,0.0,2.4711087420042643,932,113.83538219426508,222.0177283478691,932,70.32143211397779,448.8195193851507,932,0.0,2.278905822300661,804
level,KZT,wf_2024,,20,0.0666666666666666,0.1532258064516129,248,38,0.7450980392156863,45,45,0,45,0,0.803921568627451,0.196078431372549,51,2024-01-10,2024-12-29,True,1025.0139952000611,0.0636666666666666,-82.45998951757011,1037.5662578035951,-74.47021157417191,0.0,1.4489377289377277,985,-34.8988772464812,223.8991025827764,985,352.40859227054113,1076.0507485353555,985,0.824309729174566,1.6514736252406468,921
level,KZT,wf_2025,,20,0.0347826086956521,0.0496894409937888,161,8,0.2352941176470588,115,115,0,115,0,0.1176470588235294,0.6764705882352942,34,2025-01-10,2025-08-30,False,,0.0203478260869565,-166.4179726041161,1104.940646552706,-150.4059727977462,0.5160256410256411,1.288,954,15.773828027208694,78.47694712408466,1000,851.317500834477,1160.678422069612,1000,1.159783742814834,4.703721421265544,954
level,TJS,oot,,20,0.1428571428571428,0.1666666666666666,228,38,0.7169811320754716,70,70,0,70,0,0.5849056603773585,0.2075471698113207,53,2025-09-02,2026-09-02,True,474.7305618140119,0.1161428571428571,31.991807934632693,498.170879637185,48.08983409979593,0.3608896224988844,1.8039113082039908,1000,101.28250641232046,196.14184778172375,1000,306.30430372721924,516.2615430241864,1000,1.160519883816109,2.072172594057617,999
level,TJS,wf_2022,,20,0.1538461538461538,0.1902834008097166,247,47,0.9215686274509804,39,39,0,39,0,0.7843137254901961,0.1764705882352941,51,2022-01-11,2022-12-31,True,3063.427390979733,0.135,-255.34819661325812,3456.4217041364573,-130.52989094220084,0.0,2.317579590976173,993,354.37925034303896,1129.3477822081657,993,419.4704943125793,3430.5745250347795,993,0.9345275116611406,11054.505507687409,925
level,TJS,wf_2023,,20,0.25,0.2307692307692307,247,57,1.1176470588235294,12,12,0,12,0,0.9411764705882352,0.0588235294117647,51,2023-01-10,2023-12-30,True,108.99334410321649,0.2325,143.12894482132214,432.1813108130171,178.82318256123503,0.0,2.520408163265306,823,217.0405160550041,277.81913206511297,823,34.2962832917526,178.58633999578765,823,0.9070028325253456,6.739294176508604,777
level,TJS,wf_2024,,20,0.2333333333333333,0.1854838709677419,248,46,0.9019607843137256,30,30,0,30,0,0.803921568627451,0.1176470588235294,51,2024-01-10,2024-12-29,True,421.986590350269,0.1913333333333333,190.17815690863156,678.9257192565705,236.0368943366152,0.4975794438927507,2.8669349799137023,988,145.37919424167464,258.98536652131196,988,131.25213740286412,669.0258274905814,988,1.1118664068512225,3.1309637162279724,976
level,TJS,wf_2025,,20,0.0930232558139534,0.1801242236024844,161,29,0.8529411764705882,43,43,0,43,0,0.6764705882352942,0.2352941176470588,34,2025-01-10,2025-08-30,True,1241.2975390762383,0.0644186046511628,-157.0747375427543,1373.1305197302886,-143.38902804570503,0.0,1.4003070175438594,1000,69.20991986482876,182.41364991581747,1000,497.2610546783329,1322.7483576135658,1000,1.0159147568442377,6.542639363176984,950
level,UZS,oot,,20,0.2244897959183673,0.2105263157894736,228,48,0.9056603773584906,49,49,0,49,0,0.6981132075471698,0.1698113207547169,53,2025-09-02,2026-09-02,True,591.7607331054513,0.1803061224489796,-2.732930296861201,668.5138218415003,20.982055441997456,0.4188821117109634,2.305417282414249,1000,96.50380247019989,212.9126367840494,1000,401.0740162121893,604.0052559195464,1000,1.238083537743978,4.2680658496611565,999
level,UZS,wf_2022,,20,0.0652173913043478,0.1538461538461538,247,38,0.7450980392156863,46,46,0,46,0,0.7647058823529411,0.196078431372549,51,2022-01-11,2022-12-31,True,2835.759473750471,0.0652173913043478,-269.87948163831965,3043.798005496534,-219.1040737278043,0.0,1.8168452753441804,992,201.18831677646375,809.025725166125,992,1301.0764647201877,3077.13946241974,992,0.9517809178813222,91.53032502887363,700
level,UZS,wf_2023,,20,0.1481481481481481,0.2226720647773279,247,55,1.0784313725490196,27,27,0,27,0,0.8823529411764706,0.1176470588235294,51,2023-01-10,2023-12-30,True,680.8503503538471,0.1324074074074074,-96.446028897713,762.0169972265116,-91.0752322395241,0.0,2.54559915164369,945,61.52395338872847,257.12183669119577,945,24.99510294920527,719.5702139848125,945,0.993631844331892,2.561531253438576,798
level,UZS,wf_2024,,20,0.1568627450980392,0.1814516129032258,248,45,0.8823529411764706,51,51,0,51,0,0.7058823529411765,0.2352941176470588,51,2024-01-10,2024-12-29,True,839.0222135285824,0.1487254901960784,71.49935870327778,873.8868784918415,98.87650689845331,0.1555434835095852,1.8795930735930728,998,55.256649714433166,217.93181922482765,998,279.4530515215022,889.2441043070033,998,0.9008220003263988,1.928856974667536,984
level,UZS,wf_2025,,20,0.0512820512820512,0.0745341614906832,161,12,0.3529411764705882,78,78,0,78,0,0.3823529411764705,0.5,34,2025-01-10,2025-08-30,True,1142.308629737819,0.0415384615384615,-109.4491783189226,1194.2386337064956,-99.73236706368913,0.246009521823742,1.8327365221987288,998,66.27142686657709,138.25655728358544,1000,485.5218733496211,1197.846613375726,1000,1.0824824605903731,2.70708659757359,995
logreg_a,AMD,oot,5.0,20,0.1052631578947368,0.1842105263157894,228,42,0.7924528301886793,38,38,0,38,0,0.660377358490566,0.1320754716981132,53,2025-09-02,2026-09-02,True,571.9870732514529,0.1317105263157894,-8.281591450801045,582.473612749188,-25.841710465976476,0.0,1.6959705969809868,1000,-78.47603049677993,90.06811141530851,1000,303.0391431169823,597.7002567674527,1000,0.0,0.933422865195289,1000
logreg_a,AMD,wf_2022,5.0,20,0.5,0.1700404858299595,247,42,0.8235294117647058,2,2,0,2,0,0.9607843137254902,0.0,51,2022-01-11,2022-12-31,True,373.1713172711293,0.3725,588.8880897349343,574.823028660186,420.2540529465315,0.0,8.233333333333334,892,90.26991682427486,697.3696454604683,892,0.0,746.3426345422586,892,0.0,7.959172970235048,849
logreg_a,AMD,wf_2023,5.0,20,0.1428571428571428,0.291497975708502,247,72,1.411764705882353,7,7,0,7,0,0.8627450980392157,0.0,51,2023-01-10,2023-12-30,True,464.3721194825354,0.1607142857142857,-30.386093084700924,682.7520165362733,-21.83451567229147,0.0,2.603095238095238,992,75.11245483570347,405.7700490724669,992,0.0,649.8593536682584,992,0.0,3.6183165240164343,926
logreg_a,AMD,wf_2024,5.0,20,0.1343283582089552,0.2137096774193548,248,53,1.03921568627451,67,67,0,67,0,0.5490196078431373,0.2352941176470588,51,2024-01-10,2024-12-29,True,906.8147723157814,0.1405223880597015,46.84892275123495,932.4809773279852,58.44811554414775,0.2520325203252032,1.1969194514711756,1000,0.7530862322851273,153.29692141745306,1000,395.4977091417831,951.0395455250862,1000,0.7562455174641759,1.6446482163965228,1000
logreg_a,AMD,wf_2025,5.0,20,0.0,0.093167701863354,161,15,0.4411764705882353,22,22,0,22,0,0.5882352941176471,0.0588235294117647,34,2025-01-10,2025-08-30,True,1026.614940762032,0.0175,-145.5977833110925,1220.932539021399,-153.2258679650005,0.0,0.0,995,8.754974363835085,95.58221806639772,1000,372.567155560124,1171.7674636236031,1000,0.0,0.0,934
logreg_a,KGS,oot,5.0,20,0.0,0.1666666666666666,228,38,0.7169811320754716,4,4,0,4,0,0.9245283018867924,0.0,53,2025-09-02,2026-09-02,True,268.34885759430716,0.05125,-86.29454841507571,512.245030634442,-78.36794599367923,0.0,0.0,984,-49.38366903741165,204.972397405101,984,114.226852899193,557.519965859905,984,0.0,0.0,649
logreg_a,KGS,wf_2022,5.0,20,,0.1659919028340081,247,41,0.803921568627451,0,0,0,0,0,1.0,0.0,51,2022-01-11,2022-12-31,True,,,,,,,,0,,,0,,,0,,,0
logreg_a,KGS,wf_2023,5.0,20,0.3333333333333333,0.2591093117408907,247,64,1.2549019607843137,6,6,0,6,0,0.8823529411764706,0.0,51,2023-01-10,2023-12-30,True,351.76469873196095,0.2233333333333333,-28.31659421948333,623.7355575499846,-20.248343647056675,0.0,3.837109375,976,66.49366171238013,398.2995552437706,976,0.0,610.7816700668756,976,0.6850537714790839,4.121307040938041,919
logreg_a,KGS,wf_2024,5.0,20,0.1272727272727272,0.2096774193548387,248,52,1.0196078431372548,55,55,0,55,0,0.5686274509803921,0.196078431372549,51,2024-01-10,2024-12-29,True,783.614337665849,0.1526363636363636,55.60743811699049,813.8664139423777,52.97302534908823,0.1208056059689453,1.1657442284772594,1000,-49.998426181972654,60.009282197821406,1000,283.53377908043916,835.9764433916595,1000,0.353397317861752,1.1290563379925211,1000
logreg_a,KGS,wf_2025,5.0,20,0.0,0.0993788819875776,161,16,0.4705882352941176,4,4,0,4,0,0.8823529411764706,0.0,34,2025-01-10,2025-08-30,True,706.2456400786588,0.05125,-210.06414174717287,1325.41441196421,-186.72492498579575,0.0,0.0,967,-45.897621017613744,187.2366754667287,981,37.302351131129896,1308.2319689093017,981,0.0,0.0,727
logreg_a,KZT,oot,5.0,20,0.2,0.2105263157894736,228,48,0.9056603773584906,5,5,0,5,0,0.9245283018867924,0.0,53,2025-09-02,2026-09-02,True,181.7201075558947,0.122,63.76190099645759,432.4394052680304,77.39904632420492,0.0,3.2674178403755856,999,129.0841071081129,233.8484764958504,999,32.14730758013484,429.68546919677664,999,0.0,5.35310894084348,897
logreg_a,KZT,wf_2022,5.0,20,,0.145748987854251,247,36,0.7058823529411765,0,0,0,0,0,1.0,0.0,51,2022-01-11,2022-12-31,True,,,,,,,,0,,,0,,,0,,,0
logreg_a,KZT,wf_2023,5.0,20,0.2222222222222222,0.2226720647773279,247,55,1.0784313725490196,9,9,0,9,0,0.8431372549019608,0.0,51,2023-01-10,2023-12-30,True,319.99619875685823,0.1633333333333333,159.09779619772155,438.91014574699307,144.84351412965987,0.0,2.8081985842026813,999,143.397227479147,261.1959063816639,999,157.0547389086152,454.97854868002065,999,0.0,3.5820922310320267,994
logreg_a,KZT,wf_2024,5.0,20,0.0526315789473684,0.1532258064516129,248,38,0.7450980392156863,57,57,0,57,0,0.5294117647058824,0.196078431372549,51,2024-01-10,2024-12-29,True,1112.698773410783,0.0731578947368421,-78.67039979675445,1146.5743630105471,-76.98778966239462,0.0,0.83338948787062,1000,-54.0011616619249,61.890571221187344,1000,471.4617856409669,1314.7174078118162,1000,0.0,1.2953605662953338,998
logreg_a,KZT,wf_2025,5.0,20,0.0,0.0496894409937888,161,8,0.2352941176470588,3,3,0,3,0,0.9117647058823528,0.0,34,2025-01-10,2025-08-30,True,390.3582044447074,0.0566666666666666,-65.39279494539372,566.0583512900809,-124.71146628452722,0.0,0.0,943,-193.9465371301896,234.40916031248315,994,308.7104011966457,508.69869094618105,994,0.0,0.0,690
logreg_a,TJS,oot,5.0,20,0.2826086956521739,0.1666666666666666,228,38,0.7169811320754716,47,46,1,46,1,0.5471698113207547,0.1132075471698113,53,2025-09-02,2026-09-02,True,981.369650497629,0.3134782608695652,51.8814860092057,1059.2301245851113,45.39414710181637,0.3533211131276467,2.4115522622538745,1000,-123.66698860406149,86.05393745545015,1000,463.2915590136477,1129.1458964841383,1000,0.3471772725435041,1.463205845253575,1000
logreg_a,TJS,wf_2022,5.0,20,0.0,0.1902834008097166,247,47,0.9215686274509804,2,2,0,2,0,0.9607843137254902,0.0,51,2022-01-11,2022-12-31,True,1866.5615181973096,0.0,-622.9177323478938,2256.4485540675964,-636.2407985069896,0.0,0.0,747,-48.79102600409468,456.75773340647874,747,1401.913814902047,2331.2092214925715,747,,,0
logreg_a,TJS,wf_2023,5.0,20,0.1666666666666666,0.2307692307692307,247,57,1.1176470588235294,6,6,0,6,0,0.8823529411764706,0.0,51,2023-01-10,2023-12-30,True,375.4277219802301,0.1633333333333333,-27.174766431749912,647.3377187461456,-22.552608084182214,0.0,4.116666666666667,983,43.5612360581622,420.5137664339142,983,0.0,640.9117138630327,983,0.0,4.54961022809325,918
logreg_a,TJS,wf_2024,5.0,20,0.2258064516129032,0.1854838709677419,248,46,0.9019607843137256,62,62,0,62,0,0.4901960784313725,0.196078431372549,51,2024-01-10,2024-12-29,True,765.1493032170495,0.2212903225806451,107.52562719192966,772.116743423742,117.920702229677,0.7576402089652847,1.9954225444096136,1000,45.18136330109391,141.55534690308247,1000,202.2095555141984,822.1247240832951,1000,0.6859639296864064,1.96518377731355,1000
logreg_a,TJS,wf_2025,5.0,20,0.1481481481481481,0.1801242236024844,161,29,0.8529411764705882,27,27,0,27,0,0.5588235294117647,0.088235294117647,34,2025-01-10,2025-08-30,True,1162.3040635446782,0.1694444444444444,-37.76878157922866,1375.6006679737302,-41.69755714756298,0.0,1.2781194295900171,1000,-31.490788671546124,95.61721725331728,1000,338.0069587768664,1322.7483576135658,1000,0.0,3.776781148193461,996
logreg_a,UZS,oot,5.0,20,0.0,0.2105263157894736,228,48,0.9056603773584906,4,4,0,4,0,0.9245283018867924,0.0,53,2025-09-02,2026-09-02,True,222.8249937152077,0.15875,72.11252525650309,352.6699766138208,47.95939650589054,0.0,0.0,943,88.45213050352795,185.47315524417505,943,216.2520404030488,354.06870074190743,943,0.0,0.0,900
logreg_a,UZS,wf_2022,5.0,20,,0.1538461538461538,247,38,0.7450980392156863,0,0,0,0,0,1.0,0.0,51,2022-01-11,2022-12-31,True,,,,,,,,0,,,0,,,0,,,0
logreg_a,UZS,wf_2023,5.0,20,0.1428571428571428,0.2226720647773279,247,55,1.0784313725490196,7,7,0,7,0,0.8627450980392157,0.0,51,2023-01-10,2023-12-30,True,401.81637756400994,0.1864285714285714,-15.501006635555004,724.6761584731144,-12.39530763242585,0.0,3.590238704177319,993,74.98233486193973,419.7611152564983,993,11.506572097957257,719.5702139848125,993,0.0,2.3744156583739873,976
logreg_a,UZS,wf_2024,5.0,20,0.0588235294117647,0.1814516129032258,248,45,0.8823529411764706,51,51,0,51,0,0.5686274509803921,0.196078431372549,51,2024-01-10,2024-12-29,True,798.3654602174167,0.128235294117647,6.110760156265549,801.8184635755917,-6.0171659298407105,0.0,0.8157894736842105,1000,-48.59073757836752,46.50150129941644,1000,442.6796203923677,864.8941617298922,1000,0.0,0.8505217781836734,999
logreg_a,UZS,wf_2025,5.0,20,0.0,0.0745341614906832,161,12,0.3529411764705882,6,6,0,6,0,0.8235294117647058,0.0,34,2025-01-10,2025-08-30,True,767.7089528086535,0.0583333333333333,-215.02184609743043,1371.731517371028,-192.08086314645604,0.0,0.0,992,-117.7866189983896,367.38817144361445,996,84.47912998615914,1253.020910732945,996,0.0,0.0,929
logreg_ab,AMD,oot,5.0,20,,0.1842105263157894,228,42,0.7924528301886793,0,0,0,0,0,1.0,0.0,53,2025-09-02,2026-09-02,True,,,,,,,,0,,,0,,,0,,,0
logreg_ab,AMD,wf_2022,5.0,20,0.3333333333333333,0.1700404858299595,247,42,0.8235294117647058,6,6,0,6,0,0.8823529411764706,0.0,51,2022-01-11,2022-12-31,True,1088.0523004874467,0.1616666666666666,240.34907756680667,2607.8330518040552,291.852001956704,0.0,4.554049325823518,999,168.824750550053,897.0390930757452,999,534.4004225321131,2683.5477492334658,999,0.0531524099481243,97.31547112533671,935
logreg_ab,AMD,wf_2023,5.0,20,,0.291497975708502,247,72,1.411764705882353,0,0,0,0,0,1.0,0.0,51,2023-01-10,2023-12-30,True,,,,,,,,0,,,0,,,0,,,0
logreg_ab,AMD,wf_2024,5.0,20,0.175,0.2137096774193548,248,53,1.03921568627451,40,40,0,40,0,0.6274509803921569,0.1176470588235294,51,2024-01-10,2024-12-29,True,792.2740379253224,0.184,38.10630477040802,933.978160373588,47.394770576383415,0.0,1.795515771526002,1000,-25.657888713139528,168.332751737137,1000,108.83076235189026,950.4752140932384,1000,0.0,3.332629298818106,1000
logreg_ab,AMD,wf_2025,5.0,20,,0.093167701863354,161,15,0.4411764705882353,0,0,0,0,0,1.0,0.0,34,2025-01-10,2025-08-30,True,,,,,,,,0,,,0,,,0,,,0
logreg_ab,KGS,oot,5.0,20,,0.1666666666666666,228,38,0.7169811320754716,0,0,0,0,0,1.0,0.0,53,2025-09-02,2026-09-02,True,,,,,,,,0,,,0,,,0,,,0
logreg_ab,KGS,wf_2022,5.0,20,0.3333333333333333,0.1659919028340081,247,41,0.803921568627451,3,3,0,3,0,0.9411764705882352,0.0,51,2022-01-11,2022-12-31,True,252.81520569823064,0.1399999999999999,526.1984239587,586.979271076633,677.478290518066,0.0,7.057142857142857,975,-42.69569507608484,959.2513512811074,975,0.0,429.4347914597907,975,0.0,32.74617777669368,677
logreg_ab,KGS,wf_2023,5.0,20,,0.2591093117408907,247,64,1.2549019607843137,0,0,0,0,0,1.0,0.0,51,2023-01-10,2023-12-30,True,,,,,,,,0,,,0,,,0,,,0
logreg_ab,KGS,wf_2024,5.0,20,0.09375,0.2096774193548387,248,52,1.0196078431372548,32,32,0,32,0,0.6862745098039216,0.0980392156862745,51,2024-01-10,2024-12-29,True,549.8342225141437,0.1384375,77.48841621239654,739.6253064347702,80.58705720939744,0.1105169340463458,0.9725872187052356,1000,-15.68863611057467,106.70394826910102,1000,249.5075183876305,835.9764433916595,1000,0.1404810935432993,1.3697869668910203,999
logreg_ab,KGS,wf_2025,5.0,20,1.0,0.0993788819875776,161,16,0.4705882352941176,1,1,0,1,0,0.9705882352941176,0.0,34,2025-01-10,2025-08-30,True,0.0,0.365,259.77311353344567,21.139501485100077,323.07822853580694,4.939772727272727,15.917045454545455,46,142.75139841313012,142.75139841313012,46,0.0,0.0,46,3.61420863408444,3.61420863408444,46
logreg_ab,KZT,oot,5.0,20,,0.2105263157894736,228,48,0.9056603773584906,0,0,0,0,0,1.0,0.0,53,2025-09-02,2026-09-02,True,,,,,,,,0,,,0,,,0,,,0
logreg_ab,KZT,wf_2022,5.0,20,0.0909090909090909,0.145748987854251,247,36,0.7058823529411765,11,11,0,11,0,0.9019607843137256,0.0392156862745098,51,2022-01-11,2022-12-31,True,1247.5583992648676,0.1245454545454545,192.1747328766217,2042.7435773145912,193.24851172884635,0.0,2.375,988,-44.08737882188984,969.2456129076112,988,1.5895122468134737,1992.7663223833856,988,0.0,6.859096720288463,894
logreg_ab,KZT,wf_2023,5.0,20,,0.2226720647773279,247,55,1.0784313725490196,0,0,0,0,0,1.0,0.0,51,2023-01-10,2023-12-30,True,,,,,,,,0,,,0,,,0,,,0
logreg_ab,KZT,wf_2024,5.0,20,0.0333333333333333,0.1532258064516129,248,38,0.7450980392156863,30,30,0,30,0,0.6470588235294118,0.0784313725490196,51,2024-01-10,2024-12-29,True,1005.1030057259208,0.0951666666666666,-45.84398002425068,1198.7670367311644,-33.594205541903435,0.0,1.1254390458905883,1000,-47.0621921724536,113.6495339318425,1000,159.48688590203375,1314.7174078118162,1000,0.0,1.826434202279138,995
logreg_ab,KZT,wf_2025,5.0,20,,0.0496894409937888,161,8,0.2352941176470588,0,0,0,0,0,1.0,0.0,34,2025-01-10,2025-08-30,True,,,,,,,,0,,,0,,,0,,,0
logreg_ab,TJS,oot,5.0,20,,0.1666666666666666,228,38,0.7169811320754716,0,0,0,0,0,1.0,0.0,53,2025-09-02,2026-09-02,True,,,,,,,,0,,,0,,,0,,,0
logreg_ab,TJS,wf_2022,5.0,20,0.2,0.1902834008097166,247,47,0.9215686274509804,10,10,0,10,0,0.803921568627451,0.0,51,2022-01-11,2022-12-31,True,1266.1368327742496,0.2165,274.3972282166702,2660.2817590143677,369.39157845027074,0.0,2.823535714285714,1000,325.40888844194217,1019.193021729346,1000,515.8173514969055,2331.2092214925715,1000,0.0,631.6068726299109,1000
logreg_ab,TJS,wf_2023,5.0,20,,0.2307692307692307,247,57,1.1176470588235294,0,0,0,0,0,1.0,0.0,51,2023-01-10,2023-12-30,True,,,,,,,,0,,,0,,,0,,,0
logreg_ab,TJS,wf_2024,5.0,20,0.25,0.1854838709677419,248,46,0.9019607843137256,44,44,0,44,0,0.5882352941176471,0.1372549019607843,51,2024-01-10,2024-12-29,True,765.1493032170495,0.2448863636363636,87.34304516122255,781.1429126336221,98.3403350810514,0.6150110229276896,2.366306887726716,1000,25.66481758684255,134.04643566801542,1000,143.80078925954942,822.1247240832952,1000,0.5873489292936328,2.690861501962998,999
logreg_ab,TJS,wf_2025,5.0,20,0.3333333333333333,0.1801242236024844,161,29,0.8529411764705882,3,3,0,3,0,0.9411764705882352,0.0,34,2025-01-10,2025-08-30,True,20.849509859184323,0.53,279.1742867920542,34.28716888597368,235.4604317986738,0.0,2.8622222222222287,737,29.816365722579175,110.60879488410318,737,30.248256101903515,32.300273475649455,737,0.0,1.251711119051634,681
logreg_ab,UZS,oot,5.0,20,,0.2105263157894736,228,48,0.9056603773584906,0,0,0,0,0,1.0,0.0,53,2025-09-02,2026-09-02,True,,,,,,,,0,,,0,,,0,,,0
logreg_ab,UZS,wf_2022,5.0,20,0.1,0.1538461538461538,247,38,0.7450980392156863,10,10,0,10,0,0.8627450980392157,0.0196078431372549,51,2022-01-11,2022-12-31,True,2370.4839643965424,0.066,-284.5863651451116,2772.3040334256566,-287.82697752350765,0.0,2.9404761904761907,1000,155.59332367393935,935.1401154564434,1000,487.61542077295104,2815.981839355406,1000,0.0,7.207419269616149,912
logreg_ab,UZS,wf_2023,5.0,20,,0.2226720647773279,247,55,1.0784313725490196,0,0,0,0,0,1.0,0.0,51,2023-01-10,2023-12-30,True,,,,,,,,0,,,0,,,0,,,0
logreg_ab,UZS,wf_2024,5.0,20,0.125,0.1814516129032258,248,45,0.8823529411764706,24,24,0,24,0,0.6862745098039216,0.0392156862745098,51,2024-01-10,2024-12-29,True,447.2577641406041,0.1441666666666666,43.811698793710256,657.2476714765133,60.99180503236018,0.0,1.8235294117647056,1000,8.566742018662579,158.9027946655215,1000,133.78960548067198,782.7762631881363,1000,0.0,3.1987295671111826,999
logreg_ab,UZS,wf_2025,5.0,20,0.0,0.0745341614906832,161,12,0.3529411764705882,3,3,0,3,0,0.9705882352941176,0.0294117647058823,34,2025-01-10,2025-08-30,True,143.7213831395671,0.2133333333333333,280.22735469067175,157.71854994090708,201.06920914178357,0.0,0.0,256,-22.210837462061097,-2.076830341845396,256,145.73621729116138,168.1428305053134,256,0.0,0.0,62
logreg_abc,AMD,oot,5.0,20,0.15,0.1842105263157894,228,42,0.7924528301886793,20,20,0,20,0,0.7547169811320755,0.0377358490566037,53,2025-09-02,2026-09-02,True,540.0883531086808,0.23875,59.61433044952133,687.2763125821526,54.47515244866413,0.0,2.2599066649336104,1000,-31.0290085043224,157.4440718440179,1000,357.4358202724992,597.7002567674527,1000,0.0,1.7535289770392315,997
logreg_abc,AMD,wf_2022,5.0,20,0.25,0.1700404858299595,247,42,0.8235294117647058,4,4,0,4,0,0.9607843137254902,0.0196078431372549,51,2022-01-11,2022-12-31,True,442.41166071258334,0.10125,736.1255369948278,625.0746400041086,750.5557332253305,0.0,8.821428571428571,925,230.7059885207791,1229.5135620691644,925,0.0,684.0472120949826,925,0.32210861038397,56.02264821715801,657
logreg_abc,AMD,wf_2023,5.0,20,,0.291497975708502,247,72,1.411764705882353,0,0,0,0,0,1.0,0.0,51,2023-01-10,2023-12-30,True,,,,,,,,0,,,0,,,0,,,0
logreg_abc,AMD,wf_2024,5.0,20,,0.2137096774193548,248,53,1.03921568627451,0,0,0,0,0,1.0,0.0,51,2024-01-10,2024-12-29,True,,,,,,,,0,,,0,,,0,,,0
logreg_abc,AMD,wf_2025,5.0,20,,0.093167701863354,161,15,0.4411764705882353,0,0,0,0,0,1.0,0.0,34,2025-01-10,2025-08-30,True,,,,,,,,0,,,0,,,0,,,0
logreg_abc,KGS,oot,5.0,20,0.0,0.1666666666666666,228,38,0.7169811320754716,24,18,6,18,6,0.7169811320754716,0.0377358490566037,53,2025-09-02,2026-09-02,True,1011.839589275242,0.1130555555555555,-84.08607361389632,1276.7169272685842,-99.26751385839611,0.0,0.0,1000,-243.034608344999,179.78492799843576,1000,389.1043246385029,1276.7169272685842,1000,0.0,0.0,999
logreg_abc,KGS,wf_2022,5.0,20,0.5,0.1659919028340081,247,41,0.803921568627451,2,2,0,2,0,0.9607843137254902,0.0,51,2022-01-11,2022-12-31,True,164.50541281745058,0.2,610.6052065497398,334.3628862573379,751.5902616486502,0.0,9.148148148148149,903,-42.69569507608484,959.2513512811074,903,0.0,329.01082563490115,903,0.7930678735379284,22.893065870115556,644
logreg_abc,KGS,wf_2023,5.0,20,,0.2591093117408907,247,64,1.2549019607843137,0,0,0,0,0,1.0,0.0,51,2023-01-10,2023-12-30,True,,,,,,,,0,,,0,,,0,,,0
logreg_abc,KGS,wf_2024,5.0,20,,0.2096774193548387,248,52,1.0196078431372548,0,0,0,0,0,1.0,0.0,51,2024-01-10,2024-12-29,True,,,,,,,,0,,,0,,,0,,,0
logreg_abc,KGS,wf_2025,5.0,20,,0.0993788819875776,161,16,0.4705882352941176,0,0,0,0,0,1.0,0.0,34,2025-01-10,2025-08-30,True,,,,,,,,0,,,0,,,0,,,0
logreg_abc,KZT,oot,5.0,20,0.2,0.2105263157894736,228,48,0.9056603773584906,10,10,0,10,0,0.8490566037735849,0.0188679245283018,53,2025-09-02,2026-09-02,True,370.4320138192188,0.3,227.70210368344885,842.704771956785,227.34611224148847,0.0,2.094838409838409,999,8.590340443378894,210.1476358792707,999,329.8223142748147,547.5035216778834,999,0.0,4.4749713061818515,986
logreg_abc,KZT,wf_2022,5.0,20,1.0,0.145748987854251,247,36,0.7058823529411765,1,1,0,1,0,0.9803921568627452,0.0,51,2022-01-11,2022-12-31,True,0.0,0.445,770.2948494895909,63.67813329169599,869.3738375697424,4.490909090909091,15.4375,696,1133.3460062082668,1133.3460062082668,696,0.0,0.0,696,4.070501405043614,4.070501405043615,612
logreg_abc,KZT,wf_2023,5.0,20,,0.2226720647773279,247,55,1.0784313725490196,0,0,0,0,0,1.0,0.0,51,2023-01-10,2023-12-30,True,,,,,,,,0,,,0,,,0,,,0
logreg_abc,KZT,wf_2024,5.0,20,,0.1532258064516129,248,38,0.7450980392156863,0,0,0,0,0,1.0,0.0,51,2024-01-10,2024-12-29,True,,,,,,,,0,,,0,,,0,,,0
logreg_abc,KZT,wf_2025,5.0,20,,0.0496894409937888,161,8,0.2352941176470588,0,0,0,0,0,1.0,0.0,34,2025-01-10,2025-08-30,True,,,,,,,,0,,,0,,,0,,,0
logreg_abc,TJS,oot,5.0,20,0.1470588235294117,0.1666666666666666,228,38,0.7169811320754716,36,34,2,34,2,0.6037735849056604,0.0754716981132075,53,2025-09-02,2026-09-02,True,981.369650497629,0.2058823529411764,-0.6526121927381149,1114.0968357900415,-18.889246027405544,0.0,1.4174344503233391,1000,-207.3302525008824,125.86761408078856,1000,462.8342113806573,1129.1458964841383,1000,0.0,1.087497792453508,1000
logreg_abc,TJS,wf_2022,5.0,20,0.2,0.1902834008097166,247,47,0.9215686274509804,5,5,0,5,0,0.9607843137254902,0.0196078431372549,51,2022-01-11,2022-12-31,True,133.83561547417247,0.15,703.366307453847,289.2926915302064,846.587365923759,0.0,3.9121736434108474,934,-58.536610673868665,1248.6902811182572,934,10.35418883621908,230.61973436079745,934,0.8581065586320761,8.681453067891654,672
logreg_abc,TJS,wf_2023,5.0,20,,0.2307692307692307,247,57,1.1176470588235294,0,0,0,0,0,1.0,0.0,51,2023-01-10,2023-12-30,True,,,,,,,,0,,,0,,,0,,,0
logreg_abc,TJS,wf_2024,5.0,20,,0.1854838709677419,248,46,0.9019607843137256,0,0,0,0,0,1.0,0.0,51,2024-01-10,2024-12-29,True,,,,,,,,0,,,0,,,0,,,0
logreg_abc,TJS,wf_2025,5.0,20,0.3333333333333333,0.1801242236024844,161,29,0.8529411764705882,3,3,0,3,0,0.9411764705882352,0.0,34,2025-01-10,2025-08-30,True,520.3169175410949,0.1583333333333333,50.83724748449915,797.8440443863349,29.849424292966244,0.0,2.5587499999999967,760,227.02930356170103,277.85432979468004,760,747.9969157531241,812.9538368701606,760,0.0,2.56133289626363,91
logreg_abc,UZS,oot,5.0,20,0.0555555555555555,0.2105263157894736,228,48,0.9056603773584906,23,18,5,18,5,0.7735849056603774,0.0566037735849056,53,2025-09-02,2026-09-02,True,996.4869810524796,0.0658333333333333,-137.93587302132124,1274.934741501812,-164.84791719240306,0.0,1.3875021955503517,1000,-325.07557736809207,168.8945444191836,1000,390.249656116477,1274.934741501812,1000,0.0,2.139060012060203,996
logreg_abc,UZS,wf_2022,5.0,20,0.2,0.1538461538461538,247,38,0.7450980392156863,5,5,0,5,0,0.9411764705882352,0.0,51,2022-01-11,2022-12-31,True,2084.3537335531323,0.09,-577.2783088472919,3645.816206060422,-523.6174520158268,0.0,8.517241379310345,921,-81.46415825614174,1406.034067344717,921,0.0,3574.9287282199816,921,0.0383474541060259,96952.04882734512,660
logreg_abc,UZS,wf_2023,5.0,20,,0.2226720647773279,247,55,1.0784313725490196,0,0,0,0,0,1.0,0.0,51,2023-01-10,2023-12-30,True,,,,,,,,0,,,0,,,0,,,0
logreg_abc,UZS,wf_2024,5.0,20,,0.1814516129032258,248,45,0.8823529411764706,0,0,0,0,0,1.0,0.0,51,2024-01-10,2024-12-29,True,,,,,,,,0,,,0,,,0,,,0
logreg_abc,UZS,wf_2025,5.0,20,,0.0745341614906832,161,12,0.3529411764705882,0,0,0,0,0,1.0,0.0,34,2025-01-10,2025-08-30,True,,,,,,,,0,,,0,,,0,,,0
logreg_abcd,AMD,oot,5.0,20,,0.1842105263157894,228,42,0.7924528301886793,0,0,0,0,0,1.0,0.0,53,2025-09-02,2026-09-02,True,,,,,,,,0,,,0,,,0,,,0
logreg_abcd,AMD,wf_2022,5.0,20,0.1851851851851851,0.1700404858299595,247,42,0.8235294117647058,27,27,0,27,0,0.7647058823529411,0.0980392156862745,51,2022-01-11,2022-12-31,True,1867.7061776145724,0.1759259259259259,352.673657034301,2866.7088153616583,437.3556366358215,0.0,2.209916020671834,1000,422.1629626707271,794.3629364944916,1000,780.8041314250925,2683.5477492334658,1000,0.1568311535124719,74.27405094049158,995
logreg_abcd,AMD,wf_2023,5.0,20,0.2222222222222222,0.291497975708502,247,72,1.411764705882353,99,99,0,99,0,0.4705882352941176,0.392156862745098,51,2023-01-10,2023-12-30,True,786.4202541550532,0.2058585858585858,31.823300209865593,788.6417258082397,46.30738959152416,0.4213383942286592,1.090058585194207,1000,-28.378335193453267,129.89226019245282,1000,684.4062726159418,804.8909408642741,1000,0.9828546431613964,1.4989319918388688,1000
logreg_abcd,AMD,wf_2024,5.0,20,0.1688311688311688,0.2137096774193548,248,53,1.03921568627451,77,77,0,77,0,0.4705882352941176,0.3137254901960784,51,2024-01-10,2024-12-29,True,906.8147723157814,0.1640909090909091,56.6798588589101,935.996291872217,74.61761522352086,0.384902672603685,1.243906842889401,1000,2.6659895890086447,158.12747513223874,1000,435.6756960035324,950.9454902864449,1000,0.8907721209267708,1.8342733503043056,1000
logreg_abcd,AMD,wf_2025,5.0,20,0.0,0.093167701863354,161,15,0.4411764705882353,3,3,0,3,0,0.9117647058823528,0.0,34,2025-01-10,2025-08-30,True,334.6461583640418,0.1433333333333333,-97.91695703775412,899.3864883303052,-84.6393174238173,0.0,0.0,963,-157.77386139267156,335.92739262285454,965,20.061713181580565,940.1093463242138,965,0.0,0.0,923
logreg_abcd,KGS,oot,5.0,20,,0.1666666666666666,228,38,0.7169811320754716,0,0,0,0,0,1.0,0.0,53,2025-09-02,2026-09-02,True,,,,,,,,0,,,0,,,0,,,0
logreg_abcd,KGS,wf_2022,5.0,20,0.217391304347826,0.1659919028340081,247,41,0.803921568627451,23,23,0,23,0,0.7843137254901961,0.0784313725490196,51,2022-01-11,2022-12-31,True,1192.0706999561626,0.2013043478260869,393.6990760543436,1760.203289658578,448.45685611835927,0.0,2.724769199346405,1000,157.35422776505135,733.5235328621599,1000,836.7560377126858,1469.3345820426007,1000,0.0,30.664843190591817,989
logreg_abcd,KGS,wf_2023,5.0,20,0.23,0.2591093117408907,247,64,1.2549019607843137,100,100,0,100,0,0.392156862745098,0.4117647058823529,51,2023-01-10,2023-12-30,False,,0.22225,66.54267422292233,754.0177086282393,86.35145644223653,0.6518552155908934,1.280705825232635,1000,-20.302545137051855,127.38901341651533,1000,487.3759507160101,738.345758854567,1000,0.9594212053401692,1.812052333610572,1000
logreg_abcd,KGS,wf_2024,5.0,20,0.1842105263157894,0.2096774193548387,248,52,1.0196078431372548,76,76,0,76,0,0.4509803921568627,0.2549019607843137,51,2024-01-10,2024-12-29,True,806.6469023313587,0.18,57.62663884222346,821.1878584781057,68.86317666515788,0.4570311044887315,1.2654683411826269,1000,-7.803547619197748,101.16795621216824,1000,384.2478113435122,833.3879212159485,1000,0.7316053921094962,1.5088490029304082,1000
logreg_abcd,KGS,wf_2025,5.0,20,0.2,0.0993788819875776,161,16,0.4705882352941176,5,5,0,5,0,0.8529411764705882,0.0,34,2025-01-10,2025-08-30,True,286.6071665647088,0.1289999999999999,-24.864492168728464,913.6487871540818,-32.90704413616385,0.0,2.3676470588235294,971,-62.13918586910561,117.12058989000784,989,85.81575493274984,961.8423300307466,989,0.0,1.9609861642677335,732
logreg_abcd,KZT,oot,5.0,20,,0.2105263157894736,228,48,0.9056603773584906,0,0,0,0,0,1.0,0.0,53,2025-09-02,2026-09-02,True,,,,,,,,0,,,0,,,0,,,0
logreg_abcd,KZT,wf_2022,5.0,20,0.1666666666666666,0.145748987854251,247,36,0.7058823529411765,24,24,0,24,0,0.7647058823529411,0.0588235294117647,51,2022-01-11,2022-12-31,True,2076.780277711243,0.1327083333333333,-136.79502560691063,2747.5176119471457,-72.24141404079934,0.0,2.7962264150943397,1000,127.8948060155643,781.1995030596399,1000,1746.3868467976754,2849.969997529209,1000,0.2089804897763307,52.71151091972954,966
logreg_abcd,KZT,wf_2023,5.0,20,0.1818181818181818,0.2226720647773279,247,55,1.0784313725490196,99,99,0,99,0,0.392156862745098,0.392156862745098,51,2023-01-10,2023-12-30,True,600.1197456912757,0.1678282828282828,111.31195791414258,669.2138203309494,130.4993198189308,0.3579322730409686,1.50805965505843,1000,22.150267269519944,141.4982311963887,1000,469.9324992813724,635.7296724962604,1000,0.8583971365731018,4.722957210319706,1000
logreg_abcd,KZT,wf_2024,5.0,20,0.0958904109589041,0.1532258064516129,248,38,0.7450980392156863,73,73,0,73,0,0.4705882352941176,0.2549019607843137,51,2024-01-10,2024-12-29,True,1137.806993720174,0.1093835616438356,-48.12354720749889,1162.6348250461426,-36.66518889438229,0.1984469696969697,1.106260869565217,1000,-9.399102263123476,130.90804731171994,1000,394.804713951743,1286.8932872923588,1000,0.4662331229902877,1.4542684052152492,1000
logreg_abcd,KZT,wf_2025,5.0,20,0.0,0.0496894409937888,161,8,0.2352941176470588,2,2,0,2,0,0.9411764705882352,0.0,34,2025-01-10,2025-08-30,True,383.8899073718838,0.0,-44.02916339512561,549.7541880532403,-47.254204781546626,0.0,0.0,886,75.07169718787621,234.40916031248315,940,259.08112379758654,508.69869094618105,940,,,0
logreg_abcd,TJS,oot,5.0,20,,0.1666666666666666,228,38,0.7169811320754716,0,0,0,0,0,1.0,0.0,53,2025-09-02,2026-09-02,True,,,,,,,,0,,,0,,,0,,,0
logreg_abcd,TJS,wf_2022,5.0,20,0.1875,0.1902834008097166,247,47,0.9215686274509804,32,32,0,32,0,0.7450980392156863,0.0980392156862745,51,2022-01-11,2022-12-31,True,1606.487484563761,0.1728125,409.32533881686845,2861.7769500807253,488.2003633913192,0.2756390128968254,1.8962316176470584,1000,104.77974680501931,770.3904638271046,1000,1012.0536036061012,3252.0987773901534,1000,0.1010608549324843,755.1230193658714,1000
logreg_abcd,TJS,wf_2023,5.0,20,0.2048192771084337,0.2307692307692307,247,57,1.1176470588235294,83,83,0,83,0,0.4901960784313725,0.3137254901960784,51,2023-01-10,2023-12-30,True,758.3681829561577,0.1906024096385542,67.68861021910783,771.0282343394377,86.64738407739878,0.6414893081056874,1.4252240566037733,1000,19.525441537960234,166.7136619834849,1000,464.737542402295,764.8445657660191,1000,0.9563691167089036,2.1823554523093134,1000
logreg_abcd,TJS,wf_2024,5.0,20,0.2142857142857142,0.1854838709677419,248,46,0.9019607843137256,84,84,0,84,0,0.4509803921568627,0.3137254901960784,51,2024-01-10,2024-12-29,True,776.2132224605609,0.2054761904761905,84.8046739561861,792.0291716986951,95.04822633145751,0.6946535817124052,1.7304855161158703,1000,27.474920067698957,132.36299380093064,1000,376.55216718757606,812.7815128994713,1000,0.8776000148109943,1.4871024910546082,1000
logreg_abcd,TJS,wf_2025,5.0,20,0.3636363636363636,0.1801242236024844,161,29,0.8529411764705882,11,11,0,11,0,0.7941176470588235,0.0294117647058823,34,2025-01-10,2025-08-30,True,468.95953375657217,0.3645454545454545,62.33627173431273,984.665996178216,75.02818455852454,0.0,3.715384615384615,1000,-40.68816129300235,191.66840031236063,1000,24.712875902350717,1008.2134835227464,1000,0.0,7.687908996335334,996
logreg_abcd,UZS,oot,5.0,20,,0.2105263157894736,228,48,0.9056603773584906,0,0,0,0,0,1.0,0.0,53,2025-09-02,2026-09-02,True,,,,,,,,0,,,0,,,0,,,0
logreg_abcd,UZS,wf_2022,5.0,20,0.1612903225806451,0.1538461538461538,247,38,0.7450980392156863,31,31,0,31,0,0.7450980392156863,0.1176470588235294,51,2022-01-11,2022-12-31,True,2699.1575141334984,0.1466129032258064,123.36415092980371,3555.787071124465,173.37262938161226,0.2363665315959532,2.2182986325843466,1000,244.98398721850077,794.9203778222857,1000,914.5781476623572,3574.9287282199816,1000,0.4304313521123554,82.06384587807074,980
logreg_abcd,UZS,wf_2023,5.0,20,0.17,0.2226720647773279,247,55,1.0784313725490196,100,100,0,100,0,0.4509803921568627,0.392156862745098,51,2023-01-10,2023-12-30,False,,0.16115,43.41806359111109,837.5315767183372,58.99459378442937,0.3984121642387362,1.4036689814814811,1000,13.40917027462454,142.07232244106638,1000,554.2749669689591,814.0709228047333,1000,1.080810742364608,2.2616658881324234,1000
logreg_abcd,UZS,wf_2024,5.0,20,0.1204819277108433,0.1814516129032258,248,45,0.8823529411764706,83,83,0,83,0,0.4313725490196078,0.3529411764705882,51,2024-01-10,2024-12-29,True,845.6624270988113,0.1381927710843373,15.264684514758365,850.7271949066345,13.083518528754736,0.2425976566842304,1.073265250544662,1000,-35.51691408331409,98.19909039567548,1000,470.554625925023,878.1113610523223,1000,0.4369834550993232,1.176590330331425,1000
logreg_abcd,UZS,wf_2025,5.0,20,0.0,0.0745341614906832,161,12,0.3529411764705882,2,2,0,2,0,0.9411764705882352,0.0,34,2025-01-10,2025-08-30,True,57.906241507845735,0.1825,92.31555783085932,253.13951516342917,135.23789782341478,0.0,0.0,946,67.78256152280892,367.38817144361445,947,22.80388657545096,93.00859644024052,947,0.0,0.0,886
momentum,AMD,oot,,20,0.1388888888888889,0.1842105263157894,228,42,0.7924528301886793,36,36,0,36,0,0.6226415094339622,0.0754716981132075,53,2025-09-02,2026-09-02,True,587.0748078768058,0.0713888888888888,-67.92256178612894,771.7062409269985,-25.081702521349335,0.2533418498534778,1.882783479349186,1000,26.74955378120034,148.84087451767334,1000,359.55743567424145,718.0606617647057,1000,1.4546777018042436,6.391762724093321,999
momentum,AMD,wf_2022,,20,0.1372549019607843,0.1700404858299595,247,42,0.8235294117647058,51,51,0,51,0,0.5882352941176471,0.1764705882352941,51,2022-01-11,2022-12-31,True,3029.267006280073,0.1142156862745098,-51.740340309873865,3538.4156395143345,35.793466367068696,0.3708708708708709,1.4464777074648016,1000,92.14755547211897,503.0595162517388,1000,1005.7521294722786,3522.062141327351,1000,1.1096182325822672,74.89936865877704,1000
momentum,AMD,wf_2023,,20,0.2,0.291497975708502,247,72,1.411764705882353,35,35,0,35,0,0.7058823529411765,0.1176470588235294,51,2023-01-10,2023-12-30,True,664.261414850155,0.1609999999999999,44.59836011784326,776.3196910677373,89.50276678780612,0.2139196636101249,1.130460674381087,1000,56.555022695553866,222.0814294433623,1000,561.5249719048143,787.5736446183313,1000,0.8277120332199576,3.9721149954360584,998
momentum,AMD,wf_2024,,20,0.2666666666666666,0.2137096774193548,248,53,1.03921568627451,30,30,0,30,0,0.6274509803921569,0.0392156862745098,51,2024-01-10,2024-12-29,True,741.489793525687,0.159,40.3393840490659,891.0249696713296,115.1141554428348,0.7615545115545115,2.4496560846560844,1000,62.5398072935577,254.98225524494495,1000,311.65264090841305,920.9418691597592,1000,1.1428088070161746,5.840951146489721,1000
momentum,AMD,wf_2025,,20,0.125,0.093167701863354,161,15,0.4411764705882353,24,24,0,24,0,0.5882352941176471,0.0588235294117647,34,2025-01-10,2025-08-30,True,1109.1200293499403,0.0514583333333333,-183.75551189328223,1278.648933195973,-136.54315538288247,0.0,6.708333333333333,999,14.166910658442356,169.15169454755042,1000,427.01855845575176,1271.1953706061597,1000,2.825576958735403,21.998077056784247,937
momentum,KGS,oot,,20,0.1041666666666666,0.1666666666666666,228,38,0.7169811320754716,49,48,1,48,1,0.490566037735849,0.0943396226415094,53,2025-09-02,2026-09-02,True,748.8323831685836,0.0730208333333333,-82.07461062505692,887.0425414251362,-44.18497484121807,0.3052306986789745,1.2616672108726188,1000,26.912203539721546,141.90103780782405,1000,488.9933163926896,854.1003287391158,1000,1.1275403300199665,4.404359512404761,1000
momentum,KGS,wf_2022,,20,0.0930232558139534,0.1659919028340081,247,41,0.803921568627451,43,43,0,43,0,0.5686274509803921,0.1176470588235294,51,2022-01-11,2022-12-31,True,2949.099504389329,0.0783720930232558,-104.60476608084257,3312.7455551210933,33.80034301765692,0.2492760942760943,1.162476537306794,1000,98.30264038747904,522.4435065580101,1000,1651.7818523888473,3399.500342926185,1000,0.8136481373615321,40.99884520801168,1000
momentum,KGS,wf_2023,,20,0.1764705882352941,0.2591093117408907,247,64,1.2549019607843137,34,34,0,34,0,0.7058823529411765,0.1176470588235294,51,2023-01-10,2023-12-30,True,661.8421789944287,0.1158823529411764,10.260243319993744,768.9517220177498,59.40528811617331,0.1686646174863388,1.4555890953644406,1000,2.7845026557460035,197.3871786240394,1000,453.6734927481331,740.7459931887739,1000,1.01279159914789,8.335749379855582,996
momentum,KGS,wf_2024,,20,0.2258064516129032,0.2096774193548387,248,52,1.0196078431372548,31,31,0,31,0,0.6274509803921569,0.0588235294117647,51,2024-01-10,2024-12-29,True,630.5765607607868,0.1187096774193548,16.117752578757646,816.8897778653828,89.487625697155,0.516559917355372,2.0028613798460553,1000,17.356474968669293,212.93147200722393,1000,284.5488596474022,825.6223546888153,1000,1.1908424279013496,9.44844407496858,1000
momentum,KGS,wf_2025,,20,0.074074074074074,0.0993788819875776,161,16,0.4705882352941176,27,27,0,27,0,0.6176470588235294,0.088235294117647,34,2025-01-10,2025-08-30,True,940.523040159905,0.0446296296296296,-177.32600075000374,1325.6619086701494,-124.47473282586373,0.0,4.6,989,47.96318825497278,174.66587955391037,1000,490.9184780025844,1278.152637417438,1000,1.3336663133230242,13.849781729568576,760
momentum,KZT,oot,,20,0.1851851851851851,0.2105263157894736,228,48,0.9056603773584906,27,27,0,27,0,0.7169811320754716,0.0566037735849056,53,2025-09-02,2026-09-02,True,881.3443447823216,0.0894444444444444,-52.83106547974853,1055.0835088055123,-15.814531629852077,0.3256714219972388,1.8459453569686124,1000,-16.01957450568002,211.1899313329828,1000,292.05954846700735,1008.6687814482608,1000,1.5001260417144997,18.228496182045575,1000
momentum,KZT,wf_2022,,20,0.1111111111111111,0.145748987854251,247,36,0.7058823529411765,45,45,0,45,0,0.5882352941176471,0.1176470588235294,51,2022-01-11,2022-12-31,True,2827.275019431317,0.0731111111111111,-318.25573134547983,3232.5628669679218,-237.06748619071763,0.3033934908934909,1.7898550724637678,1000,-77.85295237676533,387.640818903908,1000,2253.9885610883553,3307.8507583467176,1000,1.0798932499183878,43.428562139113616,1000
momentum,KZT,wf_2023,,20,0.1428571428571428,0.2226720647773279,247,55,1.0784313725490196,28,28,0,28,0,0.6470588235294118,0.0588235294117647,51,2023-01-10,2023-12-30,True,441.2681264944039,0.0958928571428571,85.48564161885095,786.5743989979665,152.74128945012166,0.1294929777466542,1.2553475639267564,1000,59.61238824374855,178.68318208890827,1000,386.04305864885504,475.8601384984296,1000,0.9847182757321686,41.81251188572884,997
momentum,KZT,wf_2024,,20,0.1935483870967742,0.1532258064516129,248,38,0.7450980392156863,31,31,0,31,0,0.6078431372549019,0.0196078431372549,51,2024-01-10,2024-12-29,True,859.3069977820799,0.1585483870967742,-17.854901919910517,1111.753129700595,28.808289597908725,0.6056166056166057,1.8703926014850385,1000,10.570835731045962,143.9369341120013,1000,573.8353586371672,1068.9561520682412,1000,0.9146636507348652,7.49288276824939,1000
momentum,KZT,wf_2025,,20,0.08,0.0496894409937888,161,8,0.2352941176470588,25,25,0,25,0,0.5588235294117647,0.0588235294117647,34,2025-01-10,2025-08-30,True,751.4104903491101,0.06,-131.23689113412036,1034.5066700672717,-71.40035428860244,0.0,6.44,955,54.028615599992925,166.44802716948126,1000,616.6793421432249,902.8954884250106,1000,1.4861512677527586,15.241528664304674,871
momentum,TJS,oot,,20,0.1,0.1666666666666666,228,38,0.7169811320754716,41,40,1,40,1,0.5660377358490566,0.0943396226415094,53,2025-09-02,2026-09-02,True,627.8366463558677,0.054125,-72.53713706549063,716.9115187226765,-36.39250800884081,0.1936754807692307,1.3086432591798445,1000,23.110851414134626,135.18805122456158,1000,446.7281527909359,727.0607615789148,1000,0.755385929618931,5.7408356332135755,1000
momentum,TJS,wf_2022,,20,0.1,0.1902834008097166,247,47,0.9215686274509804,40,40,0,40,0,0.6470588235294118,0.1176470588235294,51,2022-01-11,2022-12-31,True,3062.031298418847,0.0997499999999999,-58.953187366202904,4156.002582670004,11.45649121351396,0.1628159984516059,1.1457646003065258,1000,62.14913904022345,458.8987424301201,1000,1059.54772936376,3358.859322342076,1000,0.7081138375438503,3182.3205963657415,1000
momentum,TJS,wf_2023,,20,0.21875,0.2307692307692307,247,57,1.1176470588235294,32,32,0,32,0,0.6862745098039216,0.0980392156862745,51,2023-01-10,2023-12-30,True,689.6329433665871,0.13703125,4.927041255681519,783.2439159499729,53.16106457124186,0.3939028794298921,2.058765756302521,1000,22.85138087227167,214.3766803277923,1000,503.1176895072897,766.3920175183891,1000,1.0432501068394815,5.735593463103997,1000
momentum,TJS,wf_2024,,20,0.1764705882352941,0.1854838709677419,248,46,0.9019607843137256,34,34,0,34,0,0.6470588235294118,0.0588235294117647,51,2024-01-10,2024-12-29,True,616.6628400152946,0.128235294117647,20.13636820911941,812.4320056781606,65.95751120719355,0.3853650137741047,1.6104550733819023,1000,3.265206041999442,160.8163416961627,1000,369.4595084034035,794.0950905318235,1000,0.7487899923444749,4.267322898207569,1000
momentum,TJS,wf_2025,,20,0.125,0.1801242236024844,161,29,0.8529411764705882,16,16,0,16,0,0.7352941176470589,0.0294117647058823,34,2025-01-10,2025-08-30,True,952.429762414396,0.103125,-131.26779159122282,1413.2261414308848,-68.95387005911219,0.0,1.648045112781956,997,92.59109420233264,261.5355835230744,997,335.06989842100097,1277.698952286093,997,0.0,12.831435463572316,942
momentum,UZS,oot,,20,0.1666666666666666,0.2105263157894736,228,48,0.9056603773584906,36,36,0,36,0,0.6981132075471698,0.1132075471698113,53,2025-09-02,2026-09-02,True,590.9730202979451,0.0784722222222222,-82.92889688616296,821.009752722519,-35.44709882073409,0.2867541494696667,1.5956529367065977,1000,52.772082631459746,186.25051477063164,1000,457.7894521058679,756.1398079269433,1000,2.3023170311012393,8.149648762819234,997
momentum,UZS,wf_2022,,20,0.1132075471698113,0.1538461538461538,247,38,0.7450980392156863,53,53,0,53,0,0.5490196078431373,0.1568627450980392,51,2022-01-11,2022-12-31,True,4439.492611719844,0.0929245283018868,-278.2531599575391,5162.532245610093,-196.33557785744975,0.3318575055470217,1.4638670634920634,1000,-173.04013390555178,477.5499772444677,1000,1510.4051209620395,5430.6819320345,1000,0.5550400313454443,82.89582272615448,1000
momentum,UZS,wf_2023,,20,0.1282051282051282,0.2226720647773279,247,55,1.0784313725490196,39,39,0,39,0,0.6470588235294118,0.1372549019607843,51,2023-01-10,2023-12-30,True,764.4870145428024,0.0855128205128205,-7.298069753428827,876.4749814511772,48.87674854386005,0.160300505050505,1.4063805019578235,1000,11.393408198993106,213.42546262302923,1000,506.88481986286286,837.7054792128047,1000,1.1662595650692522,9.175622141983396,998
momentum,UZS,wf_2024,,20,0.1714285714285714,0.1814516129032258,248,45,0.8823529411764706,35,35,0,35,0,0.6274509803921569,0.0784313725490196,51,2024-01-10,2024-12-29,True,790.0055734011012,0.0837142857142857,-37.20813287996394,880.0506962550644,31.913890258328507,0.3373353869849826,1.8355640838206624,1000,4.95113942487823,174.112840728614,1000,514.2031169640915,844.7131312882794,1000,1.591182638635261,6.891717561910676,998
momentum,UZS,wf_2025,,20,0.16,0.0745341614906832,161,12,0.3529411764705882,25,25,0,25,0,0.4705882352941176,0.0294117647058823,34,2025-01-10,2025-08-30,True,934.8710699755331,0.046,-148.92290745431765,1262.8252282552714,-71.77083286303275,0.0,4.6,996,47.48285877553611,155.1715266583189,1000,467.41728559619,1190.637918857933,1000,2.278385375036708,24.770312833188875,917
random,AMD,oot,,20,0.2179487179487179,0.1842105263157894,228,42,0.7924528301886793,88,78,10,78,10,0.1886792452830188,0.2264150943396226,53,2025-09-02,2026-09-02,True,821.9667679251006,0.1883974358974359,33.294033409874835,790.183661403071,23.24809532774776,0.7587956214532101,1.6241852377612522,1000,-45.26752895643201,59.59473689819125,1000,574.2272363786293,1130.6021781547397,1000,0.4287694840389532,1.4231558891324407,1000
random,AMD,wf_2022,,20,0.2098765432098765,0.1700404858299595,247,42,0.8235294117647058,81,81,0,81,0,0.1372549019607843,0.2156862745098039,51,2022-01-11,2022-12-31,True,3801.7934426854617,0.1774074074074074,112.77352206739047,3843.3241178950498,142.4149341451515,0.8678892793165219,1.9356584036568212,1000,-99.90566839661297,354.3861294790927,1000,1305.3645623325826,4146.2875990619705,1000,0.5527177808571146,6.142835268434617,1000
random,AMD,wf_2023,,20,0.3333333333333333,0.291497975708502,247,72,1.411764705882353,75,75,0,75,0,0.1372549019607843,0.1176470588235294,51,2023-01-10,2023-12-30,True,858.3514574764334,0.3128666666666667,143.6241630637354,865.0581152788736,146.71036609053797,0.8728897388495783,1.5351869556651236,1000,-31.240912316328068,86.6379919551535,1000,658.1627013863947,971.8837241914964,1000,0.6397337678952212,2.0288985946999265,1000
random,AMD,wf_2024,,20,0.2555555555555555,0.2137096774193548,248,53,1.03921568627451,90,90,0,90,0,0.1568627450980392,0.2745098039215686,51,2024-01-10,2024-12-29,True,920.575657182655,0.2337777777777778,93.21851759421948,911.7491279983768,98.39936183597432,0.8927146954292957,1.4468692122484257,1000,-37.216672648669274,57.19921087445597,1000,522.8707359784821,1065.8656490230694,1000,0.5235542236482615,1.5587195770366056,1000
random,AMD,wf_2025,,20,0.0961538461538461,0.093167701863354,161,15,0.4411764705882353,52,52,0,52,0,0.1176470588235294,0.1176470588235294,34,2025-01-10,2025-08-30,True,1031.2618478758973,0.0965384615384615,-85.85097472120971,1200.4331607268898,-65.2113006647824,0.4225633528265107,2.824561403508772,995,27.52756970381068,119.31547760633958,1000,413.9892991653557,1279.200230808333,1000,0.4761170858490742,3.3113538520111794,995
random,KGS,oot,,20,0.1666666666666666,0.1666666666666666,228,38,0.7169811320754716,70,66,4,66,4,0.1886792452830188,0.1132075471698113,53,2025-09-02,2026-09-02,True,945.9949231133198,0.1831060606060606,27.227250555089284,971.9905186048486,26.536762506440123,0.4608754492855265,1.6862049737927958,1000,-73.49401914447805,93.46910023218054,1000,654.6289727322448,1048.88203869276,1000,0.4479810582093881,1.8075283190169071,1000
random,KGS,wf_2022,,20,0.1095890410958904,0.1659919028340081,247,41,0.803921568627451,73,73,0,73,0,0.2156862745098039,0.1764705882352941,51,2022-01-11,2022-12-31,True,3611.36384495269,0.1354109589041096,-71.91366730870295,3565.394102396157,-86.07229928331422,0.3253608699095178,1.016618740894103,1000,-172.45506008069148,147.37344705043466,1000,1975.782326879536,4512.153452660092,1000,0.0506103136306234,2.265320932818603,1000
random,KGS,wf_2023,,20,0.3421052631578947,0.2591093117408907,247,64,1.2549019607843137,76,76,0,76,0,0.1176470588235294,0.0784313725490196,51,2023-01-10,2023-12-30,True,837.3077411257811,0.2834868421052631,117.5173045191544,866.6360417858605,124.825123193383,1.0962850210982604,1.6022055107055106,1000,-22.912867031962055,69.8941473478381,1000,505.6905282350733,962.3126605716376,1000,0.8598643088055032,1.9622800423826303,1000
random,KGS,wf_2024,,20,0.2183908045977011,0.2096774193548387,248,52,1.0196078431372548,87,87,0,87,0,0.1372549019607843,0.2156862745098039,51,2024-01-10,2024-12-29,True,872.7625533307526,0.2089655172413793,65.55130617037226,834.7147179969949,65.51892091976323,0.720890020028434,1.345772035601493,1000,-62.57435207883647,33.80051657785336,1000,325.2715354799376,988.5601021135648,1000,0.4613074161404717,1.707452269814874,1000
random,KGS,wf_2025,,20,0.1428571428571428,0.0993788819875776,161,16,0.4705882352941176,56,56,0,56,0,0.2058823529411764,0.2352941176470588,34,2025-01-10,2025-08-30,True,936.8188007504856,0.15,-56.88194279367026,1283.1065747216255,-50.83007190562829,0.0,2.106727022513607,988,12.018827386017058,83.53798283524615,1000,569.4575719946735,1382.9776407250226,1000,0.0,4.9700269147619345,988
random,KZT,oot,,20,0.2117647058823529,0.2105263157894736,228,48,0.9056603773584906,87,85,2,85,2,0.1698113207547169,0.1886792452830188,53,2025-09-02,2026-09-02,True,1105.6317993333912,0.2070588235294117,64.00911354944097,1036.1412410387263,55.70397126540295,0.732644385026738,1.461195995785037,1000,-89.58978231920966,82.82503344323628,1000,692.1262689582501,1182.8818912710558,1000,0.4241853496691513,1.2240949347269925,1000
random,KZT,wf_2022,,20,0.1860465116279069,0.145748987854251,247,36,0.7058823529411765,86,86,0,86,0,0.196078431372549,0.2352941176470588,51,2022-01-11,2022-12-31,True,3184.436247914046,0.1856395348837209,-8.763822510707923,3111.7732944530817,-8.454481298097946,0.5816515991471215,1.7931523155573377,1000,-116.22327369711122,214.70907736174505,1000,2065.949935815149,3595.7895511224997,1000,0.2425006958268887,6.613020754461438,1000
random,KZT,wf_2023,,20,0.3066666666666666,0.2226720647773279,247,55,1.0784313725490196,75,75,0,75,0,0.1176470588235294,0.1372549019607843,51,2023-01-10,2023-12-30,True,873.9614451994621,0.2348666666666666,145.97877243896005,840.9295206084466,151.73460108029997,1.1010972841420603,1.61437908496732,1000,-57.57133750733898,111.5644034404607,1000,642.0984761189968,1165.1459175324192,1000,0.3840778611587524,2.2022731098865944,1000
random,KZT,wf_2024,,20,0.1323529411764706,0.1532258064516129,248,38,0.7450980392156863,68,68,0,68,0,0.1764705882352941,0.1176470588235294,51,2024-01-10,2024-12-29,True,1065.0657262594195,0.1388970588235294,-4.486106721428246,1165.306951251167,-12.59150332764559,0.4495806322529011,1.3071995470796067,1000,-49.48335941722828,34.28394047061723,1000,600.0235223306603,1199.964543355974,1000,0.4372153781090503,3.5806772385655603,1000
random,KZT,wf_2025,,20,0.0701754385964912,0.0496894409937888,161,8,0.2352941176470588,57,57,0,57,0,0.1470588235294117,0.2352941176470588,34,2025-01-10,2025-08-30,True,1089.3524670746078,0.0608771929824561,-149.52528982348886,1078.5994232177834,-166.8208885619907,0.0,3.577777777777778,946,-33.91410036596499,35.18764092114431,1000,958.304791200838,1197.030208744514,1000,0.0,1.423247386133487,946
random,TJS,oot,,20,0.1029411764705882,0.1666666666666666,228,38,0.7169811320754716,73,68,5,68,5,0.2452830188679245,0.1320754716981132,53,2025-09-02,2026-09-02,True,992.2860261406288,0.13875,-7.563145451645137,913.1640504298884,-20.31200555349476,0.3266469038208168,0.9612610264635124,1000,-83.3596280134264,65.28170319817008,1000,564.6528982600219,1121.6213661370898,1000,0.211862174878949,1.3229587308855413,1000
random,TJS,wf_2022,,20,0.2394366197183098,0.1902834008097166,247,47,0.9215686274509804,71,71,0,71,0,0.1372549019607843,0.1176470588235294,51,2022-01-11,2022-12-31,True,4540.15319999046,0.230774647887324,153.6700974684942,5288.814232240902,198.24959970629956,0.8375159984786352,2.027257846320346,1000,-96.98501841928946,254.98429499431592,1000,1449.0100724646372,5649.180612590827,1000,0.3005854854392906,224.99926799389456,1000
random,TJS,wf_2023,,20,0.1833333333333333,0.2307692307692307,247,57,1.1176470588235294,60,60,0,60,0,0.2352941176470588,0.1176470588235294,51,2023-01-10,2023-12-30,True,876.9216752593727,0.18225,53.66061572645548,896.7849074401645,55.04540603969199,0.3609469696969696,1.2512858443916222,1000,-92.83047272040972,65.55511060650457,1000,642.5470063931416,989.0197252512312,1000,0.4719304138585388,1.3773993529292006,1000
random,TJS,wf_2024,,20,0.1323529411764706,0.1854838709677419,248,46,0.9019607843137256,68,68,0,68,0,0.2549019607843137,0.1176470588235294,51,2024-01-10,2024-12-29,True,904.0687580619464,0.1191911764705882,40.67841487339804,949.7367209722617,32.73942275458903,0.4430228118300022,0.9573055293280338,1000,-91.26435507442748,43.91457292137043,1000,508.12687657728515,1189.8537540850732,1000,0.6064154624062268,1.8595102978577407,1000
random,TJS,wf_2025,,20,0.2033898305084746,0.1801242236024844,161,29,0.8529411764705882,59,59,0,59,0,0.1470588235294117,0.2352941176470588,34,2025-01-10,2025-08-30,True,1409.695337297968,0.1800847457627118,-41.714507792699784,1455.9624436319468,-55.79672189673965,0.6603728813559323,1.6201972382836276,1000,-31.944795866617433,82.22665130841705,1000,373.6648541358445,1459.6733313124562,1000,0.482617445519668,1.865023846064126,1000
random,UZS,oot,,20,0.2203389830508474,0.2105263157894736,228,48,0.9056603773584906,63,59,4,59,4,0.2452830188679245,0.0754716981132075,53,2025-09-02,2026-09-02,True,668.5922757761568,0.2540677966101695,67.3307837872084,704.1939484695337,67.62371095806023,0.6641037384300998,1.4378502415458936,1000,-4.111057504527282,85.97462573189497,1000,591.5500571037356,796.258998867394,1000,0.4894888833937866,1.3371682229981756,1000
random,UZS,wf_2022,,20,0.180722891566265,0.1538461538461538,247,38,0.7450980392156863,83,83,0,83,0,0.2352941176470588,0.2941176470588235,51,2022-01-11,2022-12-31,True,3597.165791344193,0.1526506024096385,-33.49161236991553,3949.7303383029007,-19.40779324598825,0.608337014802532,1.6399701454803364,1000,-109.20955534197056,283.5659572102099,1000,1827.4713774615093,4524.456296871813,1000,0.3079236214029961,1149.6304873756887,1000
random,UZS,wf_2023,,20,0.253012048192771,0.2226720647773279,247,55,1.0784313725490196,83,83,0,83,0,0.1176470588235294,0.2352941176470588,51,2023-01-10,2023-12-30,True,985.8782394869388,0.2381927710843373,87.787463609103,933.3427727557272,74.21112897050905,0.7212939505055797,1.4485317781373603,1000,-82.14258927806186,33.543426933673324,1000,714.0827092148771,1037.265320159015,1000,0.5288822302033488,1.1673949546345703,1000
random,UZS,wf_2024,,20,0.1829268292682926,0.1814516129032258,248,45,0.8823529411764706,82,82,0,82,0,0.0588235294117647,0.196078431372549,51,2024-01-10,2024-12-29,True,694.2686315533373,0.1667682926829268,44.94245440867871,774.9626242495787,48.66887044491237,0.6127864398771558,1.440899553323054,1000,-28.729419428686253,41.218451335258464,1000,451.69909618494665,789.0646967492704,1000,0.6323275613119972,4.795055006863185,1000
random,UZS,wf_2025,,20,0.0625,0.0745341614906832,161,12,0.3529411764705882,48,48,0,48,0,0.2058823529411764,0.1176470588235294,34,2025-01-10,2025-08-30,True,1210.6168596976618,0.0929166666666666,-118.99965121398787,1360.0080770630218,-134.70249357537696,0.0,1.3091209349593491,999,-40.60063469514175,43.47980100523088,1000,546.7592297726087,1331.9928085495403,1000,0.0,1.3805423293979164,999
reversal,AMD,oot,,20,0.0,0.1842105263157894,228,42,0.7924528301886793,10,10,0,10,0,0.8113207547169812,0.0,53,2025-09-02,2026-09-02,True,353.6951773633534,0.1035,17.51477099212181,487.6748024548286,31.318103851789125,0.0,0.0,1000,99.55773451176124,184.27180725836837,1000,319.7913094087435,466.0202246957468,1000,0.0,0.0,996
reversal,AMD,wf_2022,,20,0.2727272727272727,0.1700404858299595,247,42,0.8235294117647058,11,11,0,11,0,0.7843137254901961,0.0,51,2022-01-11,2022-12-31,True,1725.4499957525702,0.219090909090909,156.52158759731864,2617.5706291578936,152.8651699284255,0.4521377368151562,3.633433998599439,1000,220.53252904748473,787.5708509388265,1000,684.0472120949826,2683.5477492334658,1000,0.082981623251864,20.02225165848485,998
reversal,AMD,wf_2023,,20,0.1428571428571428,0.291497975708502,247,72,1.411764705882353,7,7,0,7,0,0.8627450980392157,0.0,51,2023-01-10,2023-12-30,True,464.3721194825354,0.1357142857142857,-37.10663303451947,681.1289421330356,-21.83451567229147,0.0,2.1695427728613565,995,72.01215501923653,358.08993705242654,995,1.0498975208661498,649.8593536682584,995,0.0,4.346273969809844,911
reversal,AMD,wf_2024,,20,0.0909090909090909,0.2137096774193548,248,53,1.03921568627451,11,11,0,11,0,0.7843137254901961,0.0,51,2024-01-10,2024-12-29,True,654.9801390287513,0.1518181818181818,32.82957416147291,914.8534384243868,91.01228860080852,0.0,1.450363212719298,1000,8.976172544660573,289.74928329954446,1000,56.6511458048069,950.4752140932384,1000,0.0,4.725343241811977,988
reversal,AMD,wf_2025,,20,0.0,0.093167701863354,161,15,0.4411764705882353,11,11,0,11,0,0.7058823529411765,0.0,34,2025-01-10,2025-08-30,True,894.8945392682274,0.0345454545454545,-121.48181722991772,1219.399423264173,-117.98405472125204,0.0,0.0,996,48.5280650829485,199.36651576462103,1000,208.5922801994511,1171.7674636236031,1000,0.0,0.0,929
reversal,KGS,oot,,20,0.0,0.1666666666666666,228,38,0.7169811320754716,11,11,0,11,0,0.7924528301886793,0.0,53,2025-09-02,2026-09-02,True,487.4606400889903,0.084090909090909,-20.800574427126147,612.9343002315395,-18.097724738911552,0.0,0.0,1000,81.61445008897311,194.4643400586672,1000,376.8703886730873,597.3615584075476,1000,0.0,0.0,996
reversal,KGS,wf_2022,,20,0.25,0.1659919028340081,247,41,0.803921568627451,12,12,0,12,0,0.7647058823529411,0.0,51,2022-01-11,2022-12-31,True,1394.3430582461144,0.1908333333333333,174.22923940384143,2438.1480470692877,179.18157210438804,0.3917619047619047,3.801786833855798,1000,157.0963084789892,615.0009006393382,1000,477.1736404009253,2009.8322013880463,1000,0.0355496396961967,49.61286282134172,1000
reversal,KGS,wf_2023,,20,0.3333333333333333,0.2591093117408907,247,64,1.2549019607843137,6,6,0,6,0,0.8823529411764706,0.0,51,2023-01-10,2023-12-30,True,351.76469873196095,0.21,-27.54599848206184,621.5855242232019,-20.248343647056675,0.0,3.6985485074626863,975,66.49366171238013,398.2995552437706,975,0.0,610.7816700668756,975,0.5899269793450781,4.16508796379522,913
reversal,KGS,wf_2024,,20,0.125,0.2096774193548387,248,52,1.0196078431372548,8,8,0,8,0,0.8431372549019608,0.0,51,2024-01-10,2024-12-29,True,473.44886632481973,0.20875,80.28444203937295,814.2376115441741,89.85173049564519,0.0,2.546936572199727,999,3.217468402458897,297.6446005958048,999,13.716744296203842,835.9764433916595,999,0.0,7.454949954246534,988
reversal,KGS,wf_2025,,20,0.0,0.0993788819875776,161,16,0.4705882352941176,16,16,0,16,0,0.5882352941176471,0.0,34,2025-01-10,2025-08-30,True,1086.6402865882646,0.0528125,-142.94311629352694,1448.3186019809775,-154.13368431048627,0.0,0.0,985,5.593254303106586,146.13354028306287,1000,304.6385946852848,1320.693269827702,1000,0.0,0.0,949
reversal,KZT,oot,,20,0.2222222222222222,0.2105263157894736,228,48,0.9056603773584906,9,9,0,9,0,0.8490566037735849,0.0,53,2025-09-02,2026-09-02,True,284.32039882919156,0.1344444444444444,68.70554751473887,491.1183844060189,108.73651455981218,0.0,2.794401544401542,1000,180.28004367275696,285.7796221994245,1000,229.69344601657448,429.68546919677664,1000,0.0,5.528335737211681,995
reversal,KZT,wf_2022,,20,0.1538461538461538,0.145748987854251,247,36,0.7058823529411765,13,13,0,13,0,0.7843137254901961,0.0,51,2022-01-11,2022-12-31,True,1727.1319536099786,0.1376923076923076,-69.84502824708595,3123.5878000392418,-12.215516445981631,0.0,2.8068181818181817,1000,210.3923929108927,728.936592523336,1000,975.70651189665,2074.4916530903,1000,0.0,2487.095972326969,941
reversal,KZT,wf_2023,,20,0.2222222222222222,0.2226720647773279,247,55,1.0784313725490196,9,9,0,9,0,0.8431372549019608,0.0,51,2023-01-10,2023-12-30,True,319.99619875685823,0.1588888888888888,159.68864510290678,437.6424988551077,144.84351412965987,0.0,3.013124811803672,1000,143.2711855935404,260.9020457869406,1000,164.87247650883052,454.97854868002065,1000,0.0,4.381622093564746,997
reversal,KZT,wf_2024,,20,0.0909090909090909,0.1532258064516129,248,38,0.7450980392156863,11,11,0,11,0,0.7843137254901961,0.0,51,2024-01-10,2024-12-29,True,1003.3280138857888,0.0909090909090909,-154.85366279591054,1268.520499503932,-100.6484945474148,0.0,2.533248299319726,999,-51.02630115443282,301.4426734611757,999,125.59059040686992,1314.7174078118162,999,0.0,8.433620715992868,949
reversal,KZT,wf_2025,,20,0.0,0.0496894409937888,161,8,0.2352941176470588,13,13,0,13,0,0.6764705882352942,0.0,34,2025-01-10,2025-08-30,True,749.5016455177667,0.0326923076923076,-69.94743193987514,1112.8577840828648,-80.7027633506931,0.0,0.0,941,38.05286570589877,190.63594149824883,1000,429.24419144680223,1061.6982138256303,1000,0.0,0.0,920
reversal,TJS,oot,,20,0.0833333333333333,0.1666666666666666,228,38,0.7169811320754716,12,12,0,12,0,0.7735849056603774,0.0,53,2025-09-02,2026-09-02,True,325.9487871522673,0.0954166666666666,25.05360277010016,456.7771137233233,41.26769166235749,0.0,1.607487161531279,1000,103.29447876893953,174.2598744230917,1000,234.82964066508185,428.6005082375177,1000,0.0,3.0906158534562596,997
reversal,TJS,wf_2022,,20,0.3076923076923077,0.1902834008097166,247,47,0.9215686274509804,13,13,0,13,0,0.7647058823529411,0.0,51,2022-01-11,2022-12-31,True,2060.545673855259,0.2776923076923077,48.81078293492711,3119.034364877871,176.69232198264783,0.5487083333333334,3.6613383838383817,1000,373.94965041436126,894.9690902591958,1000,515.8173514969055,2833.3522557205824,1000,0.2610013285606138,49.23189850183566,1000
reversal,TJS,wf_2023,,20,0.1666666666666666,0.2307692307692307,247,57,1.1176470588235294,6,6,0,6,0,0.8823529411764706,0.0,51,2023-01-10,2023-12-30,True,375.4277219802301,0.165,-30.722209843611655,652.27130815834,-22.552608084182214,0.0,4.049180327868853,974,43.58685428367963,420.5137664339142,974,0.0,640.9117138630327,974,0.0,2.551556605424034,904
reversal,TJS,wf_2024,,20,0.0833333333333333,0.1854838709677419,248,46,0.9019607843137256,12,12,0,12,0,0.7647058823529411,0.0,51,2024-01-10,2024-12-29,True,499.99285623846754,0.125,46.69223821318996,809.1024937290183,88.03480121287605,0.0,1.74311475409836,1000,27.78500854981357,278.7044622154044,1000,52.25871997962983,822.1247240832952,1000,0.0,8.17079603203737,986
reversal,TJS,wf_2025,,20,0.2,0.1801242236024844,161,29,0.8529411764705882,10,10,0,10,0,0.7352941176470589,0.0,34,2025-01-10,2025-08-30,True,1095.3163702419135,0.116,-132.76653097330373,1461.1376621967338,-115.25892863679675,0.0,2.064102564102564,998,-4.618794987243742,304.6011371648273,998,120.66901793307272,1322.7483576135658,998,0.0,5.6190491895874075,948
reversal,UZS,oot,,20,0.1111111111111111,0.2105263157894736,228,48,0.9056603773584906,9,9,0,9,0,0.8301886792452831,0.0,53,2025-09-02,2026-09-02,True,318.7106000895783,0.1383333333333333,12.557258276077487,439.2538437544732,16.494789455434095,0.0,1.9910868226600984,999,113.02491422295424,183.83579598189783,999,216.2520404030488,395.11308397216726,999,0.0,2.8337819172888628,990
reversal,UZS,wf_2022,,20,0.2,0.1538461538461538,247,38,0.7450980392156863,15,15,0,15,0,0.7254901960784313,0.0,51,2022-01-11,2022-12-31,True,2303.708255980171,0.1389999999999999,-75.06867529947722,2768.3113275840356,-40.083527200243104,0.1905261075949369,3.0493827160493825,1000,226.09974506900537,764.5588416244008,1000,487.61542077295104,2815.981839355406,1000,0.1749880294713933,14.05691697303742,997
reversal,UZS,wf_2023,,20,0.1428571428571428,0.2226720647773279,247,55,1.0784313725490196,7,7,0,7,0,0.8627450980392157,0.0,51,2023-01-10,2023-12-30,True,401.81637756400994,0.1757142857142856,-16.67372698322074,709.4031060283219,-12.39530763242585,0.0,3.166666666666667,992,75.38645449554363,452.1881655112314,992,0.0,719.5702139848125,992,0.0,2.432053109627901,972
reversal,UZS,wf_2024,,20,0.1,0.1814516129032258,248,45,0.8823529411764706,10,10,0,10,0,0.803921568627451,0.0,51,2024-01-10,2024-12-29,True,438.801178086679,0.164,28.792794918985248,795.9521742851207,75.4816124937747,0.0,2.067991452991452,1000,26.746994485927775,296.6109388489514,1000,31.17802578667117,782.7762631881363,1000,0.0,6.893959635058227,993
reversal,UZS,wf_2025,,20,0.0625,0.0745341614906832,161,12,0.3529411764705882,16,16,0,16,0,0.5882352941176471,0.0,34,2025-01-10,2025-08-30,True,1063.920103541504,0.0465625,-104.94880753923816,1366.992111285413,-98.32171674999216,0.0,2.745100038850039,997,32.990411408978666,182.7902969282551,1000,282.784368232214,1253.020910732945,1000,0.0,4.953304737408983,989
seasonality,AMD,oot,,20,0.12,0.1842105263157894,228,42,0.7924528301886793,50,50,0,50,0,0.7547169811320755,0.1886792452830188,53,2025-09-02,2026-09-02,True,571.9870732514529,0.1251,-14.067106745256991,579.9101390435972,-14.933887267596525,0.0,1.74152419588525,1000,-78.38483653891252,108.10902413737465,1000,297.5321480711157,597.7002567674527,1000,0.0,1.2761337242905653,985
seasonality,AMD,wf_2022,,20,0.0816326530612244,0.1700404858299595,247,42,0.8235294117647058,49,49,0,49,0,0.7254901960784313,0.1764705882352941,51,2022-01-11,2022-12-31,True,3074.452776019401,0.0856122448979591,-163.55367292566532,3160.8292874269105,-135.015366986912,0.0,1.8019110058669685,1000,-416.69442146277055,378.4697738425826,1000,1254.0790753723752,3202.5233444179426,1000,0.0,2.6917963668209395,958
seasonality,AMD,wf_2023,,20,0.2916666666666667,0.291497975708502,247,72,1.411764705882353,48,48,0,48,0,0.7450980392156863,0.196078431372549,51,2023-01-10,2023-12-30,True,778.7242846497882,0.2689583333333333,71.30933161371522,786.6992382858539,74.53067085776358,0.256925179329933,2.088212509287914,1000,-124.51742043543489,91.67184080321604,1000,275.9735251152373,809.0440335699323,1000,0.8712894815250808,1.6914872559728085,997
seasonality,AMD,wf_2024,,20,0.18,0.2137096774193548,248,53,1.03921568627451,50,50,0,50,0,0.7254901960784313,0.1764705882352941,51,2024-01-10,2024-12-29,True,889.9412625034686,0.1551999999999999,22.761933777682646,942.6059257935526,34.96633442136951,0.2107961913862535,1.675838047349675,1000,-25.39765946218388,128.49577086998428,1000,305.1027289943727,951.1806283830482,1000,1.005731449975238,2.568841394289722,996
seasonality,AMD,wf_2025,,20,0.0,0.093167701863354,161,15,0.4411764705882353,38,38,0,38,0,0.6470588235294118,0.2352941176470588,34,2025-01-10,2025-08-30,True,1056.7227438428888,0.0067105263157894,-152.6585578816582,1224.5186211549649,-153.08688647866128,0.0,0.0,994,-42.27886947709824,51.440829876477714,1000,365.66930444017055,1229.4412588579307,1000,0.0,0.0,701
seasonality,KGS,oot,,20,0.1470588235294117,0.1666666666666666,228,38,0.7169811320754716,39,34,5,34,5,0.7924528301886793,0.1320754716981132,53,2025-09-02,2026-09-02,True,992.8240274448616,0.1677941176470588,-68.17968508658267,1220.906039176303,-72.1282924105643,0.0,2.3806652806652804,999,-179.95025653620186,134.47441992579223,999,357.06243916070247,1276.7169272685842,999,0.1935051506876288,1.1565334342663858,955
seasonality,KGS,wf_2022,,20,0.1132075471698113,0.1659919028340081,247,41,0.803921568627451,53,53,0,53,0,0.7058823529411765,0.2156862745098039,51,2022-01-11,2022-12-31,True,3164.004786139098,0.0791509433962264,-143.08493516553082,3475.1548671849455,-152.18713687341085,0.0,1.7158346861471858,1000,-296.2789041717021,212.3731301923204,1000,2053.54600534321,3656.261683631401,1000,0.0,1.9124966180571352,979
seasonality,KGS,wf_2023,,20,0.2096774193548387,0.2591093117408907,247,64,1.2549019607843137,62,62,0,62,0,0.6274509803921569,0.2549019607843137,51,2023-01-10,2023-12-30,True,732.2359232303817,0.217016129032258,64.29623682855474,749.939497036958,73.66177086197125,0.3767900866918138,1.2916253806246178,1000,-71.26724908996113,67.96492325171153,1000,359.82994403388614,736.6790995837556,1000,0.7573130143075687,1.7114494960541675,1000
seasonality,KGS,wf_2024,,20,0.1206896551724138,0.2096774193548387,248,52,1.0196078431372548,58,58,0,58,0,0.6666666666666666,0.2352941176470588,51,2024-01-10,2024-12-29,True,709.7748424451073,0.125603448275862,34.46598198972834,776.2819524007739,39.98545910025083,0.0763257575757576,1.2102508582663936,1000,-60.44187418330851,52.319872574844815,1000,283.67372270440063,812.0986469953051,1000,0.4484981924148549,1.416802328365241,996
seasonality,KGS,wf_2025,,20,0.081081081081081,0.0993788819875776,161,16,0.4705882352941176,37,37,0,37,0,0.6764705882352942,0.2352941176470588,34,2025-01-10,2025-08-30,True,914.5669627605048,0.0759459459459459,-91.49384278814529,949.190724291082,-86.61591650812012,0.0,3.4627659574468086,981,-4.501456101280653,104.80125530411756,999,476.3871633940542,961.8423300307466,999,0.998306800740562,1.8135135560667557,746
seasonality,KZT,oot,,20,0.1346153846153846,0.2105263157894736,228,48,0.9056603773584906,52,52,0,52,0,0.6981132075471698,0.1698113207547169,53,2025-09-02,2026-09-02,True,1130.7810990343353,0.1642307692307692,-27.438264004246193,1161.8265163297408,-36.07235654576578,0.1697550817745171,1.1674740849914027,1000,-170.60469337294109,51.52166627632003,1000,389.10215215488785,1196.7430540363157,1000,0.4261338484514785,1.0661362218851944,1000
seasonality,KZT,wf_2022,,20,0.1509433962264151,0.145748987854251,247,36,0.7058823529411765,53,53,0,53,0,0.7254901960784313,0.196078431372549,51,2022-01-11,2022-12-31,True,3122.4459799176,0.1321698113207547,-143.20987901340916,3364.2312109434056,-137.1401254028804,0.0,1.9815497239951696,1000,-452.852201686006,205.74636738557095,1000,1784.416244099385,3787.748746306354,1000,0.7514739983605268,1.575420235634889,962
seasonality,KZT,wf_2023,,20,0.1694915254237288,0.2226720647773279,247,55,1.0784313725490196,59,59,0,59,0,0.6862745098039216,0.2352941176470588,51,2023-01-10,2023-12-30,True,600.1197456912757,0.2002542372881355,131.76542398664904,596.924129654259,125.637697920692,0.0,1.9056610741971205,1000,-52.81740389163285,121.37565001636636,1000,491.95200468246986,653.7904511543569,1000,0.0,1.038423703217531,997
seasonality,KZT,wf_2024,,20,0.0535714285714285,0.1532258064516129,248,38,0.7450980392156863,56,56,0,56,0,0.6862745098039216,0.2156862745098039,51,2024-01-10,2024-12-29,True,890.9082716854404,0.0642857142857143,-68.53774849168117,991.1188215579656,-66.69951278889472,0.0,0.8895790824127765,1000,-69.48969651233222,50.60180856136707,1000,455.1464773408518,1025.8897344514703,1000,0.0,1.0562735477656542,961
seasonality,KZT,wf_2025,,20,0.0,0.0496894409937888,161,8,0.2352941176470588,40,40,0,40,0,0.6176470588235294,0.2352941176470588,34,2025-01-10,2025-08-30,True,988.6172290698464,0.031375,-124.3381753021757,1023.3166173760244,-129.8858081254817,0.0,0.0,951,-36.01311836968958,73.4269415562426,1000,452.8236577257916,1041.777647152471,1000,0.0,0.0,846
seasonality,TJS,oot,,20,0.3260869565217391,0.1666666666666666,228,38,0.7169811320754716,47,46,1,46,1,0.6981132075471698,0.1509433962264151,53,2025-09-02,2026-09-02,True,981.369650497629,0.3448913043478261,50.68899560302591,1055.5803980992985,44.91419027051953,0.7871722027972028,3.039043209876543,1000,-151.58932099303644,72.82320683852909,1000,491.56828052644227,1129.1458964841383,1000,0.4832067183797044,1.5968965969832207,1000
seasonality,TJS,wf_2022,,20,0.0416666666666666,0.1902834008097166,247,47,0.9215686274509804,48,48,0,48,0,0.7647058823529411,0.196078431372549,51,2022-01-11,2022-12-31,True,5604.127859029828,0.0327083333333333,-469.2499617929355,5926.869878626678,-490.06422728434063,0.0,0.6641247949699288,1000,-932.7998740787846,93.04895362297012,1000,1788.7004620695106,6518.1253872321495,1000,0.0,2.746775705005749,733
seasonality,TJS,wf_2023,,20,0.1666666666666666,0.2307692307692307,247,57,1.1176470588235294,48,48,0,48,0,0.7450980392156863,0.1764705882352941,51,2023-01-10,2023-12-30,True,753.2068199305369,0.1751041666666666,80.11464173563859,767.30527410838,83.91224302789169,0.0,1.327293458705796,1000,-65.88904634256703,123.15480400744684,1000,409.3800358102976,760.202210508909,1000,0.6989924805047025,1.350695016297777,976
seasonality,TJS,wf_2024,,20,0.2549019607843137,0.1854838709677419,248,46,0.9019607843137256,51,51,0,51,0,0.7058823529411765,0.2156862745098039,51,2024-01-10,2024-12-29,True,683.4416064610544,0.2491176470588235,89.25470223248028,755.200989342251,97.3164405975121,0.6594223922854819,2.420417123422436,1000,33.94243313588972,116.05190038804552,1000,228.37005179904648,764.3914649765837,1000,0.8217242464765697,1.8037459038461952,999
seasonality,TJS,wf_2025,,20,0.0909090909090909,0.1801242236024844,161,29,0.8529411764705882,33,33,0,33,0,0.7058823529411765,0.1764705882352941,34,2025-01-10,2025-08-30,True,964.0068389821988,0.1395454545454545,-27.467518036819424,995.0048610412688,-35.09042852100866,0.0,1.156860632183908,1000,-57.398292188064794,133.93870316617097,1000,317.0734778644247,1008.2134835227464,1000,0.0,1.164522197848994,972
seasonality,UZS,oot,,20,0.1904761904761904,0.2105263157894736,228,48,0.9056603773584906,48,42,6,42,6,0.7547169811320755,0.1698113207547169,53,2025-09-02,2026-09-02,True,1002.6078090038402,0.1945238095238095,-27.90701290476745,1165.8924224526493,-31.59669985836129,0.2265555555555555,1.7688634240033216,1000,-172.1700045223607,127.83927209843104,1000,638.5848757435764,1274.934741501812,1000,0.7298031721212295,1.254172525546102,987
seasonality,UZS,wf_2022,,20,0.1153846153846153,0.1538461538461538,247,38,0.7450980392156863,52,52,0,52,0,0.7058823529411765,0.2156862745098039,51,2022-01-11,2022-12-31,True,4892.4324186895,0.1003846153846154,-308.1994125534639,5463.400663280436,-317.270541488749,0.1451064107585847,1.6689189189189189,1000,-731.9448325845132,136.4648107763758,1000,1972.224080027358,6003.588636591342,1000,0.3679123834742818,2.769506948731073,990
seasonality,UZS,wf_2023,,20,0.1851851851851851,0.2226720647773279,247,55,1.0784313725490196,54,54,0,54,0,0.7058823529411765,0.196078431372549,51,2023-01-10,2023-12-30,True,779.0633442503884,0.1805555555555555,86.66314836571551,811.5284171232041,89.64801397673715,0.1941747689641894,2.0612907256850344,1000,-75.27296431371173,96.642864409813,1000,454.106719841616,790.4070513304263,1000,0.7897825897130804,1.8954014407921915,998
seasonality,UZS,wf_2024,,20,0.074074074074074,0.1814516129032258,248,45,0.8823529411764706,54,54,0,54,0,0.6862745098039216,0.2156862745098039,51,2024-01-10,2024-12-29,True,797.0492247502525,0.1074074074074074,-18.77965568571011,810.9163446848153,-23.519209110039977,0.0,1.0128660219277523,1000,-94.69792111424891,25.122146702825148,1000,395.91329644691314,864.8941617298922,1000,0.0,1.0399195676297397,993
seasonality,UZS,wf_2025,,20,0.0967741935483871,0.0745341614906832,161,12,0.3529411764705882,31,31,0,31,0,0.7352941176470589,0.1764705882352941,34,2025-01-10,2025-08-30,True,1004.1687907647544,0.0838709677419354,-47.838431059651285,1038.8785397003064,-40.300940139654806,0.0,5.047479838709681,997,-22.481802756855693,152.5494946515722,1000,387.9030078697609,1050.8687759952284,1000,0.9235319516614724,2.3393257941979813,920
catboost_ab,AMD,wf_oos,5.0,20,0.1970802919708029,0.2134146341463414,656,140,1.0144927536231885,137,137,0,137,0,0.7028985507246377,0.1956521739130435,138,2023-01-10,2025-08-30,False,,0.1893065693430657,24.560924053095867,787.4966817565645,34.91485005627216,0.4828172141335078,1.38315752923195,1000,-22.177372993589092,92.2756018205112,1000,651.4229401254361,799.2861920069532,1000,0.9331992382080312,1.5115332144041729,1000
catboost_ab,KGS,wf_oos,5.0,20,0.1835443037974683,0.2012195121951219,656,132,0.9565217391304348,158,158,0,158,0,0.6231884057971014,0.2246376811594203,138,2023-01-10,2025-08-30,False,,0.1767405063291139,53.240651682560696,763.9120088605601,71.59658462326101,0.5954198837836363,1.304568634102216,1000,-22.49254362023472,79.0649923331539,1000,576.3286663459263,799.4149958159911,1000,0.8940172895415144,1.6703160014184717,1000
catboost_ab,KZT,wf_oos,5.0,20,0.1631205673758865,0.1539634146341463,656,101,0.7318840579710145,141,141,0,141,0,0.6666666666666666,0.1956521739130435,138,2023-01-10,2025-08-30,False,,0.1570921985815603,81.89751023098333,658.2044696400534,94.22796688776523,0.541220714664059,1.7513404257485807,1000,-2.8508559482873643,101.01620098258763,1000,483.28770957367885,652.8225000150189,1000,0.8703770864652804,3.71118135652532,1000
catboost_ab,TJS,wf_oos,5.0,20,0.2032520325203252,0.2012195121951219,656,132,0.9565217391304348,123,123,0,123,0,0.7028985507246377,0.181159420289855,138,2023-01-10,2025-08-30,False,,0.186869918699187,64.07275902303587,773.7398855005731,78.16564375829601,0.672677966101695,1.458032634032634,1000,8.422694018229869,119.74375594391589,1000,602.5157190127605,764.0273121589515,1000,0.996785338189291,1.6763031671736388,1000
catboost_ab,UZS,wf_oos,5.0,20,0.1438356164383561,0.1707317073170731,656,112,0.8115942028985508,146,146,0,146,0,0.6739130434782609,0.2101449275362318,138,2023-01-10,2025-08-30,False,,0.1476712328767123,38.534482722768665,827.0458128400267,46.829472694634426,0.4317547080051705,1.4329882379520196,1000,-22.216643967118188,89.08783353991876,1000,676.3314693031298,831.4436030951614,1000,0.8660963420517833,1.5924574100548776,1000
catboost_abcd,AMD,wf_oos,5.0,20,0.1066666666666666,0.2134146341463414,656,140,1.0144927536231885,75,75,0,75,0,0.7681159420289855,0.0869565217391304,138,2023-01-10,2025-08-30,True,867.8242774645165,0.1133333333333333,-15.631025107203904,872.7617678710274,-24.11189510916256,0.1311407384131971,0.8436905484719692,1000,-74.92322166569211,99.17809063746417,1000,609.9417478948027,931.6601688238056,1000,0.4304354564731035,1.2040465065103694,1000
catboost_abcd,KGS,wf_oos,5.0,20,0.1392405063291139,0.2012195121951219,656,132,0.9565217391304348,79,79,0,79,0,0.7463768115942029,0.0942028985507246,138,2023-01-10,2025-08-30,True,853.1632712709646,0.1606962025316455,14.064136360355748,885.0006102510972,9.45875284496878,0.2022106271027134,1.0744877952359753,1000,-71.12630398689906,104.98641443432908,1000,501.8621658140166,955.5165271609144,1000,0.51352245660431,1.1245046049783514,1000
catboost_abcd,KZT,wf_oos,5.0,20,0.072463768115942,0.1539634146341463,656,101,0.7318840579710145,69,69,0,69,0,0.7391304347826086,0.0579710144927536,138,2023-01-10,2025-08-30,True,979.2545356333356,0.0758695652173913,-18.042913867362408,1005.6731298104888,-26.75263251922473,0.0,1.038514785380457,1000,-105.06331080523368,76.79122068432508,1000,638.2873739471742,1041.777647152471,1000,0.0,1.7760214046262237,1000
catboost_abcd,TJS,wf_oos,5.0,20,0.2033898305084746,0.2012195121951219,656,132,0.9565217391304348,59,59,0,59,0,0.7971014492753623,0.072463768115942,138,2023-01-10,2025-08-30,True,893.2071911212512,0.195,46.322866067130526,963.9864784829084,50.52225741618901,0.449695474028614,1.4484899980689054,1000,-38.033191808934454,169.6113377234634,1000,470.66165887009737,1008.2134835227464,1000,0.634330961988422,1.521970469731233,1000
catboost_abcd,UZS,wf_oos,5.0,20,0.1066666666666666,0.1707317073170731,656,112,0.8115942028985508,75,75,0,75,0,0.7753623188405797,0.0869565217391304,138,2023-01-10,2025-08-30,True,935.4393974309104,0.1240666666666666,5.393957512643145,966.8894870674944,1.689238742618499,0.1028747437977174,1.1696516619928496,1000,-60.10949267716719,115.12011753603002,1000,549.1127390763836,1050.8687759952284,1000,0.277890092298588,1.2413893352133527,1000
level,AMD,wf_oos,,20,0.1134751773049645,0.2134146341463414,656,140,1.0144927536231885,141,141,0,141,0,0.7246376811594203,0.217391304347826,138,2023-01-10,2025-08-30,False,,0.0912765957446808,-33.05775849784484,1097.4885249953318,-15.994121395055176,0.241962613673343,0.987963945734784,1000,77.38981605775017,170.54939366727675,1000,501.15130234258777,1202.2314089056144,1000,1.066504137305063,3.204855795822487,1000
level,KGS,wf_oos,,20,0.1259259259259259,0.2012195121951219,656,132,0.9565217391304348,135,135,0,135,0,0.7391304347826086,0.2028985507246377,138,2023-01-10,2025-08-30,False,,0.1192962962962963,-48.94774647081648,1201.819918821562,-35.541264764352874,0.2851462270039288,1.2236035696329812,1000,67.04749948750793,165.01498331135585,1000,534.8710558107713,1295.4356174328398,1000,0.8989859107703426,2.582859124103328,1000
level,KZT,wf_oos,,20,0.0552486187845303,0.1539634146341463,656,101,0.7318840579710145,181,181,0,181,0,0.6666666666666666,0.2681159420289855,138,2023-01-10,2025-08-30,False,,0.0435082872928176,-120.78065644107626,1075.0366252747408,-106.79094319891726,0.1064969022578451,0.702961827582096,1000,39.42578936246703,109.53865855038627,1000,878.4901310271205,1133.5960089053722,1000,1.0691271554673138,2.262082143060053,999
level,TJS,wf_oos,,20,0.1647058823529411,0.2012195121951219,656,132,0.9565217391304348,85,85,0,85,0,0.8260869565217391,0.1231884057971014,138,2023-01-10,2025-08-30,True,1241.2975390762383,0.1352941176470588,7.935326615636775,1295.4258324463212,36.014786057270136,0.3592031842314683,1.462703530158493,1000,136.4234999192344,224.16910557229437,1000,326.9131675191972,1307.7318891710747,1000,1.0667035795440891,4.645312772399887,999
level,UZS,wf_oos,,20,0.1025641025641025,0.1707317073170731,656,112,0.8115942028985508,156,156,0,156,0,0.6956521739130435,0.2536231884057971,138,2023-01-10,2025-08-30,False,,0.0921794871794872,-48.37718162986912,1109.7701885458766,-33.30419262572938,0.2877694159247557,1.096827393942721,1000,85.46456495006178,157.97799759464047,1000,726.2091403155033,1192.43860054598,1000,1.0957822371580883,1.9192162601764056,1000
logreg_a,AMD,wf_oos,5.0,20,0.1041666666666666,0.2134146341463414,656,140,1.0144927536231885,96,96,0,96,0,0.6811594202898551,0.1014492753623188,138,2023-01-10,2025-08-30,True,1037.4200103811413,0.1138020833333333,-3.1347311837523453,1092.837094253533,4.085552463769237,0.1611593637070064,0.8702595619039865,1000,26.016735514016716,129.3282316575674,1000,786.6426046712983,1141.450659548966,1000,0.6736373497350976,1.972629624457344,1000
logreg_a,KGS,wf_oos,5.0,20,0.1384615384615384,0.2012195121951219,656,132,0.9565217391304348,65,65,0,65,0,0.7681159420289855,0.072463768115942,138,2023-01-10,2025-08-30,True,991.8186354124604,0.153076923076923,31.174199745989817,1017.3181151374482,31.46348665191276,0.2246046881709565,1.3100219082873763,1000,-23.93078565169874,84.55462474288359,1000,543.1151323853256,1308.2319689093017,1000,0.3888487940363399,1.696016297358509,1000
logreg_a,KZT,wf_oos,5.0,20,0.072463768115942,0.1539634146341463,656,101,0.7318840579710145,69,69,0,69,0,0.7463768115942029,0.072463768115942,138,2023-01-10,2025-08-30,True,1112.698773410783,0.0842028985507246,-47.93355312660614,1110.5762835399817,-50.12821423830632,0.1278622103696437,1.0897918050941309,1000,-15.027071294335457,91.4508206325384,1000,494.946204092618,1286.8932872923588,1000,0.2768406368560311,1.7323814699077529,1000
logreg_a,TJS,wf_oos,5.0,20,0.2,0.2012195121951219,656,132,0.9565217391304348,95,95,0,95,0,0.6594202898550725,0.0942028985507246,138,2023-01-10,2025-08-30,True,1162.3040635446782,0.2072631578947368,57.744494537615175,1174.6201721885657,63.68351417632295,0.5480107941168871,1.404563864202769,1000,38.43727262783386,120.78879965051378,1000,678.9165463870833,1312.9165477834524,1000,0.5518911980116726,1.9340875193691671,1000
logreg_a,UZS,wf_oos,5.0,20,0.0625,0.1707317073170731,656,112,0.8115942028985508,64,64,0,64,0,0.7463768115942029,0.072463768115942,138,2023-01-10,2025-08-30,True,1063.0994541437144,0.13,-16.56635497559085,1139.1580468148852,-24.158246792618645,0.0,0.9107668424167478,1000,-20.45799177717252,89.34240170360063,1000,697.2933503322644,1253.020910732945,1000,0.0,1.2680461110885717,1000
logreg_ab,AMD,wf_oos,5.0,20,0.175,0.2134146341463414,656,140,1.0144927536231885,40,40,0,40,0,0.8623188405797102,0.0434782608695652,138,2023-01-10,2025-08-30,True,792.2740379253224,0.184375,38.083086506303765,934.5765868294454,47.394770576383415,0.0,2.085825107735782,1000,-22.46440200865428,165.64337674846377,1000,430.34241154982146,950.4752140932384,1000,0.0,2.5460551533614004,998
logreg_ab,KGS,wf_oos,5.0,20,0.1212121212121212,0.2012195121951219,656,132,0.9565217391304348,33,33,0,33,0,0.8768115942028986,0.036231884057971,138,2023-01-10,2025-08-30,True,549.8342225141437,0.1478787878787879,83.0901897739869,742.3517661066048,87.93527452231893,0.0,1.0825529825709843,1000,-14.401274811910724,112.28125912181216,1000,258.78247275934984,835.9764433916595,1000,0.0,1.3776985747508323,998
logreg_ab,KZT,wf_oos,5.0,20,0.0333333333333333,0.1539634146341463,656,101,0.7318840579710145,30,30,0,30,0,0.8695652173913043,0.0289855072463768,138,2023-01-10,2025-08-30,True,1005.1030057259208,0.1,-48.41465046592781,1200.3073401360164,-33.594205541903435,0.0,1.0665142201585958,1000,-49.645297364068234,122.13649609547242,1000,159.48688590203375,1314.7174078118162,1000,0.0,1.8562642596184808,994
logreg_ab,TJS,wf_oos,5.0,20,0.2553191489361702,0.2012195121951219,656,132,0.9565217391304348,47,47,0,47,0,0.8333333333333334,0.0507246376811594,138,2023-01-10,2025-08-30,True,765.1493032170495,0.265531914893617,99.83200932997528,781.8625345450095,107.09268168004856,0.3796241404794037,2.0184615384615388,1000,27.480049064461763,122.66713851516975,1000,274.58843419167056,822.1247240832952,1000,0.4057035620038266,1.6565378008101794,1000
logreg_ab,UZS,wf_oos,5.0,20,0.1111111111111111,0.1707317073170731,656,112,0.8115942028985508,27,27,0,27,0,0.8768115942028986,0.0217391304347826,138,2023-01-10,2025-08-30,True,447.2577641406041,0.1516666666666666,69.19195400374646,661.0585279265756,76.55596104451833,0.0,2.1230203215282417,1000,10.360582414166704,160.25305984296358,1000,189.11210863019448,782.7762631881363,1000,0.0,2.7193511530380343,999
logreg_abc,AMD,wf_oos,5.0,20,,0.2134146341463414,656,140,1.0144927536231885,0,0,0,0,0,1.0,0.0,138,2023-01-10,2025-08-30,True,,,,,,,,0,,,0,,,0,,,0
logreg_abc,KGS,wf_oos,5.0,20,,0.2012195121951219,656,132,0.9565217391304348,0,0,0,0,0,1.0,0.0,138,2023-01-10,2025-08-30,True,,,,,,,,0,,,0,,,0,,,0
logreg_abc,KZT,wf_oos,5.0,20,,0.1539634146341463,656,101,0.7318840579710145,0,0,0,0,0,1.0,0.0,138,2023-01-10,2025-08-30,True,,,,,,,,0,,,0,,,0,,,0
logreg_abc,TJS,wf_oos,5.0,20,0.3333333333333333,0.2012195121951219,656,132,0.9565217391304348,3,3,0,3,0,0.9855072463768116,0.0,138,2023-01-10,2025-08-30,True,520.3169175410949,0.1316666666666666,52.866382588220915,790.1049314425554,29.849424292966244,0.0,2.7962962962963047,707,227.02930356170103,277.85432979468004,707,747.9969157531241,812.9538368701606,707,0.0,3.2490685926658944,85
logreg_abc,UZS,wf_oos,5.0,20,,0.1707317073170731,656,112,0.8115942028985508,0,0,0,0,0,1.0,0.0,138,2023-01-10,2025-08-30,True,,,,,,,,0,,,0,,,0,,,0
logreg_abcd,AMD,wf_oos,5.0,20,0.1955307262569832,0.2134146341463414,656,140,1.0144927536231885,179,179,0,179,0,0.5869565217391305,0.2608695652173913,138,2023-01-10,2025-08-30,False,,0.1854189944134078,40.44589962112549,887.7774449675816,56.29089379609243,0.5849783513136159,1.2989830790516512,1000,8.785861924162392,117.2157838152152,1000,752.0156058540612,943.8161509643644,1000,0.9499948683210724,1.4299620681955838,1000
logreg_abcd,KGS,wf_oos,5.0,20,0.2099447513812154,0.2012195121951219,656,132,0.9565217391304348,181,181,0,181,0,0.5362318840579711,0.2463768115942029,138,2023-01-10,2025-08-30,False,,0.202817679558011,60.91905779798745,803.5689598828399,75.71387762483332,0.774392956462271,1.415221347714442,1000,1.3574290998036986,94.0359564771105,1000,650.9096414094838,863.5836798112658,1000,0.90711471789892,1.3680079018202165,1000
logreg_abcd,KZT,wf_oos,5.0,20,0.1436781609195402,0.1539634146341463,656,101,0.7318840579710145,174,174,0,174,0,0.5652173913043478,0.2391304347826087,138,2023-01-10,2025-08-30,False,,0.140316091954023,43.139289117110785,1083.7767935804786,58.32393944379971,0.4669023082975667,1.5397630497743648,1000,23.098295504880312,115.0141561169097,1000,536.0686782982925,1196.5256723392654,1000,0.7734420927891827,2.3413597451298265,1000
logreg_abcd,TJS,wf_oos,5.0,20,0.2191011235955056,0.2012195121951219,656,132,0.9565217391304348,178,178,0,178,0,0.5579710144927537,0.2391304347826087,138,2023-01-10,2025-08-30,False,,0.2091573033707865,75.85152992584258,829.6204126995974,89.89378606972079,0.8017353222491829,1.4387718640186362,1000,41.07347637125984,128.83652401061738,1000,671.940185355107,934.6259061765568,1000,0.9401539246076972,1.410875256959481,1000
logreg_abcd,UZS,wf_oos,5.0,20,0.1459459459459459,0.1707317073170731,656,112,0.8115942028985508,185,185,0,185,0,0.572463768115942,0.2753623188405797,138,2023-01-10,2025-08-30,False,,0.1512972972972973,31.128412835924554,844.9264426415792,39.22090384852113,0.525785568728116,1.4032187915749137,1000,8.894306476236173,103.4395288125181,1000,717.4991220236917,860.0288351767833,1000,0.862965970140706,1.4200123077174382,1000
momentum,AMD,wf_oos,,20,0.2022471910112359,0.2134146341463414,656,140,1.0144927536231885,89,89,0,89,0,0.6521739130434783,0.072463768115942,138,2023-01-10,2025-08-30,True,1121.1363777013853,0.1292696629213483,-19.47462081422906,1157.226098819904,37.179615412012126,0.5500528043628576,1.3313093280653363,1000,82.02780574573235,172.8020834214167,1000,754.1961883385427,1254.493725906868,1000,0.972677161976092,5.845026359935922,1000
momentum,KGS,wf_oos,,20,0.1630434782608695,0.2012195121951219,656,132,0.9565217391304348,92,92,0,92,0,0.6594202898550725,0.0869565217391304,138,2023-01-10,2025-08-30,True,947.465071739964,0.0944021739130434,-43.69204281851859,1148.2222240945018,15.576939198514966,0.4311576832367562,1.1900253744458595,1000,55.550896888986145,150.505907979471,1000,718.8303860243956,1194.8778228966305,1000,2.0388626595777417,11.156665928005232,1000
momentum,KZT,wf_oos,,20,0.1428571428571428,0.1539634146341463,656,101,0.7318840579710145,84,84,0,84,0,0.6159420289855072,0.0434782608695652,138,2023-01-10,2025-08-30,True,951.3771996183395,0.1048809523809523,-17.81204118842083,1090.0134971836171,40.295288391946606,0.5221369334097438,1.4404845740728844,1000,68.0843557033622,143.45821254174524,1000,673.0431128531278,1046.494548800291,1000,1.8386839820475704,8.345826097438152,1000
momentum,TJS,wf_oos,,20,0.1829268292682926,0.2012195121951219,656,132,0.9565217391304348,82,82,0,82,0,0.6884057971014492,0.0652173913043478,138,2023-01-10,2025-08-30,True,952.429762414396,0.1299390243902439,-15.053309962800808,1148.7216022960397,34.639603980225914,0.5124226164797239,1.3109333500637848,1000,60.45057291297179,168.1634946636645,1000,752.6409230111298,1194.0862625423792,1000,1.476198783776224,8.568824402814693,1000
momentum,UZS,wf_oos,,20,0.1515151515151515,0.1707317073170731,656,112,0.8115942028985508,99,99,0,99,0,0.6014492753623188,0.0869565217391304,138,2023-01-10,2025-08-30,True,934.8710699755331,0.0748989898989899,-53.401739958115385,1130.303138765643,12.413217481577997,0.4646540064844835,1.357871800618815,1000,52.39161737065815,153.90480247777325,1000,789.9765776565149,1074.2924221795536,1000,2.4373417573458473,11.772669940139007,1000
random,AMD,wf_oos,,20,0.2442396313364055,0.2134146341463414,656,140,1.0144927536231885,217,217,0,217,0,0.1521739130434782,0.1739130434782608,138,2023-01-10,2025-08-30,False,,0.2269585253456221,67.11974603586735,1046.8971050583991,75.8904718316099,0.9427366160548338,1.3678157348847837,1000,-2.102206970632491,58.16042727443624,1000,834.7870198788655,1123.189972851455,1000,0.9010412901805384,2.090983143564899,1000
random,KGS,wf_oos,,20,0.2420091324200913,0.2012195121951219,656,132,0.9565217391304348,219,219,0,219,0,0.1594202898550724,0.1666666666666666,138,2023-01-10,2025-08-30,False,,0.2200913242009132,52.63398651380197,1005.3679765166002,56.348728109595086,0.9952760710553814,1.402980955294855,1000,-14.605118064212723,42.38511734777579,1000,734.680236763547,1110.57331431965,1000,0.842632161152381,2.7990440050794305,1000
random,KZT,wf_oos,,20,0.18,0.1539634146341463,656,101,0.7318840579710145,200,200,0,200,0,0.1594202898550724,0.1521739130434782,138,2023-01-10,2025-08-30,False,,0.15475,11.25213209395085,1099.7496744269613,5.075411033545634,0.833590256505394,1.412929414052372,1000,-29.343946247269105,43.79828254829329,1000,932.2007318593372,1177.9736498987115,1000,0.6924321077514708,1.7019624564254052,1000
random,TJS,wf_oos,,20,0.1711229946524064,0.2012195121951219,656,132,0.9565217391304348,187,187,0,187,0,0.2318840579710145,0.144927536231884,138,2023-01-10,2025-08-30,False,,0.1599465240641711,18.593007133683248,1300.006550764222,11.96255891864136,0.6204567422750891,1.106449015285342,1000,-46.7734836244963,33.72903716560267,1000,859.2156574760412,1434.8773024035825,1000,0.6104330364921813,1.246500740550551,1000
random,UZS,wf_oos,,20,0.1830985915492957,0.1707317073170731,656,112,0.8115942028985508,213,213,0,213,0,0.1304347826086956,0.1884057971014492,138,2023-01-10,2025-08-30,False,,0.1782159624413145,25.197760080533797,1174.0133628420326,17.29883281416419,0.8063373476911025,1.3454583127427486,1000,-38.18702120562344,19.737292685782784,1000,833.0943907159726,1258.843306751795,1000,0.7769445627557802,2.299172221540262,1000
reversal,AMD,wf_oos,,20,0.0689655172413793,0.2134146341463414,656,140,1.0144927536231885,29,29,0,29,0,0.7971014492753623,0.0,138,2023-01-10,2025-08-30,True,966.4882328682482,0.1062068965517241,-43.673326975804315,1134.1504829719586,-15.501070242445476,0.0,0.8747177090224497,1000,79.1716081784205,208.60332155911257,1000,746.307104681739,1171.7674636236031,1000,0.0,1.9746413164513303,1000
reversal,KGS,wf_oos,,20,0.1,0.2012195121951219,656,132,0.9565217391304348,30,30,0,30,0,0.7971014492753623,0.0,138,2023-01-10,2025-08-30,True,1100.0731905723708,0.1261666666666666,-57.995584587590926,1385.1266459217704,-62.29383889616528,0.0,1.1175864640860826,1000,54.03536280382931,166.14247187347024,1000,610.7816700668756,1320.693269827702,1000,0.0,2.6413007175156635,1000
reversal,KZT,wf_oos,,20,0.0909090909090909,0.1539634146341463,656,101,0.7318840579710145,33,33,0,33,0,0.782608695652174,0.0,138,2023-01-10,2025-08-30,True,1105.050499160517,0.0834848484848484,-34.989615972908894,1227.5826652225096,-25.83871928526164,0.0,1.4205920550038191,1000,54.630581721752904,185.420515120334,1000,687.4033012745384,1314.7174078118162,1000,0.0,2.498652534330138,999
reversal,TJS,wf_oos,,20,0.1428571428571428,0.2012195121951219,656,132,0.9565217391304348,28,28,0,28,0,0.8043478260869565,0.0,138,2023-01-10,2025-08-30,True,1097.1505476845405,0.1316071428571428,-29.431401900120164,1378.585706564078,-8.267404297091023,0.0,1.2654477989155408,1000,63.0516316056097,222.84363040114113,1000,731.5182189731639,1322.7483576135658,1000,0.0,2.861801536753675,1000
reversal,UZS,wf_oos,,20,0.0909090909090909,0.1707317073170731,656,112,0.8115942028985508,33,33,0,33,0,0.7753623188405797,0.0,138,2023-01-10,2025-08-30,True,1063.920103541504,0.1101515151515151,-45.115158139686834,1307.756232680841,-27.42722716633662,0.0,1.3087958602679908,1000,71.1473530613346,194.60248938444047,1000,686.2813589397865,1253.020910732945,1000,0.0,2.5509782588005865,1000
seasonality,AMD,wf_oos,,20,0.1691176470588235,0.2134146341463414,656,140,1.0144927536231885,136,136,0,136,0,0.717391304347826,0.1956521739130435,138,2023-01-10,2025-08-30,False,,0.153860294117647,-9.203005452724724,1063.487751455582,-3.6140644407941287,0.3358964556284786,1.2489269114998152,1000,-35.90915580663059,56.021961505002054,1000,802.1309063626053,1146.5964601720634,1000,1.0405232054101916,1.9073452576557215,1000
seasonality,KGS,wf_oos,,20,0.1464968152866242,0.2012195121951219,656,132,0.9565217391304348,157,157,0,157,0,0.6594202898550725,0.2391304347826087,138,2023-01-10,2025-08-30,False,,0.1504458598726114,16.39089940151395,873.6067268374899,23.448391786345994,0.3380923609937468,1.0500515590851724,1000,-28.00773240573444,48.60362051592029,1000,620.2799646335807,938.5946930873472,1000,0.7832595966396686,1.234051008526814,1000
seasonality,KZT,wf_oos,,20,0.0838709677419354,0.1539634146341463,656,101,0.7318840579710145,155,155,0,155,0,0.6739130434782609,0.2246376811594203,138,2023-01-10,2025-08-30,False,,0.1080645161290322,-7.083835877709382,989.565403696726,-9.79342492823577,0.0650136970757958,1.2130360607354471,1000,-27.35366444871362,51.864495435818846,1000,596.5222075842571,1024.5274487902857,1000,0.2311318734749113,1.0095190947758463,1000
seasonality,TJS,wf_oos,,20,0.1818181818181818,0.2012195121951219,656,132,0.9565217391304348,132,132,0,132,0,0.7246376811594203,0.1884057971014492,138,2023-01-10,2025-08-30,False,,0.1948863636363636,56.299191494679725,917.9225341415906,59.340469656201755,0.53003386252172,1.308210819924159,1000,2.6821146881582885,94.26188897020064,1000,649.8915959054702,989.857425420133,1000,0.768280975309469,1.1345348019167047,1000
seasonality,UZS,wf_oos,,20,0.1223021582733813,0.1707317073170731,656,112,0.8115942028985508,139,139,0,139,0,0.7101449275362319,0.1956521739130435,138,2023-01-10,2025-08-30,False,,0.130431654676259,15.442107131640707,963.9804571030362,16.702347614908984,0.2462209312115854,1.3024102291057953,1000,-35.42550271568565,59.63773333158739,1000,742.0500920347955,1032.7438946782172,1000,0.6581854840017143,1.17022787797094,1000
catboost_a,AMD,oot,5.0,1,0.5,0.5344129554655871,247,132,2.490566037735849,36,36,0,36,0,0.660377358490566,0.1320754716981132,53,2025-09-02,2026-09-02,True,118.55426430214865,0.5152777777777777,6.356234363269676,141.44411620712606,3.0164672812695508,0.6360132146966003,1.3664920756903847,1000,-18.93351238477977,1.2248038778102817,1000,91.03528960956342,192.7352856131548,1000,0.6282173075071457,1.2724161120570847,1000
catboost_a,AMD,wf_2022,5.0,1,0.0,0.5020242914979757,247,124,2.4313725490196076,2,2,0,2,0,0.9607843137254902,0.0,51,2022-01-11,2022-12-31,True,258.789445639227,0.1075,-180.13487774229088,292.6776494225367,-248.3908287506703,0.0,0.0,757,-269.65438663121733,-24.123639018731602,757,54.41158477339059,463.16730650506344,757,0.0,0.0,680
catboost_a,AMD,wf_2023,5.0,1,0.2857142857142857,0.5708502024291497,247,141,2.764705882352941,7,7,0,7,0,0.8627450980392157,0.0,51,2023-01-10,2023-12-30,True,23.863947167757527,0.3957142857142857,3.3149331712253196,183.25814088981585,56.08946460302696,0.0,1.6689189189189189,989,-28.470909031699136,17.81656940955001,989,0.0,65.76435726362018,989,0.0,5.671711737428947,980
catboost_a,AMD,wf_2024,5.0,1,0.532258064516129,0.5604838709677419,248,139,2.7254901960784315,62,62,0,62,0,0.5882352941176471,0.23529411764705882,51,2024-01-10,2024-12-29,True,206.09331956294727,0.4808870967741936,-8.00902886024076,215.4677708880829,-4.180116760037598,0.7189040700231459,1.2133847503459574,1000,-3.5381993900314637,8.2926918768254,1000,84.9286734495917,354.15876193781946,1000,0.8849248720030233,1.252398660830249,1000
catboost_a,AMD,wf_2025,5.0,1,0.45454545454545453,0.453416149068323,161,73,2.1470588235294117,22,22,0,22,0,0.5882352941176471,0.058823529411764705,34,2025-01-10,2025-08-30,True,110.92324792058639,0.5147727272727272,-3.0051214651187625,180.8379173282843,-6.39494307205431,0.7641716558330484,1.2545602731782743,1000,-26.9202995441951,-6.184418218039892,1000,73.19499029538656,172.71690690458863,1000,0.611816628832175,1.6094990071388258,1000
catboost_a,KGS,oot,5.0,1,0.53125,0.47368421052631576,247,117,2.207547169811321,32,32,0,32,0,0.6792452830188679,0.07547169811320754,53,2025-09-02,2026-09-02,True,125.75216417742085,0.5221875,23.149294171791098,192.56374679491498,33.13016803060096,0.5007864357864358,1.566326096895305,1000,-27.423673960100565,0.9954782696739434,1000,66.51362139904249,259.40333068450894,1000,0.5977239267961583,1.76556532190865,1000
catboost_a,KGS,wf_2022,5.0,1,,0.4979757085020243,247,123,2.411764705882353,0,0,0,0,0,1.0,0.0,51,2022-01-11,2022-12-31,True,,,,,,,,0,,,0,,,0,,,0
catboost_a,KGS,wf_2023,5.0,1,0.5,0.5668016194331984,247,140,2.7450980392156863,6,6,0,6,0,0.8823529411764706,0.0,51,2023-01-10,2023-12-30,True,23.71590449461758,0.4358333333333333,0.6577928165588872,117.83109155495873,22.69187421824174,0.0,1.703448275862069,982,-31.29483015006715,22.6078395453988,982,0.0,70.0895051036432,982,0.43077542497232707,2.6153880650235317,971
catboost_a,KGS,wf_2024,5.0,1,0.5066666666666667,0.5645161290322581,248,140,2.7450980392156863,75,75,0,75,0,0.49019607843137253,0.2549019607843137,51,2024-01-10,2024-12-29,True,194.70526921538323,0.45966666666666667,-8.244671707171305,204.59873047469088,-5.911123157320917,0.6995370147094285,1.0264573774703085,1000,-2.176601850359126,4.989488143386334,1000,104.82963242948044,356.27700731810785,1000,0.859068408097016,1.1791659155207044,1000
catboost_a,KGS,wf_2025,5.0,1,0.3181818181818182,0.422360248447205,161,68,2.0,22,22,0,22,0,0.5294117647058824,0.029411764705882353,34,2025-01-10,2025-08-30,True,84.32287312670982,0.4420454545454545,-8.172607339198619,173.00153685341854,-10.615501644432692,0.3403506707722641,1.283947490036241,1000,-34.84016015071696,-9.361746392097107,1000,51.847196959067254,181.69888457073347,1000,0.31682929768262186,1.6412919480733223,1000
catboost_a,KZT,oot,5.0,1,0.5660377358490566,0.5748987854251012,247,142,2.6792452830188678,53,53,0,53,0,0.6037735849056604,0.1509433962264151,53,2025-09-02,2026-09-02,True,201.27893319463564,0.5230188679245283,10.040940343578827,243.0508932477396,18.09336711472486,0.8622356074347047,1.1908784530761456,1000,-14.172955914690538,-2.043187146237773,1000,157.87913530996735,259.37838729440665,1000,0.9539407588817986,1.4226161530428172,1000
catboost_a,KZT,wf_2022,5.0,1,,0.46963562753036436,247,116,2.2745098039215685,0,0,0,0,0,1.0,0.0,51,2022-01-11,2022-12-31,True,,,,,,,,0,,,0,,,0,,,0
catboost_a,KZT,wf_2023,5.0,1,0.6666666666666666,0.5587044534412956,247,138,2.7058823529411766,9,9,0,9,0,0.8431372549019608,0.0,51,2023-01-10,2023-12-30,True,41.09780259978457,0.525,20.884389765524638,122.92252341982923,56.1077129492281,0.6891548993918221,1.6920305927084454,1000,-44.729422678655446,9.778362845468939,1000,0.0,98.05357124180291,1000,0.7962886590055841,3.0373284329572976,999
catboost_a,KZT,wf_2024,5.0,1,0.4461538461538462,0.5040322580645161,248,125,2.450980392156863,65,65,0,65,0,0.5490196078431373,0.23529411764705882,51,2024-01-10,2024-12-29,True,206.0326083955726,0.41892307692307695,-7.716913170239621,258.5613091221409,-0.12928156418794287,0.6653726423731917,1.1274014113740138,1000,0.19820946907400439,12.525561020240545,1000,78.69008935341037,419.7339328024641,1000,0.8045331137249246,1.8293478129337615,1000
catboost_a,KZT,wf_2025,5.0,1,0.38461538461538464,0.43478260869565216,161,70,2.0588235294117645,26,26,0,26,0,0.5294117647058824,0.08823529411764706,34,2025-01-10,2025-08-30,True,112.38336504991864,0.4842307692307692,-13.560051583883801,209.41027514682057,-12.503229559116365,0.515990296803653,1.2915225200925664,1000,-45.697413498862375,-14.27885783875122,1000,91.32482043200385,162.1233129380628,1000,0.5577169251817581,1.9959366217298038,1000
catboost_a,TJS,oot,5.0,1,0.6956521739130435,0.5060728744939271,247,125,2.358490566037736,47,46,1,46,1,0.5471698113207547,0.11320754716981132,53,2025-09-02,2026-09-02,True,151.8310579782889,0.6602173913043479,34.35650195093371,135.0819785407932,33.132819837888526,1.0326072843679344,1.6807058794998957,1000,-22.103348681176566,-2.0451928864232554,1000,79.5128511837917,375.2192912694685,1000,0.3088208203355589,1.3638714694412328,1000
catboost_a,TJS,wf_2022,5.0,1,,0.5303643724696356,247,131,2.5686274509803924,0,0,0,0,0,1.0,0.0,51,2022-01-11,2022-12-31,True,,,,,,,,0,,,0,,,0,,,0
catboost_a,TJS,wf_2023,5.0,1,0.3333333333333333,0.5708502024291497,247,141,2.764705882352941,6,6,0,6,0,0.8823529411764706,0.0,51,2023-01-10,2023-12-30,True,25.52523553432051,0.40583333333333327,-1.2581090029212154,111.42083002077868,21.2226091065972,0.0,1.6530212527964199,978,-31.182895708730673,24.68577352133794,978,0.0,70.52955954605756,978,0.0,2.3663991317513733,967
catboost_a,TJS,wf_2024,5.0,1,0.5454545454545454,0.5483870967741935,248,136,2.6666666666666665,66,66,0,66,0,0.5686274509803921,0.2549019607843137,51,2024-01-10,2024-12-29,True,188.52847805016458,0.4936363636363636,-6.542363637445083,228.23750883580382,-3.571727442696019,0.7680768953636242,1.1630742755742756,1000,-8.189022506662237,5.966000371919767,1000,92.4099721036938,394.8988344240822,1000,0.8833781383316256,1.6294728822479203,1000
catboost_a,TJS,wf_2025,5.0,1,0.5555555555555556,0.5217391304347826,161,84,2.4705882352941178,27,27,0,27,0,0.5588235294117647,0.08823529411764706,34,2025-01-10,2025-08-30,True,102.37597031977018,0.5557407407407408,-1.17276617997072,180.84785570140983,5.829054374901982,0.6976059369127245,1.2338167920770542,1000,-29.34016425087359,-3.2373820495706673,1000,53.55899168743239,181.76560759842087,1000,0.7244085499672069,1.5636378631432863,1000
catboost_a,UZS,oot,5.0,1,0.5384615384615384,0.5506072874493927,247,136,2.5660377358490565,39,39,0,39,0,0.6415094339622641,0.09433962264150944,53,2025-09-02,2026-09-02,True,161.74784994106074,0.5466666666666666,17.205263127568614,213.90111670978425,13.555915256526491,0.5966199648386897,1.2352971897420386,1000,-24.151094984908116,-5.671191451779367,1000,92.67959911549273,259.1600973263497,1000,0.683690382926324,1.4522516078318353,1000
catboost_a,UZS,wf_2022,5.0,1,,0.4817813765182186,247,119,2.3333333333333335,0,0,0,0,0,1.0,0.0,51,2022-01-11,2022-12-31,True,,,,,,,,0,,,0,,,0,,,0
catboost_a,UZS,wf_2023,5.0,1,0.2857142857142857,0.562753036437247,247,139,2.7254901960784315,7,7,0,7,0,0.8627450980392157,0.0,51,2023-01-10,2023-12-30,True,37.38671923745862,0.4242857142857142,-2.842930906051871,125.17287960189873,15.715702981582268,0.0,1.310177923602218,994,-33.74469229608511,21.477670584478783,994,14.383215122446558,79.12334332897953,994,0.0,2.4029716754701007,987
catboost_a,UZS,wf_2024,5.0,1,0.4444444444444444,0.5403225806451613,248,134,2.627450980392157,63,63,0,63,0,0.6078431372549019,0.2549019607843137,51,2024-01-10,2024-12-29,True,232.9404979665548,0.4542857142857143,-14.23726054296851,257.1603019070356,-20.887404204791086,0.5411516379601486,1.0130995146150064,1000,-8.301329263540408,2.077257934330376,1000,100.77454187047404,418.0450001678526,1000,0.7274705194034541,1.233819784712344,1000
catboost_a,UZS,wf_2025,5.0,1,0.36363636363636365,0.4472049689440994,161,72,2.1176470588235294,22,22,0,22,0,0.5294117647058824,0.029411764705882353,34,2025-01-10,2025-08-30,True,97.71196823756645,0.42340909090909096,-14.022909503042174,170.98973254170988,-7.209766967648019,0.5409013487208009,1.3861095873069458,1000,-32.9328286662399,-7.674454610576569,1000,80.02395490394277,168.94764350364744,1000,0.5774200261993775,2.144625685268894,1000
catboost_abc,AMD,oot,5.0,1,0.6,0.5344129554655871,247,132,2.490566037735849,20,20,0,20,0,0.8113207547169812,0.05660377358490566,53,2025-09-02,2026-09-02,True,89.59418141889097,0.573,10.033502144106034,117.03133919821374,6.312815914547798,0.7004015937262839,1.6194407862647549,1000,-30.597548937129588,-5.544376472571359,1000,75.06114709168955,126.36853859142593,1000,0.6550562469634869,1.2120620666051312,1000
catboost_abc,AMD,wf_2022,5.0,1,0.5,0.5020242914979757,247,124,2.4313725490196076,6,6,0,6,0,0.9215686274509803,0.0,51,2022-01-11,2022-12-31,True,44.59171610193691,0.29833333333333334,-28.737026373284053,216.56595989101166,43.34658342878199,0.23134650511243354,2.2870370370370368,947,-1.0925469466571691,62.578062449960555,947,0.0,126.85703260659986,947,1.73302741722557,8.872181486894707,910
catboost_abc,AMD,wf_2023,5.0,1,0.5,0.5708502024291497,247,141,2.764705882352941,16,16,0,16,0,0.8627450980392157,0.058823529411764705,51,2023-01-10,2023-12-30,True,87.0949658341078,0.4709375,-12.946301805151354,174.77478388223915,-7.487005833180031,0.48589777370450987,1.6049444020032257,997,-4.626132299166973,21.66798625514943,997,0.0,154.38039220964095,997,0.8329428614992289,1.666287622739034,993
catboost_abc,AMD,wf_2024,5.0,1,,0.5604838709677419,248,139,2.7254901960784315,0,0,0,0,0,1.0,0.0,51,2024-01-10,2024-12-29,True,,,,,,,,0,,,0,,,0,,,0
catboost_abc,AMD,wf_2025,5.0,1,0.0,0.453416149068323,161,73,2.1470588235294117,1,1,0,1,0,0.9705882352941176,0.0,34,2025-01-10,2025-08-30,True,37.58537795246042,0.395,-5.041744819450995,10.35834354570322,-37.444640854578104,0.0,0.0,146,-11.246063877645707,-11.246063877645707,146,37.58537795246042,37.58537795246042,146,0.0,0.0,56
catboost_abc,KGS,oot,5.0,1,0.5833333333333334,0.47368421052631576,247,117,2.207547169811321,24,24,0,24,0,0.7547169811320755,0.07547169811320754,53,2025-09-02,2026-09-02,True,87.3383551123843,0.606875,30.12150012129613,156.3234616652623,36.441187040330604,0.467519675567928,1.7975743707093819,1000,-34.73352292212969,2.976571186870757,1000,52.121510979614705,127.95269999284153,1000,0.3630216746446684,2.507479776072445,1000
catboost_abc,KGS,wf_2022,5.0,1,0.46153846153846156,0.4979757085020243,247,123,2.411764705882353,13,13,0,13,0,0.8823529411764706,0.058823529411764705,51,2022-01-11,2022-12-31,True,199.55330638021843,0.45461538461538464,-50.58887148564568,402.806949859688,-41.16757816213065,0.41813764352104976,1.372462121212121,1000,-11.044498401709717,28.396633579977376,1000,21.434504193122983,415.72439012654394,1000,0.32572965372336166,2.0507499535253357,1000
catboost_abc,KGS,wf_2023,5.0,1,0.5714285714285714,0.5668016194331984,247,140,2.7450980392156863,28,28,0,28,0,0.7450980392156863,0.0784313725490196,51,2023-01-10,2023-12-30,True,76.41203952889298,0.5469642857142856,12.346986856515159,141.8877700027825,20.855559966133637,0.7016903120966255,1.4294144469108396,999,3.2338433016711594,24.63750395278695,999,15.98182352150923,158.98376629780665,999,0.9205982443827012,2.3061813881871043,997
catboost_abc,KGS,wf_2024,5.0,1,1.0,0.5645161290322581,248,140,2.7450980392156863,1,1,0,1,0,0.9803921568627451,0.0,51,2024-01-10,2024-12-29,True,0.0,0.655,65.42998042763739,21.73940707629296,66.12046677381133,1.5696202531645569,2.016260162601626,609,23.58325763398783,23.58325763398783,609,0.0,0.0,609,1.7142994337489643,1.7142994337489643,490
catboost_abc,KGS,wf_2025,5.0,1,0.25,0.422360248447205,161,68,2.0,4,4,0,4,0,0.9705882352941176,0.029411764705882353,34,2025-01-10,2025-08-30,True,11.789356886403034,0.4,-6.838304831370271,18.956366558742413,-8.742753689893188,0.0,0.6609357923497268,237,-5.176123559917922,-0.5481697537274011,237,17.18214922219241,19.442298695504512,237,0.0,0.6203012405793145,87
catboost_abc,KZT,oot,5.0,1,0.42105263157894735,0.5748987854251012,247,142,2.6792452830188678,19,19,0,19,0,0.8113207547169812,0.03773584905660377,53,2025-09-02,2026-09-02,True,111.68948942656388,0.49184210526315786,4.037073772464209,186.01768914250798,-7.67203325790786,0.44984439265885584,1.0360357415277321,1000,-36.7889560905965,-7.609393053862673,1000,87.0643501994528,139.56725451448992,1000,0.5668081386431172,1.6178367934320061,1000
catboost_abc,KZT,wf_2022,5.0,1,0.5,0.46963562753036436,247,116,2.2745098039215685,8,8,0,8,0,0.9019607843137255,0.0196078431372549,51,2022-01-11,2022-12-31,True,101.6404022714017,0.405625,-72.68277203684276,378.3063908186642,-21.42629395979367,0.40876693662707003,2.3523809523809525,974,4.3249114620541675,44.20285372592758,974,0.0,284.5139977006039,974,1.1722080413943292,7.860073581455362,965
catboost_abc,KZT,wf_2023,5.0,1,0.6363636363636364,0.5587044534412956,247,138,2.7058823529411766,11,11,0,11,0,0.9019607843137255,0.0392156862745098,51,2023-01-10,2023-12-30,True,36.666180010112015,0.6395454545454546,30.622843285948615,106.51230659100487,31.283573706260313,0.0,1.715277777777778,992,-18.012284755512166,56.29107555743485,992,0.0,104.64153033791223,992,0.2452412150169665,1.5207865531316331,987
catboost_abc,KZT,wf_2024,5.0,1,,0.5040322580645161,248,125,2.450980392156863,0,0,0,0,0,1.0,0.0,51,2024-01-10,2024-12-29,True,,,,,,,,0,,,0,,,0,,,0
catboost_abc,KZT,wf_2025,5.0,1,,0.43478260869565216,161,70,2.0588235294117645,0,0,0,0,0,1.0,0.0,34,2025-01-10,2025-08-30,True,,,,,,,,0,,,0,,,0,,,0
catboost_abc,TJS,oot,5.0,1,0.6585365853658537,0.5060728744939271,247,125,2.358490566037736,42,41,1,41,1,0.6037735849056604,0.11320754716981132,53,2025-09-02,2026-09-02,True,160.117571485852,0.6128048780487805,20.181940623394873,141.43359427263542,16.749703677004195,1.0210903837892327,1.5862172761353075,1000,-22.88805042077602,-6.97072851589387,1000,97.37596325502085,375.2192912694685,1000,0.3196534744581551,1.2723720172486417,1000
catboost_abc,TJS,wf_2022,5.0,1,0.4,0.5303643724696356,247,131,2.5686274509803924,10,10,0,10,0,0.8627450980392157,0.0196078431372549,51,2022-01-11,2022-12-31,True,274.44372316479985,0.3605,-90.93357004457634,749.5294641192542,-95.86572625932743,0.33329973118279566,1.6065040650406506,1000,-32.90608384667893,52.87363534737944,1000,13.866267552933298,740.8980299595358,1000,0.37714112621346113,9.613249426504876,998
catboost_abc,TJS,wf_2023,5.0,1,0.5,0.5708502024291497,247,141,2.764705882352941,12,12,0,12,0,0.8627450980392157,0.0196078431372549,51,2023-01-10,2023-12-30,True,67.84481472498483,0.45666666666666667,2.900135242044706,139.20419767389686,-8.74046418696326,0.0,1.6143790849673203,991,-8.198058938852558,1.4092896085620734,991,0.0,149.67379410573133,991,0.4473781390578849,2.105975945185655,971
catboost_abc,TJS,wf_2024,5.0,1,,0.5483870967741935,248,136,2.6666666666666665,0,0,0,0,0,1.0,0.0,51,2024-01-10,2024-12-29,True,,,,,,,,0,,,0,,,0,,,0
catboost_abc,TJS,wf_2025,5.0,1,0.6666666666666666,0.5217391304347826,161,84,2.4705882352941178,6,6,0,6,0,0.9117647058823529,0.0,34,2025-01-10,2025-08-30,True,11.977941949818938,0.6041666666666667,22.161057808907454,46.9206200641734,18.07553770576564,0.0,1.6541095890410957,891,-29.283299751370784,-0.642374867311224,891,14.996883025577556,44.89282672351713,891,0.4695260160132824,1.7754932464051636,845
catboost_abc,UZS,oot,5.0,1,0.5833333333333334,0.5506072874493927,247,136,2.5660377358490565,24,24,0,24,0,0.7924528301886793,0.07547169811320754,53,2025-09-02,2026-09-02,True,147.190781192168,0.6408333333333333,32.87397024811598,197.1469472444155,25.048985376347293,0.478547177347772,1.437575397664604,1000,-47.38016023271417,-4.885512687305303,1000,85.65808088470072,259.1600973263497,1000,0.3898267356393726,1.2175189396864228,1000
catboost_abc,UZS,wf_2022,5.0,1,0.3333333333333333,0.4817813765182186,247,119,2.3333333333333335,9,9,0,9,0,0.9019607843137255,0.0196078431372549,51,2022-01-11,2022-12-31,True,198.0763816344724,0.21555555555555558,-143.43003335016303,621.9651747094973,-75.96699620093757,0.17249594155844156,2.1666666666666665,998,-2.491071124040012,39.8456774296078,998,0.0,646.95520613822,998,0.9029908736055747,18.335734206803387,981
catboost_abc,UZS,wf_2023,5.0,1,0.5217391304347826,0.562753036437247,247,139,2.7254901960784315,23,23,0,23,0,0.803921568627451,0.0784313725490196,51,2023-01-10,2023-12-30,True,68.92084122982655,0.47108695652173915,3.9477308837729503,109.9481764759908,8.96924064424407,0.3753154937774197,1.4253442028985503,999,-11.559847704122271,5.643339628624688,999,16.251506066295995,151.29964797496731,999,0.6050013158225995,1.5883085413214975,999
catboost_abc,UZS,wf_2024,5.0,1,1.0,0.5403225806451613,248,134,2.627450980392157,1,1,0,1,0,0.9803921568627451,0.0,51,2024-01-10,2024-12-29,True,0.0,0.6,48.330731578854774,24.985630221352253,47.16262126516213,1.6337399790867897,2.084033613445378,569,17.253777358667843,17.253777358667843,569,0.0,0.0,569,1.894334613888065,1.894334613888065,487
catboost_abc,UZS,wf_2025,5.0,1,0.5,0.4472049689440994,161,72,2.1176470588235294,2,2,0,2,0,0.9705882352941176,0.0,34,2025-01-10,2025-08-30,True,25.134079138944276,0.4075,-25.921113052805055,51.69035489457994,-13.965987535112802,0.9470588235294117,2.395917471466198,249,-14.591996042900846,-5.166383587541512,249,0.0,50.26815827788855,249,1.2240891084682555,2.203302322629149,117
catboost_a,AMD,wf_oos,5.0,1,0.4945054945054945,0.538109756097561,656,353,2.5579710144927534,91,91,0,91,0,0.6956521739130435,0.10144927536231885,138,2023-01-10,2025-08-30,True,218.8275466158469,0.4813186813186814,-5.461281011229261,230.57173274176523,-0.07944763171798962,0.7454365393061045,1.1301385490436935,1000,-9.743916963396758,2.497577453037023,1000,106.35902917614001,325.1217977111505,1000,0.897760273986139,1.492823505852767,1000
catboost_a,KGS,wf_oos,5.0,1,0.46601941747572817,0.5304878048780488,656,348,2.5217391304347827,103,103,0,103,0,0.6521739130434783,0.10144927536231885,138,2023-01-10,2025-08-30,False,,0.4462135922330097,-9.548596518243176,200.8775745075257,-5.249747841428522,0.6971544986280958,1.0394280721807745,1000,-11.044038652254237,1.1358299587984608,1000,107.58312521298241,314.00676954493935,1000,0.8710937490485297,1.4398631649956215,1000
catboost_a,KZT,wf_oos,5.0,1,0.45,0.5076219512195121,656,333,2.4130434782608696,100,100,0,100,0,0.6594202898550725,0.10869565217391304,138,2023-01-10,2025-08-30,False,,0.44515,-6.764724598886573,260.6286692403412,1.7148214633381127,0.7199008439303374,1.062410776854916,1000,-14.91972826972907,3.0786861013183158,1000,106.18626165128471,318.4335507147549,1000,0.965492015367799,1.7870604301317228,1000
catboost_a,TJS,wf_oos,5.0,1,0.5353535353535354,0.5503048780487805,656,361,2.6159420289855073,99,99,0,99,0,0.6884057971014492,0.11594202898550725,138,2023-01-10,2025-08-30,True,212.9039380115536,0.49686868686868685,-6.5583484955941085,232.14049592663628,0.4948092075151462,0.7844983649306305,1.122238045421841,1000,-12.41397420773607,2.1862992535119483,1000,103.33913576982903,311.6112941550417,1000,0.957613983514208,1.6948200846432186,1000
catboost_a,UZS,wf_oos,5.0,1,0.41304347826086957,0.5259146341463414,656,345,2.5,92,92,0,92,0,0.6884057971014492,0.10144927536231885,138,2023-01-10,2025-08-30,True,235.3683169611398,0.4414130434782609,-13.870506573309434,255.89673097239134,-14.831645840424116,0.6037174412200157,0.9755436893547037,1000,-15.288296244266919,-1.153018614019715,1000,127.46698508404477,347.50548190944323,1000,0.8661041706590353,1.319409796309504,1000
catboost_abc,AMD,wf_oos,5.0,1,0.47058823529411764,0.538109756097561,656,353,2.5579710144927534,17,17,0,17,0,0.9420289855072463,0.021739130434782608,138,2023-01-10,2025-08-30,True,90.01869084638913,0.4761764705882353,-12.437324218875144,175.91558939047513,-9.249219657968153,0.5101902866595414,1.4580727550699222,996,-10.692643864594471,17.5959162105651,996,4.840919156650081,154.38039220964095,996,0.6843055826370023,1.4904401110922678,989
catboost_abc,KGS,wf_oos,5.0,1,0.5454545454545454,0.5304878048780488,656,348,2.5217391304347827,33,33,0,33,0,0.8913043478260869,0.036231884057971016,138,2023-01-10,2025-08-30,True,76.41203952889298,0.5342424242424242,11.69002849847107,143.22175406603145,18.63954942624183,0.5223538871300065,1.5145743145743145,999,1.9370536834997745,20.003439055599326,999,27.485330918382754,158.98376629780665,999,0.7056100468222942,2.21931883320737,999
catboost_abc,KZT,wf_oos,5.0,1,0.6363636363636364,0.5076219512195121,656,333,2.4130434782608696,11,11,0,11,0,0.9637681159420289,0.014492753623188406,138,2023-01-10,2025-08-30,True,36.666180010112015,0.630909090909091,29.426286718499032,107.30258742811051,31.283573706260313,0.39353619163136294,1.7413632729979864,997,-12.039082975170333,43.52300344483121,997,6.097932800781525,104.64153033791223,997,0.5459763274797249,1.619819608968076,994
catboost_abc,TJS,wf_oos,5.0,1,0.5555555555555556,0.5503048780487805,656,361,2.6159420289855073,18,18,0,18,0,0.927536231884058,0.007246376811594203,138,2023-01-10,2025-08-30,True,78.21262894544611,0.5005555555555555,8.264222608416237,137.29596440968677,0.19820311061303958,0.38135662288069844,1.4419025619025618,999,-20.5499206245819,0.3331082066797653,999,44.89282672351713,149.67379410573133,999,0.3889724633102077,1.706359770496575,999
catboost_abc,UZS,wf_oos,5.0,1,0.5384615384615384,0.5259146341463414,656,345,2.5,26,26,0,26,0,0.9130434782608695,0.028985507246376812,138,2023-01-10,2025-08-30,True,75.72417167214508,0.48038461538461535,4.138042793776763,110.11819493286697,8.6739685004827,0.38475073313783,1.5074339160727594,1000,-11.422750236100114,4.938560619311815,1000,20.88301070809706,151.29964797496731,1000,0.5530016649580425,1.5005778520399804,1000
catboost_a,AMD,oot,5.0,3,0.3055555555555556,0.37551020408163266,245,92,1.7358490566037736,36,36,0,36,0,0.660377358490566,0.1320754716981132,53,2025-09-02,2026-09-02,True,248.79393319094635,0.3968055555555556,5.9970141559057275,248.82179299940435,-7.853302540211448,0.44453528399311526,1.3150705687007056,1000,-33.60700235146554,8.384501303019725,1000,207.88865317003638,296.7299047540095,1000,0.39733248962763523,0.9074811539282414,1000
catboost_a,AMD,wf_2022,5.0,3,0.0,0.3441295546558704,247,85,1.6666666666666667,2,2,0,2,0,0.9607843137254902,0.0,51,2022-01-11,2022-12-31,True,731.3119545633583,0.0,-287.19226156361606,645.9996344196162,-440.81797951148025,0.0,0.0,733,-232.6050055419049,-151.93086261183763,733,574.1455228697223,888.4783862569944,733,,,0
catboost_a,AMD,wf_2023,5.0,3,0.2857142857142857,0.4534412955465587,247,112,2.196078431372549,7,7,0,7,0,0.8627450980392157,0.0,51,2023-01-10,2023-12-30,True,145.39961182507355,0.29071428571428565,33.10466723981202,307.32005057440784,70.28229315334217,0.0,2.0932203389830506,999,-23.766586465003105,176.0636175994749,999,0.0,298.7104823417597,999,0.0,6.794055246432753,990
catboost_a,AMD,wf_2024,5.0,3,0.3387096774193548,0.40725806451612906,248,101,1.9803921568627452,62,62,0,62,0,0.5882352941176471,0.23529411764705882,51,2024-01-10,2024-12-29,True,513.1451195468366,0.2845161290322581,-12.424169431952246,500.0390259598378,-3.584898223481333,0.4350438596491228,1.2756816507000734,1000,-7.994786291557077,42.07602945322929,1000,109.04577164009055,781.599033112146,1000,0.13556374715001246,1.642612252298228,1000
catboost_a,AMD,wf_2025,5.0,3,0.3181818181818182,0.2608695652173913,161,42,1.2352941176470589,22,22,0,22,0,0.5882352941176471,0.058823529411764705,34,2025-01-10,2025-08-30,True,257.2022326739117,0.34227272727272734,-7.5249860550242555,306.0113650577462,-27.288809039893774,0.7790008960573476,1.8767134232954543,1000,-29.181018184054807,15.011651254222306,1000,189.06615264733693,333.0131867031416,1000,0.4420107230694928,1.2679288792640215,1000
catboost_a,KGS,oot,5.0,3,0.41935483870967744,0.3551020408163265,245,87,1.6415094339622642,32,31,1,31,1,0.6792452830188679,0.07547169811320754,53,2025-09-02,2026-09-02,True,312.27892625520906,0.43370967741935473,30.87594157030946,442.69163599623613,35.50279276089354,0.3176130883370193,1.8405650896722323,1000,-42.55373438981534,15.451523395903497,1000,198.16988258662738,479.00912393187724,1000,0.4590681520290575,1.312447255493489,1000
catboost_a,KGS,wf_2022,5.0,3,,0.340080971659919,247,84,1.6470588235294117,0,0,0,0,0,1.0,0.0,51,2022-01-11,2022-12-31,True,,,,,,,,0,,,0,,,0,,,0
catboost_a,KGS,wf_2023,5.0,3,0.3333333333333333,0.4493927125506073,247,111,2.176470588235294,6,6,0,6,0,0.8823529411764706,0.0,51,2023-01-10,2023-12-30,True,135.85934399013678,0.26666666666666666,6.81194620975863,222.92584911574156,10.50903773312813,0.0,2.111111111111111,968,-31.208588932363778,103.47666206066863,968,0.0,289.02311186542073,968,0.0,2.763492481567661,954
catboost_a,KGS,wf_2024,5.0,3,0.36,0.41935483870967744,248,104,2.0392156862745097,75,75,0,75,0,0.49019607843137253,0.2549019607843137,51,2024-01-10,2024-12-29,True,418.52892451171056,0.306,-16.111836032429515,497.4687757871214,-5.146348029208716,0.5523163970532391,1.0509112226427513,1000,-3.4078823955588184,21.99384120911569,1000,150.58179802988525,642.2607173227358,1000,0.9417571993042898,3.226474008972965,1000
catboost_a,KGS,wf_2025,5.0,3,0.13636363636363635,0.22981366459627328,161,37,1.088235294117647,22,22,0,22,0,0.5294117647058824,0.029411764705882353,34,2025-01-10,2025-08-30,True,297.9183220087717,0.2511363636363636,-17.67489456258977,318.2389897747734,-38.93150486405125,0.0,0.9917510775862066,1000,-31.144651141694776,-0.7180249946178675,1000,174.11377706488818,348.0114353830177,1000,0.0,0.6235776385689035,1000
catboost_a,KZT,oot,5.0,3,0.3584905660377358,0.3836734693877551,245,94,1.7735849056603774,53,53,0,53,0,0.6037735849056604,0.1509433962264151,53,2025-09-02,2026-09-02,True,349.043730071418,0.3279245283018868,17.819128717540313,408.7499967428281,27.83657210699535,0.6258098080935538,1.389909327190029,1000,-31.062361871635346,7.463803933425825,1000,216.910818824618,475.41598899036643,1000,0.909567927157885,1.6906842954115713,1000
catboost_a,KZT,wf_2022,5.0,3,,0.30364372469635625,247,75,1.4705882352941178,0,0,0,0,0,1.0,0.0,51,2022-01-11,2022-12-31,True,,,,,,,,0,,,0,,,0,,,0
catboost_a,KZT,wf_2023,5.0,3,0.3333333333333333,0.4048582995951417,247,100,1.9607843137254901,9,9,0,9,0,0.8431372549019608,0.0,51,2023-01-10,2023-12-30,True,87.55544887590848,0.32944444444444443,46.392277522450314,167.75809151320945,54.56646587986663,0.0,1.7333333333333332,1000,-34.898084655366354,72.00947087068405,1000,26.833864964050935,164.87247650883052,1000,0.0,2.8819160267807042,1000
catboost_a,KZT,wf_2024,5.0,3,0.2923076923076923,0.3346774193548387,248,83,1.6274509803921569,65,65,0,65,0,0.5490196078431373,0.23529411764705882,51,2024-01-10,2024-12-29,True,456.91184102316566,0.25846153846153846,-13.311223690588854,514.453025199497,-1.8909413953186196,0.5932572119842622,1.1441013704931124,1000,2.3120123357130193,38.57065473817161,1000,146.06757360468384,681.9489079213304,1000,0.9086874655661762,2.037426000874682,1000
catboost_a,KZT,wf_2025,5.0,3,0.15384615384615385,0.2422360248447205,161,39,1.1470588235294117,26,26,0,26,0,0.5294117647058824,0.08823529411764706,34,2025-01-10,2025-08-30,True,348.2267960493108,0.2525,-21.49631425125052,374.14699268171904,-35.96452506119952,0.25235109717868337,1.4208513071895421,1000,-42.723958472890345,-7.023286615553276,1000,316.7363930301958,504.11944103054384,1000,0.21656615720638042,0.773997762600933,1000
catboost_a,TJS,oot,5.0,3,0.5434782608695652,0.37142857142857144,245,91,1.7169811320754718,47,46,1,46,1,0.5471698113207547,0.11320754716981132,53,2025-09-02,2026-09-02,True,354.9858397411034,0.5604347826086956,58.143757734655665,369.990364344953,58.21086421002029,0.7630769230769231,1.8307927561972086,1000,-35.24254714080871,15.812062935271852,1000,226.335003157537,406.2139208181237,1000,0.4913080702310982,1.070654533635004,1000
catboost_a,TJS,wf_2022,5.0,3,,0.3522267206477733,247,87,1.7058823529411764,0,0,0,0,0,1.0,0.0,51,2022-01-11,2022-12-31,True,,,,,,,,0,,,0,,,0,,,0
catboost_a,TJS,wf_2023,5.0,3,0.16666666666666666,0.44534412955465585,247,110,2.156862745098039,6,6,0,6,0,0.8823529411764706,0.0,51,2023-01-10,2023-12-30,True,139.48067316882538,0.26833333333333337,10.259063299110567,220.1725945981686,8.074149778177768,0.0,2.0756302521008405,972,-32.92056540063905,111.12737847020382,972,0.0,289.5604920373307,972,0.0,2.037671407157738,956
catboost_a,TJS,wf_2024,5.0,3,0.3939393939393939,0.40725806451612906,248,101,1.9803921568627452,66,66,0,66,0,0.5686274509803921,0.2549019607843137,51,2024-01-10,2024-12-29,True,499.8136233656507,0.3392424242424243,-6.7856207018192665,558.9812569120514,0.8822647296907031,0.6441460082138049,1.1772166451658939,1000,-9.679182734613496,32.88680701595953,1000,150.28774786494864,744.5371412109592,1000,0.7490928368915876,1.508094415620145,1000
catboost_a,TJS,wf_2025,5.0,3,0.37037037037037035,0.3416149068322981,161,55,1.6176470588235294,27,27,0,27,0,0.5588235294117647,0.08823529411764706,34,2025-01-10,2025-08-30,True,303.61551047651324,0.35629629629629633,1.9494695632883958,325.5655445560785,-3.170786227554208,0.6842226621592418,1.4529197958043691,1000,-27.425769346675064,4.806072729685395,1000,141.6514057915752,358.06888177782434,1000,0.5190347148011842,1.3950937227169278,1000
catboost_a,UZS,oot,5.0,3,0.35135135135135137,0.39183673469387753,245,96,1.8113207547169812,39,37,2,37,2,0.6415094339622641,0.09433962264150944,53,2025-09-02,2026-09-02,True,348.7885686054382,0.39608108108108114,21.476405220954835,435.5450188003373,9.888789999208603,0.23602645502645506,1.337427865455125,1000,-42.1916341118836,0.9630947464429513,1000,237.051990132896,482.3244610418076,1000,0.33904455732165656,1.1713562969526796,1000
catboost_a,UZS,wf_2022,5.0,3,,0.31983805668016196,247,79,1.5490196078431373,0,0,0,0,0,1.0,0.0,51,2022-01-11,2022-12-31,True,,,,,,,,0,,,0,,,0,,,0
catboost_a,UZS,wf_2023,5.0,3,0.14285714285714285,0.44534412955465585,247,110,2.156862745098039,7,7,0,7,0,0.8627450980392157,0.0,51,2023-01-10,2023-12-30,True,154.34085623569337,0.28928571428571426,11.073725651397849,240.62154744836332,6.7833371547035695,0.0,1.4077212806026365,991,-29.971320906787554,99.4534336855287,991,20.762678089782938,291.92918632415797,991,0.0,1.7325240732829565,982
catboost_a,UZS,wf_2024,5.0,3,0.3492063492063492,0.3911290322580645,248,97,1.9019607843137254,63,63,0,63,0,0.6078431372549019,0.2549019607843137,51,2024-01-10,2024-12-29,True,635.632283986916,0.32539682539682535,-21.455646994239856,550.1217867105482,-27.194867602231568,0.4190270578478126,1.1645966429903576,1000,-20.49626976912525,21.960519580899813,1000,215.5453532846474,789.5460713718116,1000,0.14224261079161232,1.3815599586839051,1000
catboost_a,UZS,wf_2025,5.0,3,0.22727272727272727,0.2484472049689441,161,40,1.1764705882352942,22,22,0,22,0,0.5294117647058824,0.029411764705882353,34,2025-01-10,2025-08-30,True,291.89743989110093,0.22159090909090906,-22.721743609292247,323.44083854849,-32.80709631671335,0.5896363636363635,1.9269444444444441,1000,-27.46952956252327,23.621180229919833,1000,192.90415190100552,379.0690617521264,1000,0.5568598072132839,1.7496025754802302,1000
catboost_abc,AMD,oot,5.0,3,0.45,0.37551020408163266,245,92,1.7358490566037736,20,20,0,20,0,0.8113207547169812,0.05660377358490566,53,2025-09-02,2026-09-02,True,145.58046645742317,0.47275,21.503540822951937,231.56658108700083,21.63630536026534,0.5683511265958433,1.8436621621621618,1000,-34.19673372829042,3.9735309140243635,1000,85.74003715982492,252.78378012523862,1000,0.4348259529080254,1.6244193959942477,1000
catboost_abc,AMD,wf_2022,5.0,3,0.3333333333333333,0.3441295546558704,247,85,1.6666666666666667,6,6,0,6,0,0.9215686274509803,0.0,51,2022-01-11,2022-12-31,True,164.24145866221363,0.21583333333333335,-41.48059400179728,400.07177081351506,-21.68051657262193,0.0,3.5797101449275357,954,-3.919404423600541,87.44650114729579,954,0.0,288.879017582071,954,1.3119585020150266,13.014664782187332,919
catboost_abc,AMD,wf_2023,5.0,3,0.3125,0.4534412955465587,247,112,2.196078431372549,16,16,0,16,0,0.8627450980392157,0.058823529411764705,51,2023-01-10,2023-12-30,True,249.92828380200254,0.2434375,-31.1194005308557,363.0778447599853,-20.903414442520685,0.2778169240669241,1.8439765458422168,999,-19.273397204917497,57.514769608129896,999,4.840919156650081,325.3208115638273,999,0.7669606398707067,4.223665149891958,991
catboost_abc,AMD,wf_2024,5.0,3,,0.40725806451612906,248,101,1.9803921568627452,0,0,0,0,0,1.0,0.0,51,2024-01-10,2024-12-29,True,,,,,,,,0,,,0,,,0,,,0
catboost_abc,AMD,wf_2025,5.0,3,0.0,0.2608695652173913,161,42,1.2352941176470589,1,1,0,1,0,0.9705882352941176,0.0,34,2025-01-10,2025-08-30,True,37.58537795246042,0.435,-0.24380787265056483,24.358472927083323,-23.220745978346223,0.0,0.0,148,-3.183744844236225,-3.183744844236225,148,37.58537795246042,37.58537795246042,148,0.0,0.0,61
catboost_abc,KGS,oot,5.0,3,0.4583333333333333,0.3551020408163265,245,87,1.6415094339622642,24,24,0,24,0,0.7547169811320755,0.07547169811320754,53,2025-09-02,2026-09-02,True,145.91524100211694,0.499375,51.96535570882361,349.3968226762486,77.6104698946993,0.34721788126617004,2.1116601836416073,1000,-33.23313718355139,14.454366360232717,1000,112.06459374470067,244.68476337141442,1000,0.31480386300322166,5.531280033098373,1000
catboost_abc,KGS,wf_2022,5.0,3,0.3076923076923077,0.340080971659919,247,84,1.6470588235294117,13,13,0,13,0,0.8823529411764706,0.058823529411764705,51,2022-01-11,2022-12-31,True,312.96964637359576,0.3096153846153846,-79.16577766679985,943.950560723462,-41.25343412372917,0.0,1.8095238095238095,997,-12.356930603752756,192.04832911733237,997,32.065165643200274,779.7342788279593,997,0.0,4.580216145685532,993
catboost_abc,KGS,wf_2023,5.0,3,0.5,0.4493927125506073,247,111,2.176470588235294,28,28,0,28,0,0.7450980392156863,0.0784313725490196,51,2023-01-10,2023-12-30,True,206.83257482299624,0.4153571428571429,19.707406748427854,319.2760428808677,34.437045286223515,0.6234641471030707,1.686323373375909,999,4.928501699265365,47.06064964351813,999,46.53132005303197,314.8783491823548,999,0.9420055914106393,2.689977508584698,992
catboost_abc,KGS,wf_2024,5.0,3,1.0,0.41935483870967744,248,104,2.0392156862745097,1,1,0,1,0,0.9803921568627451,0.0,51,2024-01-10,2024-12-29,True,0.0,0.44,113.3658662256555,47.75012468416179,306.11650711574123,1.9816380952380952,2.922857142857142,595,259.35344440340737,259.35344440340737,595,0.0,0.0,595,4.841612760079764,4.841612760079764,481
catboost_abc,KGS,wf_2025,5.0,3,0.25,0.22981366459627328,161,37,1.088235294117647,4,4,0,4,0,0.9705882352941176,0.029411764705882353,34,2025-01-10,2025-08-30,True,24.166875197197403,0.395,-3.8812410684373106,44.472055095580025,-8.366625662824255,0.0,1.1838235294117647,239,-33.17298075877439,-4.840406197234303,239,47.229445236256495,47.229445236256495,239,0.0,0.6165217322035184,114
catboost_abc,KZT,oot,5.0,3,0.15789473684210525,0.3836734693877551,245,94,1.7735849056603774,19,19,0,19,0,0.8113207547169812,0.03773584905660377,53,2025-09-02,2026-09-02,True,194.16812222478976,0.3078947368421052,21.586769297365937,285.3947638770472,-8.29235937320287,0.0,1.0228573466985338,1000,-51.78854286472264,2.649204797265408,1000,139.56725451448992,329.8223142748147,1000,0.0,0.8733392891152182,1000
catboost_abc,KZT,wf_2022,5.0,3,0.375,0.30364372469635625,247,75,1.4705882352941178,8,8,0,8,0,0.9019607843137255,0.0196078431372549,51,2022-01-11,2022-12-31,True,336.64023046046015,0.25,-128.88624684726653,809.4344725941686,-61.527642074683385,0.0,3.95699564772145,978,-1.3070079673617643,111.50928898506173,978,0.0,607.4595789527804,978,1.2690659285584212,68.84168980733179,891
catboost_abc,KZT,wf_2023,5.0,3,0.6363636363636364,0.4048582995951417,247,100,1.9607843137254901,11,11,0,11,0,0.9019607843137255,0.0392156862745098,51,2023-01-10,2023-12-30,True,69.58522920414767,0.5995454545454545,68.99457956290975,158.49851652985026,71.74099289700858,0.6549953371096988,2.3127340823970037,996,-8.163826233536785,91.84134309176227,996,0.0,215.5966397019582,996,0.4741026340478644,2.092243310938985,984
catboost_abc,KZT,wf_2024,5.0,3,,0.3346774193548387,248,83,1.6274509803921569,0,0,0,0,0,1.0,0.0,51,2024-01-10,2024-12-29,True,,,,,,,,0,,,0,,,0,,,0
catboost_abc,KZT,wf_2025,5.0,3,,0.2422360248447205,161,39,1.1470588235294117,0,0,0,0,0,1.0,0.0,34,2025-01-10,2025-08-30,True,,,,,,,,0,,,0,,,0,,,0
catboost_abc,TJS,oot,5.0,3,0.5121951219512195,0.37142857142857144,245,91,1.7169811320754718,42,41,1,41,1,0.6037735849056604,0.11320754716981132,53,2025-09-02,2026-09-02,True,274.11327450963483,0.49207317073170737,37.325951428984126,335.6622577968262,42.654764399696354,0.7248141025641026,1.932645596043654,1000,-37.22986520448983,-0.33028475983501887,1000,223.35744624552242,406.2139208181237,1000,0.5341939853382248,1.6425634928309483,1000
catboost_abc,TJS,wf_2022,5.0,3,0.2,0.3522267206477733,247,87,1.7058823529411764,10,10,0,10,0,0.8627450980392157,0.0196078431372549,51,2022-01-11,2022-12-31,True,944.4590188642326,0.14450000000000002,-225.24864994819018,1513.5487212184514,-251.84664269664285,0.0,2.0140285326086955,1000,-117.77586576198289,80.61253574558611,1000,121.3128729752766,1678.1682660634933,1000,0.0,33.002317292825495,991
catboost_abc,TJS,wf_2023,5.0,3,0.3333333333333333,0.44534412955465585,247,110,2.156862745098039,12,12,0,12,0,0.8627450980392157,0.0196078431372549,51,2023-01-10,2023-12-30,True,196.0634176923053,0.275,6.613510640109671,331.5336403261135,-13.697019294722963,0.0,1.6533423423423415,989,-16.850415446958642,33.62561348256465,989,45.686717043884606,339.91524531330475,989,0.0,5.512928237647008,966
catboost_abc,TJS,wf_2024,5.0,3,,0.40725806451612906,248,101,1.9803921568627452,0,0,0,0,0,1.0,0.0,51,2024-01-10,2024-12-29,True,,,,,,,,0,,,0,,,0,,,0
catboost_abc,TJS,wf_2025,5.0,3,0.3333333333333333,0.3416149068322981,161,55,1.6176470588235294,6,6,0,6,0,0.9117647058823529,0.0,34,2025-01-10,2025-08-30,True,40.55940541652747,0.41833333333333333,46.302744378071694,98.48204509632734,44.78268521794208,0.0,2.87252155172414,882,-67.82333669381357,70.14493537566224,882,0.0,112.65552197774475,882,0.0,3.9517320467467263,830
catboost_abc,UZS,oot,5.0,3,0.5217391304347826,0.39183673469387753,245,96,1.8113207547169812,24,23,1,23,1,0.7924528301886793,0.07547169811320754,53,2025-09-02,2026-09-02,True,312.3372516631502,0.523695652173913,52.027542681149995,435.5450188003373,39.19157454475821,0.6002398459383753,2.04239301874596,1000,-75.23882889026561,0.4009814653164343,1000,211.30027611493853,482.3244610418076,1000,0.36978833566403807,1.4477942230988479,1000
catboost_abc,UZS,wf_2022,5.0,3,0.2222222222222222,0.31983805668016196,247,79,1.5490196078431373,9,9,0,9,0,0.9019607843137255,0.0196078431372549,51,2022-01-11,2022-12-31,True,618.6204625603912,0.16555555555555557,-283.4678146818224,1254.7790511884866,-206.84155877980916,0.0,2.9551785714285748,997,-31.800014872027106,95.31520922873167,997,0.0,925.0398724082931,997,0.0,433.64589489257844,967
catboost_abc,UZS,wf_2023,5.0,3,0.34782608695652173,0.44534412955465585,247,110,2.156862745098039,23,23,0,23,0,0.803921568627451,0.0784313725490196,51,2023-01-10,2023-12-30,True,211.81031107325234,0.29739130434782607,9.348547825776654,223.92353268604492,11.016134530616858,0.0,1.5569299897295439,998,-38.41184848484992,27.76502661105984,998,42.36407256954511,366.6375311894599,998,0.22864179349027203,1.8644652473756496,993
catboost_abc,UZS,wf_2024,5.0,3,1.0,0.3911290322580645,248,97,1.9019607843137254,1,1,0,1,0,0.9803921568627451,0.0,51,2024-01-10,2024-12-29,True,0.0,0.49,135.08260979950376,40.25621205551523,282.1231576091443,2.137931034482759,3.1392405063291138,575,253.20405764255315,253.20405764255315,575,0.0,0.0,575,3.7075362369154097,3.7075362369154097,444
catboost_abc,UZS,wf_2025,5.0,3,0.0,0.2484472049689441,161,40,1.1764705882352942,2,2,0,2,0,0.9705882352941176,0.0,34,2025-01-10,2025-08-30,True,131.23940347836037,0.21,-40.11704754207649,124.10700631007549,-71.67927964642107,0.0,0.0,264,-75.48524695881298,-68.90820910187779,264,94.33597645140735,168.1428305053134,264,0.0,0.0,60
catboost_a,AMD,wf_oos,5.0,3,0.32967032967032966,0.38871951219512196,656,255,1.8478260869565217,91,91,0,91,0,0.6956521739130435,0.10144927536231885,138,2023-01-10,2025-08-30,True,528.5791351982937,0.2975274725274725,-8.652442856375746,483.75932125431456,-3.6334223808803365,0.5401766177790008,1.2069590472382006,1000,-6.482976694704735,31.95734010826992,1000,250.85354504225438,758.0511783476256,1000,0.39300685007989417,1.502122995722613,1000
catboost_a,KGS,wf_oos,5.0,3,0.3106796116504854,0.38414634146341464,656,252,1.826086956521739,103,103,0,103,0,0.6521739130434783,0.10144927536231885,138,2023-01-10,2025-08-30,False,,0.2871844660194174,-15.598893277623239,449.48250941696745,-11.450630900980705,0.571507766646227,1.047887090631633,1000,-6.43861614492203,20.276331612674024,1000,228.48601507326927,603.9790960942116,1000,0.8064019317633162,2.363673237968136,1000
catboost_a,KZT,wf_oos,5.0,3,0.26,0.3384146341463415,656,222,1.608695652173913,100,100,0,100,0,0.6594202898550725,0.10869565217391304,138,2023-01-10,2025-08-30,False,,0.26275000000000004,-10.213839746081025,504.3452647435156,-5.668906493680978,0.6044266043679869,1.032230435456377,1000,-6.0102597930007935,22.415794943908487,1000,273.6785170126328,614.7197112416292,1000,0.681151172128218,1.4408161984332355,1000
catboost_a,TJS,wf_oos,5.0,3,0.37373737373737376,0.4054878048780488,656,266,1.9275362318840579,99,99,0,99,0,0.6884057971014492,0.11594202898550725,138,2023-01-10,2025-08-30,True,534.7138184069706,0.33535353535353535,-5.2239379460886175,525.5707600228573,0.21275901701706762,0.6646477807617892,1.1511207148063165,1000,-11.070139912386162,24.796050695832825,1000,243.84910958515488,721.1010304557442,1000,0.7762207260130813,1.3002021467877132,1000
catboost_a,UZS,wf_oos,5.0,3,0.30434782608695654,0.37652439024390244,656,247,1.789855072463768,92,92,0,92,0,0.6884057971014492,0.10144927536231885,138,2023-01-10,2025-08-30,True,635.632283986916,0.2972282608695652,-19.52850793369428,511.89883645710523,-25.951624106797365,0.5219373124040785,1.084418536009445,1000,-12.218371789046705,19.191328827293187,1000,298.87317041146184,789.0646967492704,1000,0.16544562711199623,1.2346927181108875,1000
catboost_abc,AMD,wf_oos,5.0,3,0.29411764705882354,0.38871951219512196,656,255,1.8478260869565217,17,17,0,17,0,0.9420289855072463,0.021739130434782608,138,2023-01-10,2025-08-30,True,249.92828380200254,0.24382352941176472,-30.54500336145431,366.0233106552176,-21.039728062275127,0.0,1.8655687054880585,998,-33.756430274708826,46.295369969814054,998,4.840919156650081,325.3208115638273,998,0.8566964989551727,2.906953091790715,979
catboost_abc,KGS,wf_oos,5.0,3,0.48484848484848486,0.38414634146341464,656,252,1.826086956521739,33,33,0,33,0,0.8913043478260869,0.036231884057971016,138,2023-01-10,2025-08-30,True,206.83257482299624,0.4115151515151514,19.0469921095452,320.1709710582057,37.481432499354625,0.6617549126256921,2.0263567401600455,1000,2.8307942736525398,63.87516425147553,1000,79.01925602064253,314.8783491823548,1000,0.9604518561477325,2.9299529273545004,999
catboost_abc,KZT,wf_oos,5.0,3,0.6363636363636364,0.3384146341463415,656,222,1.608695652173913,11,11,0,11,0,0.9637681159420289,0.014492753623188406,138,2023-01-10,2025-08-30,True,69.58522920414767,0.6004545454545454,67.66051314211298,158.66615405640667,71.74099289700858,0.7619078380706287,2.8677698613345592,991,-8.163826233536785,79.47693490736332,991,6.097932800781525,215.5966397019582,991,0.5468155242107378,1.9273131025011765,981
catboost_abc,TJS,wf_oos,5.0,3,0.3333333333333333,0.4054878048780488,656,266,1.9275362318840579,18,18,0,18,0,0.927536231884058,0.007246376811594203,138,2023-01-10,2025-08-30,True,209.12426302550634,0.3269444444444444,19.599075118884542,332.0068755677387,5.796215542832052,0.0,1.4441768405475395,999,-46.93692491038797,20.232982893913473,999,112.65552197774475,339.91524531330475,999,0.0,1.8661071472004307,995
catboost_abc,UZS,wf_oos,5.0,3,0.34615384615384615,0.37652439024390244,656,247,1.789855072463768,26,26,0,26,0,0.9130434782608695,0.028985507246376812,138,2023-01-10,2025-08-30,True,228.54637087611664,0.2971153846153846,8.833414717022556,224.11053643268446,15.082142020018845,0.25087963377463596,1.9021246608300713,1000,-34.06431892976718,48.8777553668519,1000,65.84813752990692,366.6375311894599,1000,0.3725004271086203,1.8203465559403196,993
catboost_a,AMD,oot,5.0,5,0.2222222222222222,0.3045267489711934,243,74,1.3962264150943395,36,36,0,36,0,0.660377358490566,0.1320754716981132,53,2025-09-02,2026-09-02,True,271.7161618682136,0.3059722222222222,7.4855443493490785,293.7049018640115,-7.186449103487964,0.1529313931743806,1.3660823170731706,1000,-53.10515848102186,23.3722161760951,1000,249.6369522717934,319.7913094087435,1000,0.24778522116752932,0.9648599628286417,1000
catboost_a,AMD,wf_2022,5.0,5,0.0,0.291497975708502,247,72,1.411764705882353,2,2,0,2,0,0.9607843137254902,0.0,51,2022-01-11,2022-12-31,True,856.5849175165963,0.0,-337.456133788798,927.1229206500097,-559.617773821418,0.0,0.0,744,-199.00863362068642,-124.27801973947106,744,612.274274692135,1100.8955603410575,744,,,0
catboost_a,AMD,wf_2023,5.0,5,0.2857142857142857,0.38461538461538464,247,95,1.8627450980392157,7,7,0,7,0,0.8627450980392157,0.0,51,2023-01-10,2023-12-30,True,167.01122551711344,0.24642857142857139,38.08310490771002,378.63800215496974,58.268227372945276,0.0,2.494949494949495,991,-3.7145625830437012,247.53768549223548,991,0.0,352.6135874855685,991,0.0,10.228091113593853,987
catboost_a,AMD,wf_2024,5.0,5,0.24193548387096775,0.3548387096774194,248,88,1.7254901960784315,62,62,0,62,0,0.5882352941176471,0.23529411764705882,51,2024-01-10,2024-12-29,True,533.0276332047106,0.21564516129032257,-10.40907072940665,626.481819307261,3.852504815133831,0.2685529502274552,1.0569539808421162,1000,-5.722191962811856,71.51855998207738,1000,159.5797004247723,781.599033112146,1000,0.4569132445295345,3.156749795286123,1000
catboost_a,AMD,wf_2025,5.0,5,0.22727272727272727,0.19875776397515527,161,32,0.9411764705882353,22,22,0,22,0,0.5882352941176471,0.058823529411764705,34,2025-01-10,2025-08-30,True,295.7277335295694,0.22499999999999998,-15.243236008478457,389.4217058332071,-31.77773295127417,0.33092486164325247,2.1466666666666665,1000,-35.2045459585968,43.32693166268449,1000,205.20145808258673,365.19475080909024,1000,0.38602385415824464,2.129940543825772,1000
catboost_a,KGS,oot,5.0,5,0.3103448275862069,0.2880658436213992,243,70,1.320754716981132,32,29,3,29,3,0.6792452830188679,0.07547169811320754,53,2025-09-02,2026-09-02,True,377.0797005177075,0.3548275862068966,30.410485614537002,458.52352016877114,31.757477821686695,0.0,1.7322000943948224,1000,-56.38016922298343,37.521819125235915,1000,244.68476337141442,510.4106968162836,1000,0.0,1.1581890607026153,1000
catboost_a,KGS,wf_2022,5.0,5,,0.2631578947368421,247,65,1.2745098039215685,0,0,0,0,0,1.0,0.0,51,2022-01-11,2022-12-31,True,,,,,,,,0,,,0,,,0,,,0
catboost_a,KGS,wf_2023,5.0,5,0.3333333333333333,0.3805668016194332,247,94,1.8431372549019607,6,6,0,6,0,0.8823529411764706,0.0,51,2023-01-10,2023-12-30,True,157.5412668050551,0.24833333333333332,1.933542064144571,319.47802977156306,-1.4451310098203163,0.0,2.5114976293547713,975,-8.238012767661228,165.28963000624896,975,0.0,343.7858497089863,975,0.0,2.4841362605257467,962
catboost_a,KGS,wf_2024,5.0,5,0.29333333333333333,0.375,248,93,1.8235294117647058,75,75,0,75,0,0.49019607843137253,0.2549019607843137,51,2024-01-10,2024-12-29,True,536.9228378741898,0.2568666666666667,-15.58389224870255,678.8916056890599,-1.7066203120455825,0.4559117781821974,1.0205113132551913,1000,-11.936564565311508,38.1380110817357,1000,242.92704399031788,787.4093151006633,1000,0.9164232158717398,2.5142409855925734,1000
catboost_a,KGS,wf_2025,5.0,5,0.09090909090909091,0.17391304347826086,161,28,0.8235294117647058,22,22,0,22,0,0.5294117647058824,0.029411764705882353,34,2025-01-10,2025-08-30,True,425.42312050450136,0.20795454545454542,-25.68852343131852,479.92741494513865,-51.214228139807396,0.0,0.8884300766283523,1000,-28.409378495638297,12.831793445059082,1000,182.64056187190513,771.37600464801,1000,0.0,0.6054933715075483,1000
catboost_a,KZT,oot,5.0,5,0.32075471698113206,0.3292181069958848,243,80,1.509433962264151,53,53,0,53,0,0.6037735849056604,0.1509433962264151,53,2025-09-02,2026-09-02,True,403.00003510031956,0.28962264150943395,22.980385610270467,447.7556707433464,31.759829344321425,0.6497055210290503,1.5030974025974024,1000,-52.57347060564704,19.311488910085348,1000,321.4876183208889,506.7133544065605,1000,0.920803969092013,1.6927668828302809,1000
catboost_a,KZT,wf_2022,5.0,5,,0.2591093117408907,247,64,1.2549019607843137,0,0,0,0,0,1.0,0.0,51,2022-01-11,2022-12-31,True,,,,,,,,0,,,0,,,0,,,0
catboost_a,KZT,wf_2023,5.0,5,0.3333333333333333,0.3603238866396761,247,89,1.7450980392156863,9,9,0,9,0,0.8431372549019608,0.0,51,2023-01-10,2023-12-30,True,102.63026927027317,0.2922222222222222,82.04316510175804,214.38372747839696,67.79005050151696,0.20576980452674898,1.9099171861264286,1000,-9.199309474645135,141.52760419152875,1000,68.53201146678867,164.87247650883052,1000,0.33755804297664715,2.597051355613944,999
catboost_a,KZT,wf_2024,5.0,5,0.2153846153846154,0.2701612903225806,248,67,1.3137254901960784,65,65,0,65,0,0.5490196078431373,0.23529411764705882,51,2024-01-10,2024-12-29,True,470.7111932486865,0.20484615384615387,-16.073918480971525,611.3606956888335,-3.2309524883860075,0.4366197183098592,1.0728652247055994,1000,-5.10478194180989,61.336821296937096,1000,199.27155488040472,681.9489079213304,1000,0.8128682713626871,6.171561929660697,1000
catboost_a,KZT,wf_2025,5.0,5,0.11538461538461539,0.16770186335403728,161,27,0.7941176470588235,26,26,0,26,0,0.5294117647058824,0.08823529411764706,34,2025-01-10,2025-08-30,True,381.2632189785558,0.13826923076923076,-28.27071496815873,483.8603616686371,-43.425498576594464,0.24998065015479876,1.5333333333333332,1000,-43.01718845314641,11.390995386166416,1000,339.4582921255495,516.4458318617337,1000,0.24820304959825623,1.9692732685346905,1000
catboost_a,TJS,oot,5.0,5,0.5,0.3004115226337449,243,73,1.3773584905660377,47,46,1,46,1,0.5471698113207547,0.11320754716981132,53,2025-09-02,2026-09-02,True,361.2015757437623,0.4951086956521739,76.42776281054097,387.2486784027705,78.47507740268941,0.9105753073975408,2.175659677649408,1000,-47.289326819866126,31.836093259367413,1000,242.24409859785453,434.4332326119771,1000,0.6109754779727256,1.1966563706957758,1000
catboost_a,TJS,wf_2022,5.0,5,,0.3117408906882591,247,77,1.5098039215686274,0,0,0,0,0,1.0,0.0,51,2022-01-11,2022-12-31,True,,,,,,,,0,,,0,,,0,,,0
catboost_a,TJS,wf_2023,5.0,5,0.16666666666666666,0.3805668016194332,247,94,1.8431372549019607,6,6,0,6,0,0.8823529411764706,0.0,51,2023-01-10,2023-12-30,True,162.39801525470867,0.21083333333333334,-0.31611532986359914,334.86270199473756,-4.620616240052687,0.0,2.4455445544554455,967,-14.540155193835592,176.98760228356923,967,0.0,349.48895076956086,967,0.0,2.011316735979331,951
catboost_a,TJS,wf_2024,5.0,5,0.3484848484848485,0.3548387096774194,248,88,1.7254901960784315,66,66,0,66,0,0.5686274509803921,0.2549019607843137,51,2024-01-10,2024-12-29,True,615.9783350467226,0.30757575757575767,-0.9683884165490594,725.7580765936367,9.279005734571959,0.5435834703947369,1.2556772480090068,1000,-6.954277560637864,64.68166339033289,1000,169.5590773218162,764.3914649765837,1000,0.8256723882124456,2.2870552597821305,1000
catboost_a,TJS,wf_2025,5.0,5,0.3333333333333333,0.2981366459627329,161,48,1.411764705882353,27,27,0,27,0,0.5588235294117647,0.08823529411764706,34,2025-01-10,2025-08-30,True,446.07150604518165,0.2992592592592592,-3.062887514531699,491.42759034769193,-7.628528397666871,0.679775094888153,1.677214766196447,1000,-27.838631270782642,19.226908040917188,1000,279.0543897612918,770.8822510256064,1000,0.2321505474935147,1.8271103717265738,1000
catboost_a,UZS,oot,5.0,5,0.3142857142857143,0.34156378600823045,243,83,1.5660377358490567,39,35,4,35,4,0.6415094339622641,0.09433962264150944,53,2025-09-02,2026-09-02,True,389.11421992512675,0.34242857142857147,22.595556927794913,441.4675222499809,5.667599931531775,0.2928811299024065,1.4906908587987353,1000,-60.10260407449385,13.855154462697794,1000,309.33013668634766,492.61432862483633,1000,0.4050079651117456,1.1343628300368398,1000
catboost_a,UZS,wf_2022,5.0,5,,0.2631578947368421,247,65,1.2745098039215685,0,0,0,0,0,1.0,0.0,51,2022-01-11,2022-12-31,True,,,,,,,,0,,,0,,,0,,,0
catboost_a,UZS,wf_2023,5.0,5,0.14285714285714285,0.38461538461538464,247,95,1.8627450980392157,7,7,0,7,0,0.8627450980392157,0.0,51,2023-01-10,2023-12-30,True,180.03717400388598,0.2678571428571428,10.769608628616293,322.5805080514823,-5.181832364414665,0.0,1.748157951960391,996,-8.744110476894274,176.14436977806326,996,20.762678089782938,344.21287953791955,996,0.0,1.569105957908916,979
catboost_a,UZS,wf_2024,5.0,5,0.30158730158730157,0.3346774193548387,248,83,1.6274509803921569,63,63,0,63,0,0.6078431372549019,0.2549019607843137,51,2024-01-10,2024-12-29,True,706.5252643137021,0.2735714285714285,-16.76456979938135,679.7950416186859,-18.69706370795416,0.3130506091846298,1.260346070656092,1000,-22.371157011687753,35.90988744732406,1000,269.42272509001253,789.5460713718116,1000,0.3038438463251247,1.5486162531480503,1000
catboost_a,UZS,wf_2025,5.0,5,0.13636363636363635,0.16149068322981366,161,26,0.7647058823529411,22,22,0,22,0,0.5294117647058824,0.029411764705882353,34,2025-01-10,2025-08-30,True,428.12126227587214,0.14568181818181816,-28.64007012384297,475.37813286413774,-48.76350111436965,0.28954617117117126,2.1300555555555554,1000,-25.691909509227052,39.56552509287791,1000,192.90415190100552,799.7051035233516,1000,0.10684902754453607,2.7490275137033024,1000
catboost_abc,AMD,oot,5.0,5,0.4,0.3045267489711934,243,74,1.3962264150943395,20,20,0,20,0,0.8113207547169812,0.05660377358490566,53,2025-09-02,2026-09-02,True,201.58017403310203,0.45175000000000004,36.76221562240111,268.6351369574377,35.4893998325001,0.46223541466995655,2.343526785714285,1000,-32.176524327877466,25.97669410387108,1000,99.74293570409243,252.78378012523862,1000,0.41454692773901997,1.7034175375024017,1000
catboost_abc,AMD,wf_2022,5.0,5,0.16666666666666666,0.291497975708502,247,72,1.411764705882353,6,6,0,6,0,0.9215686274509803,0.0,51,2022-01-11,2022-12-31,True,288.8353414506488,0.1025,-46.32603786116176,424.6999188185557,-70.59147804586182,0.0,3.9206349206349205,932,4.8926049965806255,85.79749601630438,932,0.0,315.93387462919287,932,0.0,5.319009319055813,868
catboost_abc,AMD,wf_2023,5.0,5,0.1875,0.38461538461538464,247,95,1.8627450980392157,16,16,0,16,0,0.8627450980392157,0.058823529411764705,51,2023-01-10,2023-12-30,True,411.6907841848288,0.1378125,-39.34230537729183,564.3990966856112,-30.50173169168168,0.0,1.871212121212121,995,-36.50907729568741,99.97285656582736,995,44.98402291599923,614.7246236867377,995,0.6072029508518529,4.594972609733967,917
catboost_abc,AMD,wf_2024,5.0,5,,0.3548387096774194,248,88,1.7254901960784315,0,0,0,0,0,1.0,0.0,51,2024-01-10,2024-12-29,True,,,,,,,,0,,,0,,,0,,,0
catboost_abc,AMD,wf_2025,5.0,5,0.0,0.19875776397515527,161,32,0.9411764705882353,1,1,0,1,0,0.9705882352941176,0.0,34,2025-01-10,2025-08-30,True,37.58537795246042,0.47,23.88377388785825,22.946636394858924,-4.381213054307498,0.0,0.0,164,-5.913903245260421,-5.913903245260421,164,37.58537795246042,37.58537795246042,164,0.0,0.0,55
catboost_abc,KGS,oot,5.0,5,0.43478260869565216,0.2880658436213992,243,70,1.320754716981132,24,23,1,23,1,0.7547169811320755,0.07547169811320754,53,2025-09-02,2026-09-02,True,200.32441803625065,0.45804347826086955,76.69004094329654,397.31159597365155,101.87745111526252,0.41434335839598996,2.4877354048964215,1000,-29.2780870811984,32.55100256656302,1000,206.93788775792265,298.05826610085575,1000,0.4193689632313421,3.518727114228305,1000
catboost_abc,KGS,wf_2022,5.0,5,0.15384615384615385,0.2631578947368421,247,65,1.2745098039215685,13,13,0,13,0,0.8823529411764706,0.058823529411764705,51,2022-01-11,2022-12-31,True,421.014009006051,0.1573076923076923,-109.22127654318976,941.8849471147134,-69.50390138613965,0.0,1.8712121212121213,997,-8.284828008690807,289.36783031317634,997,32.065165643200274,779.7342788279593,997,0.0,5.3412061852597565,930
catboost_abc,KGS,wf_2023,5.0,5,0.35714285714285715,0.3805668016194332,247,94,1.8431372549019607,28,28,0,28,0,0.7450980392156863,0.0784313725490196,51,2023-01-10,2023-12-30,True,296.4030193887757,0.3317857142857143,36.91395560132263,406.0716820686489,58.53670588043964,0.4054938054828612,1.9211752336448598,1000,4.586587755753674,83.95679311645046,1000,42.36833494616349,425.2425799415094,1000,0.7095742215083702,2.5892953659856643,992
catboost_abc,KGS,wf_2024,5.0,5,1.0,0.375,248,93,1.8235294117647058,1,1,0,1,0,0.9803921568627451,0.0,51,2024-01-10,2024-12-29,True,0.0,0.36,76.16571698850267,68.50920583056234,327.96450282999155,2.1631426392067126,3.444444444444444,615,364.3097172550047,364.3097172550047,615,0.0,0.0,615,7.704223060122613,7.704223060122613,501
catboost_abc,KGS,wf_2025,5.0,5,0.25,0.17391304347826086,161,28,0.8235294117647058,4,4,0,4,0,0.9705882352941176,0.029411764705882353,34,2025-01-10,2025-08-30,True,24.166875197197403,0.3925,13.605649714451802,43.26569690903407,6.113311026023915,0.0,1.6807291666666653,239,-36.75264301748693,-2.1442953479444693,239,47.229445236256495,47.229445236256495,239,0.0,0.6116887177832209,113
catboost_abc,KZT,oot,5.0,5,0.15789473684210525,0.3292181069958848,243,80,1.509433962264151,19,19,0,19,0,0.8113207547169812,0.03773584905660377,53,2025-09-02,2026-09-02,True,248.65753346277407,0.29684210526315785,33.17552045681366,367.62727900509475,9.310199847606626,0.0,1.1861863006735287,1000,-60.732323973473825,19.199593153518304,1000,180.55912070528257,335.27279664250284,1000,0.0,1.4075222140693846,1000
catboost_abc,KZT,wf_2022,5.0,5,0.375,0.2591093117408907,247,64,1.2549019607843137,8,8,0,8,0,0.9019607843137255,0.0196078431372549,51,2022-01-11,2022-12-31,True,668.5474075333686,0.250625,-185.3995538134263,1132.676856049299,-83.41962633995365,0.0,4.660377358490566,975,32.02151628567904,177.50573605130975,975,0.0,1102.4934646006025,975,0.7213787153927737,174.85486145658726,892
catboost_abc,KZT,wf_2023,5.0,5,0.6363636363636364,0.3603238866396761,247,89,1.7450980392156863,11,11,0,11,0,0.9019607843137255,0.0392156862745098,51,2023-01-10,2023-12-30,True,85.6013563892124,0.5968181818181818,125.8767050312581,230.7693099271116,137.5758625521967,0.7059126686656673,2.645365748709122,997,-1.2377477039763216,123.51025213339086,997,0.0,295.67727562728186,997,0.4470025738733031,2.760062064381257,982
catboost_abc,KZT,wf_2024,5.0,5,,0.2701612903225806,248,67,1.3137254901960784,0,0,0,0,0,1.0,0.0,51,2024-01-10,2024-12-29,True,,,,,,,,0,,,0,,,0,,,0
catboost_abc,KZT,wf_2025,5.0,5,,0.16770186335403728,161,27,0.7941176470588235,0,0,0,0,0,1.0,0.0,34,2025-01-10,2025-08-30,True,,,,,,,,0,,,0,,,0,,,0
catboost_abc,TJS,oot,5.0,5,0.4146341463414634,0.3004115226337449,243,73,1.3773584905660377,42,41,1,41,1,0.6037735849056604,0.11320754716981132,53,2025-09-02,2026-09-02,True,294.01147374200946,0.4085365853658537,54.79030119570348,362.56037267135906,61.09632155400329,0.5714285714285714,1.9586909090909086,1000,-38.925646438359934,7.545968718933463,1000,252.34832171066813,406.2139208181237,1000,0.5398064242385904,1.6914706714609902,1000
catboost_abc,TJS,wf_2022,5.0,5,0.1,0.3117408906882591,247,77,1.5098039215686274,10,10,0,10,0,0.8627450980392157,0.0196078431372549,51,2022-01-11,2022-12-31,True,1643.9744589379784,0.12450000000000001,-350.64009647374564,2387.95969563875,-391.2726098208674,0.0,1.3006989247311822,1000,-163.2064800454817,70.65886811683141,1000,233.172961599879,2501.98750709824,1000,0.0,22.946804738873,936
catboost_abc,TJS,wf_2023,5.0,5,0.25,0.3805668016194332,247,94,1.8431372549019607,12,12,0,12,0,0.8627450980392157,0.0196078431372549,51,2023-01-10,2023-12-30,True,245.2016355762874,0.26708333333333334,30.98969596440238,394.65184518991447,8.536481767267574,0.0,1.8735777496839443,991,-29.99062534913999,75.0844002493925,991,45.686717043884606,450.2419766580612,991,0.0,1.7054861756875555,897
catboost_abc,TJS,wf_2024,5.0,5,,0.3548387096774194,248,88,1.7254901960784315,0,0,0,0,0,1.0,0.0,51,2024-01-10,2024-12-29,True,,,,,,,,0,,,0,,,0,,,0
catboost_abc,TJS,wf_2025,5.0,5,0.3333333333333333,0.2981366459627329,161,48,1.411764705882353,6,6,0,6,0,0.9117647058823529,0.0,34,2025-01-10,2025-08-30,True,94.52120066155524,0.3308333333333333,49.455256800153855,275.8725112102925,43.713604138984614,0.0,2.56093567251461,905,-76.85548951649245,79.31446259481089,905,19.38016408538972,338.0069587768664,905,0.0,3.9241125386179454,771
catboost_abc,UZS,oot,5.0,5,0.5,0.34156378600823045,243,83,1.5660377358490567,24,22,2,22,2,0.7924528301886793,0.07547169811320754,53,2025-09-02,2026-09-02,True,342.5243481437725,0.4629545454545454,65.86440437427686,440.68995259185164,51.77021084135993,0.6887467517127333,2.2832376737186864,1000,-96.38083429845213,18.674741766040885,1000,223.54718940052808,492.61432862483633,1000,0.4656096479112038,1.6715873212600612,1000
catboost_abc,UZS,wf_2022,5.0,5,0.2222222222222222,0.2631578947368421,247,65,1.2745098039215685,9,9,0,9,0,0.9019607843137255,0.0196078431372549,51,2022-01-11,2022-12-31,True,1257.4788955965191,0.16055555555555556,-393.1243958197015,1806.278057950017,-330.094131903827,0.0,2.9971603328365592,998,-41.49234650899536,130.11312342585043,998,67.29436229205189,1989.9146573734772,998,0.0,1116.2121432758427,973
catboost_abc,UZS,wf_2023,5.0,5,0.2608695652173913,0.38461538461538464,247,95,1.8627450980392157,23,23,0,23,0,0.803921568627451,0.0784313725490196,51,2023-01-10,2023-12-30,True,287.57602284202255,0.23434782608695648,18.6717272018422,345.07275314560303,17.69358434852109,0.0,1.786862074634226,1000,-52.21278016299894,53.515167564157544,1000,46.039058558131615,417.7912348209301,1000,0.28385718935689086,1.7464927451474437,977
catboost_abc,UZS,wf_2024,5.0,5,1.0,0.3346774193548387,248,83,1.6274509803921569,1,1,0,1,0,0.9803921568627451,0.0,51,2024-01-10,2024-12-29,True,0.0,0.46,114.69531546189678,53.424726267344816,309.3563096637264,2.313464866735895,4.065573770491803,593,357.2432631117617,357.2432631117617,593,0.0,0.0,593,4.7950515323169745,4.7950515323169745,482
catboost_abc,UZS,wf_2025,5.0,5,0.0,0.16149068322981366,161,26,0.7647058823529411,2,2,0,2,0,0.9705882352941176,0.0,34,2025-01-10,2025-08-30,True,156.93952389823738,0.1975,-28.767682721391555,142.3455466467359,-97.55492593761127,0.0,0.0,264,-106.39330511596212,-99.52481987374972,264,145.73621729116138,168.1428305053134,264,0.0,0.0,56
catboost_a,AMD,wf_oos,5.0,5,0.24175824175824176,0.3277439024390244,656,215,1.5579710144927537,91,91,0,91,0,0.6956521739130435,0.10144927536231885,138,2023-01-10,2025-08-30,True,535.2348309789647,0.2191758241758242,-8.729937939040799,603.2973297472694,-0.5755740085617292,0.4092926209694352,1.1427143127782515,1000,0.21427993603199164,62.594030117233146,1000,305.14939835763334,759.5843441837129,1000,0.7489452439977726,2.7404680178377174,1000
catboost_a,KGS,wf_oos,5.0,5,0.2524271844660194,0.3277439024390244,656,215,1.5579710144927537,103,103,0,103,0,0.6521739130434783,0.10144927536231885,138,2023-01-10,2025-08-30,False,,0.24587378640776691,-16.761900274756997,620.3003147518035,-12.26582843240877,0.4904782035176049,1.0968065548742458,1000,-6.538984444018059,39.75345607242599,1000,326.22682644635836,791.7373258216576,1000,0.5479086176116823,1.896701454700381,1000
catboost_a,KZT,wf_oos,5.0,5,0.2,0.27896341463414637,656,183,1.326086956521739,100,100,0,100,0,0.6594202898550725,0.10869565217391304,138,2023-01-10,2025-08-30,False,,0.19805,-11.173343404316427,610.6399306990077,-7.289644202228939,0.5238063174948422,1.058643358449635,1000,-2.133573139231538,47.49981577377033,1000,337.16991479885866,615.2336943695606,1000,0.8316277933825514,3.877795678897844,1000
catboost_a,TJS,wf_oos,5.0,5,0.3333333333333333,0.35060975609756095,656,230,1.6666666666666667,99,99,0,99,0,0.6884057971014492,0.11594202898550725,138,2023-01-10,2025-08-30,True,691.1750183670273,0.30196969696969694,-0.6299955578975812,701.2465020631364,3.825458730347753,0.6162033302209773,1.2345731294633908,1000,-5.350972698494905,51.09752629247692,1000,365.6541792311773,768.2859366059973,1000,0.5647625901565517,1.9105368378887393,1000
catboost_a,UZS,wf_oos,5.0,5,0.25,0.31097560975609756,656,204,1.4782608695652173,92,92,0,92,0,0.6884057971014492,0.10144927536231885,138,2023-01-10,2025-08-30,True,766.7414326034293,0.24619565217391304,-17.009731249185414,651.0269744705811,-24.858531137697252,0.4215422643328446,1.231487259894022,1000,-4.345213518709637,40.779003655298645,1000,381.0581776827693,796.3187594728382,1000,0.28506786049971083,1.2308975616420896,1000
catboost_abc,AMD,wf_oos,5.0,5,0.17647058823529413,0.3277439024390244,656,215,1.5579710144927537,17,17,0,17,0,0.9420289855072463,0.021739130434782608,138,2023-01-10,2025-08-30,True,411.6907841848288,0.15382352941176472,-38.50307005308242,564.1552294409375,-28.965230595365554,0.0,1.9951814973971969,998,-72.26641110578994,72.44436718505094,998,44.98402291599923,614.7246236867377,998,0.0,4.230230546630409,911
catboost_abc,KGS,wf_oos,5.0,5,0.36363636363636365,0.3277439024390244,656,215,1.5579710144927537,33,33,0,33,0,0.8913043478260869,0.036231884057971016,138,2023-01-10,2025-08-30,True,296.4030193887757,0.33454545454545453,34.913927243489276,407.3540025319759,60.34683368443629,0.3977114372346877,2.1950035978008002,1000,-0.7048761203088455,114.31257264641,1000,80.74420309779117,425.2425799415094,1000,0.7817654576871109,3.4151732177316427,996
catboost_abc,KZT,wf_oos,5.0,5,0.6363636363636364,0.27896341463414637,656,183,1.326086956521739,11,11,0,11,0,0.9637681159420289,0.014492753623188406,138,2023-01-10,2025-08-30,True,85.6013563892124,0.6072727272727273,128.11741206573888,228.32017806594976,137.5758625521967,0.0,3.508021390374332,991,-42.62728253822729,151.41201089468706,991,0.0,295.67727562728186,991,0.37640258641445906,2.757819426085257,969
catboost_abc,TJS,wf_oos,5.0,5,0.2777777777777778,0.35060975609756095,656,230,1.6666666666666667,18,18,0,18,0,0.927536231884058,0.007246376811594203,138,2023-01-10,2025-08-30,True,303.3327682693128,0.29388888888888887,39.03112406264997,408.90285016504646,20.262189224506592,0.0,1.5701361440491868,999,-66.89475457061633,48.0237113870223,999,152.52933891319876,450.2419766580612,999,0.0,1.197110618587608,982
catboost_abc,UZS,wf_oos,5.0,5,0.2692307692307692,0.31097560975609756,656,204,1.4782608695652173,26,26,0,26,0,0.9130434782608695,0.028985507246376812,138,2023-01-10,2025-08-30,True,301.381225259056,0.23346153846153847,18.163401130457625,339.0055589707912,20.046111454018806,0.15941333374488456,2.134125789857258,1000,-54.89407150343932,79.48910001486719,1000,99.04591865233625,417.7912348209301,1000,0.3794993421767679,2.159161094063337,989
catboost_a,AMD,oot,5.0,10,0.1111111111111111,0.23529411764705882,238,56,1.0566037735849056,36,36,0,36,0,0.660377358490566,0.1320754716981132,53,2025-09-02,2026-09-02,True,467.24682664486124,0.15958333333333333,17.0157262018934,535.0899529182211,2.257400795300669,0.0,1.426165405028328,1000,-85.22128392065436,55.404892036364394,1000,284.03102124491045,564.9611823028722,1000,0.0,1.000188564098288,1000
catboost_a,AMD,wf_2022,5.0,10,0.0,0.2388663967611336,247,59,1.1568627450980393,2,2,0,2,0,0.9607843137254902,0.0,51,2022-01-11,2022-12-31,True,1493.7996845804669,0.0,-339.82799668507215,1431.0456077429867,-632.102906775252,0.0,0.0,767,-199.28575304029806,115.81869195132155,767,1183.5437464475262,1804.0556227134075,767,,,0
catboost_a,AMD,wf_2023,5.0,10,0.2857142857142857,0.31983805668016196,247,79,1.5490196078431373,7,7,0,7,0,0.8627450980392157,0.0,51,2023-01-10,2023-12-30,True,260.3062784925956,0.20357142857142854,12.378387352900484,509.57802234359843,26.451759556477572,0.0,3.0196326407708494,993,30.858226619270294,291.93263758898973,993,0.0,495.7779639146076,993,0.0,9.155052015959178,981
catboost_a,AMD,wf_2024,5.0,10,0.20967741935483872,0.2903225806451613,248,72,1.411764705882353,62,62,0,62,0,0.5882352941176471,0.23529411764705882,51,2024-01-10,2024-12-29,True,625.750448439165,0.18217741935483872,-2.4700703978382,733.4472921295263,12.014066679903816,0.3420650354969574,1.2630134418617982,1000,-8.72547047008342,89.96161367410086,1000,290.98695121843986,781.599033112146,1000,0.6908635484205274,2.940334093176518,1000
catboost_a,AMD,wf_2025,5.0,10,0.09090909090909091,0.14285714285714285,161,23,0.6764705882352942,22,22,0,22,0,0.5882352941176471,0.058823529411764705,34,2025-01-10,2025-08-30,True,590.260696703472,0.125,-52.72314134108474,859.131831594298,-65.74531387980727,0.0,1.7697222222222218,1000,-32.88572921038599,89.8906482537711,1000,268.63571072753393,940.1093463242138,1000,0.0,4.216305688596876,1000
catboost_a,KGS,oot,5.0,10,0.2222222222222222,0.22268907563025211,238,53,1.0,32,27,5,27,5,0.6792452830188679,0.07547169811320754,53,2025-09-02,2026-09-02,True,591.2836916388594,0.25222222222222224,20.11248053498784,606.919600934051,19.32770488532321,0.0,1.8967351055806936,1000,-89.89274325329625,87.89727844446283,1000,389.1043246385029,630.0116245600651,1000,0.0,1.0633909263852823,1000
catboost_a,KGS,wf_2022,5.0,10,,0.20647773279352227,247,51,1.0,0,0,0,0,0,1.0,0.0,51,2022-01-11,2022-12-31,True,,,,,,,,0,,,0,,,0,,,0
catboost_a,KGS,wf_2023,5.0,10,0.3333333333333333,0.29959514170040485,247,74,1.4509803921568627,6,6,0,6,0,0.8823529411764706,0.0,51,2023-01-10,2023-12-30,True,245.7534027550326,0.20833333333333331,-15.727773304328961,466.83776578624116,-17.10410404210919,0.0,3.166666666666667,972,5.119804689944615,278.01461104188354,972,0.0,481.6896121531955,972,0.307390705611983,2.495298660353786,910
catboost_a,KGS,wf_2024,5.0,10,0.21333333333333335,0.29435483870967744,248,73,1.4313725490196079,75,75,0,75,0,0.49019607843137253,0.2549019607843137,51,2024-01-10,2024-12-29,True,639.2736595501556,0.18273333333333333,-1.3513077192997656,717.0011690992759,12.594948197936295,0.26597361647361645,1.124746011552866,1000,-17.609720677740416,42.76738539268545,1000,269.18703797412957,812.0986469953051,1000,0.621290237141032,2.474673424809608,1000
catboost_a,KGS,wf_2025,5.0,10,0.045454545454545456,0.12422360248447205,161,20,0.5882352941176471,22,22,0,22,0,0.5294117647058824,0.029411764705882353,34,2025-01-10,2025-08-30,True,783.2317983162734,0.12499999999999999,-48.315790170608196,952.8119403838489,-74.61696546804316,0.0,0.33271392906336084,1000,-24.616996225794633,45.7212872518824,1000,343.7995303946306,1033.0189147102287,1000,0.0,0.2598840459750642,999
catboost_a,KZT,oot,5.0,10,0.22641509433962265,0.27310924369747897,238,65,1.2264150943396226,53,53,0,53,0,0.6037735849056604,0.1509433962264151,53,2025-09-02,2026-09-02,True,681.2737883168189,0.23056603773584905,38.36258655071635,734.9703007548632,39.06921176447122,0.3974358974358974,1.4377803203661326,1000,-89.98221662287912,37.562193803140495,1000,347.4072757283113,788.4689574436953,1000,0.596094025167859,1.6501843558121032,1000
catboost_a,KZT,wf_2022,5.0,10,,0.20647773279352227,247,51,1.0,0,0,0,0,0,1.0,0.0,51,2022-01-11,2022-12-31,True,,,,,,,,0,,,0,,,0,,,0
catboost_a,KZT,wf_2023,5.0,10,0.2222222222222222,0.2834008097165992,247,70,1.3725490196078431,9,9,0,9,0,0.8431372549019608,0.0,51,2023-01-10,2023-12-30,True,146.72314762779814,0.23555555555555557,147.58892760138568,305.9013217835542,119.31811280595655,0.0,2.166857394366197,1000,88.40018970326261,235.90937848307334,1000,68.53201146678867,305.46748927206215,1000,0.0,2.297213166488254,999
catboost_a,KZT,wf_2024,5.0,10,0.13846153846153847,0.2056451612903226,248,51,1.0,65,65,0,65,0,0.5490196078431373,0.23529411764705882,51,2024-01-10,2024-12-29,True,572.047502889399,0.13984615384615384,-20.260647837232543,702.9649479201735,-10.87404058104415,0.2503932178932179,1.0270084697910784,1000,-19.739264088806785,93.41593111711182,1000,338.67792581335874,681.9489079213304,1000,0.6767567157217238,5.656451044788049,1000
catboost_a,KZT,wf_2025,5.0,10,0.038461538461538464,0.09937888198757763,161,16,0.47058823529411764,26,26,0,26,0,0.5294117647058824,0.08823529411764706,34,2025-01-10,2025-08-30,True,823.6199317525328,0.08365384615384615,-27.58103926144828,1006.4183459162249,-49.30903915444928,0.0,1.4641993006993002,1000,-52.31298594669655,55.89549643678929,1000,339.4582921255495,1041.777647152471,1000,0.0,1.4635087553935793,1000
catboost_a,TJS,oot,5.0,10,0.41304347826086957,0.226890756302521,238,54,1.0188679245283019,47,46,1,46,1,0.5471698113207547,0.11320754716981132,53,2025-09-02,2026-09-02,True,580.976416410321,0.40945652173913044,86.6934186551622,565.6915213966226,87.42098322280364,0.804719540328093,2.4112229437229433,1000,-74.54311534008578,62.82055052812131,1000,340.58859197885056,710.1687762173548,1000,0.46681262352480923,1.130841125588896,1000
catboost_a,TJS,wf_2022,5.0,10,,0.23076923076923078,247,57,1.1176470588235294,0,0,0,0,0,1.0,0.0,51,2022-01-11,2022-12-31,True,,,,,,,,0,,,0,,,0,,,0
catboost_a,TJS,wf_2023,5.0,10,0.16666666666666666,0.2793522267206478,247,69,1.3529411764705883,6,6,0,6,0,0.8823529411764706,0.0,51,2023-01-10,2023-12-30,True,256.95606990103806,0.1725,-21.32140518437812,495.11458916358794,-17.79979111229753,0.0,3.2933333333333334,970,2.1210148826277058,297.0794480989869,970,0.0,489.01604395306776,970,0.0,2.261960482871402,908
catboost_a,TJS,wf_2024,5.0,10,0.3181818181818182,0.29435483870967744,248,73,1.4313725490196079,66,66,0,66,0,0.5686274509803921,0.2549019607843137,51,2024-01-10,2024-12-29,True,688.1821064619347,0.2621212121212121,15.426300180589163,748.001333638819,28.74630988220979,0.6544731094731094,1.5299730974755852,1000,3.514470705444842,89.98846497567479,1000,226.59272700793986,764.3914649765837,1000,0.9613314477747259,2.438352371016279,1000
catboost_a,TJS,wf_2025,5.0,10,0.18518518518518517,0.2360248447204969,161,38,1.1176470588235294,27,27,0,27,0,0.5588235294117647,0.08823529411764706,34,2025-01-10,2025-08-30,True,802.8822799298592,0.22574074074074071,-15.123290500321833,979.6558434606887,-22.59924576338291,0.1507760321797207,1.3155214672075726,1000,-47.13723567009718,53.70120200480319,1000,317.2520322263173,1043.488630942917,1000,0.13837121928324167,1.7913007880808927,1000
catboost_a,UZS,oot,5.0,10,0.18181818181818182,0.2647058823529412,238,63,1.1886792452830188,39,33,6,33,6,0.6415094339622641,0.09433962264150944,53,2025-09-02,2026-09-02,True,546.5347682419406,0.23469696969696963,19.295243312038462,586.4863671013557,5.22423769810578,0.0,1.3779487179487178,1000,-96.2191116692246,54.012227076951476,1000,401.3845457225251,653.6539535137042,1000,0.0,1.0679205995407566,1000
catboost_a,UZS,wf_2022,5.0,10,,0.20647773279352227,247,51,1.0,0,0,0,0,0,1.0,0.0,51,2022-01-11,2022-12-31,True,,,,,,,,0,,,0,,,0,,,0
catboost_a,UZS,wf_2023,5.0,10,0.14285714285714285,0.30364372469635625,247,75,1.4705882352941178,7,7,0,7,0,0.8627450980392157,0.0,51,2023-01-10,2023-12-30,True,285.4809175619533,0.27571428571428563,-1.8201460050168905,510.21791350404385,-8.769469536410282,0.0,2.205357142857143,994,26.278969919270487,306.00521570670907,994,20.762678089782938,527.9873184728601,994,0.0,1.771766877132535,980
catboost_a,UZS,wf_2024,5.0,10,0.2222222222222222,0.2620967741935484,248,65,1.2745098039215685,63,63,0,63,0,0.6078431372549019,0.2549019607843137,51,2024-01-10,2024-12-29,True,706.5252643137021,0.19849206349206347,-4.935381762775365,692.6069338596681,-2.8145644867986936,0.3996216347445195,1.3336885667523963,1000,-26.525514560481916,38.167187112223324,1000,295.2336606245083,789.5460713718116,1000,0.38023315577017147,1.6095029271095123,1000
catboost_a,UZS,wf_2025,5.0,10,0.09090909090909091,0.09937888198757763,161,16,0.47058823529411764,22,22,0,22,0,0.5294117647058824,0.029411764705882353,34,2025-01-10,2025-08-30,True,773.7977281574774,0.1084090909090909,-32.66790418791387,1007.1011993093106,-50.46456144847666,0.0,2.9495370370370364,1000,-18.686902656115986,93.499272949865,1000,192.90415190100552,1050.8687759952284,1000,0.0,6.045082032261353,1000
catboost_abc,AMD,oot,5.0,10,0.25,0.23529411764705882,238,56,1.0566037735849056,20,20,0,20,0,0.8113207547169812,0.05660377358490566,53,2025-09-02,2026-09-02,True,447.60595013740186,0.2775,64.9512441735233,553.4815965304243,59.95150227281465,0.0,2.541859548901801,1000,-53.33916296724327,77.31779642513655,1000,147.37252276780578,564.9611823028722,1000,0.0,1.9325444087630448,999
catboost_abc,AMD,wf_2022,5.0,10,0.16666666666666666,0.2388663967611336,247,59,1.1568627450980393,6,6,0,6,0,0.9215686274509803,0.0,51,2022-01-11,2022-12-31,True,505.8505459419025,0.105,46.86100710509525,648.2949490493133,25.687034980355445,0.0,4.975285714285716,947,-21.292695613978424,381.83689808989783,947,0.0,613.9395589436414,947,0.0,14.210053151836618,865
catboost_abc,AMD,wf_2023,5.0,10,0.125,0.31983805668016196,247,79,1.5490196078431373,16,16,0,16,0,0.8627450980392157,0.058823529411764705,51,2023-01-10,2023-12-30,True,664.9492662870897,0.125,-58.20460455626653,746.0783814605154,-44.141325720241795,0.0,2.2316441441441426,994,-86.69909283852819,188.37344434465496,994,44.98402291599923,749.0937970920064,994,0.0,2.2296344717374144,736
catboost_abc,AMD,wf_2024,5.0,10,,0.2903225806451613,248,72,1.411764705882353,0,0,0,0,0,1.0,0.0,51,2024-01-10,2024-12-29,True,,,,,,,,0,,,0,,,0,,,0
catboost_abc,AMD,wf_2025,5.0,10,0.0,0.14285714285714285,161,23,0.6764705882352942,1,1,0,1,0,0.9705882352941176,0.0,34,2025-01-10,2025-08-30,True,37.58537795246042,0.42,149.05633392777577,25.953466631055655,131.76426982950406,0.0,0.0,161,42.20781277860741,42.20781277860741,161,37.58537795246042,37.58537795246042,161,0.0,0.0,60
catboost_abc,KGS,oot,5.0,10,0.38095238095238093,0.22268907563025211,238,53,1.0,24,21,3,21,3,0.7547169811320755,0.07547169811320754,53,2025-09-02,2026-09-02,True,324.7209008195813,0.39523809523809517,113.40885973864813,555.029148433399,135.236606675681,0.528968253968254,3.040559557156195,1000,-37.270998182277594,89.54195934651726,1000,228.92952237741682,585.1542739666215,1000,0.3049837031553986,4.410378087676916,999
catboost_abc,KGS,wf_2022,5.0,10,0.15384615384615385,0.20647773279352227,247,51,1.0,13,13,0,13,0,0.8823529411764706,0.058823529411764705,51,2022-01-11,2022-12-31,True,1431.5509578632718,0.15923076923076926,-182.93577340463708,1949.7385761461053,-125.84364290410461,0.0,2.4385584677419345,998,-30.009809182894006,274.9514320099459,998,196.8182481144898,1976.3295014832781,998,0.0,3.6433217692686224,935
catboost_abc,KGS,wf_2023,5.0,10,0.32142857142857145,0.29959514170040485,247,74,1.4509803921568627,28,28,0,28,0,0.7450980392156863,0.0784313725490196,51,2023-01-10,2023-12-30,True,423.21866570249966,0.3069642857142857,70.75565687425058,560.2038590174299,103.54346140869987,0.3631362299465241,2.287181786216596,1000,-10.7417018183547,165.12911084872235,1000,80.74420309779117,499.7987353446209,1000,0.6435786406101502,5.20872859478735,995
catboost_abc,KGS,wf_2024,5.0,10,1.0,0.29435483870967744,248,73,1.4313725490196079,1,1,0,1,0,0.9803921568627451,0.0,51,2024-01-10,2024-12-29,True,0.0,0.26,16.436945847909737,262.85963416289087,315.88463419747194,2.610526315789474,4.769230769230769,591,441.9677171406633,441.9677171406633,591,0.0,0.0,591,33.51579648226976,33.51579648226976,481
catboost_abc,KGS,wf_2025,5.0,10,0.25,0.12422360248447205,161,20,0.5882352941176471,4,4,0,4,0,0.9705882352941176,0.029411764705882353,34,2025-01-10,2025-08-30,True,24.166875197197403,0.405,142.9447008434015,43.26569690903407,122.41722574388103,0.0,2.6078645833333307,259,-29.004442916737982,39.7492876955291,259,47.229445236256495,47.229445236256495,259,0.0,0.5728783854502384,110
catboost_abc,KZT,oot,5.0,10,0.10526315789473684,0.27310924369747897,238,65,1.2264150943396226,19,19,0,19,0,0.8113207547169812,0.03773584905660377,53,2025-09-02,2026-09-02,True,466.85651350078314,0.20289473684210524,62.5543030948461,739.3734518688781,33.8201275130602,0.0,1.2598231292517004,1000,-80.91144458463064,100.68187058882913,1000,327.32264470299646,688.3276163991848,1000,0.0,1.454156911475909,998
catboost_abc,KZT,wf_2022,5.0,10,0.375,0.20647773279352227,247,51,1.0,8,8,0,8,0,0.9019607843137255,0.0196078431372549,51,2022-01-11,2022-12-31,True,1697.90568284167,0.2175,-321.1211840382689,1823.1768007111223,-239.75924401528337,0.0,6.429166666666656,978,-93.84852361206167,327.48259678734735,978,0.0,1760.1696219414187,978,1.2552135426792221,39203.10470449357,883
catboost_abc,KZT,wf_2023,5.0,10,0.5454545454545454,0.2834008097165992,247,70,1.3725490196078431,11,11,0,11,0,0.9019607843137255,0.0392156862745098,51,2023-01-10,2023-12-30,True,124.61262447218814,0.5372727272727272,225.831820840715,355.8830863220647,271.98307337523465,0.0,2.9452979513757596,997,-80.07216384182614,199.86918483080836,997,104.64153033791223,363.80385860553366,997,0.0,4.952173866479333,911
catboost_abc,KZT,wf_2024,5.0,10,,0.2056451612903226,248,51,1.0,0,0,0,0,0,1.0,0.0,51,2024-01-10,2024-12-29,True,,,,,,,,0,,,0,,,0,,,0
catboost_abc,KZT,wf_2025,5.0,10,,0.09937888198757763,161,16,0.47058823529411764,0,0,0,0,0,1.0,0.0,34,2025-01-10,2025-08-30,True,,,,,,,,0,,,0,,,0,,,0
catboost_abc,TJS,oot,5.0,10,0.3170731707317073,0.226890756302521,238,54,1.0188679245283019,42,41,1,41,1,0.6037735849056604,0.11320754716981132,53,2025-09-02,2026-09-02,True,526.2221279945587,0.33036585365853655,69.66981844245919,549.8166084313275,72.07290906375857,0.2550280583613917,2.129698053490819,1000,-51.43227319607007,39.31349713211633,1000,276.97905350850203,710.1687762173548,1000,0.19525190545174517,1.4042394979068673,1000
catboost_abc,TJS,wf_2022,5.0,10,0.1,0.23076923076923078,247,57,1.1176470588235294,10,10,0,10,0,0.8627450980392157,0.0196078431372549,51,2022-01-11,2022-12-31,True,3045.008186866019,0.1255,-535.7752961018878,3926.259308262791,-570.9208591581942,0.0,1.9012337662337653,999,-301.87053662917424,287.48646121788164,999,250.12056380957713,3928.9271325200857,999,0.0,271937.33624339825,944
catboost_abc,TJS,wf_2023,5.0,10,0.25,0.2793522267206478,247,69,1.3529411764705883,12,12,0,12,0,0.8627450980392157,0.0196078431372549,51,2023-01-10,2023-12-30,True,407.3833818710706,0.24666666666666667,67.8157978843724,610.2350931037499,68.80388968061017,0.0,2.7354463893766456,990,-74.57597907700134,157.54789889947443,990,45.686717043884606,455.72448122825904,990,0.0,4.13403059576937,886
catboost_abc,TJS,wf_2024,5.0,10,,0.29435483870967744,248,73,1.4313725490196079,0,0,0,0,0,1.0,0.0,51,2024-01-10,2024-12-29,True,,,,,,,,0,,,0,,,0,,,0
catboost_abc,TJS,wf_2025,5.0,10,0.3333333333333333,0.2360248447204969,161,38,1.1176470588235294,6,6,0,6,0,0.9117647058823529,0.0,34,2025-01-10,2025-08-30,True,139.4105188060375,0.3366666666666667,93.37659896300846,325.5776378904621,97.90133780729053,0.0,4.24829302987198,877,-143.59106462019045,245.04993975770662,877,0.0,338.0069587768664,877,0.0,4.350235494907264,752
catboost_abc,UZS,oot,5.0,10,0.3,0.2647058823529412,238,63,1.1886792452830188,24,20,4,20,4,0.7924528301886793,0.07547169811320754,53,2025-09-02,2026-09-02,True,431.90875585822704,0.31199999999999994,74.37221967904168,524.1784850579334,48.53831367571611,0.0,2.1692547695770035,1000,-148.16783385301002,47.23783180225474,1000,401.3845457225251,524.1784850579334,1000,0.0,1.7486676163484596,996
catboost_abc,UZS,wf_2022,5.0,10,0.2222222222222222,0.20647773279352227,247,51,1.0,9,9,0,9,0,0.9019607843137255,0.0196078431372549,51,2022-01-11,2022-12-31,True,2557.138487554809,0.16166666666666668,-574.0444940853453,3323.883305181321,-536.0534526678865,0.0,3.7467424242424205,998,-131.72906382463955,221.248964486635,998,67.29436229205189,3094.6770178327674,998,0.0,89685.53204313394,973
catboost_abc,UZS,wf_2023,5.0,10,0.21739130434782608,0.30364372469635625,247,75,1.4705882352941178,23,23,0,23,0,0.803921568627451,0.0784313725490196,51,2023-01-10,2023-12-30,True,540.5889387821402,0.1984782608695652,30.033999343862078,600.6021348424597,28.624597141764298,0.0,2.1955555555555555,1000,-79.51359462336005,103.56574564361252,1000,99.40539021741745,651.4464835359602,1000,0.07594540176962812,1.8510315722159312,955
catboost_abc,UZS,wf_2024,5.0,10,1.0,0.2620967741935484,248,65,1.2745098039215685,1,1,0,1,0,0.9803921568627451,0.0,51,2024-01-10,2024-12-29,True,0.0,0.21,-7.187726611132014,301.70217197717125,303.28626974796435,2.818181818181818,5.767441860465116,602,436.91197430232086,436.91197430232086,602,0.0,0.0,602,52.37021082446592,52.37021082446592,490
catboost_abc,UZS,wf_2025,5.0,10,0.0,0.09937888198757763,161,16,0.47058823529411764,2,2,0,2,0,0.9705882352941176,0.0,34,2025-01-10,2025-08-30,True,156.93952389823738,0.2325,118.23578011858332,137.37639070167808,-32.216652157754936,0.0,0.0,245,-116.16121946476099,-112.30342633674894,245,145.73621729116138,168.1428305053134,245,0.0,0.0,59
catboost_a,AMD,wf_oos,5.0,10,0.18681318681318682,0.2652439024390244,656,174,1.2608695652173914,91,91,0,91,0,0.6956521739130435,0.10144927536231885,138,2023-01-10,2025-08-30,True,821.1735645927849,0.16642857142857145,-14.033004251533885,820.2470634075714,-5.674312684685499,0.3650646395918744,1.1863565562079723,1000,5.991820026196023,91.94696811271032,1000,495.6793503357622,931.6177106454115,1000,0.6469214405240951,2.6254242079768084,1000
catboost_a,KGS,wf_oos,5.0,10,0.18446601941747573,0.2545731707317073,656,167,1.210144927536232,103,103,0,103,0,0.6521739130434783,0.10144927536231885,138,2023-01-10,2025-08-30,False,,0.1731067961165048,-11.169530266197185,837.5727981230436,-7.762881065091091,0.3207237816263651,1.1550513928173238,1000,-2.289942070609787,58.87386339879094,1000,519.3982469568723,997.4673548021319,1000,0.5073591757724772,1.8060410783266077,1000
catboost_a,KZT,wf_oos,5.0,10,0.12,0.20884146341463414,656,137,0.9927536231884058,100,100,0,100,0,0.6594202898550725,0.10869565217391304,138,2023-01-10,2025-08-30,False,,0.13115,-7.745269903217761,903.5073978231673,-9.14984640529942,0.3240079051383399,0.9352808062668602,1000,5.341958412596883,80.76011168101645,1000,430.8545165916203,1029.4702939681733,1000,0.47751300875329433,2.504543787323762,1000
catboost_a,TJS,wf_oos,5.0,10,0.2727272727272727,0.27439024390243905,656,180,1.3043478260869565,99,99,0,99,0,0.6884057971014492,0.11594202898550725,138,2023-01-10,2025-08-30,True,910.7615019004363,0.25176767676767675,6.449624843623703,878.7475998457722,11.922000706471941,0.5920889859872911,1.3773015628545384,1000,4.878896554995597,81.74104238574004,1000,514.9443718885021,1027.3273743090342,1000,0.5676241376885354,1.8307816339064944,1000
catboost_a,UZS,wf_oos,5.0,10,0.18478260869565216,0.23780487804878048,656,156,1.1304347826086956,92,92,0,92,0,0.6884057971014492,0.10144927536231885,138,2023-01-10,2025-08-30,True,930.8152154239484,0.18032608695652172,-11.53262553307888,886.6588152937601,-14.662219579235607,0.4045976520620071,1.2386964162453455,1000,3.4955386641050996,68.88151443959575,1000,577.7674541272339,1044.8736578477674,1000,0.4644108738827651,1.524781386860223,1000
catboost_abc,AMD,wf_oos,5.0,10,0.11764705882352941,0.2652439024390244,656,174,1.2608695652173914,17,17,0,17,0,0.9420289855072463,0.021739130434782608,138,2023-01-10,2025-08-30,True,664.9492662870897,0.1438235294117647,-47.615929785044045,745.8350303425256,-33.79393774672733,0.0,2.4821108942384136,994,-136.37434944936732,160.16027544174915,994,44.98402291599923,749.0937970920064,994,0.0,2.105450723159561,741
catboost_abc,KGS,wf_oos,5.0,10,0.3333333333333333,0.2545731707317073,656,167,1.210144927536232,33,33,0,33,0,0.8913043478260869,0.036231884057971016,138,2023-01-10,2025-08-30,True,423.21866570249966,0.3162121212121213,77.45178519443083,561.0185801352677,112.26577141262402,0.4738030241985216,2.635138731216659,1000,-28.75425162595245,145.7964581003271,1000,84.88316730697498,499.7987353446209,1000,0.7492775551794729,5.970161690185826,993
catboost_abc,KZT,wf_oos,5.0,10,0.5454545454545454,0.20884146341463414,656,137,0.9927536231884058,11,11,0,11,0,0.9637681159420289,0.014492753623188406,138,2023-01-10,2025-08-30,True,124.61262447218814,0.5399999999999999,229.0535693405074,340.2183405651657,271.98307337523465,0.0,3.961374990212198,989,-87.37431054016142,204.97425637691907,989,21.590043180086393,363.80385860553366,989,0.013605200204547736,4.320464905547896,924
catboost_abc,TJS,wf_oos,5.0,10,0.2777777777777778,0.27439024390243905,656,180,1.3043478260869565,18,18,0,18,0,0.927536231884058,0.007246376811594203,138,2023-01-10,2025-08-30,True,416.9765409989803,0.2702777777777778,75.39167568841164,604.9056562478833,78.50303905617028,0.0,1.9044165794714278,998,-120.39092027299247,94.19778426576903,998,338.0069587768664,455.72448122825904,998,0.0,3.345396322629065,977
catboost_abc,UZS,wf_oos,5.0,10,0.23076923076923078,0.23780487804878048,656,156,1.1304347826086956,26,26,0,26,0,0.9130434782608695,0.028985507246376812,138,2023-01-10,2025-08-30,True,540.5889387821402,0.19750000000000004,36.194013420638264,596.8512987012546,34.50841152665512,0.0,2.742730247779336,1000,-109.78295978819162,106.78571327742145,1000,167.86274784013654,651.4464835359602,1000,0.4194401539905103,4.9944302126901645,965
catboost_a,AMD,oot,5.0,20,0.1111111111111111,0.18421052631578946,228,42,0.7924528301886793,36,36,0,36,0,0.660377358490566,0.1320754716981132,53,2025-09-02,2026-09-02,True,571.9870732514529,0.1373611111111111,-3.597556545087946,579.7280337345796,-21.592882523512916,0.0,1.8738500797448168,1000,-82.61573496757467,83.03419658027528,1000,308.6617287399296,597.7002567674527,1000,0.0,0.9340660546189022,1000
catboost_a,AMD,wf_2022,5.0,20,0.0,0.1700404858299595,247,42,0.8235294117647058,2,2,0,2,0,0.9607843137254902,0.0,51,2022-01-11,2022-12-31,True,1493.7996845804669,0.0,-209.19745557228583,1458.5427457510398,-467.11378356035505,0.0,0.0,724,92.3880895257323,462.11163987843304,724,1183.5437464475262,1804.0556227134075,724,,,0
catboost_a,AMD,wf_2023,5.0,20,0.14285714285714285,0.291497975708502,247,72,1.411764705882353,7,7,0,7,0,0.8627450980392157,0.0,51,2023-01-10,2023-12-30,True,464.3721194825354,0.1614285714285714,-34.926058821002826,677.5528275872721,-21.83451567229147,0.0,2.4319701873099953,987,79.77430116102101,380.97639082204677,987,0.6824333885629996,649.8593536682584,987,0.0,2.692232658062654,920
catboost_a,AMD,wf_2024,5.0,20,0.14516129032258066,0.21370967741935484,248,53,1.0392156862745099,62,62,0,62,0,0.5882352941176471,0.23529411764705882,51,2024-01-10,2024-12-29,True,906.8147723157814,0.12669354838709676,-24.56988386192782,936.6993547810633,-6.645511633143411,0.22955927484096494,1.4277719354350054,1000,-23.865445696115124,98.28527804463137,1000,450.04747743417374,951.0042748105957,1000,0.9376814532867653,2.705061791594947,1000
catboost_a,AMD,wf_2025,5.0,20,0.0,0.09316770186335403,161,15,0.4411764705882353,22,22,0,22,0,0.5882352941176471,0.058823529411764705,34,2025-01-10,2025-08-30,True,1026.6149407620321,0.016136363636363636,-146.98942299824867,1226.9563122799061,-153.2258679650005,0.0,0.0,998,7.533410651091454,91.0110845469087,1000,372.567155560124,1171.7674636236031,1000,0.0,0.0,928
catboost_a,KGS,oot,5.0,20,0.14814814814814814,0.16666666666666666,228,38,0.7169811320754716,32,27,5,27,5,0.6792452830188679,0.07547169811320754,53,2025-09-02,2026-09-02,True,989.9012103235276,0.1872222222222222,-34.75514058381966,1220.906039176303,-44.85578748587004,0.0,2.1691849935620167,1000,-155.83907676976844,129.4444236075346,1000,389.1043246385029,1276.7169272685842,1000,0.0,0.9806878292446944,998
catboost_a,KGS,wf_2022,5.0,20,,0.1659919028340081,247,41,0.803921568627451,0,0,0,0,0,1.0,0.0,51,2022-01-11,2022-12-31,True,,,,,,,,0,,,0,,,0,,,0
catboost_a,KGS,wf_2023,5.0,20,0.3333333333333333,0.2591093117408907,247,64,1.2549019607843137,6,6,0,6,0,0.8823529411764706,0.0,51,2023-01-10,2023-12-30,True,351.76469873196095,0.215,-23.501649919582725,627.1553514304175,-20.248343647056675,0.0,3.949091141833073,983,67.62737369562295,398.29955524377067,983,0.0,610.7816700668756,983,0.5077027262221874,4.493105477831671,922
catboost_a,KGS,wf_2024,5.0,20,0.12,0.20967741935483872,248,52,1.0196078431372548,75,75,0,75,0,0.49019607843137253,0.2549019607843137,51,2024-01-10,2024-12-29,True,806.6469023313587,0.11539999999999999,19.567232631096125,819.1264085873103,34.48602173920729,0.19563963480128896,1.0065344208636893,1000,-34.10132361504514,49.84441963945937,1000,359.3396282997192,833.3879212159485,1000,0.7178218518423539,2.1550893544893057,1000
catboost_a,KGS,wf_2025,5.0,20,0.045454545454545456,0.09937888198757763,161,16,0.47058823529411764,22,22,0,22,0,0.5294117647058824,0.029411764705882353,34,2025-01-10,2025-08-30,True,1144.761025247891,0.0968181818181818,-111.3157296736163,1377.1115909319801,-130.47308123296457,0.0,0.43328877005347577,985,-1.8863538857510485,79.34628430816166,1000,424.3543448862264,1320.693269827702,1000,0.0,0.7127991148389471,947
catboost_a,KZT,oot,5.0,20,0.16981132075471697,0.21052631578947367,228,48,0.9056603773584906,53,53,0,53,0,0.6037735849056604,0.1509433962264151,53,2025-09-02,2026-09-02,True,1130.7810990343353,0.180188679245283,22.86433388706725,1155.0241207926595,19.05825228513902,0.4110781222454017,1.2926791487068967,1000,-130.94585142981757,83.02885287612986,1000,362.1942235962099,1196.7430540363155,1000,0.7043841659469331,1.4444036559314355,1000
catboost_a,KZT,wf_2022,5.0,20,,0.145748987854251,247,36,0.7058823529411765,0,0,0,0,0,1.0,0.0,51,2022-01-11,2022-12-31,True,,,,,,,,0,,,0,,,0,,,0
catboost_a,KZT,wf_2023,5.0,20,0.2222222222222222,0.22267206477732793,247,55,1.0784313725490196,9,9,0,9,0,0.8431372549019608,0.0,51,2023-01-10,2023-12-30,True,319.99619875685823,0.15833333333333333,158.73046703991815,437.87416146933253,144.84351412965987,0.0,3.1190258563899866,1000,146.15838852055947,266.24018434027965,1000,157.0547389086152,454.97854868002065,1000,0.0,3.3485084547583694,998
catboost_a,KZT,wf_2024,5.0,20,0.1076923076923077,0.1532258064516129,248,38,0.7450980392156863,65,65,0,65,0,0.5490196078431373,0.23529411764705882,51,2024-01-10,2024-12-29,True,985.6394696393806,0.11076923076923077,-36.72481738042439,1131.0931613275204,-24.76145838051071,0.28645306075646637,1.174410173160173,1000,-55.417018218197214,58.21661392718484,1000,446.34862211235964,1314.7174078118162,1000,0.46419872908555276,5.577949618030135,999
catboost_a,KZT,wf_2025,5.0,20,0.0,0.049689440993788817,161,8,0.23529411764705882,26,26,0,26,0,0.5294117647058824,0.08823529411764706,34,2025-01-10,2025-08-30,True,986.7835645962987,0.03596153846153846,-66.70845848044435,1088.9421509910724,-83.77547896483155,0.0,0.0,961,-24.721889836913764,90.47356123484937,1000,467.55095776432444,1061.6982138256303,1000,0.0,0.0,961
catboost_a,TJS,oot,5.0,20,0.2826086956521739,0.16666666666666666,228,38,0.7169811320754716,47,46,1,46,1,0.5471698113207547,0.11320754716981132,53,2025-09-02,2026-09-02,True,981.369650497629,0.3092391304347826,50.81827225336041,1062.534647620035,45.39414710181637,0.4333255633255633,2.488309178743961,1000,-123.125675200016,80.2372008925773,1000,476.13221662355284,1129.1458964841383,1000,0.4558560761667198,1.4072852269483285,1000
catboost_a,TJS,wf_2022,5.0,20,,0.1902834008097166,247,47,0.9215686274509803,0,0,0,0,0,1.0,0.0,51,2022-01-11,2022-12-31,True,,,,,,,,0,,,0,,,0,,,0
catboost_a,TJS,wf_2023,5.0,20,0.16666666666666666,0.23076923076923078,247,57,1.1176470588235294,6,6,0,6,0,0.8823529411764706,0.0,51,2023-01-10,2023-12-30,True,375.42772198023005,0.18416666666666665,-25.549301424333326,652.8506014155807,-22.552608084182214,0.0,4.116666666666667,972,43.9553626045841,420.51376643391427,972,0.0,640.9117138630327,972,0.0,2.4944848194291183,915
catboost_a,TJS,wf_2024,5.0,20,0.19696969696969696,0.18548387096774194,248,46,0.9019607843137255,66,66,0,66,0,0.5686274509803921,0.2549019607843137,51,2024-01-10,2024-12-29,True,776.2132224605609,0.1899242424242424,26.12791725159296,806.1171899571896,37.462607411910575,0.4341584885702533,1.8551724137931034,1000,0.8389778443400868,79.01498839529457,1000,373.8493557333137,816.5187973730008,1000,0.8613844839701347,2.0371792037396808,1000
catboost_a,TJS,wf_2025,5.0,20,0.14814814814814814,0.18012422360248448,161,29,0.8529411764705882,27,27,0,27,0,0.5588235294117647,0.08823529411764706,34,2025-01-10,2025-08-30,True,1162.3040635446782,0.17907407407407405,-35.45319602978205,1382.8111669873645,-41.69755714756298,0.0,1.2461300309597523,1000,-36.40158035028958,97.10032159811102,1000,317.2520322263173,1322.7483576135658,1000,0.0,3.042243152404645,999
catboost_a,UZS,oot,5.0,20,0.15151515151515152,0.21052631578947367,228,48,0.9056603773584906,39,33,6,33,6,0.6415094339622641,0.09433962264150944,53,2025-09-02,2026-09-02,True,1002.6078090038402,0.1737878787878788,-37.53127329653327,1219.1389280916155,-58.8541587989523,0.0,1.480811403508772,1000,-182.45960750131604,99.92329894705027,1000,601.7447870400122,1274.934741501812,1000,0.0,1.4748481336866752,1000
catboost_a,UZS,wf_2022,5.0,20,,0.15384615384615385,247,38,0.7450980392156863,0,0,0,0,0,1.0,0.0,51,2022-01-11,2022-12-31,True,,,,,,,,0,,,0,,,0,,,0
catboost_a,UZS,wf_2023,5.0,20,0.14285714285714285,0.22267206477732793,247,55,1.0784313725490196,7,7,0,7,0,0.8627450980392157,0.0,51,2023-01-10,2023-12-30,True,401.81637756400994,0.17714285714285713,-17.675911551549817,717.5439601511799,-12.39530763242585,0.0,3.256499999999999,995,73.65220956422881,394.7728958317024,995,14.383215122446558,719.5702139848125,995,0.0,2.7184638296995063,973
catboost_a,UZS,wf_2024,5.0,20,0.06349206349206349,0.1814516129032258,248,45,0.8823529411764706,63,63,0,63,0,0.6078431372549019,0.2549019607843137,51,2024-01-10,2024-12-29,True,761.4067582138641,0.09412698412698413,-28.90391079240831,751.3106133589035,-28.411964223564528,0.0,0.9001990060059692,1000,-77.34149677044003,21.627829907717576,1000,459.7468243018649,864.8941617298922,1000,0.0,1.0428126204932213,995
catboost_a,UZS,wf_2025,5.0,20,0.045454545454545456,0.07453416149068323,161,12,0.35294117647058826,22,22,0,22,0,0.5294117647058824,0.029411764705882353,34,2025-01-10,2025-08-30,True,1147.7628234034962,0.07204545454545454,-71.55416243412027,1312.9550772465882,-76.21785075016648,0.0,2.311838079683473,998,15.062790349474412,127.89021102885822,1000,282.784368232214,1253.020910732945,1000,0.0,5.7977840741287405,994
catboost_abc,AMD,oot,5.0,20,0.25,0.18421052631578946,228,42,0.7924528301886793,20,20,0,20,0,0.8113207547169812,0.05660377358490566,53,2025-09-02,2026-09-02,True,571.9870732514529,0.27349999999999997,57.15419864019882,587.2046914702303,38.080996422152964,0.0,3.3335016835016833,1000,-65.2139920937648,154.46678569887663,1000,252.78378012523862,597.7002567674527,1000,0.0,1.2886056066109195,990
catboost_abc,AMD,wf_2022,5.0,20,0.16666666666666666,0.1700404858299595,247,42,0.8235294117647058,6,6,0,6,0,0.9215686274509803,0.0,51,2022-01-11,2022-12-31,True,606.7590466619235,0.10166666666666666,528.557301989732,850.9323581839897,531.8062623491106,0.0,7.264705882352941,951,82.98434767516909,1229.5135620691644,951,0.0,867.2178167707112,951,0.0,31.72894700180696,885
catboost_abc,AMD,wf_2023,5.0,20,0.125,0.291497975708502,247,72,1.411764705882353,16,16,0,16,0,0.8627450980392157,0.058823529411764705,51,2023-01-10,2023-12-30,True,733.56616299434,0.125,-40.01465648703361,757.7228342768715,-37.21994386866163,0.0,2.6157071783937456,997,-194.92128046042768,130.4805933398112,997,40.12368021013124,749.0937970920064,997,0.0,6.595139842489726,744
catboost_abc,AMD,wf_2024,5.0,20,,0.21370967741935484,248,53,1.0392156862745099,0,0,0,0,0,1.0,0.0,51,2024-01-10,2024-12-29,True,,,,,,,,0,,,0,,,0,,,0
catboost_abc,AMD,wf_2025,5.0,20,0.0,0.09316770186335403,161,15,0.4411764705882353,1,1,0,1,0,0.9705882352941176,0.0,34,2025-01-10,2025-08-30,True,37.58537795246042,0.38,266.6642563660592,26.724968519864124,258.8408317652191,0.0,0.0,165,96.41172137330179,96.41172137330179,165,37.58537795246042,37.58537795246042,165,0.0,0.0,67
catboost_abc,KGS,oot,5.0,20,0.2857142857142857,0.16666666666666666,228,38,0.7169811320754716,24,21,3,21,3,0.7547169811320755,0.07547169811320754,53,2025-09-02,2026-09-02,True,762.4951290075153,0.31738095238095243,100.24246417320006,1116.8778216885337,106.35345248207052,0.3456818181818187,3.9317460317460315,1000,-92.25051472773576,192.16612201064405,1000,244.68476337141442,1048.88203869276,1000,0.29104407121018305,4.8971239982847825,997
catboost_abc,KGS,wf_2022,5.0,20,0.15384615384615385,0.1659919028340081,247,41,0.803921568627451,13,13,0,13,0,0.8823529411764706,0.058823529411764705,51,2022-01-11,2022-12-31,True,2340.819888219649,0.14846153846153848,-13.541532113701285,3604.9094154903573,62.48347317838792,0.0,3.430555555555556,998,-322.7989190948092,660.1858345933259,998,330.90072698205296,3399.500342926185,998,0.0,13.279172943520468,939
catboost_abc,KGS,wf_2023,5.0,20,0.32142857142857145,0.2591093117408907,247,64,1.2549019607843137,28,28,0,28,0,0.7450980392156863,0.0784313725490196,51,2023-01-10,2023-12-30,True,728.7407472175507,0.27875,128.78362738891855,769.1728296464171,155.02321232939062,0.507477025117987,2.7186479591836696,998,-103.69293019831426,145.09852870314108,998,38.099470453399235,737.380895952362,998,0.7708114133476411,8.645684137819245,990
catboost_abc,KGS,wf_2024,5.0,20,0.0,0.20967741935483872,248,52,1.0196078431372548,1,1,0,1,0,0.9803921568627451,0.0,51,2024-01-10,2024-12-29,True,37.78812348211646,0.0,-10.284197455538845,285.63569092646526,240.5929005659968,0.0,0.0,577,285.38085150259684,285.38085150259684,577,37.78812348211646,37.78812348211646,577,,,0
catboost_abc,KGS,wf_2025,5.0,20,0.25,0.09937888198757763,161,16,0.47058823529411764,4,4,0,4,0,0.9705882352941176,0.029411764705882353,34,2025-01-10,2025-08-30,True,24.166875197197403,0.4,264.498430202226,42.83485469955338,253.99119312765507,0.0,4.025,240,64.77153494407695,102.31673459341951,240,47.229445236256495,47.229445236256495,240,0.0,0.5941458002405284,101
catboost_abc,KZT,oot,5.0,20,0.10526315789473684,0.21052631578947367,228,48,0.9056603773584906,19,19,0,19,0,0.8113207547169812,0.03773584905660377,53,2025-09-02,2026-09-02,True,987.6966026469112,0.1518421052631579,23.886429897933677,1133.3368655655208,-8.237218408429301,0.0,1.4238188535602323,1000,-96.79295185287047,149.5208331661585,1000,327.32264470299646,1196.7430540363155,1000,0.0,2.7184374754937872,931
catboost_abc,KZT,wf_2022,5.0,20,0.25,0.145748987854251,247,36,0.7058823529411765,8,8,0,8,0,0.9019607843137255,0.0196078431372549,51,2022-01-11,2022-12-31,True,2684.1182456871697,0.14875,-496.1678310037787,3560.760615014896,-439.5721640567176,0.0,6.281874999999993,974,-682.3608641657913,424.87295465169274,974,0.0,2997.094128177147,974,0.8293379435801129,90594.69617105875,583
catboost_abc,KZT,wf_2023,5.0,20,0.36363636363636365,0.22267206477732793,247,55,1.0784313725490196,11,11,0,11,0,0.9019607843137255,0.0392156862745098,51,2023-01-10,2023-12-30,True,205.81856539271604,0.3231818181818182,281.97825944072645,359.87142952839685,312.6180815908875,0.0,3.7441357169253497,998,-114.58012097715823,199.0500893112507,998,146.89595579734595,363.80385860553366,998,0.0,4.047137727218947,818
catboost_abc,KZT,wf_2024,5.0,20,,0.1532258064516129,248,38,0.7450980392156863,0,0,0,0,0,1.0,0.0,51,2024-01-10,2024-12-29,True,,,,,,,,0,,,0,,,0,,,0
catboost_abc,KZT,wf_2025,5.0,20,,0.049689440993788817,161,8,0.23529411764705882,0,0,0,0,0,1.0,0.0,34,2025-01-10,2025-08-30,True,,,,,,,,0,,,0,,,0,,,0
catboost_abc,TJS,oot,5.0,20,0.21951219512195122,0.16666666666666666,228,38,0.7169811320754716,42,41,1,41,1,0.6037735849056604,0.11320754716981132,53,2025-09-02,2026-09-02,True,755.9803071502182,0.25573170731707323,40.92061540792932,952.5214520660769,31.827870706893673,0.267557876905703,1.9605619360131252,1000,-86.54321216747478,95.07939851127264,1000,465.44269253367634,1099.0477750959449,1000,0.3325733553396302,1.700475642229706,1000
catboost_abc,TJS,wf_2022,5.0,20,0.1,0.1902834008097166,247,47,0.9215686274509803,10,10,0,10,0,0.8627450980392157,0.0196078431372549,51,2022-01-11,2022-12-31,True,3999.9957385383905,0.11150000000000002,-568.2980285786194,5487.397983637301,-599.8387674734022,0.0,2.2493710359408,998,-861.7144851482115,612.5702994824321,998,366.7220899672818,4970.850082080691,998,0.0,4224673.514119435,919
catboost_abc,TJS,wf_2023,5.0,20,0.25,0.23076923076923078,247,57,1.1176470588235294,12,12,0,12,0,0.8627450980392157,0.0196078431372549,51,2023-01-10,2023-12-30,True,693.3410231809277,0.24083333333333334,71.96518485155487,789.2852879630113,65.61074532253777,0.0,3.3080357142857144,990,-233.2192713671046,152.36900432959456,990,45.686717043884606,760.202210508909,990,0.0,6.365050149215551,759
catboost_abc,TJS,wf_2024,5.0,20,,0.18548387096774194,248,46,0.9019607843137255,0,0,0,0,0,1.0,0.0,51,2024-01-10,2024-12-29,True,,,,,,,,0,,,0,,,0,,,0
catboost_abc,TJS,wf_2025,5.0,20,0.3333333333333333,0.18012422360248448,161,29,0.8529411764705882,6,6,0,6,0,0.9117647058823529,0.0,34,2025-01-10,2025-08-30,True,139.4105188060375,0.3291666666666667,185.14284468851875,326.9342635811091,169.55651353582604,0.0,3.3541666666666665,891,-154.89038707808544,137.22051451585875,891,32.300273475649455,338.0069587768664,891,0.0,2.4502141789072422,775
catboost_abc,UZS,oot,5.0,20,0.25,0.21052631578947367,228,48,0.9056603773584906,24,20,4,20,4,0.7924528301886793,0.07547169811320754,53,2025-09-02,2026-09-02,True,996.4869810524797,0.2375,-2.6039592551521595,1274.9347415018121,-33.188122566305545,0.0,2.6541741733626396,1000,-288.1212988281523,80.49913807205675,1000,519.2725535205223,1274.934741501812,1000,0.0,1.9953797498531294,993
catboost_abc,UZS,wf_2022,5.0,20,0.2222222222222222,0.15384615384615385,247,38,0.7450980392156863,9,9,0,9,0,0.9019607843137255,0.0196078431372549,51,2022-01-11,2022-12-31,True,4092.1842409669284,0.15833333333333335,-615.8393170334544,5753.222486360448,-541.491027453292,0.0,5.180138888888896,997,-941.0464099713654,949.9584064233856,997,67.29436229205189,4955.931421215462,997,0.0,546868442.7175816,973
catboost_abc,UZS,wf_2023,5.0,20,0.21739130434782608,0.22267206477732793,247,55,1.0784313725490196,23,23,0,23,0,0.803921568627451,0.0784313725490196,51,2023-01-10,2023-12-30,True,777.940444028525,0.20152173913043478,75.90506719296891,821.2455287742914,65.17082238025158,0.0,3.4104454022988473,1000,-184.75015977209108,90.26878879324552,1000,99.40539021741745,790.4070513304262,1000,0.12758404100687087,2.9576195957163542,960
catboost_abc,UZS,wf_2024,5.0,20,0.0,0.1814516129032258,248,45,0.8823529411764706,1,1,0,1,0,0.9803921568627451,0.0,51,2024-01-10,2024-12-29,True,85.87185797724884,0.0,-53.18806749265127,350.12455393143756,213.83423972716642,0.0,0.0,575,264.49833692139936,264.49833692139936,575,85.87185797724884,85.87185797724884,575,,,0
catboost_abc,UZS,wf_2025,5.0,20,0.0,0.07453416149068323,161,12,0.35294117647058826,2,2,0,2,0,0.9705882352941176,0.0,34,2025-01-10,2025-08-30,True,156.93952389823738,0.1975,278.8720769682815,139.32857853187565,174.51660237447598,0.0,0.0,236,-22.210837462061097,-20.072095032536154,236,145.73621729116138,168.1428305053134,236,0.0,0.0,54
catboost_a,AMD,wf_oos,5.0,20,0.10989010989010989,0.21341463414634146,656,140,1.0144927536231885,91,91,0,91,0,0.6956521739130435,0.10144927536231885,138,2023-01-10,2025-08-30,True,1037.4200103811413,0.1006043956043956,-54.24441471020602,1097.6223154467898,-43.25090578231806,0.14661974704202366,1.0476357530822331,1000,1.13220695040768,94.15219018495908,1000,750.4030760801008,1146.6613602492941,1000,0.86453887822138,2.4034164397672435,1000
catboost_a,KGS,wf_oos,5.0,20,0.11650485436893204,0.20121951219512196,656,132,0.9565217391304348,103,103,0,103,0,0.6521739130434783,0.10144927536231885,138,2023-01-10,2025-08-30,False,,0.11577669902912618,-12.732351912654032,1107.535938318779,-3.936371054048688,0.20058163780385438,0.9789926029962546,1000,-3.6010384593964884,67.02333021676854,1000,731.0080936001474,1316.5395028549017,1000,0.5855655145195059,2.179920619607749,1000
catboost_a,KZT,wf_oos,5.0,20,0.09,0.15396341463414634,656,101,0.7318840579710145,100,100,0,100,0,0.6594202898550725,0.10869565217391304,138,2023-01-10,2025-08-30,False,,0.09780000000000001,-26.196750285120416,1152.771925998667,-24.840656206518773,0.2706372829193825,1.1230046262385074,1000,-1.7137096938080802,84.82651374990067,1000,691.3683359384172,1270.1988149806843,1000,0.5619056661113605,2.162602802292544,1000
catboost_a,TJS,wf_oos,5.0,20,0.18181818181818182,0.20121951219512196,656,132,0.9565217391304348,99,99,0,99,0,0.6884057971014492,0.11594202898550725,138,2023-01-10,2025-08-30,True,1162.3040635446782,0.18595959595959596,6.39605769641975,1173.0856546488733,12.23618583532125,0.37242503373481933,1.3962252134896507,1000,12.402052399771568,87.64770132236232,1000,738.6250475123666,1314.555182755138,1000,0.5634876777217948,1.8989889367764345,1000
catboost_a,UZS,wf_oos,5.0,20,0.06521739130434782,0.17073170731707318,656,112,0.8115942028985508,92,92,0,92,0,0.6884057971014492,0.10144927536231885,138,2023-01-10,2025-08-30,True,1147.7628234034962,0.0946195652173913,-38.640913295799464,1148.0161603222386,-38.625148000165304,0.0719278549605119,0.9118489886688552,1000,-14.72279765497308,70.43658156970689,1000,774.5052028560544,1251.340229872902,1000,0.2600784264899752,1.469363125863334,1000
catboost_abc,AMD,wf_oos,5.0,20,0.11764705882352941,0.21341463414634146,656,140,1.0144927536231885,17,17,0,17,0,0.9420289855072463,0.021739130434782608,138,2023-01-10,2025-08-30,True,733.56616299434,0.14,-22.709943234303438,756.4482955239696,-19.804604125492176,0.0,2.7034534161490678,995,-200.9654908903717,88.00260637443895,995,44.98402291599923,749.0937970920064,995,0.0,2.2759548004257004,739
catboost_abc,KGS,wf_oos,5.0,20,0.30303030303030304,0.20121951219512196,656,132,0.9565217391304348,33,33,0,33,0,0.8913043478260869,0.036231884057971016,138,2023-01-10,2025-08-30,True,728.7407472175507,0.2881818181818182,140.83837693006103,769.9912334381863,169.61235206968348,0.40659363647869395,3.108178143740717,1000,-102.53910965389451,128.72522698405015,1000,122.53688937769347,737.380895952362,1000,0.6946608644662854,6.284109510843152,990
catboost_abc,KZT,wf_oos,5.0,20,0.36363636363636365,0.15396341463414634,656,101,0.7318840579710145,11,11,0,11,0,0.9637681159420289,0.014492753623188406,138,2023-01-10,2025-08-30,True,205.81856539271604,0.3363636363636363,283.55605458482273,348.73832157013953,312.6180815908875,0.0,5.407150787356972,995,-102.90510309586847,213.10131973840595,995,21.590043180086393,363.80385860553366,995,0.0,3.3213884511758933,777
catboost_abc,TJS,wf_oos,5.0,20,0.2777777777777778,0.20121951219512196,656,132,0.9565217391304348,18,18,0,18,0,0.927536231884058,0.007246376811594203,138,2023-01-10,2025-08-30,True,693.3410231809277,0.2647222222222222,107.54407798786873,786.055097329989,100.2593347269672,0.0,2.847257547559967,1000,-192.9253465993538,104.05294182378869,1000,338.0069587768664,760.202210508909,1000,0.0,2.836468732142024,918
catboost_abc,UZS,wf_oos,5.0,20,0.19230769230769232,0.17073170731707318,656,112,0.8115942028985508,26,26,0,26,0,0.9130434782608695,0.028985507246376812,138,2023-01-10,2025-08-30,True,777.940444028525,0.19019230769230774,83.39905475412395,821.5311212399939,79.29985997007326,0.0,3.428516319380415,1000,-194.83385103667925,72.10119777014192,1000,294.5661514210163,790.4070513304262,1000,0.0,3.7912352601442905,916
