effective_date,currency,eval_signal,score,threshold,fold,experiment,training_horizon
2022-01-11,AMD,False,0.20742637644046094,0.7,wf_2022,catboost_a,5
2022-01-12,AMD,False,0.20742637644046094,0.7,wf_2022,catboost_a,5
2022-01-13,AMD,False,0.20742637644046094,0.7,wf_2022,catboost_a,5
2022-01-14,AMD,False,0.20742637644046094,0.7,wf_2022,catboost_a,5
2022-01-15,AMD,False,0.20742637644046094,0.7,wf_2022,catboost_a,5
2022-01-18,AMD,False,0.20742637644046094,0.7,wf_2022,catboost_a,5
2022-01-19,AMD,False,0.20742637644046094,0.7,wf_2022,catboost_a,5
2022-01-20,AMD,False,0.20742637644046094,0.7,wf_2022,catboost_a,5
2022-01-21,AMD,False,0.2671232876712329,0.7,wf_2022,catboost_a,5
2022-01-22,AMD,False,0.2671232876712329,0.7,wf_2022,catboost_a,5
2022-01-25,AMD,False,0.2671232876712329,0.7,wf_2022,catboost_a,5
2022-01-26,AMD,False,0.2671232876712329,0.7,wf_2022,catboost_a,5
2022-01-27,AMD,False,0.2671232876712329,0.7,wf_2022,catboost_a,5
2022-01-28,AMD,False,0.2671232876712329,0.7,wf_2022,catboost_a,5
2022-01-29,AMD,False,0.20742637644046094,0.7,wf_2022,catboost_a,5
2022-02-01,AMD,False,0.20742637644046094,0.7,wf_2022,catboost_a,5
2022-02-02,AMD,False,0.20742637644046094,0.7,wf_2022,catboost_a,5
2022-02-03,AMD,False,0.20742637644046094,0.7,wf_2022,catboost_a,5
2022-02-04,AMD,False,0.20742637644046094,0.7,wf_2022,catboost_a,5
2022-02-05,AMD,False,0.20742637644046094,0.7,wf_2022,catboost_a,5
2022-02-08,AMD,False,0.20742637644046094,0.7,wf_2022,catboost_a,5
2022-02-09,AMD,False,0.20742637644046094,0.7,wf_2022,catboost_a,5
2022-02-10,AMD,False,0.20742637644046094,0.7,wf_2022,catboost_a,5
2022-02-11,AMD,False,0.20742637644046094,0.7,wf_2022,catboost_a,5
2022-02-12,AMD,False,0.2671232876712329,0.7,wf_2022,catboost_a,5
2022-02-15,AMD,False,0.20742637644046094,0.7,wf_2022,catboost_a,5
2022-02-16,AMD,False,0.20742637644046094,0.7,wf_2022,catboost_a,5
2022-02-17,AMD,False,0.20742637644046094,0.7,wf_2022,catboost_a,5
2022-02-18,AMD,False,0.20742637644046094,0.7,wf_2022,catboost_a,5
2022-02-19,AMD,False,0.20742637644046094,0.7,wf_2022,catboost_a,5
2022-02-22,AMD,False,0.20742637644046094,0.7,wf_2022,catboost_a,5
2022-02-23,AMD,False,0.20742637644046094,0.7,wf_2022,catboost_a,5
2022-02-25,AMD,False,0.20742637644046094,0.7,wf_2022,catboost_a,5
2022-02-26,AMD,False,0.20742637644046094,0.7,wf_2022,catboost_a,5
2022-03-01,AMD,False,0.2671232876712329,0.7,wf_2022,catboost_a,5
2022-03-02,AMD,False,0.2671232876712329,0.7,wf_2022,catboost_a,5
2022-03-03,AMD,False,0.2671232876712329,0.7,wf_2022,catboost_a,5
2022-03-04,AMD,False,0.2671232876712329,0.7,wf_2022,catboost_a,5
2022-03-05,AMD,False,0.2671232876712329,0.7,wf_2022,catboost_a,5
2022-03-06,AMD,False,0.2671232876712329,0.7,wf_2022,catboost_a,5
2022-03-10,AMD,False,0.20742637644046094,0.7,wf_2022,catboost_a,5
2022-03-11,AMD,False,0.20742637644046094,0.7,wf_2022,catboost_a,5
2022-03-12,AMD,False,0.20742637644046094,0.7,wf_2022,catboost_a,5
2022-03-15,AMD,False,0.20742637644046094,0.7,wf_2022,catboost_a,5
2022-03-16,AMD,False,0.20742637644046094,0.7,wf_2022,catboost_a,5
2022-03-17,AMD,False,0.20742637644046094,0.7,wf_2022,catboost_a,5
2022-03-18,AMD,False,0.20742637644046094,0.7,wf_2022,catboost_a,5
2022-03-19,AMD,False,0.20742637644046094,0.7,wf_2022,catboost_a,5
2022-03-22,AMD,False,0.20742637644046094,0.7,wf_2022,catboost_a,5
2022-03-23,AMD,False,0.20742637644046094,0.7,wf_2022,catboost_a,5
2022-03-24,AMD,False,0.20742637644046094,0.7,wf_2022,catboost_a,5
2022-03-25,AMD,False,0.20742637644046094,0.7,wf_2022,catboost_a,5
2022-03-26,AMD,False,0.20742637644046094,0.7,wf_2022,catboost_a,5
2022-03-29,AMD,False,0.20742637644046094,0.7,wf_2022,catboost_a,5
2022-03-30,AMD,False,0.20742637644046094,0.7,wf_2022,catboost_a,5
2022-03-31,AMD,False,0.20742637644046094,0.7,wf_2022,catboost_a,5
2022-04-01,AMD,False,0.20742637644046094,0.7,wf_2022,catboost_a,5
2022-04-02,AMD,False,0.2671232876712329,0.7,wf_2022,catboost_a,5
2022-04-05,AMD,False,0.20742637644046094,0.7,wf_2022,catboost_a,5
2022-04-06,AMD,False,0.20742637644046094,0.7,wf_2022,catboost_a,5
2022-04-07,AMD,False,0.20742637644046094,0.7,wf_2022,catboost_a,5
2022-04-08,AMD,False,0.20742637644046094,0.7,wf_2022,catboost_a,5
2022-04-09,AMD,False,0.20742637644046094,0.7,wf_2022,catboost_a,5
2022-04-12,AMD,False,0.2671232876712329,0.7,wf_2022,catboost_a,5
2022-04-13,AMD,False,0.20742637644046094,0.7,wf_2022,catboost_a,5
2022-04-14,AMD,False,0.20742637644046094,0.7,wf_2022,catboost_a,5
2022-04-15,AMD,False,0.20742637644046094,0.7,wf_2022,catboost_a,5
2022-04-16,AMD,False,0.20742637644046094,0.7,wf_2022,catboost_a,5
2022-04-19,AMD,False,0.2671232876712329,0.7,wf_2022,catboost_a,5
2022-04-20,AMD,False,0.2671232876712329,0.7,wf_2022,catboost_a,5
2022-04-21,AMD,False,0.2671232876712329,0.7,wf_2022,catboost_a,5
2022-04-22,AMD,False,0.2671232876712329,0.7,wf_2022,catboost_a,5
2022-04-23,AMD,False,0.2671232876712329,0.7,wf_2022,catboost_a,5
2022-04-26,AMD,False,0.2671232876712329,0.7,wf_2022,catboost_a,5
2022-04-27,AMD,False,0.2671232876712329,0.7,wf_2022,catboost_a,5
2022-04-28,AMD,False,0.37037037037037035,0.7,wf_2022,catboost_a,5
2022-04-29,AMD,False,0.2671232876712329,0.7,wf_2022,catboost_a,5
2022-04-30,AMD,False,0.2671232876712329,0.7,wf_2022,catboost_a,5
2022-05-05,AMD,False,0.2671232876712329,0.7,wf_2022,catboost_a,5
2022-05-06,AMD,False,0.20742637644046094,0.7,wf_2022,catboost_a,5
2022-05-07,AMD,False,0.20742637644046094,0.7,wf_2022,catboost_a,5
2022-05-12,AMD,True,0.75,0.7,wf_2022,catboost_a,5
2022-05-13,AMD,False,0.26136363636363635,0.7,wf_2022,catboost_a,5
2022-05-14,AMD,False,0.26136363636363635,0.7,wf_2022,catboost_a,5
2022-05-17,AMD,False,0.20742637644046094,0.7,wf_2022,catboost_a,5
2022-05-18,AMD,True,0.75,0.7,wf_2022,catboost_a,5
2022-05-19,AMD,False,0.26136363636363635,0.7,wf_2022,catboost_a,5
2022-05-20,AMD,False,0.26136363636363635,0.7,wf_2022,catboost_a,5
2022-05-21,AMD,False,0.20742637644046094,0.7,wf_2022,catboost_a,5
2022-05-24,AMD,False,0.20742637644046094,0.7,wf_2022,catboost_a,5
2022-05-25,AMD,False,0.20742637644046094,0.7,wf_2022,catboost_a,5
2022-05-26,AMD,False,0.20742637644046094,0.7,wf_2022,catboost_a,5
2022-05-27,AMD,False,0.2671232876712329,0.7,wf_2022,catboost_a,5
2022-05-28,AMD,False,0.2671232876712329,0.7,wf_2022,catboost_a,5
2022-05-31,AMD,False,0.20742637644046094,0.7,wf_2022,catboost_a,5
2022-06-01,AMD,False,0.26136363636363635,0.7,wf_2022,catboost_a,5
2022-06-02,AMD,False,0.26136363636363635,0.7,wf_2022,catboost_a,5
2022-06-03,AMD,False,0.26136363636363635,0.7,wf_2022,catboost_a,5
2022-06-04,AMD,False,0.20742637644046094,0.7,wf_2022,catboost_a,5
2022-06-07,AMD,False,0.20742637644046094,0.7,wf_2022,catboost_a,5
2022-06-08,AMD,False,0.20742637644046094,0.7,wf_2022,catboost_a,5
2022-06-09,AMD,False,0.20742637644046094,0.7,wf_2022,catboost_a,5
2022-06-10,AMD,False,0.26136363636363635,0.7,wf_2022,catboost_a,5
2022-06-11,AMD,False,0.26136363636363635,0.7,wf_2022,catboost_a,5
2022-06-15,AMD,False,0.26136363636363635,0.7,wf_2022,catboost_a,5
2022-06-16,AMD,False,0.26136363636363635,0.7,wf_2022,catboost_a,5
2022-06-17,AMD,False,0.20742637644046094,0.7,wf_2022,catboost_a,5
2022-06-18,AMD,False,0.26136363636363635,0.7,wf_2022,catboost_a,5
2022-06-21,AMD,False,0.26136363636363635,0.7,wf_2022,catboost_a,5
2022-06-22,AMD,False,0.26136363636363635,0.7,wf_2022,catboost_a,5
2022-06-23,AMD,False,0.26136363636363635,0.7,wf_2022,catboost_a,5
2022-06-24,AMD,False,0.26136363636363635,0.7,wf_2022,catboost_a,5
2022-06-25,AMD,False,0.26136363636363635,0.7,wf_2022,catboost_a,5
2022-06-28,AMD,False,0.2671232876712329,0.7,wf_2022,catboost_a,5
2022-06-29,AMD,False,0.2671232876712329,0.7,wf_2022,catboost_a,5
2022-06-30,AMD,False,0.20742637644046094,0.7,wf_2022,catboost_a,5
2022-07-01,AMD,False,0.2671232876712329,0.7,wf_2022,catboost_a,5
2022-07-02,AMD,False,0.2671232876712329,0.7,wf_2022,catboost_a,5
2022-07-05,AMD,False,0.2671232876712329,0.7,wf_2022,catboost_a,5
2022-07-06,AMD,False,0.20742637644046094,0.7,wf_2022,catboost_a,5
2022-07-07,AMD,False,0.20742637644046094,0.7,wf_2022,catboost_a,5
2022-07-08,AMD,False,0.20742637644046094,0.7,wf_2022,catboost_a,5
2022-07-09,AMD,False,0.20742637644046094,0.7,wf_2022,catboost_a,5
2022-07-12,AMD,False,0.20742637644046094,0.7,wf_2022,catboost_a,5
2022-07-13,AMD,False,0.20742637644046094,0.7,wf_2022,catboost_a,5
2022-07-14,AMD,False,0.20742637644046094,0.7,wf_2022,catboost_a,5
2022-07-15,AMD,False,0.20742637644046094,0.7,wf_2022,catboost_a,5
2022-07-16,AMD,False,0.20742637644046094,0.7,wf_2022,catboost_a,5
2022-07-19,AMD,False,0.20742637644046094,0.7,wf_2022,catboost_a,5
2022-07-20,AMD,False,0.20742637644046094,0.7,wf_2022,catboost_a,5
2022-07-21,AMD,False,0.20742637644046094,0.7,wf_2022,catboost_a,5
2022-07-22,AMD,False,0.20742637644046094,0.7,wf_2022,catboost_a,5
2022-07-23,AMD,False,0.20742637644046094,0.7,wf_2022,catboost_a,5
2022-07-26,AMD,False,0.20742637644046094,0.7,wf_2022,catboost_a,5
2022-07-27,AMD,False,0.20742637644046094,0.7,wf_2022,catboost_a,5
2022-07-28,AMD,False,0.20742637644046094,0.7,wf_2022,catboost_a,5
2022-07-29,AMD,False,0.20742637644046094,0.7,wf_2022,catboost_a,5
2022-07-30,AMD,False,0.20742637644046094,0.7,wf_2022,catboost_a,5
2022-08-02,AMD,False,0.20742637644046094,0.7,wf_2022,catboost_a,5
2022-08-03,AMD,False,0.20742637644046094,0.7,wf_2022,catboost_a,5
2022-08-04,AMD,False,0.20742637644046094,0.7,wf_2022,catboost_a,5
2022-08-05,AMD,False,0.20742637644046094,0.7,wf_2022,catboost_a,5
2022-08-06,AMD,False,0.20742637644046094,0.7,wf_2022,catboost_a,5
2022-08-09,AMD,False,0.20742637644046094,0.7,wf_2022,catboost_a,5
2022-08-10,AMD,False,0.20742637644046094,0.7,wf_2022,catboost_a,5
2022-08-11,AMD,False,0.20742637644046094,0.7,wf_2022,catboost_a,5
2022-08-12,AMD,False,0.20742637644046094,0.7,wf_2022,catboost_a,5
2022-08-13,AMD,False,0.20742637644046094,0.7,wf_2022,catboost_a,5
2022-08-16,AMD,False,0.20742637644046094,0.7,wf_2022,catboost_a,5
2022-08-17,AMD,False,0.20742637644046094,0.7,wf_2022,catboost_a,5
2022-08-18,AMD,False,0.20742637644046094,0.7,wf_2022,catboost_a,5
2022-08-19,AMD,False,0.20742637644046094,0.7,wf_2022,catboost_a,5
2022-08-20,AMD,False,0.20742637644046094,0.7,wf_2022,catboost_a,5
2022-08-23,AMD,False,0.20742637644046094,0.7,wf_2022,catboost_a,5
2022-08-24,AMD,False,0.20742637644046094,0.7,wf_2022,catboost_a,5
2022-08-25,AMD,False,0.20742637644046094,0.7,wf_2022,catboost_a,5
2022-08-26,AMD,False,0.20742637644046094,0.7,wf_2022,catboost_a,5
2022-08-27,AMD,False,0.20742637644046094,0.7,wf_2022,catboost_a,5
2022-08-30,AMD,False,0.20742637644046094,0.7,wf_2022,catboost_a,5
2022-08-31,AMD,False,0.20742637644046094,0.7,wf_2022,catboost_a,5
2022-09-01,AMD,False,0.20742637644046094,0.7,wf_2022,catboost_a,5
2022-09-02,AMD,False,0.20742637644046094,0.7,wf_2022,catboost_a,5
2022-09-03,AMD,False,0.20742637644046094,0.7,wf_2022,catboost_a,5
2022-09-06,AMD,False,0.20742637644046094,0.7,wf_2022,catboost_a,5
2022-09-07,AMD,False,0.20742637644046094,0.7,wf_2022,catboost_a,5
2022-09-08,AMD,False,0.20742637644046094,0.7,wf_2022,catboost_a,5
2022-09-09,AMD,False,0.20742637644046094,0.7,wf_2022,catboost_a,5
2022-09-10,AMD,False,0.20742637644046094,0.7,wf_2022,catboost_a,5
2022-09-13,AMD,False,0.20742637644046094,0.7,wf_2022,catboost_a,5
2022-09-14,AMD,False,0.2671232876712329,0.7,wf_2022,catboost_a,5
2022-09-15,AMD,False,0.2671232876712329,0.7,wf_2022,catboost_a,5
2022-09-16,AMD,False,0.2671232876712329,0.7,wf_2022,catboost_a,5
2022-09-17,AMD,False,0.2671232876712329,0.7,wf_2022,catboost_a,5
2022-09-20,AMD,False,0.2671232876712329,0.7,wf_2022,catboost_a,5
2022-09-21,AMD,False,0.2671232876712329,0.7,wf_2022,catboost_a,5
2022-09-22,AMD,False,0.2671232876712329,0.7,wf_2022,catboost_a,5
2022-09-23,AMD,False,0.20742637644046094,0.7,wf_2022,catboost_a,5
2022-09-24,AMD,False,0.20742637644046094,0.7,wf_2022,catboost_a,5
2022-09-27,AMD,False,0.2671232876712329,0.7,wf_2022,catboost_a,5
2022-09-28,AMD,False,0.20742637644046094,0.7,wf_2022,catboost_a,5
2022-09-29,AMD,False,0.20742637644046094,0.7,wf_2022,catboost_a,5
2022-09-30,AMD,False,0.20742637644046094,0.7,wf_2022,catboost_a,5
2022-10-01,AMD,False,0.20742637644046094,0.7,wf_2022,catboost_a,5
2022-10-04,AMD,False,0.2671232876712329,0.7,wf_2022,catboost_a,5
2022-10-05,AMD,False,0.20742637644046094,0.7,wf_2022,catboost_a,5
2022-10-06,AMD,False,0.20742637644046094,0.7,wf_2022,catboost_a,5
2022-10-07,AMD,False,0.20742637644046094,0.7,wf_2022,catboost_a,5
2022-10-08,AMD,False,0.20742637644046094,0.7,wf_2022,catboost_a,5
2022-10-11,AMD,False,0.20742637644046094,0.7,wf_2022,catboost_a,5
2022-10-12,AMD,False,0.20742637644046094,0.7,wf_2022,catboost_a,5
2022-10-13,AMD,False,0.20742637644046094,0.7,wf_2022,catboost_a,5
2022-10-14,AMD,False,0.20742637644046094,0.7,wf_2022,catboost_a,5
2022-10-15,AMD,False,0.20742637644046094,0.7,wf_2022,catboost_a,5
2022-10-18,AMD,False,0.20742637644046094,0.7,wf_2022,catboost_a,5
2022-10-19,AMD,False,0.20742637644046094,0.7,wf_2022,catboost_a,5
2022-10-20,AMD,False,0.20742637644046094,0.7,wf_2022,catboost_a,5
2022-10-21,AMD,False,0.20742637644046094,0.7,wf_2022,catboost_a,5
2022-10-22,AMD,False,0.20742637644046094,0.7,wf_2022,catboost_a,5
2022-10-25,AMD,False,0.20742637644046094,0.7,wf_2022,catboost_a,5
2022-10-26,AMD,False,0.20742637644046094,0.7,wf_2022,catboost_a,5
2022-10-27,AMD,False,0.20742637644046094,0.7,wf_2022,catboost_a,5
2022-10-28,AMD,False,0.20742637644046094,0.7,wf_2022,catboost_a,5
2022-10-29,AMD,False,0.20742637644046094,0.7,wf_2022,catboost_a,5
2022-11-01,AMD,False,0.20742637644046094,0.7,wf_2022,catboost_a,5
2022-11-02,AMD,False,0.20742637644046094,0.7,wf_2022,catboost_a,5
2022-11-03,AMD,False,0.20742637644046094,0.7,wf_2022,catboost_a,5
2022-11-04,AMD,False,0.20742637644046094,0.7,wf_2022,catboost_a,5
2022-11-08,AMD,False,0.20742637644046094,0.7,wf_2022,catboost_a,5
2022-11-09,AMD,False,0.20742637644046094,0.7,wf_2022,catboost_a,5
2022-11-10,AMD,False,0.20742637644046094,0.7,wf_2022,catboost_a,5
2022-11-11,AMD,False,0.20742637644046094,0.7,wf_2022,catboost_a,5
2022-11-12,AMD,False,0.20742637644046094,0.7,wf_2022,catboost_a,5
2022-11-15,AMD,False,0.20742637644046094,0.7,wf_2022,catboost_a,5
2022-11-16,AMD,False,0.20742637644046094,0.7,wf_2022,catboost_a,5
2022-11-17,AMD,False,0.20742637644046094,0.7,wf_2022,catboost_a,5
2022-11-18,AMD,False,0.20742637644046094,0.7,wf_2022,catboost_a,5
2022-11-19,AMD,False,0.20742637644046094,0.7,wf_2022,catboost_a,5
2022-11-22,AMD,False,0.20742637644046094,0.7,wf_2022,catboost_a,5
2022-11-23,AMD,False,0.20742637644046094,0.7,wf_2022,catboost_a,5
2022-11-24,AMD,False,0.20742637644046094,0.7,wf_2022,catboost_a,5
2022-11-25,AMD,False,0.20742637644046094,0.7,wf_2022,catboost_a,5
2022-11-26,AMD,False,0.20742637644046094,0.7,wf_2022,catboost_a,5
2022-11-29,AMD,False,0.20742637644046094,0.7,wf_2022,catboost_a,5
2022-11-30,AMD,False,0.20742637644046094,0.7,wf_2022,catboost_a,5
2022-12-01,AMD,False,0.20742637644046094,0.7,wf_2022,catboost_a,5
2022-12-02,AMD,False,0.20742637644046094,0.7,wf_2022,catboost_a,5
2022-12-03,AMD,False,0.20742637644046094,0.7,wf_2022,catboost_a,5
2022-12-06,AMD,False,0.20742637644046094,0.7,wf_2022,catboost_a,5
2022-12-07,AMD,False,0.20742637644046094,0.7,wf_2022,catboost_a,5
2022-12-08,AMD,False,0.20742637644046094,0.7,wf_2022,catboost_a,5
2022-12-09,AMD,False,0.20742637644046094,0.7,wf_2022,catboost_a,5
2022-12-10,AMD,False,0.20742637644046094,0.7,wf_2022,catboost_a,5
2022-12-13,AMD,False,0.20742637644046094,0.7,wf_2022,catboost_a,5
2022-12-14,AMD,False,0.20742637644046094,0.7,wf_2022,catboost_a,5
2022-12-15,AMD,False,0.20742637644046094,0.7,wf_2022,catboost_a,5
2022-12-16,AMD,False,0.20742637644046094,0.7,wf_2022,catboost_a,5
2022-12-17,AMD,False,0.20742637644046094,0.7,wf_2022,catboost_a,5
2022-12-20,AMD,False,0.20742637644046094,0.7,wf_2022,catboost_a,5
2022-12-21,AMD,False,0.20742637644046094,0.7,wf_2022,catboost_a,5
2022-12-22,AMD,False,0.20742637644046094,0.7,wf_2022,catboost_a,5
2022-12-23,AMD,False,0.20742637644046094,0.7,wf_2022,catboost_a,5
2022-12-24,AMD,False,0.2671232876712329,0.7,wf_2022,catboost_a,5
2022-12-27,AMD,False,0.2671232876712329,0.7,wf_2022,catboost_a,5
2022-12-28,AMD,False,0.2671232876712329,0.7,wf_2022,catboost_a,5
2022-12-29,AMD,False,0.2671232876712329,0.7,wf_2022,catboost_a,5
2022-12-30,AMD,False,0.2671232876712329,0.7,wf_2022,catboost_a,5
2022-12-31,AMD,False,0.2671232876712329,0.7,wf_2022,catboost_a,5
2022-01-11,KGS,False,0.20742637644046094,0.7,wf_2022,catboost_a,5
2022-01-12,KGS,False,0.20742637644046094,0.7,wf_2022,catboost_a,5
2022-01-13,KGS,False,0.20742637644046094,0.7,wf_2022,catboost_a,5
2022-01-14,KGS,False,0.20742637644046094,0.7,wf_2022,catboost_a,5
2022-01-15,KGS,False,0.20742637644046094,0.7,wf_2022,catboost_a,5
2022-01-18,KGS,False,0.20742637644046094,0.7,wf_2022,catboost_a,5
2022-01-19,KGS,False,0.20742637644046094,0.7,wf_2022,catboost_a,5
2022-01-20,KGS,False,0.20742637644046094,0.7,wf_2022,catboost_a,5
2022-01-21,KGS,False,0.20742637644046094,0.7,wf_2022,catboost_a,5
2022-01-22,KGS,False,0.20742637644046094,0.7,wf_2022,catboost_a,5
2022-01-25,KGS,False,0.20742637644046094,0.7,wf_2022,catboost_a,5
2022-01-26,KGS,False,0.20742637644046094,0.7,wf_2022,catboost_a,5
2022-01-27,KGS,False,0.20742637644046094,0.7,wf_2022,catboost_a,5
2022-01-28,KGS,False,0.20742637644046094,0.7,wf_2022,catboost_a,5
2022-01-29,KGS,False,0.20742637644046094,0.7,wf_2022,catboost_a,5
2022-02-01,KGS,False,0.20742637644046094,0.7,wf_2022,catboost_a,5
2022-02-02,KGS,False,0.20742637644046094,0.7,wf_2022,catboost_a,5
2022-02-03,KGS,False,0.20742637644046094,0.7,wf_2022,catboost_a,5
2022-02-04,KGS,False,0.20742637644046094,0.7,wf_2022,catboost_a,5
2022-02-05,KGS,False,0.20742637644046094,0.7,wf_2022,catboost_a,5
2022-02-08,KGS,False,0.20742637644046094,0.7,wf_2022,catboost_a,5
2022-02-09,KGS,False,0.20742637644046094,0.7,wf_2022,catboost_a,5
2022-02-10,KGS,False,0.20742637644046094,0.7,wf_2022,catboost_a,5
2022-02-11,KGS,False,0.20742637644046094,0.7,wf_2022,catboost_a,5
2022-02-12,KGS,False,0.2671232876712329,0.7,wf_2022,catboost_a,5
2022-02-15,KGS,False,0.20742637644046094,0.7,wf_2022,catboost_a,5
2022-02-16,KGS,False,0.2671232876712329,0.7,wf_2022,catboost_a,5
2022-02-17,KGS,False,0.2671232876712329,0.7,wf_2022,catboost_a,5
2022-02-18,KGS,False,0.2671232876712329,0.7,wf_2022,catboost_a,5
2022-02-19,KGS,False,0.2671232876712329,0.7,wf_2022,catboost_a,5
2022-02-22,KGS,False,0.2671232876712329,0.7,wf_2022,catboost_a,5
2022-02-23,KGS,False,0.2671232876712329,0.7,wf_2022,catboost_a,5
2022-02-25,KGS,False,0.20742637644046094,0.7,wf_2022,catboost_a,5
2022-02-26,KGS,False,0.20742637644046094,0.7,wf_2022,catboost_a,5
2022-03-01,KGS,False,0.2671232876712329,0.7,wf_2022,catboost_a,5
2022-03-02,KGS,False,0.2671232876712329,0.7,wf_2022,catboost_a,5
2022-03-03,KGS,False,0.2671232876712329,0.7,wf_2022,catboost_a,5
2022-03-04,KGS,False,0.2671232876712329,0.7,wf_2022,catboost_a,5
2022-03-05,KGS,False,0.2671232876712329,0.7,wf_2022,catboost_a,5
2022-03-06,KGS,False,0.2671232876712329,0.7,wf_2022,catboost_a,5
2022-03-10,KGS,False,0.20742637644046094,0.7,wf_2022,catboost_a,5
2022-03-11,KGS,False,0.20742637644046094,0.7,wf_2022,catboost_a,5
2022-03-12,KGS,False,0.20742637644046094,0.7,wf_2022,catboost_a,5
2022-03-15,KGS,False,0.2671232876712329,0.7,wf_2022,catboost_a,5
2022-03-16,KGS,False,0.2671232876712329,0.7,wf_2022,catboost_a,5
2022-03-17,KGS,False,0.2671232876712329,0.7,wf_2022,catboost_a,5
2022-03-18,KGS,False,0.2671232876712329,0.7,wf_2022,catboost_a,5
2022-03-19,KGS,False,0.2671232876712329,0.7,wf_2022,catboost_a,5
2022-03-22,KGS,False,0.20742637644046094,0.7,wf_2022,catboost_a,5
2022-03-23,KGS,False,0.20742637644046094,0.7,wf_2022,catboost_a,5
2022-03-24,KGS,False,0.20742637644046094,0.7,wf_2022,catboost_a,5
2022-03-25,KGS,False,0.20742637644046094,0.7,wf_2022,catboost_a,5
2022-03-26,KGS,False,0.20742637644046094,0.7,wf_2022,catboost_a,5
2022-03-29,KGS,False,0.20742637644046094,0.7,wf_2022,catboost_a,5
2022-03-30,KGS,False,0.20742637644046094,0.7,wf_2022,catboost_a,5
2022-03-31,KGS,False,0.2671232876712329,0.7,wf_2022,catboost_a,5
2022-04-01,KGS,False,0.2671232876712329,0.7,wf_2022,catboost_a,5
2022-04-02,KGS,False,0.2671232876712329,0.7,wf_2022,catboost_a,5
2022-04-05,KGS,False,0.2671232876712329,0.7,wf_2022,catboost_a,5
2022-04-06,KGS,False,0.2671232876712329,0.7,wf_2022,catboost_a,5
2022-04-07,KGS,False,0.2671232876712329,0.7,wf_2022,catboost_a,5
2022-04-08,KGS,False,0.20742637644046094,0.7,wf_2022,catboost_a,5
2022-04-09,KGS,False,0.20742637644046094,0.7,wf_2022,catboost_a,5
2022-04-12,KGS,False,0.2671232876712329,0.7,wf_2022,catboost_a,5
2022-04-13,KGS,False,0.20742637644046094,0.7,wf_2022,catboost_a,5
2022-04-14,KGS,False,0.20742637644046094,0.7,wf_2022,catboost_a,5
2022-04-15,KGS,False,0.20742637644046094,0.7,wf_2022,catboost_a,5
2022-04-16,KGS,False,0.20742637644046094,0.7,wf_2022,catboost_a,5
2022-04-19,KGS,False,0.20742637644046094,0.7,wf_2022,catboost_a,5
2022-04-20,KGS,False,0.20742637644046094,0.7,wf_2022,catboost_a,5
2022-04-21,KGS,False,0.20742637644046094,0.7,wf_2022,catboost_a,5
2022-04-22,KGS,False,0.20742637644046094,0.7,wf_2022,catboost_a,5
2022-04-23,KGS,False,0.20742637644046094,0.7,wf_2022,catboost_a,5
2022-04-26,KGS,False,0.2671232876712329,0.7,wf_2022,catboost_a,5
2022-04-27,KGS,False,0.20742637644046094,0.7,wf_2022,catboost_a,5
2022-04-28,KGS,False,0.2671232876712329,0.7,wf_2022,catboost_a,5
2022-04-29,KGS,False,0.2671232876712329,0.7,wf_2022,catboost_a,5
2022-04-30,KGS,False,0.2671232876712329,0.7,wf_2022,catboost_a,5
2022-05-05,KGS,False,0.2671232876712329,0.7,wf_2022,catboost_a,5
2022-05-06,KGS,False,0.20742637644046094,0.7,wf_2022,catboost_a,5
2022-05-07,KGS,False,0.2671232876712329,0.7,wf_2022,catboost_a,5
2022-05-12,KGS,False,0.26136363636363635,0.7,wf_2022,catboost_a,5
2022-05-13,KGS,False,0.26136363636363635,0.7,wf_2022,catboost_a,5
2022-05-14,KGS,False,0.26136363636363635,0.7,wf_2022,catboost_a,5
2022-05-17,KGS,False,0.37037037037037035,0.7,wf_2022,catboost_a,5
2022-05-18,KGS,False,0.26136363636363635,0.7,wf_2022,catboost_a,5
2022-05-19,KGS,False,0.26136363636363635,0.7,wf_2022,catboost_a,5
2022-05-20,KGS,False,0.26136363636363635,0.7,wf_2022,catboost_a,5
2022-05-21,KGS,False,0.26136363636363635,0.7,wf_2022,catboost_a,5
2022-05-24,KGS,False,0.20742637644046094,0.7,wf_2022,catboost_a,5
2022-05-25,KGS,False,0.20742637644046094,0.7,wf_2022,catboost_a,5
2022-05-26,KGS,False,0.20742637644046094,0.7,wf_2022,catboost_a,5
2022-05-27,KGS,False,0.37037037037037035,0.7,wf_2022,catboost_a,5
2022-05-28,KGS,False,0.20742637644046094,0.7,wf_2022,catboost_a,5
2022-05-31,KGS,False,0.26136363636363635,0.7,wf_2022,catboost_a,5
2022-06-01,KGS,False,0.26136363636363635,0.7,wf_2022,catboost_a,5
2022-06-02,KGS,False,0.20742637644046094,0.7,wf_2022,catboost_a,5
2022-06-03,KGS,False,0.20742637644046094,0.7,wf_2022,catboost_a,5
2022-06-04,KGS,False,0.20742637644046094,0.7,wf_2022,catboost_a,5
2022-06-07,KGS,False,0.26136363636363635,0.7,wf_2022,catboost_a,5
2022-06-08,KGS,False,0.26136363636363635,0.7,wf_2022,catboost_a,5
2022-06-09,KGS,False,0.20742637644046094,0.7,wf_2022,catboost_a,5
2022-06-10,KGS,False,0.20742637644046094,0.7,wf_2022,catboost_a,5
2022-06-11,KGS,False,0.20742637644046094,0.7,wf_2022,catboost_a,5
2022-06-15,KGS,False,0.20742637644046094,0.7,wf_2022,catboost_a,5
2022-06-16,KGS,False,0.20742637644046094,0.7,wf_2022,catboost_a,5
2022-06-17,KGS,False,0.26136363636363635,0.7,wf_2022,catboost_a,5
2022-06-18,KGS,False,0.26136363636363635,0.7,wf_2022,catboost_a,5
2022-06-21,KGS,False,0.26136363636363635,0.7,wf_2022,catboost_a,5
2022-06-22,KGS,False,0.20742637644046094,0.7,wf_2022,catboost_a,5
2022-06-23,KGS,False,0.20742637644046094,0.7,wf_2022,catboost_a,5
2022-06-24,KGS,False,0.37037037037037035,0.7,wf_2022,catboost_a,5
2022-06-25,KGS,False,0.26136363636363635,0.7,wf_2022,catboost_a,5
2022-06-28,KGS,False,0.26136363636363635,0.7,wf_2022,catboost_a,5
2022-06-29,KGS,False,0.26136363636363635,0.7,wf_2022,catboost_a,5
2022-06-30,KGS,False,0.26136363636363635,0.7,wf_2022,catboost_a,5
2022-07-01,KGS,False,0.37037037037037035,0.7,wf_2022,catboost_a,5
2022-07-02,KGS,False,0.2671232876712329,0.7,wf_2022,catboost_a,5
2022-07-05,KGS,False,0.2671232876712329,0.7,wf_2022,catboost_a,5
2022-07-06,KGS,False,0.2671232876712329,0.7,wf_2022,catboost_a,5
2022-07-07,KGS,False,0.2671232876712329,0.7,wf_2022,catboost_a,5
2022-07-08,KGS,False,0.2671232876712329,0.7,wf_2022,catboost_a,5
2022-07-09,KGS,False,0.2671232876712329,0.7,wf_2022,catboost_a,5
2022-07-12,KGS,False,0.20742637644046094,0.7,wf_2022,catboost_a,5
2022-07-13,KGS,False,0.20742637644046094,0.7,wf_2022,catboost_a,5
2022-07-14,KGS,False,0.20742637644046094,0.7,wf_2022,catboost_a,5
2022-07-15,KGS,False,0.20742637644046094,0.7,wf_2022,catboost_a,5
2022-07-16,KGS,False,0.20742637644046094,0.7,wf_2022,catboost_a,5
2022-07-19,KGS,False,0.20742637644046094,0.7,wf_2022,catboost_a,5
2022-07-20,KGS,False,0.20742637644046094,0.7,wf_2022,catboost_a,5
2022-07-21,KGS,False,0.20742637644046094,0.7,wf_2022,catboost_a,5
2022-07-22,KGS,False,0.20742637644046094,0.7,wf_2022,catboost_a,5
2022-07-23,KGS,False,0.20742637644046094,0.7,wf_2022,catboost_a,5
2022-07-26,KGS,False,0.20742637644046094,0.7,wf_2022,catboost_a,5
2022-07-27,KGS,False,0.20742637644046094,0.7,wf_2022,catboost_a,5
2022-07-28,KGS,False,0.20742637644046094,0.7,wf_2022,catboost_a,5
2022-07-29,KGS,False,0.20742637644046094,0.7,wf_2022,catboost_a,5
2022-07-30,KGS,False,0.20742637644046094,0.7,wf_2022,catboost_a,5
2022-08-02,KGS,False,0.20742637644046094,0.7,wf_2022,catboost_a,5
2022-08-03,KGS,False,0.20742637644046094,0.7,wf_2022,catboost_a,5
2022-08-04,KGS,False,0.20742637644046094,0.7,wf_2022,catboost_a,5
2022-08-05,KGS,False,0.20742637644046094,0.7,wf_2022,catboost_a,5
2022-08-06,KGS,False,0.20742637644046094,0.7,wf_2022,catboost_a,5
2022-08-09,KGS,False,0.20742637644046094,0.7,wf_2022,catboost_a,5
2022-08-10,KGS,False,0.20742637644046094,0.7,wf_2022,catboost_a,5
2022-08-11,KGS,False,0.20742637644046094,0.7,wf_2022,catboost_a,5
2022-08-12,KGS,False,0.20742637644046094,0.7,wf_2022,catboost_a,5
2022-08-13,KGS,False,0.20742637644046094,0.7,wf_2022,catboost_a,5
2022-08-16,KGS,False,0.20742637644046094,0.7,wf_2022,catboost_a,5
2022-08-17,KGS,False,0.20742637644046094,0.7,wf_2022,catboost_a,5
2022-08-18,KGS,False,0.20742637644046094,0.7,wf_2022,catboost_a,5
2022-08-19,KGS,False,0.20742637644046094,0.7,wf_2022,catboost_a,5
2022-08-20,KGS,False,0.20742637644046094,0.7,wf_2022,catboost_a,5
2022-08-23,KGS,False,0.20742637644046094,0.7,wf_2022,catboost_a,5
2022-08-24,KGS,False,0.2671232876712329,0.7,wf_2022,catboost_a,5
2022-08-25,KGS,False,0.2671232876712329,0.7,wf_2022,catboost_a,5
2022-08-26,KGS,False,0.2671232876712329,0.7,wf_2022,catboost_a,5
2022-08-27,KGS,False,0.2671232876712329,0.7,wf_2022,catboost_a,5
2022-08-30,KGS,False,0.2671232876712329,0.7,wf_2022,catboost_a,5
2022-08-31,KGS,False,0.2671232876712329,0.7,wf_2022,catboost_a,5
2022-09-01,KGS,False,0.20742637644046094,0.7,wf_2022,catboost_a,5
2022-09-02,KGS,False,0.20742637644046094,0.7,wf_2022,catboost_a,5
2022-09-03,KGS,False,0.20742637644046094,0.7,wf_2022,catboost_a,5
2022-09-06,KGS,False,0.20742637644046094,0.7,wf_2022,catboost_a,5
2022-09-07,KGS,False,0.20742637644046094,0.7,wf_2022,catboost_a,5
2022-09-08,KGS,False,0.20742637644046094,0.7,wf_2022,catboost_a,5
2022-09-09,KGS,False,0.20742637644046094,0.7,wf_2022,catboost_a,5
2022-09-10,KGS,False,0.20742637644046094,0.7,wf_2022,catboost_a,5
2022-09-13,KGS,False,0.20742637644046094,0.7,wf_2022,catboost_a,5
2022-09-14,KGS,False,0.20742637644046094,0.7,wf_2022,catboost_a,5
2022-09-15,KGS,False,0.20742637644046094,0.7,wf_2022,catboost_a,5
2022-09-16,KGS,False,0.20742637644046094,0.7,wf_2022,catboost_a,5
2022-09-17,KGS,False,0.20742637644046094,0.7,wf_2022,catboost_a,5
2022-09-20,KGS,False,0.20742637644046094,0.7,wf_2022,catboost_a,5
2022-09-21,KGS,False,0.20742637644046094,0.7,wf_2022,catboost_a,5
2022-09-22,KGS,False,0.20742637644046094,0.7,wf_2022,catboost_a,5
2022-09-23,KGS,False,0.20742637644046094,0.7,wf_2022,catboost_a,5
2022-09-24,KGS,False,0.20742637644046094,0.7,wf_2022,catboost_a,5
2022-09-27,KGS,False,0.20742637644046094,0.7,wf_2022,catboost_a,5
2022-09-28,KGS,False,0.2671232876712329,0.7,wf_2022,catboost_a,5
2022-09-29,KGS,False,0.20742637644046094,0.7,wf_2022,catboost_a,5
2022-09-30,KGS,False,0.20742637644046094,0.7,wf_2022,catboost_a,5
2022-10-01,KGS,False,0.20742637644046094,0.7,wf_2022,catboost_a,5
2022-10-04,KGS,False,0.2671232876712329,0.7,wf_2022,catboost_a,5
2022-10-05,KGS,False,0.20742637644046094,0.7,wf_2022,catboost_a,5
2022-10-06,KGS,False,0.20742637644046094,0.7,wf_2022,catboost_a,5
2022-10-07,KGS,False,0.20742637644046094,0.7,wf_2022,catboost_a,5
2022-10-08,KGS,False,0.20742637644046094,0.7,wf_2022,catboost_a,5
2022-10-11,KGS,False,0.20742637644046094,0.7,wf_2022,catboost_a,5
2022-10-12,KGS,False,0.20742637644046094,0.7,wf_2022,catboost_a,5
2022-10-13,KGS,False,0.20742637644046094,0.7,wf_2022,catboost_a,5
2022-10-14,KGS,False,0.20742637644046094,0.7,wf_2022,catboost_a,5
2022-10-15,KGS,False,0.20742637644046094,0.7,wf_2022,catboost_a,5
2022-10-18,KGS,False,0.20742637644046094,0.7,wf_2022,catboost_a,5
2022-10-19,KGS,False,0.20742637644046094,0.7,wf_2022,catboost_a,5
2022-10-20,KGS,False,0.20742637644046094,0.7,wf_2022,catboost_a,5
2022-10-21,KGS,False,0.20742637644046094,0.7,wf_2022,catboost_a,5
2022-10-22,KGS,False,0.20742637644046094,0.7,wf_2022,catboost_a,5
2022-10-25,KGS,False,0.20742637644046094,0.7,wf_2022,catboost_a,5
2022-10-26,KGS,False,0.20742637644046094,0.7,wf_2022,catboost_a,5
2022-10-27,KGS,False,0.20742637644046094,0.7,wf_2022,catboost_a,5
2022-10-28,KGS,False,0.20742637644046094,0.7,wf_2022,catboost_a,5
2022-10-29,KGS,False,0.20742637644046094,0.7,wf_2022,catboost_a,5
2022-11-01,KGS,False,0.2671232876712329,0.7,wf_2022,catboost_a,5
2022-11-02,KGS,False,0.2671232876712329,0.7,wf_2022,catboost_a,5
2022-11-03,KGS,False,0.2671232876712329,0.7,wf_2022,catboost_a,5
2022-11-04,KGS,False,0.2671232876712329,0.7,wf_2022,catboost_a,5
2022-11-08,KGS,False,0.2671232876712329,0.7,wf_2022,catboost_a,5
2022-11-09,KGS,False,0.20742637644046094,0.7,wf_2022,catboost_a,5
2022-11-10,KGS,False,0.20742637644046094,0.7,wf_2022,catboost_a,5
2022-11-11,KGS,False,0.2671232876712329,0.7,wf_2022,catboost_a,5
2022-11-12,KGS,False,0.26136363636363635,0.7,wf_2022,catboost_a,5
2022-11-15,KGS,False,0.2671232876712329,0.7,wf_2022,catboost_a,5
2022-11-16,KGS,False,0.20742637644046094,0.7,wf_2022,catboost_a,5
2022-11-17,KGS,False,0.20742637644046094,0.7,wf_2022,catboost_a,5
2022-11-18,KGS,False,0.20742637644046094,0.7,wf_2022,catboost_a,5
2022-11-19,KGS,False,0.20742637644046094,0.7,wf_2022,catboost_a,5
2022-11-22,KGS,False,0.20742637644046094,0.7,wf_2022,catboost_a,5
2022-11-23,KGS,False,0.20742637644046094,0.7,wf_2022,catboost_a,5
2022-11-24,KGS,False,0.20742637644046094,0.7,wf_2022,catboost_a,5
2022-11-25,KGS,False,0.20742637644046094,0.7,wf_2022,catboost_a,5
2022-11-26,KGS,False,0.20742637644046094,0.7,wf_2022,catboost_a,5
2022-11-29,KGS,False,0.20742637644046094,0.7,wf_2022,catboost_a,5
2022-11-30,KGS,False,0.20742637644046094,0.7,wf_2022,catboost_a,5
2022-12-01,KGS,False,0.20742637644046094,0.7,wf_2022,catboost_a,5
2022-12-02,KGS,False,0.20742637644046094,0.7,wf_2022,catboost_a,5
2022-12-03,KGS,False,0.20742637644046094,0.7,wf_2022,catboost_a,5
2022-12-06,KGS,False,0.20742637644046094,0.7,wf_2022,catboost_a,5
2022-12-07,KGS,False,0.20742637644046094,0.7,wf_2022,catboost_a,5
2022-12-08,KGS,False,0.20742637644046094,0.7,wf_2022,catboost_a,5
2022-12-09,KGS,False,0.20742637644046094,0.7,wf_2022,catboost_a,5
2022-12-10,KGS,False,0.20742637644046094,0.7,wf_2022,catboost_a,5
2022-12-13,KGS,False,0.20742637644046094,0.7,wf_2022,catboost_a,5
2022-12-14,KGS,False,0.20742637644046094,0.7,wf_2022,catboost_a,5
2022-12-15,KGS,False,0.20742637644046094,0.7,wf_2022,catboost_a,5
2022-12-16,KGS,False,0.20742637644046094,0.7,wf_2022,catboost_a,5
2022-12-17,KGS,False,0.20742637644046094,0.7,wf_2022,catboost_a,5
2022-12-20,KGS,False,0.20742637644046094,0.7,wf_2022,catboost_a,5
2022-12-21,KGS,False,0.20742637644046094,0.7,wf_2022,catboost_a,5
2022-12-22,KGS,False,0.20742637644046094,0.7,wf_2022,catboost_a,5
2022-12-23,KGS,False,0.20742637644046094,0.7,wf_2022,catboost_a,5
2022-12-24,KGS,False,0.20742637644046094,0.7,wf_2022,catboost_a,5
2022-12-27,KGS,False,0.2671232876712329,0.7,wf_2022,catboost_a,5
2022-12-28,KGS,False,0.2671232876712329,0.7,wf_2022,catboost_a,5
2022-12-29,KGS,False,0.2671232876712329,0.7,wf_2022,catboost_a,5
2022-12-30,KGS,False,0.2671232876712329,0.7,wf_2022,catboost_a,5
2022-12-31,KGS,False,0.2671232876712329,0.7,wf_2022,catboost_a,5
2022-01-11,KZT,False,0.20742637644046094,0.7,wf_2022,catboost_a,5
2022-01-12,KZT,False,0.20742637644046094,0.7,wf_2022,catboost_a,5
2022-01-13,KZT,False,0.20742637644046094,0.7,wf_2022,catboost_a,5
2022-01-14,KZT,False,0.20742637644046094,0.7,wf_2022,catboost_a,5
2022-01-15,KZT,False,0.20742637644046094,0.7,wf_2022,catboost_a,5
2022-01-18,KZT,False,0.20742637644046094,0.7,wf_2022,catboost_a,5
2022-01-19,KZT,False,0.20742637644046094,0.7,wf_2022,catboost_a,5
2022-01-20,KZT,False,0.20742637644046094,0.7,wf_2022,catboost_a,5
2022-01-21,KZT,False,0.20742637644046094,0.7,wf_2022,catboost_a,5
2022-01-22,KZT,False,0.20742637644046094,0.7,wf_2022,catboost_a,5
2022-01-25,KZT,False,0.20742637644046094,0.7,wf_2022,catboost_a,5
2022-01-26,KZT,False,0.20742637644046094,0.7,wf_2022,catboost_a,5
2022-01-27,KZT,False,0.20742637644046094,0.7,wf_2022,catboost_a,5
2022-01-28,KZT,False,0.20742637644046094,0.7,wf_2022,catboost_a,5
2022-01-29,KZT,False,0.20742637644046094,0.7,wf_2022,catboost_a,5
2022-02-01,KZT,False,0.20742637644046094,0.7,wf_2022,catboost_a,5
2022-02-02,KZT,False,0.20742637644046094,0.7,wf_2022,catboost_a,5
2022-02-03,KZT,False,0.20742637644046094,0.7,wf_2022,catboost_a,5
2022-02-04,KZT,False,0.20742637644046094,0.7,wf_2022,catboost_a,5
2022-02-05,KZT,False,0.20742637644046094,0.7,wf_2022,catboost_a,5
2022-02-08,KZT,False,0.20742637644046094,0.7,wf_2022,catboost_a,5
2022-02-09,KZT,False,0.20742637644046094,0.7,wf_2022,catboost_a,5
2022-02-10,KZT,False,0.20742637644046094,0.7,wf_2022,catboost_a,5
2022-02-11,KZT,False,0.20742637644046094,0.7,wf_2022,catboost_a,5
2022-02-12,KZT,False,0.20742637644046094,0.7,wf_2022,catboost_a,5
2022-02-15,KZT,False,0.20742637644046094,0.7,wf_2022,catboost_a,5
2022-02-16,KZT,False,0.20742637644046094,0.7,wf_2022,catboost_a,5
2022-02-17,KZT,False,0.20742637644046094,0.7,wf_2022,catboost_a,5
2022-02-18,KZT,False,0.20742637644046094,0.7,wf_2022,catboost_a,5
2022-02-19,KZT,False,0.20742637644046094,0.7,wf_2022,catboost_a,5
2022-02-22,KZT,False,0.20742637644046094,0.7,wf_2022,catboost_a,5
2022-02-23,KZT,False,0.20742637644046094,0.7,wf_2022,catboost_a,5
2022-02-25,KZT,False,0.20742637644046094,0.7,wf_2022,catboost_a,5
2022-02-26,KZT,False,0.20742637644046094,0.7,wf_2022,catboost_a,5
2022-03-01,KZT,False,0.2671232876712329,0.7,wf_2022,catboost_a,5
2022-03-02,KZT,False,0.2671232876712329,0.7,wf_2022,catboost_a,5
2022-03-03,KZT,False,0.2671232876712329,0.7,wf_2022,catboost_a,5
2022-03-04,KZT,False,0.2671232876712329,0.7,wf_2022,catboost_a,5
2022-03-05,KZT,False,0.2671232876712329,0.7,wf_2022,catboost_a,5
2022-03-06,KZT,False,0.2671232876712329,0.7,wf_2022,catboost_a,5
2022-03-10,KZT,False,0.20742637644046094,0.7,wf_2022,catboost_a,5
2022-03-11,KZT,False,0.20742637644046094,0.7,wf_2022,catboost_a,5
2022-03-12,KZT,False,0.20742637644046094,0.7,wf_2022,catboost_a,5
2022-03-15,KZT,False,0.2671232876712329,0.7,wf_2022,catboost_a,5
2022-03-16,KZT,False,0.2671232876712329,0.7,wf_2022,catboost_a,5
2022-03-17,KZT,False,0.2671232876712329,0.7,wf_2022,catboost_a,5
2022-03-18,KZT,False,0.2671232876712329,0.7,wf_2022,catboost_a,5
2022-03-19,KZT,False,0.2671232876712329,0.7,wf_2022,catboost_a,5
2022-03-22,KZT,False,0.2671232876712329,0.7,wf_2022,catboost_a,5
2022-03-23,KZT,False,0.2671232876712329,0.7,wf_2022,catboost_a,5
2022-03-24,KZT,False,0.20742637644046094,0.7,wf_2022,catboost_a,5
2022-03-25,KZT,False,0.20742637644046094,0.7,wf_2022,catboost_a,5
2022-03-26,KZT,False,0.20742637644046094,0.7,wf_2022,catboost_a,5
2022-03-29,KZT,False,0.20742637644046094,0.7,wf_2022,catboost_a,5
2022-03-30,KZT,False,0.20742637644046094,0.7,wf_2022,catboost_a,5
2022-03-31,KZT,False,0.20742637644046094,0.7,wf_2022,catboost_a,5
2022-04-01,KZT,False,0.20742637644046094,0.7,wf_2022,catboost_a,5
2022-04-02,KZT,False,0.20742637644046094,0.7,wf_2022,catboost_a,5
2022-04-05,KZT,False,0.2671232876712329,0.7,wf_2022,catboost_a,5
2022-04-06,KZT,False,0.20742637644046094,0.7,wf_2022,catboost_a,5
2022-04-07,KZT,False,0.20742637644046094,0.7,wf_2022,catboost_a,5
2022-04-08,KZT,False,0.2222222222222222,0.7,wf_2022,catboost_a,5
2022-04-09,KZT,False,0.2222222222222222,0.7,wf_2022,catboost_a,5
2022-04-12,KZT,False,0.2671232876712329,0.7,wf_2022,catboost_a,5
2022-04-13,KZT,False,0.20742637644046094,0.7,wf_2022,catboost_a,5
2022-04-14,KZT,False,0.20742637644046094,0.7,wf_2022,catboost_a,5
2022-04-15,KZT,False,0.20742637644046094,0.7,wf_2022,catboost_a,5
2022-04-16,KZT,False,0.20742637644046094,0.7,wf_2022,catboost_a,5
2022-04-19,KZT,False,0.20742637644046094,0.7,wf_2022,catboost_a,5
2022-04-20,KZT,False,0.20742637644046094,0.7,wf_2022,catboost_a,5
2022-04-21,KZT,False,0.20742637644046094,0.7,wf_2022,catboost_a,5
2022-04-22,KZT,False,0.20742637644046094,0.7,wf_2022,catboost_a,5
2022-04-23,KZT,False,0.125,0.7,wf_2022,catboost_a,5
2022-04-26,KZT,False,0.125,0.7,wf_2022,catboost_a,5
2022-04-27,KZT,False,0.125,0.7,wf_2022,catboost_a,5
2022-04-28,KZT,False,0.125,0.7,wf_2022,catboost_a,5
2022-04-29,KZT,False,0.2671232876712329,0.7,wf_2022,catboost_a,5
2022-04-30,KZT,False,0.2671232876712329,0.7,wf_2022,catboost_a,5
2022-05-05,KZT,False,0.2671232876712329,0.7,wf_2022,catboost_a,5
2022-05-06,KZT,False,0.125,0.7,wf_2022,catboost_a,5
2022-05-07,KZT,False,0.2671232876712329,0.7,wf_2022,catboost_a,5
2022-05-12,KZT,False,0.2222222222222222,0.7,wf_2022,catboost_a,5
2022-05-13,KZT,False,0.2222222222222222,0.7,wf_2022,catboost_a,5
2022-05-14,KZT,False,0.2222222222222222,0.7,wf_2022,catboost_a,5
2022-05-17,KZT,False,0.2671232876712329,0.7,wf_2022,catboost_a,5
2022-05-18,KZT,False,0.2222222222222222,0.7,wf_2022,catboost_a,5
2022-05-19,KZT,False,0.2222222222222222,0.7,wf_2022,catboost_a,5
2022-05-20,KZT,False,0.125,0.7,wf_2022,catboost_a,5
2022-05-21,KZT,False,0.125,0.7,wf_2022,catboost_a,5
2022-05-24,KZT,False,0.2671232876712329,0.7,wf_2022,catboost_a,5
2022-05-25,KZT,False,0.2222222222222222,0.7,wf_2022,catboost_a,5
2022-05-26,KZT,False,0.2671232876712329,0.7,wf_2022,catboost_a,5
2022-05-27,KZT,False,0.20742637644046094,0.7,wf_2022,catboost_a,5
2022-05-28,KZT,False,0.20742637644046094,0.7,wf_2022,catboost_a,5
2022-05-31,KZT,False,0.2222222222222222,0.7,wf_2022,catboost_a,5
2022-06-01,KZT,False,0.2222222222222222,0.7,wf_2022,catboost_a,5
2022-06-02,KZT,False,0.20742637644046094,0.7,wf_2022,catboost_a,5
2022-06-03,KZT,False,0.2222222222222222,0.7,wf_2022,catboost_a,5
2022-06-04,KZT,False,0.2222222222222222,0.7,wf_2022,catboost_a,5
2022-06-07,KZT,False,0.125,0.7,wf_2022,catboost_a,5
2022-06-08,KZT,False,0.125,0.7,wf_2022,catboost_a,5
2022-06-09,KZT,False,0.125,0.7,wf_2022,catboost_a,5
2022-06-10,KZT,False,0.125,0.7,wf_2022,catboost_a,5
2022-06-11,KZT,False,0.125,0.7,wf_2022,catboost_a,5
2022-06-15,KZT,False,0.125,0.7,wf_2022,catboost_a,5
2022-06-16,KZT,False,0.125,0.7,wf_2022,catboost_a,5
2022-06-17,KZT,False,0.125,0.7,wf_2022,catboost_a,5
2022-06-18,KZT,False,0.125,0.7,wf_2022,catboost_a,5
2022-06-21,KZT,False,0.125,0.7,wf_2022,catboost_a,5
2022-06-22,KZT,False,0.125,0.7,wf_2022,catboost_a,5
2022-06-23,KZT,False,0.125,0.7,wf_2022,catboost_a,5
2022-06-24,KZT,False,0.125,0.7,wf_2022,catboost_a,5
2022-06-25,KZT,False,0.125,0.7,wf_2022,catboost_a,5
2022-06-28,KZT,False,0.125,0.7,wf_2022,catboost_a,5
2022-06-29,KZT,False,0.2671232876712329,0.7,wf_2022,catboost_a,5
2022-06-30,KZT,False,0.2671232876712329,0.7,wf_2022,catboost_a,5
2022-07-01,KZT,False,0.2671232876712329,0.7,wf_2022,catboost_a,5
2022-07-02,KZT,False,0.2671232876712329,0.7,wf_2022,catboost_a,5
2022-07-05,KZT,False,0.2671232876712329,0.7,wf_2022,catboost_a,5
2022-07-06,KZT,False,0.2671232876712329,0.7,wf_2022,catboost_a,5
2022-07-07,KZT,False,0.2671232876712329,0.7,wf_2022,catboost_a,5
2022-07-08,KZT,False,0.2671232876712329,0.7,wf_2022,catboost_a,5
2022-07-09,KZT,False,0.2671232876712329,0.7,wf_2022,catboost_a,5
2022-07-12,KZT,False,0.20742637644046094,0.7,wf_2022,catboost_a,5
2022-07-13,KZT,False,0.20742637644046094,0.7,wf_2022,catboost_a,5
2022-07-14,KZT,False,0.20742637644046094,0.7,wf_2022,catboost_a,5
2022-07-15,KZT,False,0.20742637644046094,0.7,wf_2022,catboost_a,5
2022-07-16,KZT,False,0.20742637644046094,0.7,wf_2022,catboost_a,5
2022-07-19,KZT,False,0.125,0.7,wf_2022,catboost_a,5
2022-07-20,KZT,False,0.125,0.7,wf_2022,catboost_a,5
2022-07-21,KZT,False,0.125,0.7,wf_2022,catboost_a,5
2022-07-22,KZT,False,0.2222222222222222,0.7,wf_2022,catboost_a,5
2022-07-23,KZT,False,0.20742637644046094,0.7,wf_2022,catboost_a,5
2022-07-26,KZT,False,0.20742637644046094,0.7,wf_2022,catboost_a,5
2022-07-27,KZT,False,0.20742637644046094,0.7,wf_2022,catboost_a,5
2022-07-28,KZT,False,0.20742637644046094,0.7,wf_2022,catboost_a,5
2022-07-29,KZT,False,0.20742637644046094,0.7,wf_2022,catboost_a,5
2022-07-30,KZT,False,0.20742637644046094,0.7,wf_2022,catboost_a,5
2022-08-02,KZT,False,0.20742637644046094,0.7,wf_2022,catboost_a,5
2022-08-03,KZT,False,0.20742637644046094,0.7,wf_2022,catboost_a,5
2022-08-04,KZT,False,0.20742637644046094,0.7,wf_2022,catboost_a,5
2022-08-05,KZT,False,0.20742637644046094,0.7,wf_2022,catboost_a,5
2022-08-06,KZT,False,0.20742637644046094,0.7,wf_2022,catboost_a,5
2022-08-09,KZT,False,0.20742637644046094,0.7,wf_2022,catboost_a,5
2022-08-10,KZT,False,0.20742637644046094,0.7,wf_2022,catboost_a,5
2022-08-11,KZT,False,0.20742637644046094,0.7,wf_2022,catboost_a,5
2022-08-12,KZT,False,0.20742637644046094,0.7,wf_2022,catboost_a,5
2022-08-13,KZT,False,0.20742637644046094,0.7,wf_2022,catboost_a,5
2022-08-16,KZT,False,0.20742637644046094,0.7,wf_2022,catboost_a,5
2022-08-17,KZT,False,0.20742637644046094,0.7,wf_2022,catboost_a,5
2022-08-18,KZT,False,0.20742637644046094,0.7,wf_2022,catboost_a,5
2022-08-19,KZT,False,0.20742637644046094,0.7,wf_2022,catboost_a,5
2022-08-20,KZT,False,0.20742637644046094,0.7,wf_2022,catboost_a,5
2022-08-23,KZT,False,0.2671232876712329,0.7,wf_2022,catboost_a,5
2022-08-24,KZT,False,0.2671232876712329,0.7,wf_2022,catboost_a,5
2022-08-25,KZT,False,0.2671232876712329,0.7,wf_2022,catboost_a,5
2022-08-26,KZT,False,0.2671232876712329,0.7,wf_2022,catboost_a,5
2022-08-27,KZT,False,0.2671232876712329,0.7,wf_2022,catboost_a,5
2022-08-30,KZT,False,0.2671232876712329,0.7,wf_2022,catboost_a,5
2022-08-31,KZT,False,0.20742637644046094,0.7,wf_2022,catboost_a,5
2022-09-01,KZT,False,0.20742637644046094,0.7,wf_2022,catboost_a,5
2022-09-02,KZT,False,0.20742637644046094,0.7,wf_2022,catboost_a,5
2022-09-03,KZT,False,0.20742637644046094,0.7,wf_2022,catboost_a,5
2022-09-06,KZT,False,0.20742637644046094,0.7,wf_2022,catboost_a,5
2022-09-07,KZT,False,0.20742637644046094,0.7,wf_2022,catboost_a,5
2022-09-08,KZT,False,0.20742637644046094,0.7,wf_2022,catboost_a,5
2022-09-09,KZT,False,0.20742637644046094,0.7,wf_2022,catboost_a,5
2022-09-10,KZT,False,0.20742637644046094,0.7,wf_2022,catboost_a,5
2022-09-13,KZT,False,0.20742637644046094,0.7,wf_2022,catboost_a,5
2022-09-14,KZT,False,0.20742637644046094,0.7,wf_2022,catboost_a,5
2022-09-15,KZT,False,0.20742637644046094,0.7,wf_2022,catboost_a,5
2022-09-16,KZT,False,0.20742637644046094,0.7,wf_2022,catboost_a,5
2022-09-17,KZT,False,0.20742637644046094,0.7,wf_2022,catboost_a,5
2022-09-20,KZT,False,0.20742637644046094,0.7,wf_2022,catboost_a,5
2022-09-21,KZT,False,0.20742637644046094,0.7,wf_2022,catboost_a,5
2022-09-22,KZT,False,0.2671232876712329,0.7,wf_2022,catboost_a,5
2022-09-23,KZT,False,0.20742637644046094,0.7,wf_2022,catboost_a,5
2022-09-24,KZT,False,0.20742637644046094,0.7,wf_2022,catboost_a,5
2022-09-27,KZT,False,0.2671232876712329,0.7,wf_2022,catboost_a,5
2022-09-28,KZT,False,0.20742637644046094,0.7,wf_2022,catboost_a,5
2022-09-29,KZT,False,0.20742637644046094,0.7,wf_2022,catboost_a,5
2022-09-30,KZT,False,0.20742637644046094,0.7,wf_2022,catboost_a,5
2022-10-01,KZT,False,0.2222222222222222,0.7,wf_2022,catboost_a,5
2022-10-04,KZT,False,0.2671232876712329,0.7,wf_2022,catboost_a,5
2022-10-05,KZT,False,0.20742637644046094,0.7,wf_2022,catboost_a,5
2022-10-06,KZT,False,0.20742637644046094,0.7,wf_2022,catboost_a,5
2022-10-07,KZT,False,0.20742637644046094,0.7,wf_2022,catboost_a,5
2022-10-08,KZT,False,0.20742637644046094,0.7,wf_2022,catboost_a,5
2022-10-11,KZT,False,0.20742637644046094,0.7,wf_2022,catboost_a,5
2022-10-12,KZT,False,0.20742637644046094,0.7,wf_2022,catboost_a,5
2022-10-13,KZT,False,0.20742637644046094,0.7,wf_2022,catboost_a,5
2022-10-14,KZT,False,0.20742637644046094,0.7,wf_2022,catboost_a,5
2022-10-15,KZT,False,0.20742637644046094,0.7,wf_2022,catboost_a,5
2022-10-18,KZT,False,0.2671232876712329,0.7,wf_2022,catboost_a,5
2022-10-19,KZT,False,0.2671232876712329,0.7,wf_2022,catboost_a,5
2022-10-20,KZT,False,0.2671232876712329,0.7,wf_2022,catboost_a,5
2022-10-21,KZT,False,0.2671232876712329,0.7,wf_2022,catboost_a,5
2022-10-22,KZT,False,0.2671232876712329,0.7,wf_2022,catboost_a,5
2022-10-25,KZT,False,0.2671232876712329,0.7,wf_2022,catboost_a,5
2022-10-26,KZT,False,0.20742637644046094,0.7,wf_2022,catboost_a,5
2022-10-27,KZT,False,0.20742637644046094,0.7,wf_2022,catboost_a,5
2022-10-28,KZT,False,0.20742637644046094,0.7,wf_2022,catboost_a,5
2022-10-29,KZT,False,0.20742637644046094,0.7,wf_2022,catboost_a,5
2022-11-01,KZT,False,0.20742637644046094,0.7,wf_2022,catboost_a,5
2022-11-02,KZT,False,0.20742637644046094,0.7,wf_2022,catboost_a,5
2022-11-03,KZT,False,0.20742637644046094,0.7,wf_2022,catboost_a,5
2022-11-04,KZT,False,0.20742637644046094,0.7,wf_2022,catboost_a,5
2022-11-08,KZT,False,0.20742637644046094,0.7,wf_2022,catboost_a,5
2022-11-09,KZT,False,0.20742637644046094,0.7,wf_2022,catboost_a,5
2022-11-10,KZT,False,0.20742637644046094,0.7,wf_2022,catboost_a,5
2022-11-11,KZT,False,0.20742637644046094,0.7,wf_2022,catboost_a,5
2022-11-12,KZT,False,0.20742637644046094,0.7,wf_2022,catboost_a,5
2022-11-15,KZT,False,0.2671232876712329,0.7,wf_2022,catboost_a,5
2022-11-16,KZT,False,0.20742637644046094,0.7,wf_2022,catboost_a,5
2022-11-17,KZT,False,0.20742637644046094,0.7,wf_2022,catboost_a,5
2022-11-18,KZT,False,0.20742637644046094,0.7,wf_2022,catboost_a,5
2022-11-19,KZT,False,0.20742637644046094,0.7,wf_2022,catboost_a,5
2022-11-22,KZT,False,0.20742637644046094,0.7,wf_2022,catboost_a,5
2022-11-23,KZT,False,0.20742637644046094,0.7,wf_2022,catboost_a,5
2022-11-24,KZT,False,0.20742637644046094,0.7,wf_2022,catboost_a,5
2022-11-25,KZT,False,0.20742637644046094,0.7,wf_2022,catboost_a,5
2022-11-26,KZT,False,0.20742637644046094,0.7,wf_2022,catboost_a,5
2022-11-29,KZT,False,0.20742637644046094,0.7,wf_2022,catboost_a,5
2022-11-30,KZT,False,0.20742637644046094,0.7,wf_2022,catboost_a,5
2022-12-01,KZT,False,0.20742637644046094,0.7,wf_2022,catboost_a,5
2022-12-02,KZT,False,0.20742637644046094,0.7,wf_2022,catboost_a,5
2022-12-03,KZT,False,0.20742637644046094,0.7,wf_2022,catboost_a,5
2022-12-06,KZT,False,0.20742637644046094,0.7,wf_2022,catboost_a,5
2022-12-07,KZT,False,0.20742637644046094,0.7,wf_2022,catboost_a,5
2022-12-08,KZT,False,0.20742637644046094,0.7,wf_2022,catboost_a,5
2022-12-09,KZT,False,0.2671232876712329,0.7,wf_2022,catboost_a,5
2022-12-10,KZT,False,0.2671232876712329,0.7,wf_2022,catboost_a,5
2022-12-13,KZT,False,0.2671232876712329,0.7,wf_2022,catboost_a,5
2022-12-14,KZT,False,0.2671232876712329,0.7,wf_2022,catboost_a,5
2022-12-15,KZT,False,0.2671232876712329,0.7,wf_2022,catboost_a,5
2022-12-16,KZT,False,0.2671232876712329,0.7,wf_2022,catboost_a,5
2022-12-17,KZT,False,0.20742637644046094,0.7,wf_2022,catboost_a,5
2022-12-20,KZT,False,0.20742637644046094,0.7,wf_2022,catboost_a,5
2022-12-21,KZT,False,0.20742637644046094,0.7,wf_2022,catboost_a,5
2022-12-22,KZT,False,0.20742637644046094,0.7,wf_2022,catboost_a,5
2022-12-23,KZT,False,0.20742637644046094,0.7,wf_2022,catboost_a,5
2022-12-24,KZT,False,0.20742637644046094,0.7,wf_2022,catboost_a,5
2022-12-27,KZT,False,0.2671232876712329,0.7,wf_2022,catboost_a,5
2022-12-28,KZT,False,0.2671232876712329,0.7,wf_2022,catboost_a,5
2022-12-29,KZT,False,0.2671232876712329,0.7,wf_2022,catboost_a,5
2022-12-30,KZT,False,0.2671232876712329,0.7,wf_2022,catboost_a,5
2022-12-31,KZT,False,0.2671232876712329,0.7,wf_2022,catboost_a,5
2022-01-11,TJS,False,0.20742637644046094,0.7,wf_2022,catboost_a,5
2022-01-12,TJS,False,0.20742637644046094,0.7,wf_2022,catboost_a,5
2022-01-13,TJS,False,0.20742637644046094,0.7,wf_2022,catboost_a,5
2022-01-14,TJS,False,0.20742637644046094,0.7,wf_2022,catboost_a,5
2022-01-15,TJS,False,0.20742637644046094,0.7,wf_2022,catboost_a,5
2022-01-18,TJS,False,0.20742637644046094,0.7,wf_2022,catboost_a,5
2022-01-19,TJS,False,0.20742637644046094,0.7,wf_2022,catboost_a,5
2022-01-20,TJS,False,0.20742637644046094,0.7,wf_2022,catboost_a,5
2022-01-21,TJS,False,0.20742637644046094,0.7,wf_2022,catboost_a,5
2022-01-22,TJS,False,0.20742637644046094,0.7,wf_2022,catboost_a,5
2022-01-25,TJS,False,0.20742637644046094,0.7,wf_2022,catboost_a,5
2022-01-26,TJS,False,0.20742637644046094,0.7,wf_2022,catboost_a,5
2022-01-27,TJS,False,0.20742637644046094,0.7,wf_2022,catboost_a,5
2022-01-28,TJS,False,0.20742637644046094,0.7,wf_2022,catboost_a,5
2022-01-29,TJS,False,0.20742637644046094,0.7,wf_2022,catboost_a,5
2022-02-01,TJS,False,0.20742637644046094,0.7,wf_2022,catboost_a,5
2022-02-02,TJS,False,0.20742637644046094,0.7,wf_2022,catboost_a,5
2022-02-03,TJS,False,0.20742637644046094,0.7,wf_2022,catboost_a,5
2022-02-04,TJS,False,0.20742637644046094,0.7,wf_2022,catboost_a,5
2022-02-05,TJS,False,0.20742637644046094,0.7,wf_2022,catboost_a,5
2022-02-08,TJS,False,0.20742637644046094,0.7,wf_2022,catboost_a,5
2022-02-09,TJS,False,0.20742637644046094,0.7,wf_2022,catboost_a,5
2022-02-10,TJS,False,0.20742637644046094,0.7,wf_2022,catboost_a,5
2022-02-11,TJS,False,0.20742637644046094,0.7,wf_2022,catboost_a,5
2022-02-12,TJS,False,0.2671232876712329,0.7,wf_2022,catboost_a,5
2022-02-15,TJS,False,0.20742637644046094,0.7,wf_2022,catboost_a,5
2022-02-16,TJS,False,0.20742637644046094,0.7,wf_2022,catboost_a,5
2022-02-17,TJS,False,0.20742637644046094,0.7,wf_2022,catboost_a,5
2022-02-18,TJS,False,0.20742637644046094,0.7,wf_2022,catboost_a,5
2022-02-19,TJS,False,0.20742637644046094,0.7,wf_2022,catboost_a,5
2022-02-22,TJS,False,0.20742637644046094,0.7,wf_2022,catboost_a,5
2022-02-23,TJS,False,0.20742637644046094,0.7,wf_2022,catboost_a,5
2022-02-25,TJS,False,0.20742637644046094,0.7,wf_2022,catboost_a,5
2022-02-26,TJS,False,0.20742637644046094,0.7,wf_2022,catboost_a,5
2022-03-01,TJS,False,0.2671232876712329,0.7,wf_2022,catboost_a,5
2022-03-02,TJS,False,0.2671232876712329,0.7,wf_2022,catboost_a,5
2022-03-03,TJS,False,0.2671232876712329,0.7,wf_2022,catboost_a,5
2022-03-04,TJS,False,0.2671232876712329,0.7,wf_2022,catboost_a,5
2022-03-05,TJS,False,0.2671232876712329,0.7,wf_2022,catboost_a,5
2022-03-06,TJS,False,0.2671232876712329,0.7,wf_2022,catboost_a,5
2022-03-10,TJS,False,0.20742637644046094,0.7,wf_2022,catboost_a,5
2022-03-11,TJS,False,0.20742637644046094,0.7,wf_2022,catboost_a,5
2022-03-12,TJS,False,0.20742637644046094,0.7,wf_2022,catboost_a,5
2022-03-15,TJS,False,0.2671232876712329,0.7,wf_2022,catboost_a,5
2022-03-16,TJS,False,0.2671232876712329,0.7,wf_2022,catboost_a,5
2022-03-17,TJS,False,0.2671232876712329,0.7,wf_2022,catboost_a,5
2022-03-18,TJS,False,0.2671232876712329,0.7,wf_2022,catboost_a,5
2022-03-19,TJS,False,0.2671232876712329,0.7,wf_2022,catboost_a,5
2022-03-22,TJS,False,0.2671232876712329,0.7,wf_2022,catboost_a,5
2022-03-23,TJS,False,0.2671232876712329,0.7,wf_2022,catboost_a,5
2022-03-24,TJS,False,0.2671232876712329,0.7,wf_2022,catboost_a,5
2022-03-25,TJS,False,0.20742637644046094,0.7,wf_2022,catboost_a,5
2022-03-26,TJS,False,0.20742637644046094,0.7,wf_2022,catboost_a,5
2022-03-29,TJS,False,0.20742637644046094,0.7,wf_2022,catboost_a,5
2022-03-30,TJS,False,0.20742637644046094,0.7,wf_2022,catboost_a,5
2022-03-31,TJS,False,0.2671232876712329,0.7,wf_2022,catboost_a,5
2022-04-01,TJS,False,0.26136363636363635,0.7,wf_2022,catboost_a,5
2022-04-02,TJS,False,0.6,0.7,wf_2022,catboost_a,5
2022-04-05,TJS,False,0.20742637644046094,0.7,wf_2022,catboost_a,5
2022-04-06,TJS,False,0.20742637644046094,0.7,wf_2022,catboost_a,5
2022-04-07,TJS,False,0.20742637644046094,0.7,wf_2022,catboost_a,5
2022-04-08,TJS,False,0.20742637644046094,0.7,wf_2022,catboost_a,5
2022-04-09,TJS,False,0.20742637644046094,0.7,wf_2022,catboost_a,5
2022-04-12,TJS,False,0.6,0.7,wf_2022,catboost_a,5
2022-04-13,TJS,False,0.26136363636363635,0.7,wf_2022,catboost_a,5
2022-04-14,TJS,False,0.26136363636363635,0.7,wf_2022,catboost_a,5
2022-04-15,TJS,False,0.20742637644046094,0.7,wf_2022,catboost_a,5
2022-04-16,TJS,False,0.26136363636363635,0.7,wf_2022,catboost_a,5
2022-04-19,TJS,False,0.26136363636363635,0.7,wf_2022,catboost_a,5
2022-04-20,TJS,False,0.20742637644046094,0.7,wf_2022,catboost_a,5
2022-04-21,TJS,False,0.20742637644046094,0.7,wf_2022,catboost_a,5
2022-04-22,TJS,False,0.20742637644046094,0.7,wf_2022,catboost_a,5
2022-04-23,TJS,False,0.20742637644046094,0.7,wf_2022,catboost_a,5
2022-04-26,TJS,False,0.20742637644046094,0.7,wf_2022,catboost_a,5
2022-04-27,TJS,False,0.20742637644046094,0.7,wf_2022,catboost_a,5
2022-04-28,TJS,False,0.2671232876712329,0.7,wf_2022,catboost_a,5
2022-04-29,TJS,False,0.2671232876712329,0.7,wf_2022,catboost_a,5
2022-04-30,TJS,False,0.2671232876712329,0.7,wf_2022,catboost_a,5
2022-05-05,TJS,False,0.20742637644046094,0.7,wf_2022,catboost_a,5
2022-05-06,TJS,False,0.20742637644046094,0.7,wf_2022,catboost_a,5
2022-05-07,TJS,False,0.2671232876712329,0.7,wf_2022,catboost_a,5
2022-05-12,TJS,False,0.26136363636363635,0.7,wf_2022,catboost_a,5
2022-05-13,TJS,False,0.26136363636363635,0.7,wf_2022,catboost_a,5
2022-05-14,TJS,False,0.26136363636363635,0.7,wf_2022,catboost_a,5
2022-05-17,TJS,False,0.20742637644046094,0.7,wf_2022,catboost_a,5
2022-05-18,TJS,False,0.6,0.7,wf_2022,catboost_a,5
2022-05-19,TJS,False,0.26136363636363635,0.7,wf_2022,catboost_a,5
2022-05-20,TJS,False,0.26136363636363635,0.7,wf_2022,catboost_a,5
2022-05-21,TJS,False,0.26136363636363635,0.7,wf_2022,catboost_a,5
2022-05-24,TJS,False,0.6,0.7,wf_2022,catboost_a,5
2022-05-25,TJS,False,0.26136363636363635,0.7,wf_2022,catboost_a,5
2022-05-26,TJS,False,0.26136363636363635,0.7,wf_2022,catboost_a,5
2022-05-27,TJS,False,0.20742637644046094,0.7,wf_2022,catboost_a,5
2022-05-28,TJS,False,0.20742637644046094,0.7,wf_2022,catboost_a,5
2022-05-31,TJS,False,0.20742637644046094,0.7,wf_2022,catboost_a,5
2022-06-01,TJS,False,0.20742637644046094,0.7,wf_2022,catboost_a,5
2022-06-02,TJS,False,0.20742637644046094,0.7,wf_2022,catboost_a,5
2022-06-03,TJS,False,0.20742637644046094,0.7,wf_2022,catboost_a,5
2022-06-04,TJS,False,0.20742637644046094,0.7,wf_2022,catboost_a,5
2022-06-07,TJS,False,0.20742637644046094,0.7,wf_2022,catboost_a,5
2022-06-08,TJS,False,0.20742637644046094,0.7,wf_2022,catboost_a,5
2022-06-09,TJS,False,0.20742637644046094,0.7,wf_2022,catboost_a,5
2022-06-10,TJS,False,0.20742637644046094,0.7,wf_2022,catboost_a,5
2022-06-11,TJS,False,0.20742637644046094,0.7,wf_2022,catboost_a,5
2022-06-15,TJS,False,0.20742637644046094,0.7,wf_2022,catboost_a,5
2022-06-16,TJS,False,0.20742637644046094,0.7,wf_2022,catboost_a,5
2022-06-17,TJS,False,0.20742637644046094,0.7,wf_2022,catboost_a,5
2022-06-18,TJS,False,0.20742637644046094,0.7,wf_2022,catboost_a,5
2022-06-21,TJS,False,0.2671232876712329,0.7,wf_2022,catboost_a,5
2022-06-22,TJS,False,0.2671232876712329,0.7,wf_2022,catboost_a,5
2022-06-23,TJS,False,0.2671232876712329,0.7,wf_2022,catboost_a,5
2022-06-24,TJS,False,0.2671232876712329,0.7,wf_2022,catboost_a,5
2022-06-25,TJS,False,0.2671232876712329,0.7,wf_2022,catboost_a,5
2022-06-28,TJS,False,0.26136363636363635,0.7,wf_2022,catboost_a,5
2022-06-29,TJS,False,0.26136363636363635,0.7,wf_2022,catboost_a,5
2022-06-30,TJS,False,0.26136363636363635,0.7,wf_2022,catboost_a,5
2022-07-01,TJS,False,0.6,0.7,wf_2022,catboost_a,5
2022-07-02,TJS,False,0.2671232876712329,0.7,wf_2022,catboost_a,5
2022-07-05,TJS,False,0.2671232876712329,0.7,wf_2022,catboost_a,5
2022-07-06,TJS,False,0.2671232876712329,0.7,wf_2022,catboost_a,5
2022-07-07,TJS,False,0.2671232876712329,0.7,wf_2022,catboost_a,5
2022-07-08,TJS,False,0.2671232876712329,0.7,wf_2022,catboost_a,5
2022-07-09,TJS,False,0.2671232876712329,0.7,wf_2022,catboost_a,5
2022-07-12,TJS,False,0.20742637644046094,0.7,wf_2022,catboost_a,5
2022-07-13,TJS,False,0.20742637644046094,0.7,wf_2022,catboost_a,5
2022-07-14,TJS,False,0.20742637644046094,0.7,wf_2022,catboost_a,5
2022-07-15,TJS,False,0.20742637644046094,0.7,wf_2022,catboost_a,5
2022-07-16,TJS,False,0.20742637644046094,0.7,wf_2022,catboost_a,5
2022-07-19,TJS,False,0.20742637644046094,0.7,wf_2022,catboost_a,5
2022-07-20,TJS,False,0.20742637644046094,0.7,wf_2022,catboost_a,5
2022-07-21,TJS,False,0.20742637644046094,0.7,wf_2022,catboost_a,5
2022-07-22,TJS,False,0.20742637644046094,0.7,wf_2022,catboost_a,5
2022-07-23,TJS,False,0.20742637644046094,0.7,wf_2022,catboost_a,5
2022-07-26,TJS,False,0.20742637644046094,0.7,wf_2022,catboost_a,5
2022-07-27,TJS,False,0.20742637644046094,0.7,wf_2022,catboost_a,5
2022-07-28,TJS,False,0.20742637644046094,0.7,wf_2022,catboost_a,5
2022-07-29,TJS,False,0.20742637644046094,0.7,wf_2022,catboost_a,5
2022-07-30,TJS,False,0.20742637644046094,0.7,wf_2022,catboost_a,5
2022-08-02,TJS,False,0.20742637644046094,0.7,wf_2022,catboost_a,5
2022-08-03,TJS,False,0.20742637644046094,0.7,wf_2022,catboost_a,5
2022-08-04,TJS,False,0.20742637644046094,0.7,wf_2022,catboost_a,5
2022-08-05,TJS,False,0.20742637644046094,0.7,wf_2022,catboost_a,5
2022-08-06,TJS,False,0.20742637644046094,0.7,wf_2022,catboost_a,5
2022-08-09,TJS,False,0.20742637644046094,0.7,wf_2022,catboost_a,5
2022-08-10,TJS,False,0.20742637644046094,0.7,wf_2022,catboost_a,5
2022-08-11,TJS,False,0.20742637644046094,0.7,wf_2022,catboost_a,5
2022-08-12,TJS,False,0.20742637644046094,0.7,wf_2022,catboost_a,5
2022-08-13,TJS,False,0.20742637644046094,0.7,wf_2022,catboost_a,5
2022-08-16,TJS,False,0.20742637644046094,0.7,wf_2022,catboost_a,5
2022-08-17,TJS,False,0.20742637644046094,0.7,wf_2022,catboost_a,5
2022-08-18,TJS,False,0.20742637644046094,0.7,wf_2022,catboost_a,5
2022-08-19,TJS,False,0.20742637644046094,0.7,wf_2022,catboost_a,5
2022-08-20,TJS,False,0.20742637644046094,0.7,wf_2022,catboost_a,5
2022-08-23,TJS,False,0.20742637644046094,0.7,wf_2022,catboost_a,5
2022-08-24,TJS,False,0.20742637644046094,0.7,wf_2022,catboost_a,5
2022-08-25,TJS,False,0.20742637644046094,0.7,wf_2022,catboost_a,5
2022-08-26,TJS,False,0.20742637644046094,0.7,wf_2022,catboost_a,5
2022-08-27,TJS,False,0.20742637644046094,0.7,wf_2022,catboost_a,5
2022-08-30,TJS,False,0.20742637644046094,0.7,wf_2022,catboost_a,5
2022-08-31,TJS,False,0.20742637644046094,0.7,wf_2022,catboost_a,5
2022-09-01,TJS,False,0.20742637644046094,0.7,wf_2022,catboost_a,5
2022-09-02,TJS,False,0.2671232876712329,0.7,wf_2022,catboost_a,5
2022-09-03,TJS,False,0.2671232876712329,0.7,wf_2022,catboost_a,5
2022-09-06,TJS,False,0.2671232876712329,0.7,wf_2022,catboost_a,5
2022-09-07,TJS,False,0.2671232876712329,0.7,wf_2022,catboost_a,5
2022-09-08,TJS,False,0.2671232876712329,0.7,wf_2022,catboost_a,5
2022-09-09,TJS,False,0.2671232876712329,0.7,wf_2022,catboost_a,5
2022-09-10,TJS,False,0.20742637644046094,0.7,wf_2022,catboost_a,5
2022-09-13,TJS,False,0.20742637644046094,0.7,wf_2022,catboost_a,5
2022-09-14,TJS,False,0.20742637644046094,0.7,wf_2022,catboost_a,5
2022-09-15,TJS,False,0.20742637644046094,0.7,wf_2022,catboost_a,5
2022-09-16,TJS,False,0.20742637644046094,0.7,wf_2022,catboost_a,5
2022-09-17,TJS,False,0.20742637644046094,0.7,wf_2022,catboost_a,5
2022-09-20,TJS,False,0.20742637644046094,0.7,wf_2022,catboost_a,5
2022-09-21,TJS,False,0.20742637644046094,0.7,wf_2022,catboost_a,5
2022-09-22,TJS,False,0.20742637644046094,0.7,wf_2022,catboost_a,5
2022-09-23,TJS,False,0.20742637644046094,0.7,wf_2022,catboost_a,5
2022-09-24,TJS,False,0.20742637644046094,0.7,wf_2022,catboost_a,5
2022-09-27,TJS,False,0.20742637644046094,0.7,wf_2022,catboost_a,5
2022-09-28,TJS,False,0.2671232876712329,0.7,wf_2022,catboost_a,5
2022-09-29,TJS,False,0.20742637644046094,0.7,wf_2022,catboost_a,5
2022-09-30,TJS,False,0.20742637644046094,0.7,wf_2022,catboost_a,5
2022-10-01,TJS,False,0.20742637644046094,0.7,wf_2022,catboost_a,5
2022-10-04,TJS,False,0.2671232876712329,0.7,wf_2022,catboost_a,5
2022-10-05,TJS,False,0.20742637644046094,0.7,wf_2022,catboost_a,5
2022-10-06,TJS,False,0.20742637644046094,0.7,wf_2022,catboost_a,5
2022-10-07,TJS,False,0.20742637644046094,0.7,wf_2022,catboost_a,5
2022-10-08,TJS,False,0.20742637644046094,0.7,wf_2022,catboost_a,5
2022-10-11,TJS,False,0.20742637644046094,0.7,wf_2022,catboost_a,5
2022-10-12,TJS,False,0.20742637644046094,0.7,wf_2022,catboost_a,5
2022-10-13,TJS,False,0.20742637644046094,0.7,wf_2022,catboost_a,5
2022-10-14,TJS,False,0.20742637644046094,0.7,wf_2022,catboost_a,5
2022-10-15,TJS,False,0.20742637644046094,0.7,wf_2022,catboost_a,5
2022-10-18,TJS,False,0.20742637644046094,0.7,wf_2022,catboost_a,5
2022-10-19,TJS,False,0.20742637644046094,0.7,wf_2022,catboost_a,5
2022-10-20,TJS,False,0.20742637644046094,0.7,wf_2022,catboost_a,5
2022-10-21,TJS,False,0.20742637644046094,0.7,wf_2022,catboost_a,5
2022-10-22,TJS,False,0.20742637644046094,0.7,wf_2022,catboost_a,5
2022-10-25,TJS,False,0.20742637644046094,0.7,wf_2022,catboost_a,5
2022-10-26,TJS,False,0.20742637644046094,0.7,wf_2022,catboost_a,5
2022-10-27,TJS,False,0.20742637644046094,0.7,wf_2022,catboost_a,5
2022-10-28,TJS,False,0.20742637644046094,0.7,wf_2022,catboost_a,5
2022-10-29,TJS,False,0.20742637644046094,0.7,wf_2022,catboost_a,5
2022-11-01,TJS,False,0.2671232876712329,0.7,wf_2022,catboost_a,5
2022-11-02,TJS,False,0.2671232876712329,0.7,wf_2022,catboost_a,5
2022-11-03,TJS,False,0.2671232876712329,0.7,wf_2022,catboost_a,5
2022-11-04,TJS,False,0.2671232876712329,0.7,wf_2022,catboost_a,5
2022-11-08,TJS,False,0.20742637644046094,0.7,wf_2022,catboost_a,5
2022-11-09,TJS,False,0.20742637644046094,0.7,wf_2022,catboost_a,5
2022-11-10,TJS,False,0.2671232876712329,0.7,wf_2022,catboost_a,5
2022-11-11,TJS,False,0.20742637644046094,0.7,wf_2022,catboost_a,5
2022-11-12,TJS,False,0.20742637644046094,0.7,wf_2022,catboost_a,5
2022-11-15,TJS,False,0.2671232876712329,0.7,wf_2022,catboost_a,5
2022-11-16,TJS,False,0.20742637644046094,0.7,wf_2022,catboost_a,5
2022-11-17,TJS,False,0.20742637644046094,0.7,wf_2022,catboost_a,5
2022-11-18,TJS,False,0.20742637644046094,0.7,wf_2022,catboost_a,5
2022-11-19,TJS,False,0.20742637644046094,0.7,wf_2022,catboost_a,5
2022-11-22,TJS,False,0.20742637644046094,0.7,wf_2022,catboost_a,5
2022-11-23,TJS,False,0.20742637644046094,0.7,wf_2022,catboost_a,5
2022-11-24,TJS,False,0.20742637644046094,0.7,wf_2022,catboost_a,5
2022-11-25,TJS,False,0.20742637644046094,0.7,wf_2022,catboost_a,5
2022-11-26,TJS,False,0.20742637644046094,0.7,wf_2022,catboost_a,5
2022-11-29,TJS,False,0.20742637644046094,0.7,wf_2022,catboost_a,5
2022-11-30,TJS,False,0.20742637644046094,0.7,wf_2022,catboost_a,5
2022-12-01,TJS,False,0.20742637644046094,0.7,wf_2022,catboost_a,5
2022-12-02,TJS,False,0.20742637644046094,0.7,wf_2022,catboost_a,5
2022-12-03,TJS,False,0.20742637644046094,0.7,wf_2022,catboost_a,5
2022-12-06,TJS,False,0.20742637644046094,0.7,wf_2022,catboost_a,5
2022-12-07,TJS,False,0.20742637644046094,0.7,wf_2022,catboost_a,5
2022-12-08,TJS,False,0.20742637644046094,0.7,wf_2022,catboost_a,5
2022-12-09,TJS,False,0.20742637644046094,0.7,wf_2022,catboost_a,5
2022-12-10,TJS,False,0.20742637644046094,0.7,wf_2022,catboost_a,5
2022-12-13,TJS,False,0.20742637644046094,0.7,wf_2022,catboost_a,5
2022-12-14,TJS,False,0.20742637644046094,0.7,wf_2022,catboost_a,5
2022-12-15,TJS,False,0.20742637644046094,0.7,wf_2022,catboost_a,5
2022-12-16,TJS,False,0.20742637644046094,0.7,wf_2022,catboost_a,5
2022-12-17,TJS,False,0.20742637644046094,0.7,wf_2022,catboost_a,5
2022-12-20,TJS,False,0.20742637644046094,0.7,wf_2022,catboost_a,5
2022-12-21,TJS,False,0.20742637644046094,0.7,wf_2022,catboost_a,5
2022-12-22,TJS,False,0.20742637644046094,0.7,wf_2022,catboost_a,5
2022-12-23,TJS,False,0.20742637644046094,0.7,wf_2022,catboost_a,5
2022-12-24,TJS,False,0.20742637644046094,0.7,wf_2022,catboost_a,5
2022-12-27,TJS,False,0.2671232876712329,0.7,wf_2022,catboost_a,5
2022-12-28,TJS,False,0.2671232876712329,0.7,wf_2022,catboost_a,5
2022-12-29,TJS,False,0.2671232876712329,0.7,wf_2022,catboost_a,5
2022-12-30,TJS,False,0.2671232876712329,0.7,wf_2022,catboost_a,5
2022-12-31,TJS,False,0.2671232876712329,0.7,wf_2022,catboost_a,5
2022-01-11,UZS,False,0.20742637644046094,0.7,wf_2022,catboost_a,5
2022-01-12,UZS,False,0.20742637644046094,0.7,wf_2022,catboost_a,5
2022-01-13,UZS,False,0.20742637644046094,0.7,wf_2022,catboost_a,5
2022-01-14,UZS,False,0.20742637644046094,0.7,wf_2022,catboost_a,5
2022-01-15,UZS,False,0.20742637644046094,0.7,wf_2022,catboost_a,5
2022-01-18,UZS,False,0.20742637644046094,0.7,wf_2022,catboost_a,5
2022-01-19,UZS,False,0.20742637644046094,0.7,wf_2022,catboost_a,5
2022-01-20,UZS,False,0.20742637644046094,0.7,wf_2022,catboost_a,5
2022-01-21,UZS,False,0.20742637644046094,0.7,wf_2022,catboost_a,5
2022-01-22,UZS,False,0.20742637644046094,0.7,wf_2022,catboost_a,5
2022-01-25,UZS,False,0.20742637644046094,0.7,wf_2022,catboost_a,5
2022-01-26,UZS,False,0.20742637644046094,0.7,wf_2022,catboost_a,5
2022-01-27,UZS,False,0.20742637644046094,0.7,wf_2022,catboost_a,5
2022-01-28,UZS,False,0.20742637644046094,0.7,wf_2022,catboost_a,5
2022-01-29,UZS,False,0.20742637644046094,0.7,wf_2022,catboost_a,5
2022-02-01,UZS,False,0.20742637644046094,0.7,wf_2022,catboost_a,5
2022-02-02,UZS,False,0.20742637644046094,0.7,wf_2022,catboost_a,5
2022-02-03,UZS,False,0.20742637644046094,0.7,wf_2022,catboost_a,5
2022-02-04,UZS,False,0.20742637644046094,0.7,wf_2022,catboost_a,5
2022-02-05,UZS,False,0.20742637644046094,0.7,wf_2022,catboost_a,5
2022-02-08,UZS,False,0.20742637644046094,0.7,wf_2022,catboost_a,5
2022-02-09,UZS,False,0.20742637644046094,0.7,wf_2022,catboost_a,5
2022-02-10,UZS,False,0.20742637644046094,0.7,wf_2022,catboost_a,5
2022-02-11,UZS,False,0.20742637644046094,0.7,wf_2022,catboost_a,5
2022-02-12,UZS,False,0.2671232876712329,0.7,wf_2022,catboost_a,5
2022-02-15,UZS,False,0.20742637644046094,0.7,wf_2022,catboost_a,5
2022-02-16,UZS,False,0.20742637644046094,0.7,wf_2022,catboost_a,5
2022-02-17,UZS,False,0.20742637644046094,0.7,wf_2022,catboost_a,5
2022-02-18,UZS,False,0.20742637644046094,0.7,wf_2022,catboost_a,5
2022-02-19,UZS,False,0.20742637644046094,0.7,wf_2022,catboost_a,5
2022-02-22,UZS,False,0.20742637644046094,0.7,wf_2022,catboost_a,5
2022-02-23,UZS,False,0.20742637644046094,0.7,wf_2022,catboost_a,5
2022-02-25,UZS,False,0.20742637644046094,0.7,wf_2022,catboost_a,5
2022-02-26,UZS,False,0.20742637644046094,0.7,wf_2022,catboost_a,5
2022-03-01,UZS,False,0.2671232876712329,0.7,wf_2022,catboost_a,5
2022-03-02,UZS,False,0.2671232876712329,0.7,wf_2022,catboost_a,5
2022-03-03,UZS,False,0.2671232876712329,0.7,wf_2022,catboost_a,5
2022-03-04,UZS,False,0.2671232876712329,0.7,wf_2022,catboost_a,5
2022-03-05,UZS,False,0.2671232876712329,0.7,wf_2022,catboost_a,5
2022-03-06,UZS,False,0.2671232876712329,0.7,wf_2022,catboost_a,5
2022-03-10,UZS,False,0.20742637644046094,0.7,wf_2022,catboost_a,5
2022-03-11,UZS,False,0.20742637644046094,0.7,wf_2022,catboost_a,5
2022-03-12,UZS,False,0.20742637644046094,0.7,wf_2022,catboost_a,5
2022-03-15,UZS,False,0.2671232876712329,0.7,wf_2022,catboost_a,5
2022-03-16,UZS,False,0.2671232876712329,0.7,wf_2022,catboost_a,5
2022-03-17,UZS,False,0.2671232876712329,0.7,wf_2022,catboost_a,5
2022-03-18,UZS,False,0.2671232876712329,0.7,wf_2022,catboost_a,5
2022-03-19,UZS,False,0.2671232876712329,0.7,wf_2022,catboost_a,5
2022-03-22,UZS,False,0.2671232876712329,0.7,wf_2022,catboost_a,5
2022-03-23,UZS,False,0.2671232876712329,0.7,wf_2022,catboost_a,5
2022-03-24,UZS,False,0.20742637644046094,0.7,wf_2022,catboost_a,5
2022-03-25,UZS,False,0.20742637644046094,0.7,wf_2022,catboost_a,5
2022-03-26,UZS,False,0.20742637644046094,0.7,wf_2022,catboost_a,5
2022-03-29,UZS,False,0.20742637644046094,0.7,wf_2022,catboost_a,5
2022-03-30,UZS,False,0.20742637644046094,0.7,wf_2022,catboost_a,5
2022-03-31,UZS,False,0.2671232876712329,0.7,wf_2022,catboost_a,5
2022-04-01,UZS,False,0.20742637644046094,0.7,wf_2022,catboost_a,5
2022-04-02,UZS,False,0.20742637644046094,0.7,wf_2022,catboost_a,5
2022-04-05,UZS,False,0.2671232876712329,0.7,wf_2022,catboost_a,5
2022-04-06,UZS,False,0.20742637644046094,0.7,wf_2022,catboost_a,5
2022-04-07,UZS,False,0.20742637644046094,0.7,wf_2022,catboost_a,5
2022-04-08,UZS,False,0.20742637644046094,0.7,wf_2022,catboost_a,5
2022-04-09,UZS,False,0.20742637644046094,0.7,wf_2022,catboost_a,5
2022-04-12,UZS,False,0.2671232876712329,0.7,wf_2022,catboost_a,5
2022-04-13,UZS,False,0.20742637644046094,0.7,wf_2022,catboost_a,5
2022-04-14,UZS,False,0.20742637644046094,0.7,wf_2022,catboost_a,5
2022-04-15,UZS,False,0.20742637644046094,0.7,wf_2022,catboost_a,5
2022-04-16,UZS,False,0.20742637644046094,0.7,wf_2022,catboost_a,5
2022-04-19,UZS,False,0.20742637644046094,0.7,wf_2022,catboost_a,5
2022-04-20,UZS,False,0.20742637644046094,0.7,wf_2022,catboost_a,5
2022-04-21,UZS,False,0.20742637644046094,0.7,wf_2022,catboost_a,5
2022-04-22,UZS,False,0.20742637644046094,0.7,wf_2022,catboost_a,5
2022-04-23,UZS,False,0.20742637644046094,0.7,wf_2022,catboost_a,5
2022-04-26,UZS,False,0.2671232876712329,0.7,wf_2022,catboost_a,5
2022-04-27,UZS,False,0.2671232876712329,0.7,wf_2022,catboost_a,5
2022-04-28,UZS,False,0.2671232876712329,0.7,wf_2022,catboost_a,5
2022-04-29,UZS,False,0.2671232876712329,0.7,wf_2022,catboost_a,5
2022-04-30,UZS,False,0.2671232876712329,0.7,wf_2022,catboost_a,5
2022-05-05,UZS,False,0.20742637644046094,0.7,wf_2022,catboost_a,5
2022-05-06,UZS,False,0.20742637644046094,0.7,wf_2022,catboost_a,5
2022-05-07,UZS,False,0.2671232876712329,0.7,wf_2022,catboost_a,5
2022-05-12,UZS,False,0.26136363636363635,0.7,wf_2022,catboost_a,5
2022-05-13,UZS,False,0.26136363636363635,0.7,wf_2022,catboost_a,5
2022-05-14,UZS,False,0.26136363636363635,0.7,wf_2022,catboost_a,5
2022-05-17,UZS,False,0.20742637644046094,0.7,wf_2022,catboost_a,5
2022-05-18,UZS,False,0.37037037037037035,0.7,wf_2022,catboost_a,5
2022-05-19,UZS,False,0.26136363636363635,0.7,wf_2022,catboost_a,5
2022-05-20,UZS,False,0.26136363636363635,0.7,wf_2022,catboost_a,5
2022-05-21,UZS,False,0.26136363636363635,0.7,wf_2022,catboost_a,5
2022-05-24,UZS,False,0.20742637644046094,0.7,wf_2022,catboost_a,5
2022-05-25,UZS,False,0.20742637644046094,0.7,wf_2022,catboost_a,5
2022-05-26,UZS,False,0.20742637644046094,0.7,wf_2022,catboost_a,5
2022-05-27,UZS,False,0.37037037037037035,0.7,wf_2022,catboost_a,5
2022-05-28,UZS,False,0.20742637644046094,0.7,wf_2022,catboost_a,5
2022-05-31,UZS,False,0.20742637644046094,0.7,wf_2022,catboost_a,5
2022-06-01,UZS,False,0.26136363636363635,0.7,wf_2022,catboost_a,5
2022-06-02,UZS,False,0.26136363636363635,0.7,wf_2022,catboost_a,5
2022-06-03,UZS,False,0.26136363636363635,0.7,wf_2022,catboost_a,5
2022-06-04,UZS,False,0.20742637644046094,0.7,wf_2022,catboost_a,5
2022-06-07,UZS,False,0.26136363636363635,0.7,wf_2022,catboost_a,5
2022-06-08,UZS,False,0.26136363636363635,0.7,wf_2022,catboost_a,5
2022-06-09,UZS,False,0.20742637644046094,0.7,wf_2022,catboost_a,5
2022-06-10,UZS,False,0.20742637644046094,0.7,wf_2022,catboost_a,5
2022-06-11,UZS,False,0.20742637644046094,0.7,wf_2022,catboost_a,5
2022-06-15,UZS,False,0.20742637644046094,0.7,wf_2022,catboost_a,5
2022-06-16,UZS,False,0.20742637644046094,0.7,wf_2022,catboost_a,5
2022-06-17,UZS,False,0.26136363636363635,0.7,wf_2022,catboost_a,5
2022-06-18,UZS,False,0.26136363636363635,0.7,wf_2022,catboost_a,5
2022-06-21,UZS,False,0.26136363636363635,0.7,wf_2022,catboost_a,5
2022-06-22,UZS,False,0.20742637644046094,0.7,wf_2022,catboost_a,5
2022-06-23,UZS,False,0.20742637644046094,0.7,wf_2022,catboost_a,5
2022-06-24,UZS,False,0.37037037037037035,0.7,wf_2022,catboost_a,5
2022-06-25,UZS,False,0.26136363636363635,0.7,wf_2022,catboost_a,5
2022-06-28,UZS,False,0.26136363636363635,0.7,wf_2022,catboost_a,5
2022-06-29,UZS,False,0.26136363636363635,0.7,wf_2022,catboost_a,5
2022-06-30,UZS,False,0.20742637644046094,0.7,wf_2022,catboost_a,5
2022-07-01,UZS,False,0.37037037037037035,0.7,wf_2022,catboost_a,5
2022-07-02,UZS,False,0.2671232876712329,0.7,wf_2022,catboost_a,5
2022-07-05,UZS,False,0.2671232876712329,0.7,wf_2022,catboost_a,5
2022-07-06,UZS,False,0.2671232876712329,0.7,wf_2022,catboost_a,5
2022-07-07,UZS,False,0.2671232876712329,0.7,wf_2022,catboost_a,5
2022-07-08,UZS,False,0.2671232876712329,0.7,wf_2022,catboost_a,5
2022-07-09,UZS,False,0.2671232876712329,0.7,wf_2022,catboost_a,5
2022-07-12,UZS,False,0.2671232876712329,0.7,wf_2022,catboost_a,5
2022-07-13,UZS,False,0.20742637644046094,0.7,wf_2022,catboost_a,5
2022-07-14,UZS,False,0.20742637644046094,0.7,wf_2022,catboost_a,5
2022-07-15,UZS,False,0.20742637644046094,0.7,wf_2022,catboost_a,5
2022-07-16,UZS,False,0.20742637644046094,0.7,wf_2022,catboost_a,5
2022-07-19,UZS,False,0.20742637644046094,0.7,wf_2022,catboost_a,5
2022-07-20,UZS,False,0.20742637644046094,0.7,wf_2022,catboost_a,5
2022-07-21,UZS,False,0.20742637644046094,0.7,wf_2022,catboost_a,5
2022-07-22,UZS,False,0.20742637644046094,0.7,wf_2022,catboost_a,5
2022-07-23,UZS,False,0.20742637644046094,0.7,wf_2022,catboost_a,5
2022-07-26,UZS,False,0.20742637644046094,0.7,wf_2022,catboost_a,5
2022-07-27,UZS,False,0.20742637644046094,0.7,wf_2022,catboost_a,5
2022-07-28,UZS,False,0.20742637644046094,0.7,wf_2022,catboost_a,5
2022-07-29,UZS,False,0.20742637644046094,0.7,wf_2022,catboost_a,5
2022-07-30,UZS,False,0.20742637644046094,0.7,wf_2022,catboost_a,5
2022-08-02,UZS,False,0.20742637644046094,0.7,wf_2022,catboost_a,5
2022-08-03,UZS,False,0.20742637644046094,0.7,wf_2022,catboost_a,5
2022-08-04,UZS,False,0.20742637644046094,0.7,wf_2022,catboost_a,5
2022-08-05,UZS,False,0.20742637644046094,0.7,wf_2022,catboost_a,5
2022-08-06,UZS,False,0.20742637644046094,0.7,wf_2022,catboost_a,5
2022-08-09,UZS,False,0.20742637644046094,0.7,wf_2022,catboost_a,5
2022-08-10,UZS,False,0.20742637644046094,0.7,wf_2022,catboost_a,5
2022-08-11,UZS,False,0.20742637644046094,0.7,wf_2022,catboost_a,5
2022-08-12,UZS,False,0.20742637644046094,0.7,wf_2022,catboost_a,5
2022-08-13,UZS,False,0.20742637644046094,0.7,wf_2022,catboost_a,5
2022-08-16,UZS,False,0.20742637644046094,0.7,wf_2022,catboost_a,5
2022-08-17,UZS,False,0.20742637644046094,0.7,wf_2022,catboost_a,5
2022-08-18,UZS,False,0.20742637644046094,0.7,wf_2022,catboost_a,5
2022-08-19,UZS,False,0.20742637644046094,0.7,wf_2022,catboost_a,5
2022-08-20,UZS,False,0.20742637644046094,0.7,wf_2022,catboost_a,5
2022-08-23,UZS,False,0.20742637644046094,0.7,wf_2022,catboost_a,5
2022-08-24,UZS,False,0.20742637644046094,0.7,wf_2022,catboost_a,5
2022-08-25,UZS,False,0.2671232876712329,0.7,wf_2022,catboost_a,5
2022-08-26,UZS,False,0.2671232876712329,0.7,wf_2022,catboost_a,5
2022-08-27,UZS,False,0.2671232876712329,0.7,wf_2022,catboost_a,5
2022-08-30,UZS,False,0.2671232876712329,0.7,wf_2022,catboost_a,5
2022-08-31,UZS,False,0.2671232876712329,0.7,wf_2022,catboost_a,5
2022-09-01,UZS,False,0.2671232876712329,0.7,wf_2022,catboost_a,5
2022-09-02,UZS,False,0.2671232876712329,0.7,wf_2022,catboost_a,5
2022-09-03,UZS,False,0.20742637644046094,0.7,wf_2022,catboost_a,5
2022-09-06,UZS,False,0.20742637644046094,0.7,wf_2022,catboost_a,5
2022-09-07,UZS,False,0.20742637644046094,0.7,wf_2022,catboost_a,5
2022-09-08,UZS,False,0.20742637644046094,0.7,wf_2022,catboost_a,5
2022-09-09,UZS,False,0.20742637644046094,0.7,wf_2022,catboost_a,5
2022-09-10,UZS,False,0.20742637644046094,0.7,wf_2022,catboost_a,5
2022-09-13,UZS,False,0.20742637644046094,0.7,wf_2022,catboost_a,5
2022-09-14,UZS,False,0.20742637644046094,0.7,wf_2022,catboost_a,5
2022-09-15,UZS,False,0.20742637644046094,0.7,wf_2022,catboost_a,5
2022-09-16,UZS,False,0.20742637644046094,0.7,wf_2022,catboost_a,5
2022-09-17,UZS,False,0.20742637644046094,0.7,wf_2022,catboost_a,5
2022-09-20,UZS,False,0.20742637644046094,0.7,wf_2022,catboost_a,5
2022-09-21,UZS,False,0.20742637644046094,0.7,wf_2022,catboost_a,5
2022-09-22,UZS,False,0.20742637644046094,0.7,wf_2022,catboost_a,5
2022-09-23,UZS,False,0.20742637644046094,0.7,wf_2022,catboost_a,5
2022-09-24,UZS,False,0.2671232876712329,0.7,wf_2022,catboost_a,5
2022-09-27,UZS,False,0.2671232876712329,0.7,wf_2022,catboost_a,5
2022-09-28,UZS,False,0.37037037037037035,0.7,wf_2022,catboost_a,5
2022-09-29,UZS,False,0.2671232876712329,0.7,wf_2022,catboost_a,5
2022-09-30,UZS,False,0.2671232876712329,0.7,wf_2022,catboost_a,5
2022-10-01,UZS,False,0.2671232876712329,0.7,wf_2022,catboost_a,5
2022-10-04,UZS,False,0.2671232876712329,0.7,wf_2022,catboost_a,5
2022-10-05,UZS,False,0.20742637644046094,0.7,wf_2022,catboost_a,5
2022-10-06,UZS,False,0.20742637644046094,0.7,wf_2022,catboost_a,5
2022-10-07,UZS,False,0.20742637644046094,0.7,wf_2022,catboost_a,5
2022-10-08,UZS,False,0.20742637644046094,0.7,wf_2022,catboost_a,5
2022-10-11,UZS,False,0.20742637644046094,0.7,wf_2022,catboost_a,5
2022-10-12,UZS,False,0.20742637644046094,0.7,wf_2022,catboost_a,5
2022-10-13,UZS,False,0.20742637644046094,0.7,wf_2022,catboost_a,5
2022-10-14,UZS,False,0.20742637644046094,0.7,wf_2022,catboost_a,5
2022-10-15,UZS,False,0.20742637644046094,0.7,wf_2022,catboost_a,5
2022-10-18,UZS,False,0.20742637644046094,0.7,wf_2022,catboost_a,5
2022-10-19,UZS,False,0.20742637644046094,0.7,wf_2022,catboost_a,5
2022-10-20,UZS,False,0.20742637644046094,0.7,wf_2022,catboost_a,5
2022-10-21,UZS,False,0.20742637644046094,0.7,wf_2022,catboost_a,5
2022-10-22,UZS,False,0.20742637644046094,0.7,wf_2022,catboost_a,5
2022-10-25,UZS,False,0.20742637644046094,0.7,wf_2022,catboost_a,5
2022-10-26,UZS,False,0.20742637644046094,0.7,wf_2022,catboost_a,5
2022-10-27,UZS,False,0.20742637644046094,0.7,wf_2022,catboost_a,5
2022-10-28,UZS,False,0.20742637644046094,0.7,wf_2022,catboost_a,5
2022-10-29,UZS,False,0.20742637644046094,0.7,wf_2022,catboost_a,5
2022-11-01,UZS,False,0.20742637644046094,0.7,wf_2022,catboost_a,5
2022-11-02,UZS,False,0.20742637644046094,0.7,wf_2022,catboost_a,5
2022-11-03,UZS,False,0.20742637644046094,0.7,wf_2022,catboost_a,5
2022-11-04,UZS,False,0.20742637644046094,0.7,wf_2022,catboost_a,5
2022-11-08,UZS,False,0.20742637644046094,0.7,wf_2022,catboost_a,5
2022-11-09,UZS,False,0.20742637644046094,0.7,wf_2022,catboost_a,5
2022-11-10,UZS,False,0.2671232876712329,0.7,wf_2022,catboost_a,5
2022-11-11,UZS,False,0.20742637644046094,0.7,wf_2022,catboost_a,5
2022-11-12,UZS,False,0.20742637644046094,0.7,wf_2022,catboost_a,5
2022-11-15,UZS,False,0.2671232876712329,0.7,wf_2022,catboost_a,5
2022-11-16,UZS,False,0.20742637644046094,0.7,wf_2022,catboost_a,5
2022-11-17,UZS,False,0.20742637644046094,0.7,wf_2022,catboost_a,5
2022-11-18,UZS,False,0.20742637644046094,0.7,wf_2022,catboost_a,5
2022-11-19,UZS,False,0.20742637644046094,0.7,wf_2022,catboost_a,5
2022-11-22,UZS,False,0.20742637644046094,0.7,wf_2022,catboost_a,5
2022-11-23,UZS,False,0.20742637644046094,0.7,wf_2022,catboost_a,5
2022-11-24,UZS,False,0.20742637644046094,0.7,wf_2022,catboost_a,5
2022-11-25,UZS,False,0.20742637644046094,0.7,wf_2022,catboost_a,5
2022-11-26,UZS,False,0.20742637644046094,0.7,wf_2022,catboost_a,5
2022-11-29,UZS,False,0.20742637644046094,0.7,wf_2022,catboost_a,5
2022-11-30,UZS,False,0.20742637644046094,0.7,wf_2022,catboost_a,5
2022-12-01,UZS,False,0.2671232876712329,0.7,wf_2022,catboost_a,5
2022-12-02,UZS,False,0.2671232876712329,0.7,wf_2022,catboost_a,5
2022-12-03,UZS,False,0.2671232876712329,0.7,wf_2022,catboost_a,5
2022-12-06,UZS,False,0.2671232876712329,0.7,wf_2022,catboost_a,5
2022-12-07,UZS,False,0.2671232876712329,0.7,wf_2022,catboost_a,5
2022-12-08,UZS,False,0.2671232876712329,0.7,wf_2022,catboost_a,5
2022-12-09,UZS,False,0.20742637644046094,0.7,wf_2022,catboost_a,5
2022-12-10,UZS,False,0.20742637644046094,0.7,wf_2022,catboost_a,5
2022-12-13,UZS,False,0.20742637644046094,0.7,wf_2022,catboost_a,5
2022-12-14,UZS,False,0.20742637644046094,0.7,wf_2022,catboost_a,5
2022-12-15,UZS,False,0.20742637644046094,0.7,wf_2022,catboost_a,5
2022-12-16,UZS,False,0.20742637644046094,0.7,wf_2022,catboost_a,5
2022-12-17,UZS,False,0.20742637644046094,0.7,wf_2022,catboost_a,5
2022-12-20,UZS,False,0.20742637644046094,0.7,wf_2022,catboost_a,5
2022-12-21,UZS,False,0.20742637644046094,0.7,wf_2022,catboost_a,5
2022-12-22,UZS,False,0.20742637644046094,0.7,wf_2022,catboost_a,5
2022-12-23,UZS,False,0.20742637644046094,0.7,wf_2022,catboost_a,5
2022-12-24,UZS,False,0.20742637644046094,0.7,wf_2022,catboost_a,5
2022-12-27,UZS,False,0.2671232876712329,0.7,wf_2022,catboost_a,5
2022-12-28,UZS,False,0.2671232876712329,0.7,wf_2022,catboost_a,5
2022-12-29,UZS,False,0.2671232876712329,0.7,wf_2022,catboost_a,5
2022-12-30,UZS,False,0.2671232876712329,0.7,wf_2022,catboost_a,5
2022-12-31,UZS,False,0.2671232876712329,0.7,wf_2022,catboost_a,5
2023-01-10,AMD,False,0.2830188679245283,0.32608695652173914,wf_2023,catboost_a,5
2023-01-11,AMD,False,0.2830188679245283,0.32608695652173914,wf_2023,catboost_a,5
2023-01-12,AMD,False,0.2830188679245283,0.32608695652173914,wf_2023,catboost_a,5
2023-01-13,AMD,False,0.2830188679245283,0.32608695652173914,wf_2023,catboost_a,5
2023-01-14,AMD,False,0.2830188679245283,0.32608695652173914,wf_2023,catboost_a,5
2023-01-17,AMD,False,0.2830188679245283,0.32608695652173914,wf_2023,catboost_a,5
2023-01-18,AMD,False,0.2830188679245283,0.32608695652173914,wf_2023,catboost_a,5
2023-01-19,AMD,False,0.2830188679245283,0.32608695652173914,wf_2023,catboost_a,5
2023-01-20,AMD,False,0.2830188679245283,0.32608695652173914,wf_2023,catboost_a,5
2023-01-21,AMD,False,0.2830188679245283,0.32608695652173914,wf_2023,catboost_a,5
2023-01-24,AMD,False,0.2830188679245283,0.32608695652173914,wf_2023,catboost_a,5
2023-01-25,AMD,False,0.2830188679245283,0.32608695652173914,wf_2023,catboost_a,5
2023-01-26,AMD,False,0.2830188679245283,0.32608695652173914,wf_2023,catboost_a,5
2023-01-27,AMD,False,0.2830188679245283,0.32608695652173914,wf_2023,catboost_a,5
2023-01-28,AMD,False,0.2830188679245283,0.32608695652173914,wf_2023,catboost_a,5
2023-01-31,AMD,False,0.2830188679245283,0.32608695652173914,wf_2023,catboost_a,5
2023-02-01,AMD,False,0.2830188679245283,0.32608695652173914,wf_2023,catboost_a,5
2023-02-02,AMD,False,0.2830188679245283,0.32608695652173914,wf_2023,catboost_a,5
2023-02-03,AMD,False,0.2830188679245283,0.32608695652173914,wf_2023,catboost_a,5
2023-02-04,AMD,False,0.2830188679245283,0.32608695652173914,wf_2023,catboost_a,5
2023-02-07,AMD,False,0.2830188679245283,0.32608695652173914,wf_2023,catboost_a,5
2023-02-08,AMD,False,0.2830188679245283,0.32608695652173914,wf_2023,catboost_a,5
2023-02-09,AMD,False,0.2830188679245283,0.32608695652173914,wf_2023,catboost_a,5
2023-02-10,AMD,False,0.2830188679245283,0.32608695652173914,wf_2023,catboost_a,5
2023-02-11,AMD,False,0.2830188679245283,0.32608695652173914,wf_2023,catboost_a,5
2023-02-14,AMD,False,0.2830188679245283,0.32608695652173914,wf_2023,catboost_a,5
2023-02-15,AMD,False,0.2830188679245283,0.32608695652173914,wf_2023,catboost_a,5
2023-02-16,AMD,False,0.2830188679245283,0.32608695652173914,wf_2023,catboost_a,5
2023-02-17,AMD,False,0.2830188679245283,0.32608695652173914,wf_2023,catboost_a,5
2023-02-18,AMD,False,0.2830188679245283,0.32608695652173914,wf_2023,catboost_a,5
2023-02-21,AMD,False,0.2830188679245283,0.32608695652173914,wf_2023,catboost_a,5
2023-02-22,AMD,False,0.2830188679245283,0.32608695652173914,wf_2023,catboost_a,5
2023-02-23,AMD,False,0.2830188679245283,0.32608695652173914,wf_2023,catboost_a,5
2023-02-28,AMD,False,0.2830188679245283,0.32608695652173914,wf_2023,catboost_a,5
2023-03-01,AMD,False,0.2830188679245283,0.32608695652173914,wf_2023,catboost_a,5
2023-03-02,AMD,False,0.2830188679245283,0.32608695652173914,wf_2023,catboost_a,5
2023-03-03,AMD,False,0.2830188679245283,0.32608695652173914,wf_2023,catboost_a,5
2023-03-04,AMD,False,0.2830188679245283,0.32608695652173914,wf_2023,catboost_a,5
2023-03-07,AMD,False,0.2830188679245283,0.32608695652173914,wf_2023,catboost_a,5
2023-03-08,AMD,False,0.2830188679245283,0.32608695652173914,wf_2023,catboost_a,5
2023-03-10,AMD,False,0.2830188679245283,0.32608695652173914,wf_2023,catboost_a,5
2023-03-11,AMD,False,0.2830188679245283,0.32608695652173914,wf_2023,catboost_a,5
2023-03-14,AMD,False,0.2830188679245283,0.32608695652173914,wf_2023,catboost_a,5
2023-03-15,AMD,False,0.2830188679245283,0.32608695652173914,wf_2023,catboost_a,5
2023-03-16,AMD,False,0.2830188679245283,0.32608695652173914,wf_2023,catboost_a,5
2023-03-17,AMD,False,0.2830188679245283,0.32608695652173914,wf_2023,catboost_a,5
2023-03-18,AMD,False,0.2830188679245283,0.32608695652173914,wf_2023,catboost_a,5
2023-03-21,AMD,False,0.2830188679245283,0.32608695652173914,wf_2023,catboost_a,5
2023-03-22,AMD,False,0.2830188679245283,0.32608695652173914,wf_2023,catboost_a,5
2023-03-23,AMD,False,0.2830188679245283,0.32608695652173914,wf_2023,catboost_a,5
2023-03-24,AMD,False,0.2830188679245283,0.32608695652173914,wf_2023,catboost_a,5
2023-03-25,AMD,False,0.2830188679245283,0.32608695652173914,wf_2023,catboost_a,5
2023-03-28,AMD,False,0.2830188679245283,0.32608695652173914,wf_2023,catboost_a,5
2023-03-29,AMD,False,0.2830188679245283,0.32608695652173914,wf_2023,catboost_a,5
2023-03-30,AMD,False,0.2830188679245283,0.32608695652173914,wf_2023,catboost_a,5
2023-03-31,AMD,False,0.2830188679245283,0.32608695652173914,wf_2023,catboost_a,5
2023-04-01,AMD,False,0.2830188679245283,0.32608695652173914,wf_2023,catboost_a,5
2023-04-04,AMD,False,0.2830188679245283,0.32608695652173914,wf_2023,catboost_a,5
2023-04-05,AMD,False,0.2830188679245283,0.32608695652173914,wf_2023,catboost_a,5
2023-04-06,AMD,False,0.2830188679245283,0.32608695652173914,wf_2023,catboost_a,5
2023-04-07,AMD,False,0.2830188679245283,0.32608695652173914,wf_2023,catboost_a,5
2023-04-08,AMD,False,0.2830188679245283,0.32608695652173914,wf_2023,catboost_a,5
2023-04-11,AMD,False,0.2830188679245283,0.32608695652173914,wf_2023,catboost_a,5
2023-04-12,AMD,False,0.2830188679245283,0.32608695652173914,wf_2023,catboost_a,5
2023-04-13,AMD,False,0.2830188679245283,0.32608695652173914,wf_2023,catboost_a,5
2023-04-14,AMD,False,0.2830188679245283,0.32608695652173914,wf_2023,catboost_a,5
2023-04-15,AMD,False,0.2830188679245283,0.32608695652173914,wf_2023,catboost_a,5
2023-04-18,AMD,False,0.2830188679245283,0.32608695652173914,wf_2023,catboost_a,5
2023-04-19,AMD,False,0.2830188679245283,0.32608695652173914,wf_2023,catboost_a,5
2023-04-20,AMD,False,0.2830188679245283,0.32608695652173914,wf_2023,catboost_a,5
2023-04-21,AMD,False,0.2830188679245283,0.32608695652173914,wf_2023,catboost_a,5
2023-04-22,AMD,False,0.2830188679245283,0.32608695652173914,wf_2023,catboost_a,5
2023-04-25,AMD,False,0.2830188679245283,0.32608695652173914,wf_2023,catboost_a,5
2023-04-26,AMD,False,0.2830188679245283,0.32608695652173914,wf_2023,catboost_a,5
2023-04-27,AMD,False,0.2830188679245283,0.32608695652173914,wf_2023,catboost_a,5
2023-04-28,AMD,False,0.2830188679245283,0.32608695652173914,wf_2023,catboost_a,5
2023-04-29,AMD,False,0.2830188679245283,0.32608695652173914,wf_2023,catboost_a,5
2023-05-03,AMD,False,0.2830188679245283,0.32608695652173914,wf_2023,catboost_a,5
2023-05-04,AMD,False,0.2830188679245283,0.32608695652173914,wf_2023,catboost_a,5
2023-05-05,AMD,False,0.2830188679245283,0.32608695652173914,wf_2023,catboost_a,5
2023-05-06,AMD,False,0.2830188679245283,0.32608695652173914,wf_2023,catboost_a,5
2023-05-11,AMD,False,0.2830188679245283,0.32608695652173914,wf_2023,catboost_a,5
2023-05-12,AMD,False,0.2830188679245283,0.32608695652173914,wf_2023,catboost_a,5
2023-05-13,AMD,True,0.32608695652173914,0.32608695652173914,wf_2023,catboost_a,5
2023-05-16,AMD,False,0.2830188679245283,0.32608695652173914,wf_2023,catboost_a,5
2023-05-17,AMD,False,0.2830188679245283,0.32608695652173914,wf_2023,catboost_a,5
2023-05-18,AMD,False,0.2830188679245283,0.32608695652173914,wf_2023,catboost_a,5
2023-05-19,AMD,False,0.2830188679245283,0.32608695652173914,wf_2023,catboost_a,5
2023-05-20,AMD,False,0.2830188679245283,0.32608695652173914,wf_2023,catboost_a,5
2023-05-23,AMD,False,0.2830188679245283,0.32608695652173914,wf_2023,catboost_a,5
2023-05-24,AMD,False,0.2830188679245283,0.32608695652173914,wf_2023,catboost_a,5
2023-05-25,AMD,False,0.2830188679245283,0.32608695652173914,wf_2023,catboost_a,5
2023-05-26,AMD,False,0.2830188679245283,0.32608695652173914,wf_2023,catboost_a,5
2023-05-27,AMD,False,0.2830188679245283,0.32608695652173914,wf_2023,catboost_a,5
2023-05-30,AMD,False,0.2830188679245283,0.32608695652173914,wf_2023,catboost_a,5
2023-05-31,AMD,False,0.2830188679245283,0.32608695652173914,wf_2023,catboost_a,5
2023-06-01,AMD,False,0.2830188679245283,0.32608695652173914,wf_2023,catboost_a,5
2023-06-02,AMD,False,0.2830188679245283,0.32608695652173914,wf_2023,catboost_a,5
2023-06-03,AMD,False,0.2830188679245283,0.32608695652173914,wf_2023,catboost_a,5
2023-06-06,AMD,False,0.2830188679245283,0.32608695652173914,wf_2023,catboost_a,5
2023-06-07,AMD,False,0.2830188679245283,0.32608695652173914,wf_2023,catboost_a,5
2023-06-08,AMD,False,0.2830188679245283,0.32608695652173914,wf_2023,catboost_a,5
2023-06-09,AMD,False,0.2830188679245283,0.32608695652173914,wf_2023,catboost_a,5
2023-06-10,AMD,False,0.2830188679245283,0.32608695652173914,wf_2023,catboost_a,5
2023-06-14,AMD,False,0.2830188679245283,0.32608695652173914,wf_2023,catboost_a,5
2023-06-15,AMD,False,0.2830188679245283,0.32608695652173914,wf_2023,catboost_a,5
2023-06-16,AMD,False,0.2830188679245283,0.32608695652173914,wf_2023,catboost_a,5
2023-06-17,AMD,False,0.2830188679245283,0.32608695652173914,wf_2023,catboost_a,5
2023-06-20,AMD,False,0.2830188679245283,0.32608695652173914,wf_2023,catboost_a,5
2023-06-21,AMD,False,0.2830188679245283,0.32608695652173914,wf_2023,catboost_a,5
2023-06-22,AMD,False,0.2830188679245283,0.32608695652173914,wf_2023,catboost_a,5
2023-06-23,AMD,False,0.2830188679245283,0.32608695652173914,wf_2023,catboost_a,5
2023-06-24,AMD,False,0.2830188679245283,0.32608695652173914,wf_2023,catboost_a,5
2023-06-27,AMD,False,0.2830188679245283,0.32608695652173914,wf_2023,catboost_a,5
2023-06-28,AMD,False,0.2830188679245283,0.32608695652173914,wf_2023,catboost_a,5
2023-06-29,AMD,False,0.2830188679245283,0.32608695652173914,wf_2023,catboost_a,5
2023-06-30,AMD,False,0.2830188679245283,0.32608695652173914,wf_2023,catboost_a,5
2023-07-01,AMD,False,0.2830188679245283,0.32608695652173914,wf_2023,catboost_a,5
2023-07-04,AMD,False,0.2830188679245283,0.32608695652173914,wf_2023,catboost_a,5
2023-07-05,AMD,False,0.2830188679245283,0.32608695652173914,wf_2023,catboost_a,5
2023-07-06,AMD,False,0.2830188679245283,0.32608695652173914,wf_2023,catboost_a,5
2023-07-07,AMD,False,0.2830188679245283,0.32608695652173914,wf_2023,catboost_a,5
2023-07-08,AMD,False,0.2830188679245283,0.32608695652173914,wf_2023,catboost_a,5
2023-07-11,AMD,False,0.2830188679245283,0.32608695652173914,wf_2023,catboost_a,5
2023-07-12,AMD,False,0.2830188679245283,0.32608695652173914,wf_2023,catboost_a,5
2023-07-13,AMD,False,0.2830188679245283,0.32608695652173914,wf_2023,catboost_a,5
2023-07-14,AMD,False,0.2830188679245283,0.32608695652173914,wf_2023,catboost_a,5
2023-07-15,AMD,False,0.2830188679245283,0.32608695652173914,wf_2023,catboost_a,5
2023-07-18,AMD,False,0.2830188679245283,0.32608695652173914,wf_2023,catboost_a,5
2023-07-19,AMD,False,0.2830188679245283,0.32608695652173914,wf_2023,catboost_a,5
2023-07-20,AMD,False,0.2830188679245283,0.32608695652173914,wf_2023,catboost_a,5
2023-07-21,AMD,False,0.2830188679245283,0.32608695652173914,wf_2023,catboost_a,5
2023-07-22,AMD,False,0.2830188679245283,0.32608695652173914,wf_2023,catboost_a,5
2023-07-25,AMD,False,0.2830188679245283,0.32608695652173914,wf_2023,catboost_a,5
2023-07-26,AMD,False,0.2830188679245283,0.32608695652173914,wf_2023,catboost_a,5
2023-07-27,AMD,False,0.2830188679245283,0.32608695652173914,wf_2023,catboost_a,5
2023-07-28,AMD,False,0.2830188679245283,0.32608695652173914,wf_2023,catboost_a,5
2023-07-29,AMD,False,0.2830188679245283,0.32608695652173914,wf_2023,catboost_a,5
2023-08-01,AMD,False,0.2830188679245283,0.32608695652173914,wf_2023,catboost_a,5
2023-08-02,AMD,False,0.2830188679245283,0.32608695652173914,wf_2023,catboost_a,5
2023-08-03,AMD,False,0.2830188679245283,0.32608695652173914,wf_2023,catboost_a,5
2023-08-04,AMD,False,0.2830188679245283,0.32608695652173914,wf_2023,catboost_a,5
2023-08-05,AMD,False,0.2830188679245283,0.32608695652173914,wf_2023,catboost_a,5
2023-08-08,AMD,False,0.2830188679245283,0.32608695652173914,wf_2023,catboost_a,5
2023-08-09,AMD,False,0.2830188679245283,0.32608695652173914,wf_2023,catboost_a,5
2023-08-10,AMD,False,0.2830188679245283,0.32608695652173914,wf_2023,catboost_a,5
2023-08-11,AMD,False,0.2830188679245283,0.32608695652173914,wf_2023,catboost_a,5
2023-08-12,AMD,False,0.2830188679245283,0.32608695652173914,wf_2023,catboost_a,5
2023-08-15,AMD,False,0.2830188679245283,0.32608695652173914,wf_2023,catboost_a,5
2023-08-16,AMD,False,0.2830188679245283,0.32608695652173914,wf_2023,catboost_a,5
2023-08-17,AMD,False,0.2830188679245283,0.32608695652173914,wf_2023,catboost_a,5
2023-08-18,AMD,False,0.2830188679245283,0.32608695652173914,wf_2023,catboost_a,5
2023-08-19,AMD,False,0.2830188679245283,0.32608695652173914,wf_2023,catboost_a,5
2023-08-22,AMD,False,0.2830188679245283,0.32608695652173914,wf_2023,catboost_a,5
2023-08-23,AMD,False,0.2830188679245283,0.32608695652173914,wf_2023,catboost_a,5
2023-08-24,AMD,False,0.2830188679245283,0.32608695652173914,wf_2023,catboost_a,5
2023-08-25,AMD,False,0.2830188679245283,0.32608695652173914,wf_2023,catboost_a,5
2023-08-26,AMD,False,0.2830188679245283,0.32608695652173914,wf_2023,catboost_a,5
2023-08-29,AMD,False,0.2830188679245283,0.32608695652173914,wf_2023,catboost_a,5
2023-08-30,AMD,False,0.2830188679245283,0.32608695652173914,wf_2023,catboost_a,5
2023-08-31,AMD,False,0.2830188679245283,0.32608695652173914,wf_2023,catboost_a,5
2023-09-01,AMD,False,0.2830188679245283,0.32608695652173914,wf_2023,catboost_a,5
2023-09-02,AMD,False,0.2830188679245283,0.32608695652173914,wf_2023,catboost_a,5
2023-09-05,AMD,False,0.2830188679245283,0.32608695652173914,wf_2023,catboost_a,5
2023-09-06,AMD,False,0.2830188679245283,0.32608695652173914,wf_2023,catboost_a,5
2023-09-07,AMD,False,0.2830188679245283,0.32608695652173914,wf_2023,catboost_a,5
2023-09-08,AMD,False,0.2830188679245283,0.32608695652173914,wf_2023,catboost_a,5
2023-09-09,AMD,False,0.2830188679245283,0.32608695652173914,wf_2023,catboost_a,5
2023-09-12,AMD,False,0.2830188679245283,0.32608695652173914,wf_2023,catboost_a,5
2023-09-13,AMD,False,0.2830188679245283,0.32608695652173914,wf_2023,catboost_a,5
2023-09-14,AMD,False,0.2830188679245283,0.32608695652173914,wf_2023,catboost_a,5
2023-09-15,AMD,False,0.2830188679245283,0.32608695652173914,wf_2023,catboost_a,5
2023-09-16,AMD,False,0.2830188679245283,0.32608695652173914,wf_2023,catboost_a,5
2023-09-19,AMD,False,0.2830188679245283,0.32608695652173914,wf_2023,catboost_a,5
2023-09-20,AMD,False,0.2830188679245283,0.32608695652173914,wf_2023,catboost_a,5
2023-09-21,AMD,False,0.2830188679245283,0.32608695652173914,wf_2023,catboost_a,5
2023-09-22,AMD,False,0.2830188679245283,0.32608695652173914,wf_2023,catboost_a,5
2023-09-23,AMD,False,0.2830188679245283,0.32608695652173914,wf_2023,catboost_a,5
2023-09-26,AMD,False,0.2830188679245283,0.32608695652173914,wf_2023,catboost_a,5
2023-09-27,AMD,False,0.2830188679245283,0.32608695652173914,wf_2023,catboost_a,5
2023-09-28,AMD,False,0.2830188679245283,0.32608695652173914,wf_2023,catboost_a,5
2023-09-29,AMD,False,0.2830188679245283,0.32608695652173914,wf_2023,catboost_a,5
2023-09-30,AMD,False,0.2830188679245283,0.32608695652173914,wf_2023,catboost_a,5
2023-10-03,AMD,False,0.2830188679245283,0.32608695652173914,wf_2023,catboost_a,5
2023-10-04,AMD,False,0.2830188679245283,0.32608695652173914,wf_2023,catboost_a,5
2023-10-05,AMD,False,0.2830188679245283,0.32608695652173914,wf_2023,catboost_a,5
2023-10-06,AMD,True,0.32608695652173914,0.32608695652173914,wf_2023,catboost_a,5
2023-10-07,AMD,False,0.2830188679245283,0.32608695652173914,wf_2023,catboost_a,5
2023-10-10,AMD,False,0.2830188679245283,0.32608695652173914,wf_2023,catboost_a,5
2023-10-11,AMD,False,0.2830188679245283,0.32608695652173914,wf_2023,catboost_a,5
2023-10-12,AMD,False,0.2830188679245283,0.32608695652173914,wf_2023,catboost_a,5
2023-10-13,AMD,False,0.2830188679245283,0.32608695652173914,wf_2023,catboost_a,5
2023-10-14,AMD,False,0.2830188679245283,0.32608695652173914,wf_2023,catboost_a,5
2023-10-17,AMD,False,0.2830188679245283,0.32608695652173914,wf_2023,catboost_a,5
2023-10-18,AMD,False,0.2830188679245283,0.32608695652173914,wf_2023,catboost_a,5
2023-10-19,AMD,False,0.2830188679245283,0.32608695652173914,wf_2023,catboost_a,5
2023-10-20,AMD,False,0.2830188679245283,0.32608695652173914,wf_2023,catboost_a,5
2023-10-21,AMD,False,0.2830188679245283,0.32608695652173914,wf_2023,catboost_a,5
2023-10-24,AMD,False,0.2830188679245283,0.32608695652173914,wf_2023,catboost_a,5
2023-10-25,AMD,False,0.2830188679245283,0.32608695652173914,wf_2023,catboost_a,5
2023-10-26,AMD,False,0.1206896551724138,0.32608695652173914,wf_2023,catboost_a,5
2023-10-27,AMD,True,0.32608695652173914,0.32608695652173914,wf_2023,catboost_a,5
2023-10-28,AMD,False,0.2830188679245283,0.32608695652173914,wf_2023,catboost_a,5
2023-10-31,AMD,False,0.2830188679245283,0.32608695652173914,wf_2023,catboost_a,5
2023-11-01,AMD,False,0.2830188679245283,0.32608695652173914,wf_2023,catboost_a,5
2023-11-02,AMD,True,0.3333333333333333,0.32608695652173914,wf_2023,catboost_a,5
2023-11-03,AMD,False,0.2830188679245283,0.32608695652173914,wf_2023,catboost_a,5
2023-11-04,AMD,False,0.2830188679245283,0.32608695652173914,wf_2023,catboost_a,5
2023-11-08,AMD,False,0.1206896551724138,0.32608695652173914,wf_2023,catboost_a,5
2023-11-09,AMD,False,0.1206896551724138,0.32608695652173914,wf_2023,catboost_a,5
2023-11-10,AMD,False,0.1206896551724138,0.32608695652173914,wf_2023,catboost_a,5
2023-11-11,AMD,True,0.3333333333333333,0.32608695652173914,wf_2023,catboost_a,5
2023-11-14,AMD,False,0.2830188679245283,0.32608695652173914,wf_2023,catboost_a,5
2023-11-15,AMD,False,0.2830188679245283,0.32608695652173914,wf_2023,catboost_a,5
2023-11-16,AMD,False,0.1206896551724138,0.32608695652173914,wf_2023,catboost_a,5
2023-11-17,AMD,False,0.1206896551724138,0.32608695652173914,wf_2023,catboost_a,5
2023-11-18,AMD,True,0.3333333333333333,0.32608695652173914,wf_2023,catboost_a,5
2023-11-21,AMD,False,0.2830188679245283,0.32608695652173914,wf_2023,catboost_a,5
2023-11-22,AMD,False,0.2830188679245283,0.32608695652173914,wf_2023,catboost_a,5
2023-11-23,AMD,True,0.3333333333333333,0.32608695652173914,wf_2023,catboost_a,5
2023-11-24,AMD,False,0.2830188679245283,0.32608695652173914,wf_2023,catboost_a,5
2023-11-25,AMD,False,0.2830188679245283,0.32608695652173914,wf_2023,catboost_a,5
2023-11-28,AMD,False,0.2830188679245283,0.32608695652173914,wf_2023,catboost_a,5
2023-11-29,AMD,False,0.2830188679245283,0.32608695652173914,wf_2023,catboost_a,5
2023-11-30,AMD,False,0.2830188679245283,0.32608695652173914,wf_2023,catboost_a,5
2023-12-01,AMD,False,0.2830188679245283,0.32608695652173914,wf_2023,catboost_a,5
2023-12-02,AMD,False,0.2830188679245283,0.32608695652173914,wf_2023,catboost_a,5
2023-12-05,AMD,False,0.2830188679245283,0.32608695652173914,wf_2023,catboost_a,5
2023-12-06,AMD,False,0.2830188679245283,0.32608695652173914,wf_2023,catboost_a,5
2023-12-07,AMD,False,0.2830188679245283,0.32608695652173914,wf_2023,catboost_a,5
2023-12-08,AMD,False,0.2830188679245283,0.32608695652173914,wf_2023,catboost_a,5
2023-12-09,AMD,False,0.2830188679245283,0.32608695652173914,wf_2023,catboost_a,5
2023-12-12,AMD,False,0.2830188679245283,0.32608695652173914,wf_2023,catboost_a,5
2023-12-13,AMD,False,0.2830188679245283,0.32608695652173914,wf_2023,catboost_a,5
2023-12-14,AMD,False,0.2830188679245283,0.32608695652173914,wf_2023,catboost_a,5
2023-12-15,AMD,False,0.2830188679245283,0.32608695652173914,wf_2023,catboost_a,5
2023-12-16,AMD,False,0.2830188679245283,0.32608695652173914,wf_2023,catboost_a,5
2023-12-19,AMD,False,0.2830188679245283,0.32608695652173914,wf_2023,catboost_a,5
2023-12-20,AMD,False,0.2830188679245283,0.32608695652173914,wf_2023,catboost_a,5
2023-12-21,AMD,False,0.2830188679245283,0.32608695652173914,wf_2023,catboost_a,5
2023-12-22,AMD,False,0.2830188679245283,0.32608695652173914,wf_2023,catboost_a,5
2023-12-23,AMD,False,0.2830188679245283,0.32608695652173914,wf_2023,catboost_a,5
2023-12-26,AMD,False,0.2830188679245283,0.32608695652173914,wf_2023,catboost_a,5
2023-12-27,AMD,False,0.2830188679245283,0.32608695652173914,wf_2023,catboost_a,5
2023-12-28,AMD,False,0.2830188679245283,0.32608695652173914,wf_2023,catboost_a,5
2023-12-29,AMD,False,0.2830188679245283,0.32608695652173914,wf_2023,catboost_a,5
2023-12-30,AMD,False,0.2830188679245283,0.32608695652173914,wf_2023,catboost_a,5
2023-01-10,KGS,False,0.2830188679245283,0.32608695652173914,wf_2023,catboost_a,5
2023-01-11,KGS,False,0.2830188679245283,0.32608695652173914,wf_2023,catboost_a,5
2023-01-12,KGS,False,0.2830188679245283,0.32608695652173914,wf_2023,catboost_a,5
2023-01-13,KGS,False,0.2830188679245283,0.32608695652173914,wf_2023,catboost_a,5
2023-01-14,KGS,False,0.2830188679245283,0.32608695652173914,wf_2023,catboost_a,5
2023-01-17,KGS,False,0.2830188679245283,0.32608695652173914,wf_2023,catboost_a,5
2023-01-18,KGS,False,0.2830188679245283,0.32608695652173914,wf_2023,catboost_a,5
2023-01-19,KGS,False,0.2830188679245283,0.32608695652173914,wf_2023,catboost_a,5
2023-01-20,KGS,False,0.2830188679245283,0.32608695652173914,wf_2023,catboost_a,5
2023-01-21,KGS,False,0.2830188679245283,0.32608695652173914,wf_2023,catboost_a,5
2023-01-24,KGS,False,0.2830188679245283,0.32608695652173914,wf_2023,catboost_a,5
2023-01-25,KGS,False,0.2830188679245283,0.32608695652173914,wf_2023,catboost_a,5
2023-01-26,KGS,False,0.2830188679245283,0.32608695652173914,wf_2023,catboost_a,5
2023-01-27,KGS,False,0.2830188679245283,0.32608695652173914,wf_2023,catboost_a,5
2023-01-28,KGS,False,0.2830188679245283,0.32608695652173914,wf_2023,catboost_a,5
2023-01-31,KGS,False,0.2830188679245283,0.32608695652173914,wf_2023,catboost_a,5
2023-02-01,KGS,False,0.2830188679245283,0.32608695652173914,wf_2023,catboost_a,5
2023-02-02,KGS,False,0.2830188679245283,0.32608695652173914,wf_2023,catboost_a,5
2023-02-03,KGS,False,0.2830188679245283,0.32608695652173914,wf_2023,catboost_a,5
2023-02-04,KGS,False,0.2830188679245283,0.32608695652173914,wf_2023,catboost_a,5
2023-02-07,KGS,False,0.2830188679245283,0.32608695652173914,wf_2023,catboost_a,5
2023-02-08,KGS,False,0.2830188679245283,0.32608695652173914,wf_2023,catboost_a,5
2023-02-09,KGS,False,0.2830188679245283,0.32608695652173914,wf_2023,catboost_a,5
2023-02-10,KGS,False,0.2830188679245283,0.32608695652173914,wf_2023,catboost_a,5
2023-02-11,KGS,False,0.2830188679245283,0.32608695652173914,wf_2023,catboost_a,5
2023-02-14,KGS,False,0.2830188679245283,0.32608695652173914,wf_2023,catboost_a,5
2023-02-15,KGS,False,0.2830188679245283,0.32608695652173914,wf_2023,catboost_a,5
2023-02-16,KGS,False,0.2830188679245283,0.32608695652173914,wf_2023,catboost_a,5
2023-02-17,KGS,False,0.2830188679245283,0.32608695652173914,wf_2023,catboost_a,5
2023-02-18,KGS,False,0.2830188679245283,0.32608695652173914,wf_2023,catboost_a,5
2023-02-21,KGS,False,0.2830188679245283,0.32608695652173914,wf_2023,catboost_a,5
2023-02-22,KGS,False,0.2830188679245283,0.32608695652173914,wf_2023,catboost_a,5
2023-02-23,KGS,False,0.2830188679245283,0.32608695652173914,wf_2023,catboost_a,5
2023-02-28,KGS,False,0.2830188679245283,0.32608695652173914,wf_2023,catboost_a,5
2023-03-01,KGS,False,0.2830188679245283,0.32608695652173914,wf_2023,catboost_a,5
2023-03-02,KGS,False,0.2830188679245283,0.32608695652173914,wf_2023,catboost_a,5
2023-03-03,KGS,False,0.2830188679245283,0.32608695652173914,wf_2023,catboost_a,5
2023-03-04,KGS,False,0.2830188679245283,0.32608695652173914,wf_2023,catboost_a,5
2023-03-07,KGS,False,0.2830188679245283,0.32608695652173914,wf_2023,catboost_a,5
2023-03-08,KGS,False,0.2830188679245283,0.32608695652173914,wf_2023,catboost_a,5
2023-03-10,KGS,False,0.2830188679245283,0.32608695652173914,wf_2023,catboost_a,5
2023-03-11,KGS,False,0.2830188679245283,0.32608695652173914,wf_2023,catboost_a,5
2023-03-14,KGS,False,0.2830188679245283,0.32608695652173914,wf_2023,catboost_a,5
2023-03-15,KGS,False,0.2830188679245283,0.32608695652173914,wf_2023,catboost_a,5
2023-03-16,KGS,False,0.2830188679245283,0.32608695652173914,wf_2023,catboost_a,5
2023-03-17,KGS,False,0.2830188679245283,0.32608695652173914,wf_2023,catboost_a,5
2023-03-18,KGS,False,0.2830188679245283,0.32608695652173914,wf_2023,catboost_a,5
2023-03-21,KGS,False,0.2830188679245283,0.32608695652173914,wf_2023,catboost_a,5
2023-03-22,KGS,False,0.2830188679245283,0.32608695652173914,wf_2023,catboost_a,5
2023-03-23,KGS,False,0.2830188679245283,0.32608695652173914,wf_2023,catboost_a,5
2023-03-24,KGS,False,0.2830188679245283,0.32608695652173914,wf_2023,catboost_a,5
2023-03-25,KGS,False,0.2830188679245283,0.32608695652173914,wf_2023,catboost_a,5
2023-03-28,KGS,False,0.2830188679245283,0.32608695652173914,wf_2023,catboost_a,5
2023-03-29,KGS,False,0.2830188679245283,0.32608695652173914,wf_2023,catboost_a,5
2023-03-30,KGS,False,0.2830188679245283,0.32608695652173914,wf_2023,catboost_a,5
2023-03-31,KGS,False,0.2830188679245283,0.32608695652173914,wf_2023,catboost_a,5
2023-04-01,KGS,False,0.2830188679245283,0.32608695652173914,wf_2023,catboost_a,5
2023-04-04,KGS,False,0.2830188679245283,0.32608695652173914,wf_2023,catboost_a,5
2023-04-05,KGS,False,0.2830188679245283,0.32608695652173914,wf_2023,catboost_a,5
2023-04-06,KGS,False,0.2830188679245283,0.32608695652173914,wf_2023,catboost_a,5
2023-04-07,KGS,False,0.2830188679245283,0.32608695652173914,wf_2023,catboost_a,5
2023-04-08,KGS,False,0.2830188679245283,0.32608695652173914,wf_2023,catboost_a,5
2023-04-11,KGS,False,0.2830188679245283,0.32608695652173914,wf_2023,catboost_a,5
2023-04-12,KGS,False,0.2830188679245283,0.32608695652173914,wf_2023,catboost_a,5
2023-04-13,KGS,False,0.2830188679245283,0.32608695652173914,wf_2023,catboost_a,5
2023-04-14,KGS,False,0.2830188679245283,0.32608695652173914,wf_2023,catboost_a,5
2023-04-15,KGS,False,0.2830188679245283,0.32608695652173914,wf_2023,catboost_a,5
2023-04-18,KGS,False,0.2830188679245283,0.32608695652173914,wf_2023,catboost_a,5
2023-04-19,KGS,False,0.2830188679245283,0.32608695652173914,wf_2023,catboost_a,5
2023-04-20,KGS,False,0.2830188679245283,0.32608695652173914,wf_2023,catboost_a,5
2023-04-21,KGS,False,0.2830188679245283,0.32608695652173914,wf_2023,catboost_a,5
2023-04-22,KGS,False,0.2830188679245283,0.32608695652173914,wf_2023,catboost_a,5
2023-04-25,KGS,False,0.2830188679245283,0.32608695652173914,wf_2023,catboost_a,5
2023-04-26,KGS,False,0.2830188679245283,0.32608695652173914,wf_2023,catboost_a,5
2023-04-27,KGS,False,0.2830188679245283,0.32608695652173914,wf_2023,catboost_a,5
2023-04-28,KGS,False,0.2830188679245283,0.32608695652173914,wf_2023,catboost_a,5
2023-04-29,KGS,False,0.2830188679245283,0.32608695652173914,wf_2023,catboost_a,5
2023-05-03,KGS,False,0.2830188679245283,0.32608695652173914,wf_2023,catboost_a,5
2023-05-04,KGS,False,0.2830188679245283,0.32608695652173914,wf_2023,catboost_a,5
2023-05-05,KGS,False,0.2830188679245283,0.32608695652173914,wf_2023,catboost_a,5
2023-05-06,KGS,False,0.2830188679245283,0.32608695652173914,wf_2023,catboost_a,5
2023-05-11,KGS,False,0.2830188679245283,0.32608695652173914,wf_2023,catboost_a,5
2023-05-12,KGS,False,0.2830188679245283,0.32608695652173914,wf_2023,catboost_a,5
2023-05-13,KGS,True,0.32608695652173914,0.32608695652173914,wf_2023,catboost_a,5
2023-05-16,KGS,False,0.2830188679245283,0.32608695652173914,wf_2023,catboost_a,5
2023-05-17,KGS,False,0.2830188679245283,0.32608695652173914,wf_2023,catboost_a,5
2023-05-18,KGS,False,0.2830188679245283,0.32608695652173914,wf_2023,catboost_a,5
2023-05-19,KGS,False,0.2830188679245283,0.32608695652173914,wf_2023,catboost_a,5
2023-05-20,KGS,False,0.2830188679245283,0.32608695652173914,wf_2023,catboost_a,5
2023-05-23,KGS,False,0.2830188679245283,0.32608695652173914,wf_2023,catboost_a,5
2023-05-24,KGS,False,0.2830188679245283,0.32608695652173914,wf_2023,catboost_a,5
2023-05-25,KGS,False,0.2830188679245283,0.32608695652173914,wf_2023,catboost_a,5
2023-05-26,KGS,False,0.2830188679245283,0.32608695652173914,wf_2023,catboost_a,5
2023-05-27,KGS,False,0.2830188679245283,0.32608695652173914,wf_2023,catboost_a,5
2023-05-30,KGS,False,0.2830188679245283,0.32608695652173914,wf_2023,catboost_a,5
2023-05-31,KGS,False,0.2830188679245283,0.32608695652173914,wf_2023,catboost_a,5
2023-06-01,KGS,False,0.2830188679245283,0.32608695652173914,wf_2023,catboost_a,5
2023-06-02,KGS,False,0.2830188679245283,0.32608695652173914,wf_2023,catboost_a,5
2023-06-03,KGS,False,0.2830188679245283,0.32608695652173914,wf_2023,catboost_a,5
2023-06-06,KGS,False,0.2830188679245283,0.32608695652173914,wf_2023,catboost_a,5
2023-06-07,KGS,False,0.2830188679245283,0.32608695652173914,wf_2023,catboost_a,5
2023-06-08,KGS,False,0.2830188679245283,0.32608695652173914,wf_2023,catboost_a,5
2023-06-09,KGS,False,0.2830188679245283,0.32608695652173914,wf_2023,catboost_a,5
2023-06-10,KGS,False,0.2830188679245283,0.32608695652173914,wf_2023,catboost_a,5
2023-06-14,KGS,False,0.2830188679245283,0.32608695652173914,wf_2023,catboost_a,5
2023-06-15,KGS,False,0.2830188679245283,0.32608695652173914,wf_2023,catboost_a,5
2023-06-16,KGS,False,0.2830188679245283,0.32608695652173914,wf_2023,catboost_a,5
2023-06-17,KGS,False,0.2830188679245283,0.32608695652173914,wf_2023,catboost_a,5
2023-06-20,KGS,False,0.2830188679245283,0.32608695652173914,wf_2023,catboost_a,5
2023-06-21,KGS,False,0.2830188679245283,0.32608695652173914,wf_2023,catboost_a,5
2023-06-22,KGS,False,0.2830188679245283,0.32608695652173914,wf_2023,catboost_a,5
2023-06-23,KGS,False,0.2830188679245283,0.32608695652173914,wf_2023,catboost_a,5
2023-06-24,KGS,False,0.2830188679245283,0.32608695652173914,wf_2023,catboost_a,5
2023-06-27,KGS,False,0.2830188679245283,0.32608695652173914,wf_2023,catboost_a,5
2023-06-28,KGS,False,0.2830188679245283,0.32608695652173914,wf_2023,catboost_a,5
2023-06-29,KGS,False,0.2830188679245283,0.32608695652173914,wf_2023,catboost_a,5
2023-06-30,KGS,False,0.2830188679245283,0.32608695652173914,wf_2023,catboost_a,5
2023-07-01,KGS,False,0.2830188679245283,0.32608695652173914,wf_2023,catboost_a,5
2023-07-04,KGS,False,0.2830188679245283,0.32608695652173914,wf_2023,catboost_a,5
2023-07-05,KGS,False,0.2830188679245283,0.32608695652173914,wf_2023,catboost_a,5
2023-07-06,KGS,False,0.2830188679245283,0.32608695652173914,wf_2023,catboost_a,5
2023-07-07,KGS,False,0.2830188679245283,0.32608695652173914,wf_2023,catboost_a,5
2023-07-08,KGS,False,0.2830188679245283,0.32608695652173914,wf_2023,catboost_a,5
2023-07-11,KGS,False,0.2830188679245283,0.32608695652173914,wf_2023,catboost_a,5
2023-07-12,KGS,False,0.2830188679245283,0.32608695652173914,wf_2023,catboost_a,5
2023-07-13,KGS,False,0.2830188679245283,0.32608695652173914,wf_2023,catboost_a,5
2023-07-14,KGS,False,0.2830188679245283,0.32608695652173914,wf_2023,catboost_a,5
2023-07-15,KGS,False,0.2830188679245283,0.32608695652173914,wf_2023,catboost_a,5
2023-07-18,KGS,False,0.2830188679245283,0.32608695652173914,wf_2023,catboost_a,5
2023-07-19,KGS,False,0.2830188679245283,0.32608695652173914,wf_2023,catboost_a,5
2023-07-20,KGS,False,0.2830188679245283,0.32608695652173914,wf_2023,catboost_a,5
2023-07-21,KGS,False,0.2830188679245283,0.32608695652173914,wf_2023,catboost_a,5
2023-07-22,KGS,False,0.2830188679245283,0.32608695652173914,wf_2023,catboost_a,5
2023-07-25,KGS,False,0.2830188679245283,0.32608695652173914,wf_2023,catboost_a,5
2023-07-26,KGS,False,0.2830188679245283,0.32608695652173914,wf_2023,catboost_a,5
2023-07-27,KGS,False,0.2830188679245283,0.32608695652173914,wf_2023,catboost_a,5
2023-07-28,KGS,False,0.2830188679245283,0.32608695652173914,wf_2023,catboost_a,5
2023-07-29,KGS,False,0.2830188679245283,0.32608695652173914,wf_2023,catboost_a,5
2023-08-01,KGS,False,0.2830188679245283,0.32608695652173914,wf_2023,catboost_a,5
2023-08-02,KGS,False,0.2830188679245283,0.32608695652173914,wf_2023,catboost_a,5
2023-08-03,KGS,False,0.2830188679245283,0.32608695652173914,wf_2023,catboost_a,5
2023-08-04,KGS,False,0.2830188679245283,0.32608695652173914,wf_2023,catboost_a,5
2023-08-05,KGS,False,0.2830188679245283,0.32608695652173914,wf_2023,catboost_a,5
2023-08-08,KGS,False,0.2830188679245283,0.32608695652173914,wf_2023,catboost_a,5
2023-08-09,KGS,False,0.2830188679245283,0.32608695652173914,wf_2023,catboost_a,5
2023-08-10,KGS,False,0.2830188679245283,0.32608695652173914,wf_2023,catboost_a,5
2023-08-11,KGS,False,0.2830188679245283,0.32608695652173914,wf_2023,catboost_a,5
2023-08-12,KGS,False,0.2830188679245283,0.32608695652173914,wf_2023,catboost_a,5
2023-08-15,KGS,False,0.2830188679245283,0.32608695652173914,wf_2023,catboost_a,5
2023-08-16,KGS,False,0.2830188679245283,0.32608695652173914,wf_2023,catboost_a,5
2023-08-17,KGS,False,0.2830188679245283,0.32608695652173914,wf_2023,catboost_a,5
2023-08-18,KGS,False,0.2830188679245283,0.32608695652173914,wf_2023,catboost_a,5
2023-08-19,KGS,False,0.2830188679245283,0.32608695652173914,wf_2023,catboost_a,5
2023-08-22,KGS,False,0.2830188679245283,0.32608695652173914,wf_2023,catboost_a,5
2023-08-23,KGS,False,0.2830188679245283,0.32608695652173914,wf_2023,catboost_a,5
2023-08-24,KGS,False,0.2830188679245283,0.32608695652173914,wf_2023,catboost_a,5
2023-08-25,KGS,False,0.2830188679245283,0.32608695652173914,wf_2023,catboost_a,5
2023-08-26,KGS,False,0.2830188679245283,0.32608695652173914,wf_2023,catboost_a,5
2023-08-29,KGS,False,0.2830188679245283,0.32608695652173914,wf_2023,catboost_a,5
2023-08-30,KGS,False,0.2830188679245283,0.32608695652173914,wf_2023,catboost_a,5
2023-08-31,KGS,False,0.2830188679245283,0.32608695652173914,wf_2023,catboost_a,5
2023-09-01,KGS,False,0.2830188679245283,0.32608695652173914,wf_2023,catboost_a,5
2023-09-02,KGS,False,0.2830188679245283,0.32608695652173914,wf_2023,catboost_a,5
2023-09-05,KGS,False,0.2830188679245283,0.32608695652173914,wf_2023,catboost_a,5
2023-09-06,KGS,False,0.2830188679245283,0.32608695652173914,wf_2023,catboost_a,5
2023-09-07,KGS,False,0.2830188679245283,0.32608695652173914,wf_2023,catboost_a,5
2023-09-08,KGS,False,0.2830188679245283,0.32608695652173914,wf_2023,catboost_a,5
2023-09-09,KGS,False,0.2830188679245283,0.32608695652173914,wf_2023,catboost_a,5
2023-09-12,KGS,False,0.2830188679245283,0.32608695652173914,wf_2023,catboost_a,5
2023-09-13,KGS,False,0.2830188679245283,0.32608695652173914,wf_2023,catboost_a,5
2023-09-14,KGS,False,0.2830188679245283,0.32608695652173914,wf_2023,catboost_a,5
2023-09-15,KGS,False,0.2830188679245283,0.32608695652173914,wf_2023,catboost_a,5
2023-09-16,KGS,False,0.2830188679245283,0.32608695652173914,wf_2023,catboost_a,5
2023-09-19,KGS,False,0.2830188679245283,0.32608695652173914,wf_2023,catboost_a,5
2023-09-20,KGS,False,0.2830188679245283,0.32608695652173914,wf_2023,catboost_a,5
2023-09-21,KGS,False,0.2830188679245283,0.32608695652173914,wf_2023,catboost_a,5
2023-09-22,KGS,False,0.2830188679245283,0.32608695652173914,wf_2023,catboost_a,5
2023-09-23,KGS,False,0.2830188679245283,0.32608695652173914,wf_2023,catboost_a,5
2023-09-26,KGS,False,0.2830188679245283,0.32608695652173914,wf_2023,catboost_a,5
2023-09-27,KGS,False,0.2830188679245283,0.32608695652173914,wf_2023,catboost_a,5
2023-09-28,KGS,False,0.2830188679245283,0.32608695652173914,wf_2023,catboost_a,5
2023-09-29,KGS,False,0.2830188679245283,0.32608695652173914,wf_2023,catboost_a,5
2023-09-30,KGS,False,0.2830188679245283,0.32608695652173914,wf_2023,catboost_a,5
2023-10-03,KGS,False,0.2830188679245283,0.32608695652173914,wf_2023,catboost_a,5
2023-10-04,KGS,False,0.2830188679245283,0.32608695652173914,wf_2023,catboost_a,5
2023-10-05,KGS,False,0.2830188679245283,0.32608695652173914,wf_2023,catboost_a,5
2023-10-06,KGS,False,0.2830188679245283,0.32608695652173914,wf_2023,catboost_a,5
2023-10-07,KGS,False,0.2830188679245283,0.32608695652173914,wf_2023,catboost_a,5
2023-10-10,KGS,False,0.2830188679245283,0.32608695652173914,wf_2023,catboost_a,5
2023-10-11,KGS,False,0.2830188679245283,0.32608695652173914,wf_2023,catboost_a,5
2023-10-12,KGS,False,0.2830188679245283,0.32608695652173914,wf_2023,catboost_a,5
2023-10-13,KGS,False,0.2830188679245283,0.32608695652173914,wf_2023,catboost_a,5
2023-10-14,KGS,False,0.2830188679245283,0.32608695652173914,wf_2023,catboost_a,5
2023-10-17,KGS,False,0.2830188679245283,0.32608695652173914,wf_2023,catboost_a,5
2023-10-18,KGS,False,0.2830188679245283,0.32608695652173914,wf_2023,catboost_a,5
2023-10-19,KGS,False,0.2830188679245283,0.32608695652173914,wf_2023,catboost_a,5
2023-10-20,KGS,False,0.2830188679245283,0.32608695652173914,wf_2023,catboost_a,5
2023-10-21,KGS,False,0.2830188679245283,0.32608695652173914,wf_2023,catboost_a,5
2023-10-24,KGS,False,0.2830188679245283,0.32608695652173914,wf_2023,catboost_a,5
2023-10-25,KGS,False,0.2830188679245283,0.32608695652173914,wf_2023,catboost_a,5
2023-10-26,KGS,False,0.2830188679245283,0.32608695652173914,wf_2023,catboost_a,5
2023-10-27,KGS,True,0.32608695652173914,0.32608695652173914,wf_2023,catboost_a,5
2023-10-28,KGS,False,0.2830188679245283,0.32608695652173914,wf_2023,catboost_a,5
2023-10-31,KGS,False,0.2830188679245283,0.32608695652173914,wf_2023,catboost_a,5
2023-11-01,KGS,False,0.2830188679245283,0.32608695652173914,wf_2023,catboost_a,5
2023-11-02,KGS,True,0.32608695652173914,0.32608695652173914,wf_2023,catboost_a,5
2023-11-03,KGS,False,0.2830188679245283,0.32608695652173914,wf_2023,catboost_a,5
2023-11-04,KGS,False,0.2830188679245283,0.32608695652173914,wf_2023,catboost_a,5
2023-11-08,KGS,False,0.2830188679245283,0.32608695652173914,wf_2023,catboost_a,5
2023-11-09,KGS,False,0.2830188679245283,0.32608695652173914,wf_2023,catboost_a,5
2023-11-10,KGS,False,0.1206896551724138,0.32608695652173914,wf_2023,catboost_a,5
2023-11-11,KGS,True,0.32608695652173914,0.32608695652173914,wf_2023,catboost_a,5
2023-11-14,KGS,False,0.2830188679245283,0.32608695652173914,wf_2023,catboost_a,5
2023-11-15,KGS,False,0.2830188679245283,0.32608695652173914,wf_2023,catboost_a,5
2023-11-16,KGS,False,0.2830188679245283,0.32608695652173914,wf_2023,catboost_a,5
2023-11-17,KGS,False,0.1206896551724138,0.32608695652173914,wf_2023,catboost_a,5
2023-11-18,KGS,True,0.3333333333333333,0.32608695652173914,wf_2023,catboost_a,5
2023-11-21,KGS,False,0.2830188679245283,0.32608695652173914,wf_2023,catboost_a,5
2023-11-22,KGS,False,0.2830188679245283,0.32608695652173914,wf_2023,catboost_a,5
2023-11-23,KGS,True,0.3333333333333333,0.32608695652173914,wf_2023,catboost_a,5
2023-11-24,KGS,False,0.2830188679245283,0.32608695652173914,wf_2023,catboost_a,5
2023-11-25,KGS,False,0.2830188679245283,0.32608695652173914,wf_2023,catboost_a,5
2023-11-28,KGS,False,0.2830188679245283,0.32608695652173914,wf_2023,catboost_a,5
2023-11-29,KGS,False,0.2830188679245283,0.32608695652173914,wf_2023,catboost_a,5
2023-11-30,KGS,False,0.2830188679245283,0.32608695652173914,wf_2023,catboost_a,5
2023-12-01,KGS,False,0.2830188679245283,0.32608695652173914,wf_2023,catboost_a,5
2023-12-02,KGS,False,0.2830188679245283,0.32608695652173914,wf_2023,catboost_a,5
2023-12-05,KGS,False,0.2830188679245283,0.32608695652173914,wf_2023,catboost_a,5
2023-12-06,KGS,False,0.2830188679245283,0.32608695652173914,wf_2023,catboost_a,5
2023-12-07,KGS,False,0.2830188679245283,0.32608695652173914,wf_2023,catboost_a,5
2023-12-08,KGS,False,0.2830188679245283,0.32608695652173914,wf_2023,catboost_a,5
2023-12-09,KGS,False,0.2830188679245283,0.32608695652173914,wf_2023,catboost_a,5
2023-12-12,KGS,False,0.2830188679245283,0.32608695652173914,wf_2023,catboost_a,5
2023-12-13,KGS,False,0.2830188679245283,0.32608695652173914,wf_2023,catboost_a,5
2023-12-14,KGS,False,0.2830188679245283,0.32608695652173914,wf_2023,catboost_a,5
2023-12-15,KGS,False,0.2830188679245283,0.32608695652173914,wf_2023,catboost_a,5
2023-12-16,KGS,False,0.2830188679245283,0.32608695652173914,wf_2023,catboost_a,5
2023-12-19,KGS,False,0.2830188679245283,0.32608695652173914,wf_2023,catboost_a,5
2023-12-20,KGS,False,0.2830188679245283,0.32608695652173914,wf_2023,catboost_a,5
2023-12-21,KGS,False,0.2830188679245283,0.32608695652173914,wf_2023,catboost_a,5
2023-12-22,KGS,False,0.2830188679245283,0.32608695652173914,wf_2023,catboost_a,5
2023-12-23,KGS,False,0.2830188679245283,0.32608695652173914,wf_2023,catboost_a,5
2023-12-26,KGS,False,0.2830188679245283,0.32608695652173914,wf_2023,catboost_a,5
2023-12-27,KGS,False,0.2830188679245283,0.32608695652173914,wf_2023,catboost_a,5
2023-12-28,KGS,False,0.2830188679245283,0.32608695652173914,wf_2023,catboost_a,5
2023-12-29,KGS,False,0.2830188679245283,0.32608695652173914,wf_2023,catboost_a,5
2023-12-30,KGS,False,0.2830188679245283,0.32608695652173914,wf_2023,catboost_a,5
2023-01-10,KZT,False,0.2830188679245283,0.32608695652173914,wf_2023,catboost_a,5
2023-01-11,KZT,False,0.2830188679245283,0.32608695652173914,wf_2023,catboost_a,5
2023-01-12,KZT,False,0.2830188679245283,0.32608695652173914,wf_2023,catboost_a,5
2023-01-13,KZT,False,0.2830188679245283,0.32608695652173914,wf_2023,catboost_a,5
2023-01-14,KZT,False,0.2830188679245283,0.32608695652173914,wf_2023,catboost_a,5
2023-01-17,KZT,False,0.2830188679245283,0.32608695652173914,wf_2023,catboost_a,5
2023-01-18,KZT,False,0.2830188679245283,0.32608695652173914,wf_2023,catboost_a,5
2023-01-19,KZT,False,0.2830188679245283,0.32608695652173914,wf_2023,catboost_a,5
2023-01-20,KZT,False,0.2830188679245283,0.32608695652173914,wf_2023,catboost_a,5
2023-01-21,KZT,False,0.2830188679245283,0.32608695652173914,wf_2023,catboost_a,5
2023-01-24,KZT,False,0.2830188679245283,0.32608695652173914,wf_2023,catboost_a,5
2023-01-25,KZT,False,0.2830188679245283,0.32608695652173914,wf_2023,catboost_a,5
2023-01-26,KZT,False,0.2830188679245283,0.32608695652173914,wf_2023,catboost_a,5
2023-01-27,KZT,False,0.2830188679245283,0.32608695652173914,wf_2023,catboost_a,5
2023-01-28,KZT,False,0.2830188679245283,0.32608695652173914,wf_2023,catboost_a,5
2023-01-31,KZT,False,0.2830188679245283,0.32608695652173914,wf_2023,catboost_a,5
2023-02-01,KZT,False,0.2830188679245283,0.32608695652173914,wf_2023,catboost_a,5
2023-02-02,KZT,False,0.2830188679245283,0.32608695652173914,wf_2023,catboost_a,5
2023-02-03,KZT,False,0.2830188679245283,0.32608695652173914,wf_2023,catboost_a,5
2023-02-04,KZT,False,0.2830188679245283,0.32608695652173914,wf_2023,catboost_a,5
2023-02-07,KZT,False,0.2830188679245283,0.32608695652173914,wf_2023,catboost_a,5
2023-02-08,KZT,False,0.2830188679245283,0.32608695652173914,wf_2023,catboost_a,5
2023-02-09,KZT,False,0.2830188679245283,0.32608695652173914,wf_2023,catboost_a,5
2023-02-10,KZT,False,0.2830188679245283,0.32608695652173914,wf_2023,catboost_a,5
2023-02-11,KZT,False,0.2830188679245283,0.32608695652173914,wf_2023,catboost_a,5
2023-02-14,KZT,False,0.2830188679245283,0.32608695652173914,wf_2023,catboost_a,5
2023-02-15,KZT,False,0.2830188679245283,0.32608695652173914,wf_2023,catboost_a,5
2023-02-16,KZT,False,0.2830188679245283,0.32608695652173914,wf_2023,catboost_a,5
2023-02-17,KZT,False,0.2830188679245283,0.32608695652173914,wf_2023,catboost_a,5
2023-02-18,KZT,False,0.2830188679245283,0.32608695652173914,wf_2023,catboost_a,5
2023-02-21,KZT,False,0.2830188679245283,0.32608695652173914,wf_2023,catboost_a,5
2023-02-22,KZT,False,0.2830188679245283,0.32608695652173914,wf_2023,catboost_a,5
2023-02-23,KZT,False,0.2830188679245283,0.32608695652173914,wf_2023,catboost_a,5
2023-02-28,KZT,False,0.2830188679245283,0.32608695652173914,wf_2023,catboost_a,5
2023-03-01,KZT,False,0.2830188679245283,0.32608695652173914,wf_2023,catboost_a,5
2023-03-02,KZT,False,0.2830188679245283,0.32608695652173914,wf_2023,catboost_a,5
2023-03-03,KZT,False,0.2830188679245283,0.32608695652173914,wf_2023,catboost_a,5
2023-03-04,KZT,False,0.2830188679245283,0.32608695652173914,wf_2023,catboost_a,5
2023-03-07,KZT,False,0.2830188679245283,0.32608695652173914,wf_2023,catboost_a,5
2023-03-08,KZT,False,0.2830188679245283,0.32608695652173914,wf_2023,catboost_a,5
2023-03-10,KZT,False,0.2830188679245283,0.32608695652173914,wf_2023,catboost_a,5
2023-03-11,KZT,False,0.2830188679245283,0.32608695652173914,wf_2023,catboost_a,5
2023-03-14,KZT,False,0.2830188679245283,0.32608695652173914,wf_2023,catboost_a,5
2023-03-15,KZT,False,0.2830188679245283,0.32608695652173914,wf_2023,catboost_a,5
2023-03-16,KZT,False,0.2830188679245283,0.32608695652173914,wf_2023,catboost_a,5
2023-03-17,KZT,False,0.2830188679245283,0.32608695652173914,wf_2023,catboost_a,5
2023-03-18,KZT,False,0.2830188679245283,0.32608695652173914,wf_2023,catboost_a,5
2023-03-21,KZT,True,0.32608695652173914,0.32608695652173914,wf_2023,catboost_a,5
2023-03-22,KZT,False,0.2830188679245283,0.32608695652173914,wf_2023,catboost_a,5
2023-03-23,KZT,False,0.2830188679245283,0.32608695652173914,wf_2023,catboost_a,5
2023-03-24,KZT,False,0.2830188679245283,0.32608695652173914,wf_2023,catboost_a,5
2023-03-25,KZT,False,0.2830188679245283,0.32608695652173914,wf_2023,catboost_a,5
2023-03-28,KZT,False,0.2830188679245283,0.32608695652173914,wf_2023,catboost_a,5
2023-03-29,KZT,False,0.2830188679245283,0.32608695652173914,wf_2023,catboost_a,5
2023-03-30,KZT,False,0.2830188679245283,0.32608695652173914,wf_2023,catboost_a,5
2023-03-31,KZT,False,0.2830188679245283,0.32608695652173914,wf_2023,catboost_a,5
2023-04-01,KZT,False,0.2830188679245283,0.32608695652173914,wf_2023,catboost_a,5
2023-04-04,KZT,False,0.2830188679245283,0.32608695652173914,wf_2023,catboost_a,5
2023-04-05,KZT,False,0.2830188679245283,0.32608695652173914,wf_2023,catboost_a,5
2023-04-06,KZT,False,0.2830188679245283,0.32608695652173914,wf_2023,catboost_a,5
2023-04-07,KZT,False,0.2830188679245283,0.32608695652173914,wf_2023,catboost_a,5
2023-04-08,KZT,False,0.2830188679245283,0.32608695652173914,wf_2023,catboost_a,5
2023-04-11,KZT,False,0.2830188679245283,0.32608695652173914,wf_2023,catboost_a,5
2023-04-12,KZT,False,0.2830188679245283,0.32608695652173914,wf_2023,catboost_a,5
2023-04-13,KZT,False,0.2830188679245283,0.32608695652173914,wf_2023,catboost_a,5
2023-04-14,KZT,False,0.2830188679245283,0.32608695652173914,wf_2023,catboost_a,5
2023-04-15,KZT,False,0.2830188679245283,0.32608695652173914,wf_2023,catboost_a,5
2023-04-18,KZT,False,0.2830188679245283,0.32608695652173914,wf_2023,catboost_a,5
2023-04-19,KZT,False,0.2830188679245283,0.32608695652173914,wf_2023,catboost_a,5
2023-04-20,KZT,False,0.2830188679245283,0.32608695652173914,wf_2023,catboost_a,5
2023-04-21,KZT,False,0.2830188679245283,0.32608695652173914,wf_2023,catboost_a,5
2023-04-22,KZT,False,0.2830188679245283,0.32608695652173914,wf_2023,catboost_a,5
2023-04-25,KZT,False,0.2830188679245283,0.32608695652173914,wf_2023,catboost_a,5
2023-04-26,KZT,False,0.2830188679245283,0.32608695652173914,wf_2023,catboost_a,5
2023-04-27,KZT,False,0.2830188679245283,0.32608695652173914,wf_2023,catboost_a,5
2023-04-28,KZT,False,0.2830188679245283,0.32608695652173914,wf_2023,catboost_a,5
2023-04-29,KZT,False,0.2830188679245283,0.32608695652173914,wf_2023,catboost_a,5
2023-05-03,KZT,False,0.2830188679245283,0.32608695652173914,wf_2023,catboost_a,5
2023-05-04,KZT,False,0.2830188679245283,0.32608695652173914,wf_2023,catboost_a,5
2023-05-05,KZT,False,0.2830188679245283,0.32608695652173914,wf_2023,catboost_a,5
2023-05-06,KZT,False,0.2830188679245283,0.32608695652173914,wf_2023,catboost_a,5
2023-05-11,KZT,False,0.2830188679245283,0.32608695652173914,wf_2023,catboost_a,5
2023-05-12,KZT,False,0.2830188679245283,0.32608695652173914,wf_2023,catboost_a,5
2023-05-13,KZT,True,0.32608695652173914,0.32608695652173914,wf_2023,catboost_a,5
2023-05-16,KZT,False,0.2830188679245283,0.32608695652173914,wf_2023,catboost_a,5
2023-05-17,KZT,False,0.2830188679245283,0.32608695652173914,wf_2023,catboost_a,5
2023-05-18,KZT,False,0.2830188679245283,0.32608695652173914,wf_2023,catboost_a,5
2023-05-19,KZT,False,0.2830188679245283,0.32608695652173914,wf_2023,catboost_a,5
2023-05-20,KZT,False,0.2830188679245283,0.32608695652173914,wf_2023,catboost_a,5
2023-05-23,KZT,False,0.2830188679245283,0.32608695652173914,wf_2023,catboost_a,5
2023-05-24,KZT,False,0.2830188679245283,0.32608695652173914,wf_2023,catboost_a,5
2023-05-25,KZT,False,0.2830188679245283,0.32608695652173914,wf_2023,catboost_a,5
2023-05-26,KZT,False,0.2830188679245283,0.32608695652173914,wf_2023,catboost_a,5
2023-05-27,KZT,False,0.2830188679245283,0.32608695652173914,wf_2023,catboost_a,5
2023-05-30,KZT,False,0.2830188679245283,0.32608695652173914,wf_2023,catboost_a,5
2023-05-31,KZT,False,0.2830188679245283,0.32608695652173914,wf_2023,catboost_a,5
2023-06-01,KZT,False,0.2830188679245283,0.32608695652173914,wf_2023,catboost_a,5
2023-06-02,KZT,False,0.2830188679245283,0.32608695652173914,wf_2023,catboost_a,5
2023-06-03,KZT,False,0.2830188679245283,0.32608695652173914,wf_2023,catboost_a,5
2023-06-06,KZT,False,0.2830188679245283,0.32608695652173914,wf_2023,catboost_a,5
2023-06-07,KZT,False,0.2830188679245283,0.32608695652173914,wf_2023,catboost_a,5
2023-06-08,KZT,False,0.2830188679245283,0.32608695652173914,wf_2023,catboost_a,5
2023-06-09,KZT,False,0.2830188679245283,0.32608695652173914,wf_2023,catboost_a,5
2023-06-10,KZT,False,0.2830188679245283,0.32608695652173914,wf_2023,catboost_a,5
2023-06-14,KZT,False,0.2830188679245283,0.32608695652173914,wf_2023,catboost_a,5
2023-06-15,KZT,False,0.2830188679245283,0.32608695652173914,wf_2023,catboost_a,5
2023-06-16,KZT,False,0.2830188679245283,0.32608695652173914,wf_2023,catboost_a,5
2023-06-17,KZT,False,0.2830188679245283,0.32608695652173914,wf_2023,catboost_a,5
2023-06-20,KZT,False,0.2830188679245283,0.32608695652173914,wf_2023,catboost_a,5
2023-06-21,KZT,False,0.2830188679245283,0.32608695652173914,wf_2023,catboost_a,5
2023-06-22,KZT,False,0.2830188679245283,0.32608695652173914,wf_2023,catboost_a,5
2023-06-23,KZT,False,0.2830188679245283,0.32608695652173914,wf_2023,catboost_a,5
2023-06-24,KZT,False,0.2830188679245283,0.32608695652173914,wf_2023,catboost_a,5
2023-06-27,KZT,False,0.2830188679245283,0.32608695652173914,wf_2023,catboost_a,5
2023-06-28,KZT,False,0.2830188679245283,0.32608695652173914,wf_2023,catboost_a,5
2023-06-29,KZT,False,0.2830188679245283,0.32608695652173914,wf_2023,catboost_a,5
2023-06-30,KZT,False,0.2830188679245283,0.32608695652173914,wf_2023,catboost_a,5
2023-07-01,KZT,False,0.2830188679245283,0.32608695652173914,wf_2023,catboost_a,5
2023-07-04,KZT,False,0.2830188679245283,0.32608695652173914,wf_2023,catboost_a,5
2023-07-05,KZT,False,0.2830188679245283,0.32608695652173914,wf_2023,catboost_a,5
2023-07-06,KZT,False,0.2830188679245283,0.32608695652173914,wf_2023,catboost_a,5
2023-07-07,KZT,False,0.2830188679245283,0.32608695652173914,wf_2023,catboost_a,5
2023-07-08,KZT,False,0.2830188679245283,0.32608695652173914,wf_2023,catboost_a,5
2023-07-11,KZT,False,0.2830188679245283,0.32608695652173914,wf_2023,catboost_a,5
2023-07-12,KZT,False,0.2830188679245283,0.32608695652173914,wf_2023,catboost_a,5
2023-07-13,KZT,False,0.2830188679245283,0.32608695652173914,wf_2023,catboost_a,5
2023-07-14,KZT,False,0.2830188679245283,0.32608695652173914,wf_2023,catboost_a,5
2023-07-15,KZT,False,0.2830188679245283,0.32608695652173914,wf_2023,catboost_a,5
2023-07-18,KZT,False,0.2830188679245283,0.32608695652173914,wf_2023,catboost_a,5
2023-07-19,KZT,False,0.2830188679245283,0.32608695652173914,wf_2023,catboost_a,5
2023-07-20,KZT,False,0.2830188679245283,0.32608695652173914,wf_2023,catboost_a,5
2023-07-21,KZT,False,0.2830188679245283,0.32608695652173914,wf_2023,catboost_a,5
2023-07-22,KZT,False,0.2830188679245283,0.32608695652173914,wf_2023,catboost_a,5
2023-07-25,KZT,False,0.2830188679245283,0.32608695652173914,wf_2023,catboost_a,5
2023-07-26,KZT,False,0.2830188679245283,0.32608695652173914,wf_2023,catboost_a,5
2023-07-27,KZT,False,0.2830188679245283,0.32608695652173914,wf_2023,catboost_a,5
2023-07-28,KZT,False,0.2830188679245283,0.32608695652173914,wf_2023,catboost_a,5
2023-07-29,KZT,False,0.2830188679245283,0.32608695652173914,wf_2023,catboost_a,5
2023-08-01,KZT,False,0.2830188679245283,0.32608695652173914,wf_2023,catboost_a,5
2023-08-02,KZT,False,0.2830188679245283,0.32608695652173914,wf_2023,catboost_a,5
2023-08-03,KZT,False,0.2830188679245283,0.32608695652173914,wf_2023,catboost_a,5
2023-08-04,KZT,False,0.2830188679245283,0.32608695652173914,wf_2023,catboost_a,5
2023-08-05,KZT,False,0.2830188679245283,0.32608695652173914,wf_2023,catboost_a,5
2023-08-08,KZT,False,0.2830188679245283,0.32608695652173914,wf_2023,catboost_a,5
2023-08-09,KZT,False,0.2830188679245283,0.32608695652173914,wf_2023,catboost_a,5
2023-08-10,KZT,False,0.2830188679245283,0.32608695652173914,wf_2023,catboost_a,5
2023-08-11,KZT,False,0.2830188679245283,0.32608695652173914,wf_2023,catboost_a,5
2023-08-12,KZT,False,0.2830188679245283,0.32608695652173914,wf_2023,catboost_a,5
2023-08-15,KZT,False,0.2830188679245283,0.32608695652173914,wf_2023,catboost_a,5
2023-08-16,KZT,False,0.2830188679245283,0.32608695652173914,wf_2023,catboost_a,5
2023-08-17,KZT,False,0.2830188679245283,0.32608695652173914,wf_2023,catboost_a,5
2023-08-18,KZT,False,0.2830188679245283,0.32608695652173914,wf_2023,catboost_a,5
2023-08-19,KZT,False,0.2830188679245283,0.32608695652173914,wf_2023,catboost_a,5
2023-08-22,KZT,True,0.32608695652173914,0.32608695652173914,wf_2023,catboost_a,5
2023-08-23,KZT,False,0.2830188679245283,0.32608695652173914,wf_2023,catboost_a,5
2023-08-24,KZT,False,0.2830188679245283,0.32608695652173914,wf_2023,catboost_a,5
2023-08-25,KZT,False,0.2830188679245283,0.32608695652173914,wf_2023,catboost_a,5
2023-08-26,KZT,False,0.2830188679245283,0.32608695652173914,wf_2023,catboost_a,5
2023-08-29,KZT,False,0.2830188679245283,0.32608695652173914,wf_2023,catboost_a,5
2023-08-30,KZT,False,0.2830188679245283,0.32608695652173914,wf_2023,catboost_a,5
2023-08-31,KZT,False,0.2830188679245283,0.32608695652173914,wf_2023,catboost_a,5
2023-09-01,KZT,False,0.2830188679245283,0.32608695652173914,wf_2023,catboost_a,5
2023-09-02,KZT,False,0.2830188679245283,0.32608695652173914,wf_2023,catboost_a,5
2023-09-05,KZT,False,0.2830188679245283,0.32608695652173914,wf_2023,catboost_a,5
2023-09-06,KZT,False,0.2830188679245283,0.32608695652173914,wf_2023,catboost_a,5
2023-09-07,KZT,False,0.2830188679245283,0.32608695652173914,wf_2023,catboost_a,5
2023-09-08,KZT,False,0.2830188679245283,0.32608695652173914,wf_2023,catboost_a,5
2023-09-09,KZT,False,0.2830188679245283,0.32608695652173914,wf_2023,catboost_a,5
2023-09-12,KZT,False,0.2830188679245283,0.32608695652173914,wf_2023,catboost_a,5
2023-09-13,KZT,False,0.2830188679245283,0.32608695652173914,wf_2023,catboost_a,5
2023-09-14,KZT,False,0.2830188679245283,0.32608695652173914,wf_2023,catboost_a,5
2023-09-15,KZT,False,0.2830188679245283,0.32608695652173914,wf_2023,catboost_a,5
2023-09-16,KZT,False,0.2830188679245283,0.32608695652173914,wf_2023,catboost_a,5
2023-09-19,KZT,False,0.2830188679245283,0.32608695652173914,wf_2023,catboost_a,5
2023-09-20,KZT,False,0.2830188679245283,0.32608695652173914,wf_2023,catboost_a,5
2023-09-21,KZT,False,0.2830188679245283,0.32608695652173914,wf_2023,catboost_a,5
2023-09-22,KZT,False,0.2830188679245283,0.32608695652173914,wf_2023,catboost_a,5
2023-09-23,KZT,False,0.2830188679245283,0.32608695652173914,wf_2023,catboost_a,5
2023-09-26,KZT,True,0.32608695652173914,0.32608695652173914,wf_2023,catboost_a,5
2023-09-27,KZT,False,0.2830188679245283,0.32608695652173914,wf_2023,catboost_a,5
2023-09-28,KZT,False,0.2830188679245283,0.32608695652173914,wf_2023,catboost_a,5
2023-09-29,KZT,False,0.2830188679245283,0.32608695652173914,wf_2023,catboost_a,5
2023-09-30,KZT,True,0.32608695652173914,0.32608695652173914,wf_2023,catboost_a,5
2023-10-03,KZT,False,0.2830188679245283,0.32608695652173914,wf_2023,catboost_a,5
2023-10-04,KZT,False,0.2830188679245283,0.32608695652173914,wf_2023,catboost_a,5
2023-10-05,KZT,False,0.2830188679245283,0.32608695652173914,wf_2023,catboost_a,5
2023-10-06,KZT,False,0.2830188679245283,0.32608695652173914,wf_2023,catboost_a,5
2023-10-07,KZT,False,0.2830188679245283,0.32608695652173914,wf_2023,catboost_a,5
2023-10-10,KZT,False,0.2830188679245283,0.32608695652173914,wf_2023,catboost_a,5
2023-10-11,KZT,False,0.2830188679245283,0.32608695652173914,wf_2023,catboost_a,5
2023-10-12,KZT,False,0.2830188679245283,0.32608695652173914,wf_2023,catboost_a,5
2023-10-13,KZT,False,0.2830188679245283,0.32608695652173914,wf_2023,catboost_a,5
2023-10-14,KZT,False,0.2830188679245283,0.32608695652173914,wf_2023,catboost_a,5
2023-10-17,KZT,False,0.2830188679245283,0.32608695652173914,wf_2023,catboost_a,5
2023-10-18,KZT,False,0.2830188679245283,0.32608695652173914,wf_2023,catboost_a,5
2023-10-19,KZT,False,0.2830188679245283,0.32608695652173914,wf_2023,catboost_a,5
2023-10-20,KZT,False,0.2830188679245283,0.32608695652173914,wf_2023,catboost_a,5
2023-10-21,KZT,False,0.2830188679245283,0.32608695652173914,wf_2023,catboost_a,5
2023-10-24,KZT,False,0.2830188679245283,0.32608695652173914,wf_2023,catboost_a,5
2023-10-25,KZT,False,0.2830188679245283,0.32608695652173914,wf_2023,catboost_a,5
2023-10-26,KZT,True,0.3333333333333333,0.32608695652173914,wf_2023,catboost_a,5
2023-10-27,KZT,False,0.2830188679245283,0.32608695652173914,wf_2023,catboost_a,5
2023-10-28,KZT,False,0.2830188679245283,0.32608695652173914,wf_2023,catboost_a,5
2023-10-31,KZT,False,0.2830188679245283,0.32608695652173914,wf_2023,catboost_a,5
2023-11-01,KZT,False,0.2830188679245283,0.32608695652173914,wf_2023,catboost_a,5
2023-11-02,KZT,True,0.32608695652173914,0.32608695652173914,wf_2023,catboost_a,5
2023-11-03,KZT,False,0.2830188679245283,0.32608695652173914,wf_2023,catboost_a,5
2023-11-04,KZT,False,0.2830188679245283,0.32608695652173914,wf_2023,catboost_a,5
2023-11-08,KZT,False,0.2830188679245283,0.32608695652173914,wf_2023,catboost_a,5
2023-11-09,KZT,False,0.2830188679245283,0.32608695652173914,wf_2023,catboost_a,5
2023-11-10,KZT,False,0.2830188679245283,0.32608695652173914,wf_2023,catboost_a,5
2023-11-11,KZT,False,0.1206896551724138,0.32608695652173914,wf_2023,catboost_a,5
2023-11-14,KZT,False,0.2830188679245283,0.32608695652173914,wf_2023,catboost_a,5
2023-11-15,KZT,False,0.2830188679245283,0.32608695652173914,wf_2023,catboost_a,5
2023-11-16,KZT,False,0.2830188679245283,0.32608695652173914,wf_2023,catboost_a,5
2023-11-17,KZT,False,0.1206896551724138,0.32608695652173914,wf_2023,catboost_a,5
2023-11-18,KZT,True,0.3333333333333333,0.32608695652173914,wf_2023,catboost_a,5
2023-11-21,KZT,False,0.2830188679245283,0.32608695652173914,wf_2023,catboost_a,5
2023-11-22,KZT,False,0.2830188679245283,0.32608695652173914,wf_2023,catboost_a,5
2023-11-23,KZT,True,0.3333333333333333,0.32608695652173914,wf_2023,catboost_a,5
2023-11-24,KZT,False,0.2830188679245283,0.32608695652173914,wf_2023,catboost_a,5
2023-11-25,KZT,False,0.2830188679245283,0.32608695652173914,wf_2023,catboost_a,5
2023-11-28,KZT,False,0.2830188679245283,0.32608695652173914,wf_2023,catboost_a,5
2023-11-29,KZT,False,0.2830188679245283,0.32608695652173914,wf_2023,catboost_a,5
2023-11-30,KZT,False,0.2830188679245283,0.32608695652173914,wf_2023,catboost_a,5
2023-12-01,KZT,False,0.2830188679245283,0.32608695652173914,wf_2023,catboost_a,5
2023-12-02,KZT,False,0.2830188679245283,0.32608695652173914,wf_2023,catboost_a,5
2023-12-05,KZT,False,0.2830188679245283,0.32608695652173914,wf_2023,catboost_a,5
2023-12-06,KZT,False,0.2830188679245283,0.32608695652173914,wf_2023,catboost_a,5
2023-12-07,KZT,False,0.2830188679245283,0.32608695652173914,wf_2023,catboost_a,5
2023-12-08,KZT,False,0.2830188679245283,0.32608695652173914,wf_2023,catboost_a,5
2023-12-09,KZT,False,0.2830188679245283,0.32608695652173914,wf_2023,catboost_a,5
2023-12-12,KZT,False,0.2830188679245283,0.32608695652173914,wf_2023,catboost_a,5
2023-12-13,KZT,False,0.2830188679245283,0.32608695652173914,wf_2023,catboost_a,5
2023-12-14,KZT,False,0.2830188679245283,0.32608695652173914,wf_2023,catboost_a,5
2023-12-15,KZT,False,0.2830188679245283,0.32608695652173914,wf_2023,catboost_a,5
2023-12-16,KZT,False,0.2830188679245283,0.32608695652173914,wf_2023,catboost_a,5
2023-12-19,KZT,False,0.2830188679245283,0.32608695652173914,wf_2023,catboost_a,5
2023-12-20,KZT,False,0.2830188679245283,0.32608695652173914,wf_2023,catboost_a,5
2023-12-21,KZT,False,0.2830188679245283,0.32608695652173914,wf_2023,catboost_a,5
2023-12-22,KZT,False,0.2830188679245283,0.32608695652173914,wf_2023,catboost_a,5
2023-12-23,KZT,False,0.2830188679245283,0.32608695652173914,wf_2023,catboost_a,5
2023-12-26,KZT,False,0.2830188679245283,0.32608695652173914,wf_2023,catboost_a,5
2023-12-27,KZT,False,0.2830188679245283,0.32608695652173914,wf_2023,catboost_a,5
2023-12-28,KZT,False,0.2830188679245283,0.32608695652173914,wf_2023,catboost_a,5
2023-12-29,KZT,False,0.2830188679245283,0.32608695652173914,wf_2023,catboost_a,5
2023-12-30,KZT,False,0.2830188679245283,0.32608695652173914,wf_2023,catboost_a,5
2023-01-10,TJS,False,0.2830188679245283,0.32608695652173914,wf_2023,catboost_a,5
2023-01-11,TJS,False,0.2830188679245283,0.32608695652173914,wf_2023,catboost_a,5
2023-01-12,TJS,False,0.2830188679245283,0.32608695652173914,wf_2023,catboost_a,5
2023-01-13,TJS,False,0.2830188679245283,0.32608695652173914,wf_2023,catboost_a,5
2023-01-14,TJS,False,0.2830188679245283,0.32608695652173914,wf_2023,catboost_a,5
2023-01-17,TJS,False,0.2830188679245283,0.32608695652173914,wf_2023,catboost_a,5
2023-01-18,TJS,False,0.2830188679245283,0.32608695652173914,wf_2023,catboost_a,5
2023-01-19,TJS,False,0.2830188679245283,0.32608695652173914,wf_2023,catboost_a,5
2023-01-20,TJS,False,0.2830188679245283,0.32608695652173914,wf_2023,catboost_a,5
2023-01-21,TJS,False,0.2830188679245283,0.32608695652173914,wf_2023,catboost_a,5
2023-01-24,TJS,False,0.2830188679245283,0.32608695652173914,wf_2023,catboost_a,5
2023-01-25,TJS,False,0.2830188679245283,0.32608695652173914,wf_2023,catboost_a,5
2023-01-26,TJS,False,0.2830188679245283,0.32608695652173914,wf_2023,catboost_a,5
2023-01-27,TJS,False,0.2830188679245283,0.32608695652173914,wf_2023,catboost_a,5
2023-01-28,TJS,False,0.2830188679245283,0.32608695652173914,wf_2023,catboost_a,5
2023-01-31,TJS,False,0.2830188679245283,0.32608695652173914,wf_2023,catboost_a,5
2023-02-01,TJS,False,0.2830188679245283,0.32608695652173914,wf_2023,catboost_a,5
2023-02-02,TJS,False,0.2830188679245283,0.32608695652173914,wf_2023,catboost_a,5
2023-02-03,TJS,False,0.2830188679245283,0.32608695652173914,wf_2023,catboost_a,5
2023-02-04,TJS,False,0.2830188679245283,0.32608695652173914,wf_2023,catboost_a,5
2023-02-07,TJS,False,0.2830188679245283,0.32608695652173914,wf_2023,catboost_a,5
2023-02-08,TJS,False,0.2830188679245283,0.32608695652173914,wf_2023,catboost_a,5
2023-02-09,TJS,False,0.2830188679245283,0.32608695652173914,wf_2023,catboost_a,5
2023-02-10,TJS,False,0.2830188679245283,0.32608695652173914,wf_2023,catboost_a,5
2023-02-11,TJS,False,0.2830188679245283,0.32608695652173914,wf_2023,catboost_a,5
2023-02-14,TJS,False,0.2830188679245283,0.32608695652173914,wf_2023,catboost_a,5
2023-02-15,TJS,False,0.2830188679245283,0.32608695652173914,wf_2023,catboost_a,5
2023-02-16,TJS,False,0.2830188679245283,0.32608695652173914,wf_2023,catboost_a,5
2023-02-17,TJS,False,0.2830188679245283,0.32608695652173914,wf_2023,catboost_a,5
2023-02-18,TJS,False,0.2830188679245283,0.32608695652173914,wf_2023,catboost_a,5
2023-02-21,TJS,False,0.2830188679245283,0.32608695652173914,wf_2023,catboost_a,5
2023-02-22,TJS,False,0.2830188679245283,0.32608695652173914,wf_2023,catboost_a,5
2023-02-23,TJS,False,0.2830188679245283,0.32608695652173914,wf_2023,catboost_a,5
2023-02-28,TJS,False,0.2830188679245283,0.32608695652173914,wf_2023,catboost_a,5
2023-03-01,TJS,False,0.2830188679245283,0.32608695652173914,wf_2023,catboost_a,5
2023-03-02,TJS,False,0.2830188679245283,0.32608695652173914,wf_2023,catboost_a,5
2023-03-03,TJS,False,0.2830188679245283,0.32608695652173914,wf_2023,catboost_a,5
2023-03-04,TJS,False,0.2830188679245283,0.32608695652173914,wf_2023,catboost_a,5
2023-03-07,TJS,False,0.2830188679245283,0.32608695652173914,wf_2023,catboost_a,5
2023-03-08,TJS,False,0.2830188679245283,0.32608695652173914,wf_2023,catboost_a,5
2023-03-10,TJS,False,0.2830188679245283,0.32608695652173914,wf_2023,catboost_a,5
2023-03-11,TJS,False,0.2830188679245283,0.32608695652173914,wf_2023,catboost_a,5
2023-03-14,TJS,False,0.2830188679245283,0.32608695652173914,wf_2023,catboost_a,5
2023-03-15,TJS,False,0.2830188679245283,0.32608695652173914,wf_2023,catboost_a,5
2023-03-16,TJS,False,0.2830188679245283,0.32608695652173914,wf_2023,catboost_a,5
2023-03-17,TJS,False,0.2830188679245283,0.32608695652173914,wf_2023,catboost_a,5
2023-03-18,TJS,False,0.2830188679245283,0.32608695652173914,wf_2023,catboost_a,5
2023-03-21,TJS,False,0.2830188679245283,0.32608695652173914,wf_2023,catboost_a,5
2023-03-22,TJS,False,0.2830188679245283,0.32608695652173914,wf_2023,catboost_a,5
2023-03-23,TJS,False,0.2830188679245283,0.32608695652173914,wf_2023,catboost_a,5
2023-03-24,TJS,False,0.2830188679245283,0.32608695652173914,wf_2023,catboost_a,5
2023-03-25,TJS,False,0.2830188679245283,0.32608695652173914,wf_2023,catboost_a,5
2023-03-28,TJS,False,0.2830188679245283,0.32608695652173914,wf_2023,catboost_a,5
2023-03-29,TJS,False,0.2830188679245283,0.32608695652173914,wf_2023,catboost_a,5
2023-03-30,TJS,False,0.2830188679245283,0.32608695652173914,wf_2023,catboost_a,5
2023-03-31,TJS,False,0.2830188679245283,0.32608695652173914,wf_2023,catboost_a,5
2023-04-01,TJS,False,0.2830188679245283,0.32608695652173914,wf_2023,catboost_a,5
2023-04-04,TJS,False,0.2830188679245283,0.32608695652173914,wf_2023,catboost_a,5
2023-04-05,TJS,False,0.2830188679245283,0.32608695652173914,wf_2023,catboost_a,5
2023-04-06,TJS,False,0.2830188679245283,0.32608695652173914,wf_2023,catboost_a,5
2023-04-07,TJS,False,0.2830188679245283,0.32608695652173914,wf_2023,catboost_a,5
2023-04-08,TJS,False,0.2830188679245283,0.32608695652173914,wf_2023,catboost_a,5
2023-04-11,TJS,False,0.2830188679245283,0.32608695652173914,wf_2023,catboost_a,5
2023-04-12,TJS,False,0.2830188679245283,0.32608695652173914,wf_2023,catboost_a,5
2023-04-13,TJS,False,0.2830188679245283,0.32608695652173914,wf_2023,catboost_a,5
2023-04-14,TJS,False,0.2830188679245283,0.32608695652173914,wf_2023,catboost_a,5
2023-04-15,TJS,False,0.2830188679245283,0.32608695652173914,wf_2023,catboost_a,5
2023-04-18,TJS,False,0.2830188679245283,0.32608695652173914,wf_2023,catboost_a,5
2023-04-19,TJS,False,0.2830188679245283,0.32608695652173914,wf_2023,catboost_a,5
2023-04-20,TJS,False,0.2830188679245283,0.32608695652173914,wf_2023,catboost_a,5
2023-04-21,TJS,False,0.2830188679245283,0.32608695652173914,wf_2023,catboost_a,5
2023-04-22,TJS,False,0.2830188679245283,0.32608695652173914,wf_2023,catboost_a,5
2023-04-25,TJS,False,0.2830188679245283,0.32608695652173914,wf_2023,catboost_a,5
2023-04-26,TJS,False,0.2830188679245283,0.32608695652173914,wf_2023,catboost_a,5
2023-04-27,TJS,False,0.2830188679245283,0.32608695652173914,wf_2023,catboost_a,5
2023-04-28,TJS,False,0.2830188679245283,0.32608695652173914,wf_2023,catboost_a,5
2023-04-29,TJS,False,0.2830188679245283,0.32608695652173914,wf_2023,catboost_a,5
2023-05-03,TJS,False,0.2830188679245283,0.32608695652173914,wf_2023,catboost_a,5
2023-05-04,TJS,False,0.2830188679245283,0.32608695652173914,wf_2023,catboost_a,5
2023-05-05,TJS,False,0.2830188679245283,0.32608695652173914,wf_2023,catboost_a,5
2023-05-06,TJS,False,0.2830188679245283,0.32608695652173914,wf_2023,catboost_a,5
2023-05-11,TJS,False,0.2830188679245283,0.32608695652173914,wf_2023,catboost_a,5
2023-05-12,TJS,False,0.2830188679245283,0.32608695652173914,wf_2023,catboost_a,5
2023-05-13,TJS,True,0.32608695652173914,0.32608695652173914,wf_2023,catboost_a,5
2023-05-16,TJS,False,0.2830188679245283,0.32608695652173914,wf_2023,catboost_a,5
2023-05-17,TJS,False,0.2830188679245283,0.32608695652173914,wf_2023,catboost_a,5
2023-05-18,TJS,False,0.2830188679245283,0.32608695652173914,wf_2023,catboost_a,5
2023-05-19,TJS,False,0.2830188679245283,0.32608695652173914,wf_2023,catboost_a,5
2023-05-20,TJS,False,0.2830188679245283,0.32608695652173914,wf_2023,catboost_a,5
2023-05-23,TJS,False,0.2830188679245283,0.32608695652173914,wf_2023,catboost_a,5
2023-05-24,TJS,False,0.2830188679245283,0.32608695652173914,wf_2023,catboost_a,5
2023-05-25,TJS,False,0.2830188679245283,0.32608695652173914,wf_2023,catboost_a,5
2023-05-26,TJS,False,0.2830188679245283,0.32608695652173914,wf_2023,catboost_a,5
2023-05-27,TJS,False,0.2830188679245283,0.32608695652173914,wf_2023,catboost_a,5
2023-05-30,TJS,False,0.2830188679245283,0.32608695652173914,wf_2023,catboost_a,5
2023-05-31,TJS,False,0.2830188679245283,0.32608695652173914,wf_2023,catboost_a,5
2023-06-01,TJS,False,0.2830188679245283,0.32608695652173914,wf_2023,catboost_a,5
2023-06-02,TJS,False,0.2830188679245283,0.32608695652173914,wf_2023,catboost_a,5
2023-06-03,TJS,False,0.2830188679245283,0.32608695652173914,wf_2023,catboost_a,5
2023-06-06,TJS,False,0.2830188679245283,0.32608695652173914,wf_2023,catboost_a,5
2023-06-07,TJS,False,0.2830188679245283,0.32608695652173914,wf_2023,catboost_a,5
2023-06-08,TJS,False,0.2830188679245283,0.32608695652173914,wf_2023,catboost_a,5
2023-06-09,TJS,False,0.2830188679245283,0.32608695652173914,wf_2023,catboost_a,5
2023-06-10,TJS,False,0.2830188679245283,0.32608695652173914,wf_2023,catboost_a,5
2023-06-14,TJS,False,0.2830188679245283,0.32608695652173914,wf_2023,catboost_a,5
2023-06-15,TJS,False,0.2830188679245283,0.32608695652173914,wf_2023,catboost_a,5
2023-06-16,TJS,False,0.2830188679245283,0.32608695652173914,wf_2023,catboost_a,5
2023-06-17,TJS,False,0.2830188679245283,0.32608695652173914,wf_2023,catboost_a,5
2023-06-20,TJS,False,0.2830188679245283,0.32608695652173914,wf_2023,catboost_a,5
2023-06-21,TJS,False,0.2830188679245283,0.32608695652173914,wf_2023,catboost_a,5
2023-06-22,TJS,False,0.2830188679245283,0.32608695652173914,wf_2023,catboost_a,5
2023-06-23,TJS,False,0.2830188679245283,0.32608695652173914,wf_2023,catboost_a,5
2023-06-24,TJS,False,0.2830188679245283,0.32608695652173914,wf_2023,catboost_a,5
2023-06-27,TJS,False,0.2830188679245283,0.32608695652173914,wf_2023,catboost_a,5
2023-06-28,TJS,False,0.2830188679245283,0.32608695652173914,wf_2023,catboost_a,5
2023-06-29,TJS,False,0.2830188679245283,0.32608695652173914,wf_2023,catboost_a,5
2023-06-30,TJS,False,0.2830188679245283,0.32608695652173914,wf_2023,catboost_a,5
2023-07-01,TJS,False,0.2830188679245283,0.32608695652173914,wf_2023,catboost_a,5
2023-07-04,TJS,False,0.2830188679245283,0.32608695652173914,wf_2023,catboost_a,5
2023-07-05,TJS,False,0.2830188679245283,0.32608695652173914,wf_2023,catboost_a,5
2023-07-06,TJS,False,0.2830188679245283,0.32608695652173914,wf_2023,catboost_a,5
2023-07-07,TJS,False,0.2830188679245283,0.32608695652173914,wf_2023,catboost_a,5
2023-07-08,TJS,False,0.2830188679245283,0.32608695652173914,wf_2023,catboost_a,5
2023-07-11,TJS,False,0.2830188679245283,0.32608695652173914,wf_2023,catboost_a,5
2023-07-12,TJS,False,0.2830188679245283,0.32608695652173914,wf_2023,catboost_a,5
2023-07-13,TJS,False,0.2830188679245283,0.32608695652173914,wf_2023,catboost_a,5
2023-07-14,TJS,False,0.2830188679245283,0.32608695652173914,wf_2023,catboost_a,5
2023-07-15,TJS,False,0.2830188679245283,0.32608695652173914,wf_2023,catboost_a,5
2023-07-18,TJS,False,0.2830188679245283,0.32608695652173914,wf_2023,catboost_a,5
2023-07-19,TJS,False,0.2830188679245283,0.32608695652173914,wf_2023,catboost_a,5
2023-07-20,TJS,False,0.2830188679245283,0.32608695652173914,wf_2023,catboost_a,5
2023-07-21,TJS,False,0.2830188679245283,0.32608695652173914,wf_2023,catboost_a,5
2023-07-22,TJS,False,0.2830188679245283,0.32608695652173914,wf_2023,catboost_a,5
2023-07-25,TJS,False,0.2830188679245283,0.32608695652173914,wf_2023,catboost_a,5
2023-07-26,TJS,False,0.2830188679245283,0.32608695652173914,wf_2023,catboost_a,5
2023-07-27,TJS,False,0.2830188679245283,0.32608695652173914,wf_2023,catboost_a,5
2023-07-28,TJS,False,0.2830188679245283,0.32608695652173914,wf_2023,catboost_a,5
2023-07-29,TJS,False,0.2830188679245283,0.32608695652173914,wf_2023,catboost_a,5
2023-08-01,TJS,False,0.2830188679245283,0.32608695652173914,wf_2023,catboost_a,5
2023-08-02,TJS,False,0.2830188679245283,0.32608695652173914,wf_2023,catboost_a,5
2023-08-03,TJS,False,0.2830188679245283,0.32608695652173914,wf_2023,catboost_a,5
2023-08-04,TJS,False,0.2830188679245283,0.32608695652173914,wf_2023,catboost_a,5
2023-08-05,TJS,False,0.2830188679245283,0.32608695652173914,wf_2023,catboost_a,5
2023-08-08,TJS,False,0.2830188679245283,0.32608695652173914,wf_2023,catboost_a,5
2023-08-09,TJS,False,0.2830188679245283,0.32608695652173914,wf_2023,catboost_a,5
2023-08-10,TJS,False,0.2830188679245283,0.32608695652173914,wf_2023,catboost_a,5
2023-08-11,TJS,False,0.2830188679245283,0.32608695652173914,wf_2023,catboost_a,5
2023-08-12,TJS,False,0.2830188679245283,0.32608695652173914,wf_2023,catboost_a,5
2023-08-15,TJS,False,0.2830188679245283,0.32608695652173914,wf_2023,catboost_a,5
2023-08-16,TJS,False,0.2830188679245283,0.32608695652173914,wf_2023,catboost_a,5
2023-08-17,TJS,False,0.2830188679245283,0.32608695652173914,wf_2023,catboost_a,5
2023-08-18,TJS,False,0.2830188679245283,0.32608695652173914,wf_2023,catboost_a,5
2023-08-19,TJS,False,0.2830188679245283,0.32608695652173914,wf_2023,catboost_a,5
2023-08-22,TJS,False,0.2830188679245283,0.32608695652173914,wf_2023,catboost_a,5
2023-08-23,TJS,False,0.2830188679245283,0.32608695652173914,wf_2023,catboost_a,5
2023-08-24,TJS,False,0.2830188679245283,0.32608695652173914,wf_2023,catboost_a,5
2023-08-25,TJS,False,0.2830188679245283,0.32608695652173914,wf_2023,catboost_a,5
2023-08-26,TJS,False,0.2830188679245283,0.32608695652173914,wf_2023,catboost_a,5
2023-08-29,TJS,False,0.2830188679245283,0.32608695652173914,wf_2023,catboost_a,5
2023-08-30,TJS,False,0.2830188679245283,0.32608695652173914,wf_2023,catboost_a,5
2023-08-31,TJS,False,0.2830188679245283,0.32608695652173914,wf_2023,catboost_a,5
2023-09-01,TJS,False,0.2830188679245283,0.32608695652173914,wf_2023,catboost_a,5
2023-09-02,TJS,False,0.2830188679245283,0.32608695652173914,wf_2023,catboost_a,5
2023-09-05,TJS,False,0.2830188679245283,0.32608695652173914,wf_2023,catboost_a,5
2023-09-06,TJS,False,0.2830188679245283,0.32608695652173914,wf_2023,catboost_a,5
2023-09-07,TJS,False,0.2830188679245283,0.32608695652173914,wf_2023,catboost_a,5
2023-09-08,TJS,False,0.2830188679245283,0.32608695652173914,wf_2023,catboost_a,5
2023-09-09,TJS,False,0.2830188679245283,0.32608695652173914,wf_2023,catboost_a,5
2023-09-12,TJS,False,0.2830188679245283,0.32608695652173914,wf_2023,catboost_a,5
2023-09-13,TJS,False,0.2830188679245283,0.32608695652173914,wf_2023,catboost_a,5
2023-09-14,TJS,False,0.2830188679245283,0.32608695652173914,wf_2023,catboost_a,5
2023-09-15,TJS,False,0.2830188679245283,0.32608695652173914,wf_2023,catboost_a,5
2023-09-16,TJS,False,0.2830188679245283,0.32608695652173914,wf_2023,catboost_a,5
2023-09-19,TJS,False,0.2830188679245283,0.32608695652173914,wf_2023,catboost_a,5
2023-09-20,TJS,False,0.2830188679245283,0.32608695652173914,wf_2023,catboost_a,5
2023-09-21,TJS,False,0.2830188679245283,0.32608695652173914,wf_2023,catboost_a,5
2023-09-22,TJS,False,0.2830188679245283,0.32608695652173914,wf_2023,catboost_a,5
2023-09-23,TJS,False,0.2830188679245283,0.32608695652173914,wf_2023,catboost_a,5
2023-09-26,TJS,False,0.2830188679245283,0.32608695652173914,wf_2023,catboost_a,5
2023-09-27,TJS,False,0.2830188679245283,0.32608695652173914,wf_2023,catboost_a,5
2023-09-28,TJS,False,0.2830188679245283,0.32608695652173914,wf_2023,catboost_a,5
2023-09-29,TJS,False,0.2830188679245283,0.32608695652173914,wf_2023,catboost_a,5
2023-09-30,TJS,False,0.2830188679245283,0.32608695652173914,wf_2023,catboost_a,5
2023-10-03,TJS,False,0.2830188679245283,0.32608695652173914,wf_2023,catboost_a,5
2023-10-04,TJS,False,0.2830188679245283,0.32608695652173914,wf_2023,catboost_a,5
2023-10-05,TJS,False,0.2830188679245283,0.32608695652173914,wf_2023,catboost_a,5
2023-10-06,TJS,False,0.2830188679245283,0.32608695652173914,wf_2023,catboost_a,5
2023-10-07,TJS,False,0.2830188679245283,0.32608695652173914,wf_2023,catboost_a,5
2023-10-10,TJS,False,0.2830188679245283,0.32608695652173914,wf_2023,catboost_a,5
2023-10-11,TJS,False,0.2830188679245283,0.32608695652173914,wf_2023,catboost_a,5
2023-10-12,TJS,False,0.2830188679245283,0.32608695652173914,wf_2023,catboost_a,5
2023-10-13,TJS,False,0.2830188679245283,0.32608695652173914,wf_2023,catboost_a,5
2023-10-14,TJS,False,0.2830188679245283,0.32608695652173914,wf_2023,catboost_a,5
2023-10-17,TJS,False,0.2830188679245283,0.32608695652173914,wf_2023,catboost_a,5
2023-10-18,TJS,False,0.2830188679245283,0.32608695652173914,wf_2023,catboost_a,5
2023-10-19,TJS,False,0.2830188679245283,0.32608695652173914,wf_2023,catboost_a,5
2023-10-20,TJS,False,0.2830188679245283,0.32608695652173914,wf_2023,catboost_a,5
2023-10-21,TJS,False,0.2830188679245283,0.32608695652173914,wf_2023,catboost_a,5
2023-10-24,TJS,False,0.2830188679245283,0.32608695652173914,wf_2023,catboost_a,5
2023-10-25,TJS,False,0.2830188679245283,0.32608695652173914,wf_2023,catboost_a,5
2023-10-26,TJS,False,0.2830188679245283,0.32608695652173914,wf_2023,catboost_a,5
2023-10-27,TJS,True,0.32608695652173914,0.32608695652173914,wf_2023,catboost_a,5
2023-10-28,TJS,False,0.2830188679245283,0.32608695652173914,wf_2023,catboost_a,5
2023-10-31,TJS,False,0.2830188679245283,0.32608695652173914,wf_2023,catboost_a,5
2023-11-01,TJS,False,0.2830188679245283,0.32608695652173914,wf_2023,catboost_a,5
2023-11-02,TJS,True,0.32608695652173914,0.32608695652173914,wf_2023,catboost_a,5
2023-11-03,TJS,False,0.2830188679245283,0.32608695652173914,wf_2023,catboost_a,5
2023-11-04,TJS,False,0.2830188679245283,0.32608695652173914,wf_2023,catboost_a,5
2023-11-08,TJS,False,0.2830188679245283,0.32608695652173914,wf_2023,catboost_a,5
2023-11-09,TJS,False,0.2830188679245283,0.32608695652173914,wf_2023,catboost_a,5
2023-11-10,TJS,False,0.2830188679245283,0.32608695652173914,wf_2023,catboost_a,5
2023-11-11,TJS,True,0.32608695652173914,0.32608695652173914,wf_2023,catboost_a,5
2023-11-14,TJS,False,0.2830188679245283,0.32608695652173914,wf_2023,catboost_a,5
2023-11-15,TJS,False,0.2830188679245283,0.32608695652173914,wf_2023,catboost_a,5
2023-11-16,TJS,False,0.2830188679245283,0.32608695652173914,wf_2023,catboost_a,5
2023-11-17,TJS,False,0.1206896551724138,0.32608695652173914,wf_2023,catboost_a,5
2023-11-18,TJS,True,0.3333333333333333,0.32608695652173914,wf_2023,catboost_a,5
2023-11-21,TJS,False,0.2830188679245283,0.32608695652173914,wf_2023,catboost_a,5
2023-11-22,TJS,False,0.2830188679245283,0.32608695652173914,wf_2023,catboost_a,5
2023-11-23,TJS,True,0.3333333333333333,0.32608695652173914,wf_2023,catboost_a,5
2023-11-24,TJS,False,0.2830188679245283,0.32608695652173914,wf_2023,catboost_a,5
2023-11-25,TJS,False,0.2830188679245283,0.32608695652173914,wf_2023,catboost_a,5
2023-11-28,TJS,False,0.2830188679245283,0.32608695652173914,wf_2023,catboost_a,5
2023-11-29,TJS,False,0.2830188679245283,0.32608695652173914,wf_2023,catboost_a,5
2023-11-30,TJS,False,0.2830188679245283,0.32608695652173914,wf_2023,catboost_a,5
2023-12-01,TJS,False,0.2830188679245283,0.32608695652173914,wf_2023,catboost_a,5
2023-12-02,TJS,False,0.2830188679245283,0.32608695652173914,wf_2023,catboost_a,5
2023-12-05,TJS,False,0.2830188679245283,0.32608695652173914,wf_2023,catboost_a,5
2023-12-06,TJS,False,0.2830188679245283,0.32608695652173914,wf_2023,catboost_a,5
2023-12-07,TJS,False,0.2830188679245283,0.32608695652173914,wf_2023,catboost_a,5
2023-12-08,TJS,False,0.2830188679245283,0.32608695652173914,wf_2023,catboost_a,5
2023-12-09,TJS,False,0.2830188679245283,0.32608695652173914,wf_2023,catboost_a,5
2023-12-12,TJS,False,0.2830188679245283,0.32608695652173914,wf_2023,catboost_a,5
2023-12-13,TJS,False,0.2830188679245283,0.32608695652173914,wf_2023,catboost_a,5
2023-12-14,TJS,False,0.2830188679245283,0.32608695652173914,wf_2023,catboost_a,5
2023-12-15,TJS,False,0.2830188679245283,0.32608695652173914,wf_2023,catboost_a,5
2023-12-16,TJS,False,0.2830188679245283,0.32608695652173914,wf_2023,catboost_a,5
2023-12-19,TJS,False,0.2830188679245283,0.32608695652173914,wf_2023,catboost_a,5
2023-12-20,TJS,False,0.2830188679245283,0.32608695652173914,wf_2023,catboost_a,5
2023-12-21,TJS,False,0.2830188679245283,0.32608695652173914,wf_2023,catboost_a,5
2023-12-22,TJS,False,0.2830188679245283,0.32608695652173914,wf_2023,catboost_a,5
2023-12-23,TJS,False,0.2830188679245283,0.32608695652173914,wf_2023,catboost_a,5
2023-12-26,TJS,False,0.2830188679245283,0.32608695652173914,wf_2023,catboost_a,5
2023-12-27,TJS,False,0.2830188679245283,0.32608695652173914,wf_2023,catboost_a,5
2023-12-28,TJS,False,0.2830188679245283,0.32608695652173914,wf_2023,catboost_a,5
2023-12-29,TJS,False,0.2830188679245283,0.32608695652173914,wf_2023,catboost_a,5
2023-12-30,TJS,False,0.2830188679245283,0.32608695652173914,wf_2023,catboost_a,5
2023-01-10,UZS,False,0.2830188679245283,0.32608695652173914,wf_2023,catboost_a,5
2023-01-11,UZS,False,0.2830188679245283,0.32608695652173914,wf_2023,catboost_a,5
2023-01-12,UZS,False,0.2830188679245283,0.32608695652173914,wf_2023,catboost_a,5
2023-01-13,UZS,False,0.2830188679245283,0.32608695652173914,wf_2023,catboost_a,5
2023-01-14,UZS,False,0.2830188679245283,0.32608695652173914,wf_2023,catboost_a,5
2023-01-17,UZS,False,0.2830188679245283,0.32608695652173914,wf_2023,catboost_a,5
2023-01-18,UZS,False,0.2830188679245283,0.32608695652173914,wf_2023,catboost_a,5
2023-01-19,UZS,False,0.2830188679245283,0.32608695652173914,wf_2023,catboost_a,5
2023-01-20,UZS,False,0.2830188679245283,0.32608695652173914,wf_2023,catboost_a,5
2023-01-21,UZS,False,0.2830188679245283,0.32608695652173914,wf_2023,catboost_a,5
2023-01-24,UZS,False,0.2830188679245283,0.32608695652173914,wf_2023,catboost_a,5
2023-01-25,UZS,False,0.2830188679245283,0.32608695652173914,wf_2023,catboost_a,5
2023-01-26,UZS,False,0.2830188679245283,0.32608695652173914,wf_2023,catboost_a,5
2023-01-27,UZS,False,0.2830188679245283,0.32608695652173914,wf_2023,catboost_a,5
2023-01-28,UZS,False,0.2830188679245283,0.32608695652173914,wf_2023,catboost_a,5
2023-01-31,UZS,False,0.2830188679245283,0.32608695652173914,wf_2023,catboost_a,5
2023-02-01,UZS,False,0.2830188679245283,0.32608695652173914,wf_2023,catboost_a,5
2023-02-02,UZS,False,0.2830188679245283,0.32608695652173914,wf_2023,catboost_a,5
2023-02-03,UZS,False,0.2830188679245283,0.32608695652173914,wf_2023,catboost_a,5
2023-02-04,UZS,False,0.2830188679245283,0.32608695652173914,wf_2023,catboost_a,5
2023-02-07,UZS,False,0.2830188679245283,0.32608695652173914,wf_2023,catboost_a,5
2023-02-08,UZS,False,0.2830188679245283,0.32608695652173914,wf_2023,catboost_a,5
2023-02-09,UZS,False,0.2830188679245283,0.32608695652173914,wf_2023,catboost_a,5
2023-02-10,UZS,False,0.2830188679245283,0.32608695652173914,wf_2023,catboost_a,5
2023-02-11,UZS,False,0.2830188679245283,0.32608695652173914,wf_2023,catboost_a,5
2023-02-14,UZS,False,0.2830188679245283,0.32608695652173914,wf_2023,catboost_a,5
2023-02-15,UZS,False,0.2830188679245283,0.32608695652173914,wf_2023,catboost_a,5
2023-02-16,UZS,False,0.2830188679245283,0.32608695652173914,wf_2023,catboost_a,5
2023-02-17,UZS,False,0.2830188679245283,0.32608695652173914,wf_2023,catboost_a,5
2023-02-18,UZS,False,0.2830188679245283,0.32608695652173914,wf_2023,catboost_a,5
2023-02-21,UZS,False,0.2830188679245283,0.32608695652173914,wf_2023,catboost_a,5
2023-02-22,UZS,False,0.2830188679245283,0.32608695652173914,wf_2023,catboost_a,5
2023-02-23,UZS,False,0.2830188679245283,0.32608695652173914,wf_2023,catboost_a,5
2023-02-28,UZS,False,0.2830188679245283,0.32608695652173914,wf_2023,catboost_a,5
2023-03-01,UZS,False,0.2830188679245283,0.32608695652173914,wf_2023,catboost_a,5
2023-03-02,UZS,False,0.2830188679245283,0.32608695652173914,wf_2023,catboost_a,5
2023-03-03,UZS,False,0.2830188679245283,0.32608695652173914,wf_2023,catboost_a,5
2023-03-04,UZS,False,0.2830188679245283,0.32608695652173914,wf_2023,catboost_a,5
2023-03-07,UZS,False,0.2830188679245283,0.32608695652173914,wf_2023,catboost_a,5
2023-03-08,UZS,False,0.2830188679245283,0.32608695652173914,wf_2023,catboost_a,5
2023-03-10,UZS,False,0.2830188679245283,0.32608695652173914,wf_2023,catboost_a,5
2023-03-11,UZS,False,0.2830188679245283,0.32608695652173914,wf_2023,catboost_a,5
2023-03-14,UZS,False,0.2830188679245283,0.32608695652173914,wf_2023,catboost_a,5
2023-03-15,UZS,False,0.2830188679245283,0.32608695652173914,wf_2023,catboost_a,5
2023-03-16,UZS,False,0.2830188679245283,0.32608695652173914,wf_2023,catboost_a,5
2023-03-17,UZS,False,0.2830188679245283,0.32608695652173914,wf_2023,catboost_a,5
2023-03-18,UZS,False,0.2830188679245283,0.32608695652173914,wf_2023,catboost_a,5
2023-03-21,UZS,False,0.2830188679245283,0.32608695652173914,wf_2023,catboost_a,5
2023-03-22,UZS,False,0.2830188679245283,0.32608695652173914,wf_2023,catboost_a,5
2023-03-23,UZS,False,0.2830188679245283,0.32608695652173914,wf_2023,catboost_a,5
2023-03-24,UZS,False,0.2830188679245283,0.32608695652173914,wf_2023,catboost_a,5
2023-03-25,UZS,False,0.2830188679245283,0.32608695652173914,wf_2023,catboost_a,5
2023-03-28,UZS,False,0.2830188679245283,0.32608695652173914,wf_2023,catboost_a,5
2023-03-29,UZS,False,0.2830188679245283,0.32608695652173914,wf_2023,catboost_a,5
2023-03-30,UZS,False,0.2830188679245283,0.32608695652173914,wf_2023,catboost_a,5
2023-03-31,UZS,False,0.2830188679245283,0.32608695652173914,wf_2023,catboost_a,5
2023-04-01,UZS,False,0.2830188679245283,0.32608695652173914,wf_2023,catboost_a,5
2023-04-04,UZS,False,0.2830188679245283,0.32608695652173914,wf_2023,catboost_a,5
2023-04-05,UZS,False,0.2830188679245283,0.32608695652173914,wf_2023,catboost_a,5
2023-04-06,UZS,False,0.2830188679245283,0.32608695652173914,wf_2023,catboost_a,5
2023-04-07,UZS,False,0.2830188679245283,0.32608695652173914,wf_2023,catboost_a,5
2023-04-08,UZS,False,0.2830188679245283,0.32608695652173914,wf_2023,catboost_a,5
2023-04-11,UZS,False,0.2830188679245283,0.32608695652173914,wf_2023,catboost_a,5
2023-04-12,UZS,False,0.2830188679245283,0.32608695652173914,wf_2023,catboost_a,5
2023-04-13,UZS,False,0.2830188679245283,0.32608695652173914,wf_2023,catboost_a,5
2023-04-14,UZS,False,0.2830188679245283,0.32608695652173914,wf_2023,catboost_a,5
2023-04-15,UZS,False,0.2830188679245283,0.32608695652173914,wf_2023,catboost_a,5
2023-04-18,UZS,False,0.2830188679245283,0.32608695652173914,wf_2023,catboost_a,5
2023-04-19,UZS,False,0.2830188679245283,0.32608695652173914,wf_2023,catboost_a,5
2023-04-20,UZS,False,0.2830188679245283,0.32608695652173914,wf_2023,catboost_a,5
2023-04-21,UZS,False,0.2830188679245283,0.32608695652173914,wf_2023,catboost_a,5
2023-04-22,UZS,False,0.2830188679245283,0.32608695652173914,wf_2023,catboost_a,5
2023-04-25,UZS,False,0.2830188679245283,0.32608695652173914,wf_2023,catboost_a,5
2023-04-26,UZS,False,0.2830188679245283,0.32608695652173914,wf_2023,catboost_a,5
2023-04-27,UZS,False,0.2830188679245283,0.32608695652173914,wf_2023,catboost_a,5
2023-04-28,UZS,False,0.2830188679245283,0.32608695652173914,wf_2023,catboost_a,5
2023-04-29,UZS,False,0.2830188679245283,0.32608695652173914,wf_2023,catboost_a,5
2023-05-03,UZS,False,0.2830188679245283,0.32608695652173914,wf_2023,catboost_a,5
2023-05-04,UZS,False,0.2830188679245283,0.32608695652173914,wf_2023,catboost_a,5
2023-05-05,UZS,False,0.2830188679245283,0.32608695652173914,wf_2023,catboost_a,5
2023-05-06,UZS,False,0.2830188679245283,0.32608695652173914,wf_2023,catboost_a,5
2023-05-11,UZS,False,0.2830188679245283,0.32608695652173914,wf_2023,catboost_a,5
2023-05-12,UZS,False,0.2830188679245283,0.32608695652173914,wf_2023,catboost_a,5
2023-05-13,UZS,True,0.32608695652173914,0.32608695652173914,wf_2023,catboost_a,5
2023-05-16,UZS,False,0.2830188679245283,0.32608695652173914,wf_2023,catboost_a,5
2023-05-17,UZS,False,0.2830188679245283,0.32608695652173914,wf_2023,catboost_a,5
2023-05-18,UZS,False,0.2830188679245283,0.32608695652173914,wf_2023,catboost_a,5
2023-05-19,UZS,False,0.2830188679245283,0.32608695652173914,wf_2023,catboost_a,5
2023-05-20,UZS,False,0.2830188679245283,0.32608695652173914,wf_2023,catboost_a,5
2023-05-23,UZS,False,0.2830188679245283,0.32608695652173914,wf_2023,catboost_a,5
2023-05-24,UZS,False,0.2830188679245283,0.32608695652173914,wf_2023,catboost_a,5
2023-05-25,UZS,False,0.2830188679245283,0.32608695652173914,wf_2023,catboost_a,5
2023-05-26,UZS,False,0.2830188679245283,0.32608695652173914,wf_2023,catboost_a,5
2023-05-27,UZS,False,0.2830188679245283,0.32608695652173914,wf_2023,catboost_a,5
2023-05-30,UZS,False,0.2830188679245283,0.32608695652173914,wf_2023,catboost_a,5
2023-05-31,UZS,False,0.2830188679245283,0.32608695652173914,wf_2023,catboost_a,5
2023-06-01,UZS,False,0.2830188679245283,0.32608695652173914,wf_2023,catboost_a,5
2023-06-02,UZS,False,0.2830188679245283,0.32608695652173914,wf_2023,catboost_a,5
2023-06-03,UZS,False,0.2830188679245283,0.32608695652173914,wf_2023,catboost_a,5
2023-06-06,UZS,False,0.2830188679245283,0.32608695652173914,wf_2023,catboost_a,5
2023-06-07,UZS,False,0.2830188679245283,0.32608695652173914,wf_2023,catboost_a,5
2023-06-08,UZS,False,0.2830188679245283,0.32608695652173914,wf_2023,catboost_a,5
2023-06-09,UZS,False,0.2830188679245283,0.32608695652173914,wf_2023,catboost_a,5
2023-06-10,UZS,False,0.2830188679245283,0.32608695652173914,wf_2023,catboost_a,5
2023-06-14,UZS,False,0.2830188679245283,0.32608695652173914,wf_2023,catboost_a,5
2023-06-15,UZS,False,0.2830188679245283,0.32608695652173914,wf_2023,catboost_a,5
2023-06-16,UZS,False,0.2830188679245283,0.32608695652173914,wf_2023,catboost_a,5
2023-06-17,UZS,False,0.2830188679245283,0.32608695652173914,wf_2023,catboost_a,5
2023-06-20,UZS,False,0.2830188679245283,0.32608695652173914,wf_2023,catboost_a,5
2023-06-21,UZS,False,0.2830188679245283,0.32608695652173914,wf_2023,catboost_a,5
2023-06-22,UZS,False,0.2830188679245283,0.32608695652173914,wf_2023,catboost_a,5
2023-06-23,UZS,False,0.2830188679245283,0.32608695652173914,wf_2023,catboost_a,5
2023-06-24,UZS,False,0.2830188679245283,0.32608695652173914,wf_2023,catboost_a,5
2023-06-27,UZS,False,0.2830188679245283,0.32608695652173914,wf_2023,catboost_a,5
2023-06-28,UZS,False,0.2830188679245283,0.32608695652173914,wf_2023,catboost_a,5
2023-06-29,UZS,False,0.2830188679245283,0.32608695652173914,wf_2023,catboost_a,5
2023-06-30,UZS,False,0.2830188679245283,0.32608695652173914,wf_2023,catboost_a,5
2023-07-01,UZS,False,0.2830188679245283,0.32608695652173914,wf_2023,catboost_a,5
2023-07-04,UZS,False,0.2830188679245283,0.32608695652173914,wf_2023,catboost_a,5
2023-07-05,UZS,False,0.2830188679245283,0.32608695652173914,wf_2023,catboost_a,5
2023-07-06,UZS,False,0.2830188679245283,0.32608695652173914,wf_2023,catboost_a,5
2023-07-07,UZS,False,0.2830188679245283,0.32608695652173914,wf_2023,catboost_a,5
2023-07-08,UZS,False,0.2830188679245283,0.32608695652173914,wf_2023,catboost_a,5
2023-07-11,UZS,False,0.2830188679245283,0.32608695652173914,wf_2023,catboost_a,5
2023-07-12,UZS,False,0.2830188679245283,0.32608695652173914,wf_2023,catboost_a,5
2023-07-13,UZS,False,0.2830188679245283,0.32608695652173914,wf_2023,catboost_a,5
2023-07-14,UZS,False,0.2830188679245283,0.32608695652173914,wf_2023,catboost_a,5
2023-07-15,UZS,False,0.2830188679245283,0.32608695652173914,wf_2023,catboost_a,5
2023-07-18,UZS,False,0.2830188679245283,0.32608695652173914,wf_2023,catboost_a,5
2023-07-19,UZS,False,0.2830188679245283,0.32608695652173914,wf_2023,catboost_a,5
2023-07-20,UZS,False,0.2830188679245283,0.32608695652173914,wf_2023,catboost_a,5
2023-07-21,UZS,False,0.2830188679245283,0.32608695652173914,wf_2023,catboost_a,5
2023-07-22,UZS,False,0.2830188679245283,0.32608695652173914,wf_2023,catboost_a,5
2023-07-25,UZS,False,0.2830188679245283,0.32608695652173914,wf_2023,catboost_a,5
2023-07-26,UZS,False,0.2830188679245283,0.32608695652173914,wf_2023,catboost_a,5
2023-07-27,UZS,False,0.2830188679245283,0.32608695652173914,wf_2023,catboost_a,5
2023-07-28,UZS,False,0.2830188679245283,0.32608695652173914,wf_2023,catboost_a,5
2023-07-29,UZS,False,0.2830188679245283,0.32608695652173914,wf_2023,catboost_a,5
2023-08-01,UZS,False,0.2830188679245283,0.32608695652173914,wf_2023,catboost_a,5
2023-08-02,UZS,False,0.2830188679245283,0.32608695652173914,wf_2023,catboost_a,5
2023-08-03,UZS,False,0.2830188679245283,0.32608695652173914,wf_2023,catboost_a,5
2023-08-04,UZS,False,0.2830188679245283,0.32608695652173914,wf_2023,catboost_a,5
2023-08-05,UZS,False,0.2830188679245283,0.32608695652173914,wf_2023,catboost_a,5
2023-08-08,UZS,False,0.2830188679245283,0.32608695652173914,wf_2023,catboost_a,5
2023-08-09,UZS,False,0.2830188679245283,0.32608695652173914,wf_2023,catboost_a,5
2023-08-10,UZS,False,0.2830188679245283,0.32608695652173914,wf_2023,catboost_a,5
2023-08-11,UZS,False,0.2830188679245283,0.32608695652173914,wf_2023,catboost_a,5
2023-08-12,UZS,False,0.2830188679245283,0.32608695652173914,wf_2023,catboost_a,5
2023-08-15,UZS,False,0.2830188679245283,0.32608695652173914,wf_2023,catboost_a,5
2023-08-16,UZS,False,0.2830188679245283,0.32608695652173914,wf_2023,catboost_a,5
2023-08-17,UZS,False,0.2830188679245283,0.32608695652173914,wf_2023,catboost_a,5
2023-08-18,UZS,False,0.2830188679245283,0.32608695652173914,wf_2023,catboost_a,5
2023-08-19,UZS,False,0.2830188679245283,0.32608695652173914,wf_2023,catboost_a,5
2023-08-22,UZS,True,0.32608695652173914,0.32608695652173914,wf_2023,catboost_a,5
2023-08-23,UZS,False,0.2830188679245283,0.32608695652173914,wf_2023,catboost_a,5
2023-08-24,UZS,False,0.2830188679245283,0.32608695652173914,wf_2023,catboost_a,5
2023-08-25,UZS,False,0.2830188679245283,0.32608695652173914,wf_2023,catboost_a,5
2023-08-26,UZS,False,0.2830188679245283,0.32608695652173914,wf_2023,catboost_a,5
2023-08-29,UZS,False,0.2830188679245283,0.32608695652173914,wf_2023,catboost_a,5
2023-08-30,UZS,False,0.2830188679245283,0.32608695652173914,wf_2023,catboost_a,5
2023-08-31,UZS,False,0.2830188679245283,0.32608695652173914,wf_2023,catboost_a,5
2023-09-01,UZS,False,0.2830188679245283,0.32608695652173914,wf_2023,catboost_a,5
2023-09-02,UZS,False,0.2830188679245283,0.32608695652173914,wf_2023,catboost_a,5
2023-09-05,UZS,False,0.2830188679245283,0.32608695652173914,wf_2023,catboost_a,5
2023-09-06,UZS,False,0.2830188679245283,0.32608695652173914,wf_2023,catboost_a,5
2023-09-07,UZS,False,0.2830188679245283,0.32608695652173914,wf_2023,catboost_a,5
2023-09-08,UZS,False,0.2830188679245283,0.32608695652173914,wf_2023,catboost_a,5
2023-09-09,UZS,False,0.2830188679245283,0.32608695652173914,wf_2023,catboost_a,5
2023-09-12,UZS,False,0.2830188679245283,0.32608695652173914,wf_2023,catboost_a,5
2023-09-13,UZS,False,0.2830188679245283,0.32608695652173914,wf_2023,catboost_a,5
2023-09-14,UZS,False,0.2830188679245283,0.32608695652173914,wf_2023,catboost_a,5
2023-09-15,UZS,False,0.2830188679245283,0.32608695652173914,wf_2023,catboost_a,5
2023-09-16,UZS,False,0.2830188679245283,0.32608695652173914,wf_2023,catboost_a,5
2023-09-19,UZS,False,0.2830188679245283,0.32608695652173914,wf_2023,catboost_a,5
2023-09-20,UZS,False,0.2830188679245283,0.32608695652173914,wf_2023,catboost_a,5
2023-09-21,UZS,False,0.2830188679245283,0.32608695652173914,wf_2023,catboost_a,5
2023-09-22,UZS,False,0.2830188679245283,0.32608695652173914,wf_2023,catboost_a,5
2023-09-23,UZS,False,0.2830188679245283,0.32608695652173914,wf_2023,catboost_a,5
2023-09-26,UZS,False,0.2830188679245283,0.32608695652173914,wf_2023,catboost_a,5
2023-09-27,UZS,False,0.2830188679245283,0.32608695652173914,wf_2023,catboost_a,5
2023-09-28,UZS,False,0.2830188679245283,0.32608695652173914,wf_2023,catboost_a,5
2023-09-29,UZS,False,0.2830188679245283,0.32608695652173914,wf_2023,catboost_a,5
2023-09-30,UZS,False,0.2830188679245283,0.32608695652173914,wf_2023,catboost_a,5
2023-10-03,UZS,False,0.2830188679245283,0.32608695652173914,wf_2023,catboost_a,5
2023-10-04,UZS,False,0.2830188679245283,0.32608695652173914,wf_2023,catboost_a,5
2023-10-05,UZS,False,0.2830188679245283,0.32608695652173914,wf_2023,catboost_a,5
2023-10-06,UZS,False,0.2830188679245283,0.32608695652173914,wf_2023,catboost_a,5
2023-10-07,UZS,False,0.2830188679245283,0.32608695652173914,wf_2023,catboost_a,5
2023-10-10,UZS,False,0.2830188679245283,0.32608695652173914,wf_2023,catboost_a,5
2023-10-11,UZS,False,0.2830188679245283,0.32608695652173914,wf_2023,catboost_a,5
2023-10-12,UZS,False,0.2830188679245283,0.32608695652173914,wf_2023,catboost_a,5
2023-10-13,UZS,False,0.2830188679245283,0.32608695652173914,wf_2023,catboost_a,5
2023-10-14,UZS,False,0.2830188679245283,0.32608695652173914,wf_2023,catboost_a,5
2023-10-17,UZS,False,0.2830188679245283,0.32608695652173914,wf_2023,catboost_a,5
2023-10-18,UZS,False,0.2830188679245283,0.32608695652173914,wf_2023,catboost_a,5
2023-10-19,UZS,False,0.2830188679245283,0.32608695652173914,wf_2023,catboost_a,5
2023-10-20,UZS,False,0.2830188679245283,0.32608695652173914,wf_2023,catboost_a,5
2023-10-21,UZS,False,0.2830188679245283,0.32608695652173914,wf_2023,catboost_a,5
2023-10-24,UZS,False,0.2830188679245283,0.32608695652173914,wf_2023,catboost_a,5
2023-10-25,UZS,False,0.1206896551724138,0.32608695652173914,wf_2023,catboost_a,5
2023-10-26,UZS,False,0.1206896551724138,0.32608695652173914,wf_2023,catboost_a,5
2023-10-27,UZS,True,0.3333333333333333,0.32608695652173914,wf_2023,catboost_a,5
2023-10-28,UZS,False,0.2830188679245283,0.32608695652173914,wf_2023,catboost_a,5
2023-10-31,UZS,False,0.2830188679245283,0.32608695652173914,wf_2023,catboost_a,5
2023-11-01,UZS,False,0.1206896551724138,0.32608695652173914,wf_2023,catboost_a,5
2023-11-02,UZS,True,0.3333333333333333,0.32608695652173914,wf_2023,catboost_a,5
2023-11-03,UZS,False,0.2830188679245283,0.32608695652173914,wf_2023,catboost_a,5
2023-11-04,UZS,False,0.2830188679245283,0.32608695652173914,wf_2023,catboost_a,5
2023-11-08,UZS,False,0.1206896551724138,0.32608695652173914,wf_2023,catboost_a,5
2023-11-09,UZS,False,0.1206896551724138,0.32608695652173914,wf_2023,catboost_a,5
2023-11-10,UZS,False,0.1206896551724138,0.32608695652173914,wf_2023,catboost_a,5
2023-11-11,UZS,True,0.3333333333333333,0.32608695652173914,wf_2023,catboost_a,5
2023-11-14,UZS,False,0.2830188679245283,0.32608695652173914,wf_2023,catboost_a,5
2023-11-15,UZS,False,0.2830188679245283,0.32608695652173914,wf_2023,catboost_a,5
2023-11-16,UZS,False,0.2830188679245283,0.32608695652173914,wf_2023,catboost_a,5
2023-11-17,UZS,False,0.1206896551724138,0.32608695652173914,wf_2023,catboost_a,5
2023-11-18,UZS,True,0.3333333333333333,0.32608695652173914,wf_2023,catboost_a,5
2023-11-21,UZS,False,0.2830188679245283,0.32608695652173914,wf_2023,catboost_a,5
2023-11-22,UZS,False,0.2830188679245283,0.32608695652173914,wf_2023,catboost_a,5
2023-11-23,UZS,True,0.3333333333333333,0.32608695652173914,wf_2023,catboost_a,5
2023-11-24,UZS,False,0.2830188679245283,0.32608695652173914,wf_2023,catboost_a,5
2023-11-25,UZS,False,0.2830188679245283,0.32608695652173914,wf_2023,catboost_a,5
2023-11-28,UZS,False,0.2830188679245283,0.32608695652173914,wf_2023,catboost_a,5
2023-11-29,UZS,False,0.2830188679245283,0.32608695652173914,wf_2023,catboost_a,5
2023-11-30,UZS,False,0.2830188679245283,0.32608695652173914,wf_2023,catboost_a,5
2023-12-01,UZS,False,0.2830188679245283,0.32608695652173914,wf_2023,catboost_a,5
2023-12-02,UZS,False,0.2830188679245283,0.32608695652173914,wf_2023,catboost_a,5
2023-12-05,UZS,False,0.2830188679245283,0.32608695652173914,wf_2023,catboost_a,5
2023-12-06,UZS,False,0.2830188679245283,0.32608695652173914,wf_2023,catboost_a,5
2023-12-07,UZS,False,0.2830188679245283,0.32608695652173914,wf_2023,catboost_a,5
2023-12-08,UZS,False,0.2830188679245283,0.32608695652173914,wf_2023,catboost_a,5
2023-12-09,UZS,False,0.2830188679245283,0.32608695652173914,wf_2023,catboost_a,5
2023-12-12,UZS,False,0.2830188679245283,0.32608695652173914,wf_2023,catboost_a,5
2023-12-13,UZS,False,0.2830188679245283,0.32608695652173914,wf_2023,catboost_a,5
2023-12-14,UZS,False,0.2830188679245283,0.32608695652173914,wf_2023,catboost_a,5
2023-12-15,UZS,False,0.2830188679245283,0.32608695652173914,wf_2023,catboost_a,5
2023-12-16,UZS,False,0.2830188679245283,0.32608695652173914,wf_2023,catboost_a,5
2023-12-19,UZS,False,0.2830188679245283,0.32608695652173914,wf_2023,catboost_a,5
2023-12-20,UZS,False,0.2830188679245283,0.32608695652173914,wf_2023,catboost_a,5
2023-12-21,UZS,False,0.2830188679245283,0.32608695652173914,wf_2023,catboost_a,5
2023-12-22,UZS,False,0.2830188679245283,0.32608695652173914,wf_2023,catboost_a,5
2023-12-23,UZS,False,0.2830188679245283,0.32608695652173914,wf_2023,catboost_a,5
2023-12-26,UZS,False,0.2830188679245283,0.32608695652173914,wf_2023,catboost_a,5
2023-12-27,UZS,False,0.2830188679245283,0.32608695652173914,wf_2023,catboost_a,5
2023-12-28,UZS,False,0.2830188679245283,0.32608695652173914,wf_2023,catboost_a,5
2023-12-29,UZS,False,0.2830188679245283,0.32608695652173914,wf_2023,catboost_a,5
2023-12-30,UZS,False,0.2830188679245283,0.32608695652173914,wf_2023,catboost_a,5
2024-01-10,AMD,False,0.39436619718309857,0.39436619718309857,wf_2024,catboost_a,5
2024-01-11,AMD,False,0.1919191919191919,0.39436619718309857,wf_2024,catboost_a,5
2024-01-12,AMD,False,0.1919191919191919,0.39436619718309857,wf_2024,catboost_a,5
2024-01-13,AMD,False,0.1919191919191919,0.39436619718309857,wf_2024,catboost_a,5
2024-01-16,AMD,False,0.1919191919191919,0.39436619718309857,wf_2024,catboost_a,5
2024-01-17,AMD,False,0.1919191919191919,0.39436619718309857,wf_2024,catboost_a,5
2024-01-18,AMD,False,0.1919191919191919,0.39436619718309857,wf_2024,catboost_a,5
2024-01-19,AMD,False,0.1919191919191919,0.39436619718309857,wf_2024,catboost_a,5
2024-01-20,AMD,False,0.1919191919191919,0.39436619718309857,wf_2024,catboost_a,5
2024-01-23,AMD,False,0.1919191919191919,0.39436619718309857,wf_2024,catboost_a,5
2024-01-24,AMD,False,0.1919191919191919,0.39436619718309857,wf_2024,catboost_a,5
2024-01-25,AMD,False,0.1919191919191919,0.39436619718309857,wf_2024,catboost_a,5
2024-01-26,AMD,True,0.39436619718309857,0.39436619718309857,wf_2024,catboost_a,5
2024-01-27,AMD,True,0.39436619718309857,0.39436619718309857,wf_2024,catboost_a,5
2024-01-30,AMD,False,0.39436619718309857,0.39436619718309857,wf_2024,catboost_a,5
2024-01-31,AMD,False,0.39436619718309857,0.39436619718309857,wf_2024,catboost_a,5
2024-02-01,AMD,False,0.39436619718309857,0.39436619718309857,wf_2024,catboost_a,5
2024-02-02,AMD,False,0.39436619718309857,0.39436619718309857,wf_2024,catboost_a,5
2024-02-03,AMD,False,0.39436619718309857,0.39436619718309857,wf_2024,catboost_a,5
2024-02-06,AMD,False,0.39436619718309857,0.39436619718309857,wf_2024,catboost_a,5
2024-02-07,AMD,False,0.39436619718309857,0.39436619718309857,wf_2024,catboost_a,5
2024-02-08,AMD,False,0.39436619718309857,0.39436619718309857,wf_2024,catboost_a,5
2024-02-09,AMD,False,0.39436619718309857,0.39436619718309857,wf_2024,catboost_a,5
2024-02-10,AMD,False,0.39436619718309857,0.39436619718309857,wf_2024,catboost_a,5
2024-02-13,AMD,False,0.39436619718309857,0.39436619718309857,wf_2024,catboost_a,5
2024-02-14,AMD,False,0.39436619718309857,0.39436619718309857,wf_2024,catboost_a,5
2024-02-15,AMD,False,0.39436619718309857,0.39436619718309857,wf_2024,catboost_a,5
2024-02-16,AMD,False,0.39436619718309857,0.39436619718309857,wf_2024,catboost_a,5
2024-02-17,AMD,False,0.39436619718309857,0.39436619718309857,wf_2024,catboost_a,5
2024-02-20,AMD,False,0.39436619718309857,0.39436619718309857,wf_2024,catboost_a,5
2024-02-21,AMD,False,0.39436619718309857,0.39436619718309857,wf_2024,catboost_a,5
2024-02-22,AMD,False,0.39436619718309857,0.39436619718309857,wf_2024,catboost_a,5
2024-02-23,AMD,False,0.39436619718309857,0.39436619718309857,wf_2024,catboost_a,5
2024-02-27,AMD,False,0.39436619718309857,0.39436619718309857,wf_2024,catboost_a,5
2024-02-28,AMD,False,0.39436619718309857,0.39436619718309857,wf_2024,catboost_a,5
2024-02-29,AMD,True,0.39436619718309857,0.39436619718309857,wf_2024,catboost_a,5
2024-03-01,AMD,True,0.39436619718309857,0.39436619718309857,wf_2024,catboost_a,5
2024-03-02,AMD,True,0.39436619718309857,0.39436619718309857,wf_2024,catboost_a,5
2024-03-05,AMD,True,0.39436619718309857,0.39436619718309857,wf_2024,catboost_a,5
2024-03-06,AMD,True,0.39436619718309857,0.39436619718309857,wf_2024,catboost_a,5
2024-03-07,AMD,True,0.39436619718309857,0.39436619718309857,wf_2024,catboost_a,5
2024-03-08,AMD,True,0.39436619718309857,0.39436619718309857,wf_2024,catboost_a,5
2024-03-12,AMD,False,0.39436619718309857,0.39436619718309857,wf_2024,catboost_a,5
2024-03-13,AMD,False,0.39436619718309857,0.39436619718309857,wf_2024,catboost_a,5
2024-03-14,AMD,False,0.39436619718309857,0.39436619718309857,wf_2024,catboost_a,5
2024-03-15,AMD,False,0.39436619718309857,0.39436619718309857,wf_2024,catboost_a,5
2024-03-16,AMD,False,0.39436619718309857,0.39436619718309857,wf_2024,catboost_a,5
2024-03-19,AMD,False,0.39436619718309857,0.39436619718309857,wf_2024,catboost_a,5
2024-03-20,AMD,False,0.39436619718309857,0.39436619718309857,wf_2024,catboost_a,5
2024-03-21,AMD,False,0.39436619718309857,0.39436619718309857,wf_2024,catboost_a,5
2024-03-22,AMD,False,0.39436619718309857,0.39436619718309857,wf_2024,catboost_a,5
2024-03-23,AMD,False,0.39436619718309857,0.39436619718309857,wf_2024,catboost_a,5
2024-03-26,AMD,False,0.39436619718309857,0.39436619718309857,wf_2024,catboost_a,5
2024-03-27,AMD,False,0.39436619718309857,0.39436619718309857,wf_2024,catboost_a,5
2024-03-28,AMD,False,0.39436619718309857,0.39436619718309857,wf_2024,catboost_a,5
2024-03-29,AMD,False,0.39436619718309857,0.39436619718309857,wf_2024,catboost_a,5
2024-03-30,AMD,False,0.39436619718309857,0.39436619718309857,wf_2024,catboost_a,5
2024-04-02,AMD,False,0.39436619718309857,0.39436619718309857,wf_2024,catboost_a,5
2024-04-03,AMD,False,0.39436619718309857,0.39436619718309857,wf_2024,catboost_a,5
2024-04-04,AMD,False,0.39436619718309857,0.39436619718309857,wf_2024,catboost_a,5
2024-04-05,AMD,False,0.39436619718309857,0.39436619718309857,wf_2024,catboost_a,5
2024-04-06,AMD,False,0.39436619718309857,0.39436619718309857,wf_2024,catboost_a,5
2024-04-09,AMD,False,0.39436619718309857,0.39436619718309857,wf_2024,catboost_a,5
2024-04-10,AMD,False,0.39436619718309857,0.39436619718309857,wf_2024,catboost_a,5
2024-04-11,AMD,False,0.39436619718309857,0.39436619718309857,wf_2024,catboost_a,5
2024-04-12,AMD,False,0.39436619718309857,0.39436619718309857,wf_2024,catboost_a,5
2024-04-13,AMD,False,0.39436619718309857,0.39436619718309857,wf_2024,catboost_a,5
2024-04-16,AMD,False,0.39436619718309857,0.39436619718309857,wf_2024,catboost_a,5
2024-04-17,AMD,True,0.39436619718309857,0.39436619718309857,wf_2024,catboost_a,5
2024-04-18,AMD,True,0.39436619718309857,0.39436619718309857,wf_2024,catboost_a,5
2024-04-19,AMD,True,0.39436619718309857,0.39436619718309857,wf_2024,catboost_a,5
2024-04-20,AMD,True,0.39436619718309857,0.39436619718309857,wf_2024,catboost_a,5
2024-04-23,AMD,True,0.39436619718309857,0.39436619718309857,wf_2024,catboost_a,5
2024-04-24,AMD,True,0.39436619718309857,0.39436619718309857,wf_2024,catboost_a,5
2024-04-25,AMD,True,0.39436619718309857,0.39436619718309857,wf_2024,catboost_a,5
2024-04-26,AMD,True,0.39436619718309857,0.39436619718309857,wf_2024,catboost_a,5
2024-04-27,AMD,True,0.39436619718309857,0.39436619718309857,wf_2024,catboost_a,5
2024-04-28,AMD,True,0.39436619718309857,0.39436619718309857,wf_2024,catboost_a,5
2024-05-03,AMD,True,0.39436619718309857,0.39436619718309857,wf_2024,catboost_a,5
2024-05-04,AMD,True,0.39436619718309857,0.39436619718309857,wf_2024,catboost_a,5
2024-05-07,AMD,True,0.39436619718309857,0.39436619718309857,wf_2024,catboost_a,5
2024-05-08,AMD,True,0.39436619718309857,0.39436619718309857,wf_2024,catboost_a,5
2024-05-09,AMD,True,0.39436619718309857,0.39436619718309857,wf_2024,catboost_a,5
2024-05-14,AMD,False,0.39436619718309857,0.39436619718309857,wf_2024,catboost_a,5
2024-05-15,AMD,False,0.39436619718309857,0.39436619718309857,wf_2024,catboost_a,5
2024-05-16,AMD,True,0.39436619718309857,0.39436619718309857,wf_2024,catboost_a,5
2024-05-17,AMD,True,0.39436619718309857,0.39436619718309857,wf_2024,catboost_a,5
2024-05-18,AMD,True,0.39436619718309857,0.39436619718309857,wf_2024,catboost_a,5
2024-05-21,AMD,True,0.39436619718309857,0.39436619718309857,wf_2024,catboost_a,5
2024-05-22,AMD,True,0.39436619718309857,0.39436619718309857,wf_2024,catboost_a,5
2024-05-23,AMD,True,0.39436619718309857,0.39436619718309857,wf_2024,catboost_a,5
2024-05-24,AMD,True,0.39436619718309857,0.39436619718309857,wf_2024,catboost_a,5
2024-05-25,AMD,True,0.39436619718309857,0.39436619718309857,wf_2024,catboost_a,5
2024-05-28,AMD,True,0.39436619718309857,0.39436619718309857,wf_2024,catboost_a,5
2024-05-29,AMD,True,0.39436619718309857,0.39436619718309857,wf_2024,catboost_a,5
2024-05-30,AMD,True,0.39436619718309857,0.39436619718309857,wf_2024,catboost_a,5
2024-05-31,AMD,False,0.39436619718309857,0.39436619718309857,wf_2024,catboost_a,5
2024-06-01,AMD,False,0.39436619718309857,0.39436619718309857,wf_2024,catboost_a,5
2024-06-04,AMD,False,0.39436619718309857,0.39436619718309857,wf_2024,catboost_a,5
2024-06-05,AMD,False,0.39436619718309857,0.39436619718309857,wf_2024,catboost_a,5
2024-06-06,AMD,True,0.39436619718309857,0.39436619718309857,wf_2024,catboost_a,5
2024-06-07,AMD,False,0.39436619718309857,0.39436619718309857,wf_2024,catboost_a,5
2024-06-08,AMD,False,0.39436619718309857,0.39436619718309857,wf_2024,catboost_a,5
2024-06-11,AMD,False,0.39436619718309857,0.39436619718309857,wf_2024,catboost_a,5
2024-06-12,AMD,False,0.39436619718309857,0.39436619718309857,wf_2024,catboost_a,5
2024-06-14,AMD,False,0.39436619718309857,0.39436619718309857,wf_2024,catboost_a,5
2024-06-15,AMD,True,0.39436619718309857,0.39436619718309857,wf_2024,catboost_a,5
2024-06-18,AMD,False,0.39436619718309857,0.39436619718309857,wf_2024,catboost_a,5
2024-06-19,AMD,False,0.1919191919191919,0.39436619718309857,wf_2024,catboost_a,5
2024-06-20,AMD,False,0.1919191919191919,0.39436619718309857,wf_2024,catboost_a,5
2024-06-21,AMD,False,0.1919191919191919,0.39436619718309857,wf_2024,catboost_a,5
2024-06-22,AMD,False,0.39436619718309857,0.39436619718309857,wf_2024,catboost_a,5
2024-06-25,AMD,False,0.39436619718309857,0.39436619718309857,wf_2024,catboost_a,5
2024-06-26,AMD,False,0.1919191919191919,0.39436619718309857,wf_2024,catboost_a,5
2024-06-27,AMD,False,0.39436619718309857,0.39436619718309857,wf_2024,catboost_a,5
2024-06-28,AMD,False,0.1919191919191919,0.39436619718309857,wf_2024,catboost_a,5
2024-06-29,AMD,False,0.1919191919191919,0.39436619718309857,wf_2024,catboost_a,5
2024-07-02,AMD,True,0.39436619718309857,0.39436619718309857,wf_2024,catboost_a,5
2024-07-03,AMD,True,0.39436619718309857,0.39436619718309857,wf_2024,catboost_a,5
2024-07-04,AMD,True,0.39436619718309857,0.39436619718309857,wf_2024,catboost_a,5
2024-07-05,AMD,True,0.39436619718309857,0.39436619718309857,wf_2024,catboost_a,5
2024-07-06,AMD,False,0.39436619718309857,0.39436619718309857,wf_2024,catboost_a,5
2024-07-09,AMD,False,0.39436619718309857,0.39436619718309857,wf_2024,catboost_a,5
2024-07-10,AMD,False,0.39436619718309857,0.39436619718309857,wf_2024,catboost_a,5
2024-07-11,AMD,False,0.39436619718309857,0.39436619718309857,wf_2024,catboost_a,5
2024-07-12,AMD,False,0.39436619718309857,0.39436619718309857,wf_2024,catboost_a,5
2024-07-13,AMD,False,0.39436619718309857,0.39436619718309857,wf_2024,catboost_a,5
2024-07-16,AMD,False,0.39436619718309857,0.39436619718309857,wf_2024,catboost_a,5
2024-07-17,AMD,False,0.39436619718309857,0.39436619718309857,wf_2024,catboost_a,5
2024-07-18,AMD,False,0.39436619718309857,0.39436619718309857,wf_2024,catboost_a,5
2024-07-19,AMD,False,0.39436619718309857,0.39436619718309857,wf_2024,catboost_a,5
2024-07-20,AMD,False,0.39436619718309857,0.39436619718309857,wf_2024,catboost_a,5
2024-07-23,AMD,False,0.39436619718309857,0.39436619718309857,wf_2024,catboost_a,5
2024-07-24,AMD,False,0.1919191919191919,0.39436619718309857,wf_2024,catboost_a,5
2024-07-25,AMD,False,0.1919191919191919,0.39436619718309857,wf_2024,catboost_a,5
2024-07-26,AMD,False,0.1919191919191919,0.39436619718309857,wf_2024,catboost_a,5
2024-07-27,AMD,False,0.1919191919191919,0.39436619718309857,wf_2024,catboost_a,5
2024-07-30,AMD,False,0.1919191919191919,0.39436619718309857,wf_2024,catboost_a,5
2024-07-31,AMD,False,0.1919191919191919,0.39436619718309857,wf_2024,catboost_a,5
2024-08-01,AMD,False,0.1919191919191919,0.39436619718309857,wf_2024,catboost_a,5
2024-08-02,AMD,False,0.1919191919191919,0.39436619718309857,wf_2024,catboost_a,5
2024-08-03,AMD,False,0.1919191919191919,0.39436619718309857,wf_2024,catboost_a,5
2024-08-06,AMD,False,0.1919191919191919,0.39436619718309857,wf_2024,catboost_a,5
2024-08-07,AMD,False,0.1919191919191919,0.39436619718309857,wf_2024,catboost_a,5
2024-08-08,AMD,False,0.39436619718309857,0.39436619718309857,wf_2024,catboost_a,5
2024-08-09,AMD,False,0.39436619718309857,0.39436619718309857,wf_2024,catboost_a,5
2024-08-10,AMD,False,0.39436619718309857,0.39436619718309857,wf_2024,catboost_a,5
2024-08-13,AMD,False,0.39436619718309857,0.39436619718309857,wf_2024,catboost_a,5
2024-08-14,AMD,False,0.39436619718309857,0.39436619718309857,wf_2024,catboost_a,5
2024-08-15,AMD,False,0.39436619718309857,0.39436619718309857,wf_2024,catboost_a,5
2024-08-16,AMD,False,0.39436619718309857,0.39436619718309857,wf_2024,catboost_a,5
2024-08-17,AMD,False,0.39436619718309857,0.39436619718309857,wf_2024,catboost_a,5
2024-08-20,AMD,False,0.39436619718309857,0.39436619718309857,wf_2024,catboost_a,5
2024-08-21,AMD,False,0.39436619718309857,0.39436619718309857,wf_2024,catboost_a,5
2024-08-22,AMD,False,0.39436619718309857,0.39436619718309857,wf_2024,catboost_a,5
2024-08-23,AMD,False,0.39436619718309857,0.39436619718309857,wf_2024,catboost_a,5
2024-08-24,AMD,False,0.39436619718309857,0.39436619718309857,wf_2024,catboost_a,5
2024-08-27,AMD,False,0.39436619718309857,0.39436619718309857,wf_2024,catboost_a,5
2024-08-28,AMD,False,0.39436619718309857,0.39436619718309857,wf_2024,catboost_a,5
2024-08-29,AMD,False,0.39436619718309857,0.39436619718309857,wf_2024,catboost_a,5
2024-08-30,AMD,False,0.39436619718309857,0.39436619718309857,wf_2024,catboost_a,5
2024-08-31,AMD,False,0.39436619718309857,0.39436619718309857,wf_2024,catboost_a,5
2024-09-03,AMD,False,0.39436619718309857,0.39436619718309857,wf_2024,catboost_a,5
2024-09-04,AMD,True,0.39436619718309857,0.39436619718309857,wf_2024,catboost_a,5
2024-09-05,AMD,False,0.39436619718309857,0.39436619718309857,wf_2024,catboost_a,5
2024-09-06,AMD,False,0.39436619718309857,0.39436619718309857,wf_2024,catboost_a,5
2024-09-07,AMD,False,0.39436619718309857,0.39436619718309857,wf_2024,catboost_a,5
2024-09-10,AMD,False,0.39436619718309857,0.39436619718309857,wf_2024,catboost_a,5
2024-09-11,AMD,False,0.39436619718309857,0.39436619718309857,wf_2024,catboost_a,5
2024-09-12,AMD,False,0.39436619718309857,0.39436619718309857,wf_2024,catboost_a,5
2024-09-13,AMD,False,0.39436619718309857,0.39436619718309857,wf_2024,catboost_a,5
2024-09-14,AMD,True,0.39436619718309857,0.39436619718309857,wf_2024,catboost_a,5
2024-09-17,AMD,True,0.39436619718309857,0.39436619718309857,wf_2024,catboost_a,5
2024-09-18,AMD,True,0.39436619718309857,0.39436619718309857,wf_2024,catboost_a,5
2024-09-19,AMD,True,0.39436619718309857,0.39436619718309857,wf_2024,catboost_a,5
2024-09-20,AMD,True,0.39436619718309857,0.39436619718309857,wf_2024,catboost_a,5
2024-09-21,AMD,True,0.39436619718309857,0.39436619718309857,wf_2024,catboost_a,5
2024-09-24,AMD,False,0.39436619718309857,0.39436619718309857,wf_2024,catboost_a,5
2024-09-25,AMD,False,0.39436619718309857,0.39436619718309857,wf_2024,catboost_a,5
2024-09-26,AMD,False,0.39436619718309857,0.39436619718309857,wf_2024,catboost_a,5
2024-09-27,AMD,False,0.39436619718309857,0.39436619718309857,wf_2024,catboost_a,5
2024-09-28,AMD,False,0.39436619718309857,0.39436619718309857,wf_2024,catboost_a,5
2024-10-01,AMD,False,0.39436619718309857,0.39436619718309857,wf_2024,catboost_a,5
2024-10-02,AMD,False,0.39436619718309857,0.39436619718309857,wf_2024,catboost_a,5
2024-10-03,AMD,False,0.39436619718309857,0.39436619718309857,wf_2024,catboost_a,5
2024-10-04,AMD,False,0.39436619718309857,0.39436619718309857,wf_2024,catboost_a,5
2024-10-05,AMD,False,0.39436619718309857,0.39436619718309857,wf_2024,catboost_a,5
2024-10-08,AMD,False,0.39436619718309857,0.39436619718309857,wf_2024,catboost_a,5
2024-10-09,AMD,False,0.39436619718309857,0.39436619718309857,wf_2024,catboost_a,5
2024-10-10,AMD,False,0.39436619718309857,0.39436619718309857,wf_2024,catboost_a,5
2024-10-11,AMD,False,0.39436619718309857,0.39436619718309857,wf_2024,catboost_a,5
2024-10-12,AMD,False,0.39436619718309857,0.39436619718309857,wf_2024,catboost_a,5
2024-10-15,AMD,False,0.39436619718309857,0.39436619718309857,wf_2024,catboost_a,5
2024-10-16,AMD,False,0.39436619718309857,0.39436619718309857,wf_2024,catboost_a,5
2024-10-17,AMD,False,0.39436619718309857,0.39436619718309857,wf_2024,catboost_a,5
2024-10-18,AMD,False,0.39436619718309857,0.39436619718309857,wf_2024,catboost_a,5
2024-10-19,AMD,False,0.39436619718309857,0.39436619718309857,wf_2024,catboost_a,5
2024-10-22,AMD,True,0.39436619718309857,0.39436619718309857,wf_2024,catboost_a,5
2024-10-23,AMD,False,0.39436619718309857,0.39436619718309857,wf_2024,catboost_a,5
2024-10-24,AMD,False,0.39436619718309857,0.39436619718309857,wf_2024,catboost_a,5
2024-10-25,AMD,False,0.39436619718309857,0.39436619718309857,wf_2024,catboost_a,5
2024-10-26,AMD,False,0.39436619718309857,0.39436619718309857,wf_2024,catboost_a,5
2024-10-29,AMD,False,0.39436619718309857,0.39436619718309857,wf_2024,catboost_a,5
2024-10-30,AMD,False,0.39436619718309857,0.39436619718309857,wf_2024,catboost_a,5
2024-10-31,AMD,False,0.39436619718309857,0.39436619718309857,wf_2024,catboost_a,5
2024-11-01,AMD,False,0.39436619718309857,0.39436619718309857,wf_2024,catboost_a,5
2024-11-02,AMD,False,0.39436619718309857,0.39436619718309857,wf_2024,catboost_a,5
2024-11-03,AMD,False,0.39436619718309857,0.39436619718309857,wf_2024,catboost_a,5
2024-11-06,AMD,False,0.39436619718309857,0.39436619718309857,wf_2024,catboost_a,5
2024-11-07,AMD,False,0.39436619718309857,0.39436619718309857,wf_2024,catboost_a,5
2024-11-08,AMD,False,0.39436619718309857,0.39436619718309857,wf_2024,catboost_a,5
2024-11-09,AMD,False,0.39436619718309857,0.39436619718309857,wf_2024,catboost_a,5
2024-11-12,AMD,False,0.39436619718309857,0.39436619718309857,wf_2024,catboost_a,5
2024-11-13,AMD,False,0.39436619718309857,0.39436619718309857,wf_2024,catboost_a,5
2024-11-14,AMD,False,0.39436619718309857,0.39436619718309857,wf_2024,catboost_a,5
2024-11-15,AMD,False,0.39436619718309857,0.39436619718309857,wf_2024,catboost_a,5
2024-11-16,AMD,False,0.39436619718309857,0.39436619718309857,wf_2024,catboost_a,5
2024-11-19,AMD,False,0.39436619718309857,0.39436619718309857,wf_2024,catboost_a,5
2024-11-20,AMD,False,0.39436619718309857,0.39436619718309857,wf_2024,catboost_a,5
2024-11-21,AMD,False,0.39436619718309857,0.39436619718309857,wf_2024,catboost_a,5
2024-11-22,AMD,False,0.39436619718309857,0.39436619718309857,wf_2024,catboost_a,5
2024-11-23,AMD,False,0.39436619718309857,0.39436619718309857,wf_2024,catboost_a,5
2024-11-26,AMD,False,0.39436619718309857,0.39436619718309857,wf_2024,catboost_a,5
2024-11-27,AMD,False,0.39436619718309857,0.39436619718309857,wf_2024,catboost_a,5
2024-11-28,AMD,False,0.39436619718309857,0.39436619718309857,wf_2024,catboost_a,5
2024-11-29,AMD,False,0.39436619718309857,0.39436619718309857,wf_2024,catboost_a,5
2024-11-30,AMD,False,0.39436619718309857,0.39436619718309857,wf_2024,catboost_a,5
2024-12-03,AMD,False,0.39436619718309857,0.39436619718309857,wf_2024,catboost_a,5
2024-12-04,AMD,True,0.39436619718309857,0.39436619718309857,wf_2024,catboost_a,5
2024-12-05,AMD,True,0.39436619718309857,0.39436619718309857,wf_2024,catboost_a,5
2024-12-06,AMD,True,0.39436619718309857,0.39436619718309857,wf_2024,catboost_a,5
2024-12-07,AMD,True,0.39436619718309857,0.39436619718309857,wf_2024,catboost_a,5
2024-12-10,AMD,True,0.39436619718309857,0.39436619718309857,wf_2024,catboost_a,5
2024-12-11,AMD,False,0.39436619718309857,0.39436619718309857,wf_2024,catboost_a,5
2024-12-12,AMD,False,0.39436619718309857,0.39436619718309857,wf_2024,catboost_a,5
2024-12-13,AMD,False,0.39436619718309857,0.39436619718309857,wf_2024,catboost_a,5
2024-12-14,AMD,False,0.39436619718309857,0.39436619718309857,wf_2024,catboost_a,5
2024-12-17,AMD,False,0.39436619718309857,0.39436619718309857,wf_2024,catboost_a,5
2024-12-18,AMD,True,0.39436619718309857,0.39436619718309857,wf_2024,catboost_a,5
2024-12-19,AMD,True,0.39436619718309857,0.39436619718309857,wf_2024,catboost_a,5
2024-12-20,AMD,False,0.39436619718309857,0.39436619718309857,wf_2024,catboost_a,5
2024-12-21,AMD,False,0.39436619718309857,0.39436619718309857,wf_2024,catboost_a,5
2024-12-24,AMD,True,0.39436619718309857,0.39436619718309857,wf_2024,catboost_a,5
2024-12-25,AMD,True,0.39436619718309857,0.39436619718309857,wf_2024,catboost_a,5
2024-12-26,AMD,True,0.39436619718309857,0.39436619718309857,wf_2024,catboost_a,5
2024-12-27,AMD,True,0.39436619718309857,0.39436619718309857,wf_2024,catboost_a,5
2024-12-28,AMD,True,0.39436619718309857,0.39436619718309857,wf_2024,catboost_a,5
2024-12-29,AMD,True,0.39436619718309857,0.39436619718309857,wf_2024,catboost_a,5
2024-01-10,KGS,False,0.39436619718309857,0.39436619718309857,wf_2024,catboost_a,5
2024-01-11,KGS,False,0.39436619718309857,0.39436619718309857,wf_2024,catboost_a,5
2024-01-12,KGS,False,0.1919191919191919,0.39436619718309857,wf_2024,catboost_a,5
2024-01-13,KGS,False,0.1919191919191919,0.39436619718309857,wf_2024,catboost_a,5
2024-01-16,KGS,False,0.1919191919191919,0.39436619718309857,wf_2024,catboost_a,5
2024-01-17,KGS,False,0.1919191919191919,0.39436619718309857,wf_2024,catboost_a,5
2024-01-18,KGS,False,0.1919191919191919,0.39436619718309857,wf_2024,catboost_a,5
2024-01-19,KGS,False,0.1919191919191919,0.39436619718309857,wf_2024,catboost_a,5
2024-01-20,KGS,False,0.1919191919191919,0.39436619718309857,wf_2024,catboost_a,5
2024-01-23,KGS,False,0.1919191919191919,0.39436619718309857,wf_2024,catboost_a,5
2024-01-24,KGS,False,0.1919191919191919,0.39436619718309857,wf_2024,catboost_a,5
2024-01-25,KGS,False,0.1919191919191919,0.39436619718309857,wf_2024,catboost_a,5
2024-01-26,KGS,False,0.39436619718309857,0.39436619718309857,wf_2024,catboost_a,5
2024-01-27,KGS,False,0.39436619718309857,0.39436619718309857,wf_2024,catboost_a,5
2024-01-30,KGS,False,0.39436619718309857,0.39436619718309857,wf_2024,catboost_a,5
2024-01-31,KGS,False,0.39436619718309857,0.39436619718309857,wf_2024,catboost_a,5
2024-02-01,KGS,False,0.39436619718309857,0.39436619718309857,wf_2024,catboost_a,5
2024-02-02,KGS,False,0.39436619718309857,0.39436619718309857,wf_2024,catboost_a,5
2024-02-03,KGS,False,0.39436619718309857,0.39436619718309857,wf_2024,catboost_a,5
2024-02-06,KGS,False,0.39436619718309857,0.39436619718309857,wf_2024,catboost_a,5
2024-02-07,KGS,False,0.39436619718309857,0.39436619718309857,wf_2024,catboost_a,5
2024-02-08,KGS,False,0.39436619718309857,0.39436619718309857,wf_2024,catboost_a,5
2024-02-09,KGS,False,0.39436619718309857,0.39436619718309857,wf_2024,catboost_a,5
2024-02-10,KGS,False,0.39436619718309857,0.39436619718309857,wf_2024,catboost_a,5
2024-02-13,KGS,False,0.39436619718309857,0.39436619718309857,wf_2024,catboost_a,5
2024-02-14,KGS,False,0.39436619718309857,0.39436619718309857,wf_2024,catboost_a,5
2024-02-15,KGS,False,0.39436619718309857,0.39436619718309857,wf_2024,catboost_a,5
2024-02-16,KGS,True,0.39436619718309857,0.39436619718309857,wf_2024,catboost_a,5
2024-02-17,KGS,True,0.39436619718309857,0.39436619718309857,wf_2024,catboost_a,5
2024-02-20,KGS,True,0.39436619718309857,0.39436619718309857,wf_2024,catboost_a,5
2024-02-21,KGS,True,0.39436619718309857,0.39436619718309857,wf_2024,catboost_a,5
2024-02-22,KGS,True,0.39436619718309857,0.39436619718309857,wf_2024,catboost_a,5
2024-02-23,KGS,True,0.39436619718309857,0.39436619718309857,wf_2024,catboost_a,5
2024-02-27,KGS,False,0.39436619718309857,0.39436619718309857,wf_2024,catboost_a,5
2024-02-28,KGS,False,0.39436619718309857,0.39436619718309857,wf_2024,catboost_a,5
2024-02-29,KGS,True,0.39436619718309857,0.39436619718309857,wf_2024,catboost_a,5
2024-03-01,KGS,True,0.39436619718309857,0.39436619718309857,wf_2024,catboost_a,5
2024-03-02,KGS,True,0.39436619718309857,0.39436619718309857,wf_2024,catboost_a,5
2024-03-05,KGS,True,0.39436619718309857,0.39436619718309857,wf_2024,catboost_a,5
2024-03-06,KGS,True,0.39436619718309857,0.39436619718309857,wf_2024,catboost_a,5
2024-03-07,KGS,True,0.39436619718309857,0.39436619718309857,wf_2024,catboost_a,5
2024-03-08,KGS,True,0.39436619718309857,0.39436619718309857,wf_2024,catboost_a,5
2024-03-12,KGS,False,0.39436619718309857,0.39436619718309857,wf_2024,catboost_a,5
2024-03-13,KGS,False,0.39436619718309857,0.39436619718309857,wf_2024,catboost_a,5
2024-03-14,KGS,True,0.39436619718309857,0.39436619718309857,wf_2024,catboost_a,5
2024-03-15,KGS,True,0.39436619718309857,0.39436619718309857,wf_2024,catboost_a,5
2024-03-16,KGS,True,0.39436619718309857,0.39436619718309857,wf_2024,catboost_a,5
2024-03-19,KGS,True,0.39436619718309857,0.39436619718309857,wf_2024,catboost_a,5
2024-03-20,KGS,True,0.39436619718309857,0.39436619718309857,wf_2024,catboost_a,5
2024-03-21,KGS,True,0.39436619718309857,0.39436619718309857,wf_2024,catboost_a,5
2024-03-22,KGS,True,0.39436619718309857,0.39436619718309857,wf_2024,catboost_a,5
2024-03-23,KGS,False,0.39436619718309857,0.39436619718309857,wf_2024,catboost_a,5
2024-03-26,KGS,False,0.39436619718309857,0.39436619718309857,wf_2024,catboost_a,5
2024-03-27,KGS,False,0.39436619718309857,0.39436619718309857,wf_2024,catboost_a,5
2024-03-28,KGS,False,0.39436619718309857,0.39436619718309857,wf_2024,catboost_a,5
2024-03-29,KGS,False,0.39436619718309857,0.39436619718309857,wf_2024,catboost_a,5
2024-03-30,KGS,False,0.39436619718309857,0.39436619718309857,wf_2024,catboost_a,5
2024-04-02,KGS,True,0.39436619718309857,0.39436619718309857,wf_2024,catboost_a,5
2024-04-03,KGS,True,0.39436619718309857,0.39436619718309857,wf_2024,catboost_a,5
2024-04-04,KGS,True,0.39436619718309857,0.39436619718309857,wf_2024,catboost_a,5
2024-04-05,KGS,True,0.39436619718309857,0.39436619718309857,wf_2024,catboost_a,5
2024-04-06,KGS,True,0.39436619718309857,0.39436619718309857,wf_2024,catboost_a,5
2024-04-09,KGS,True,0.39436619718309857,0.39436619718309857,wf_2024,catboost_a,5
2024-04-10,KGS,True,0.39436619718309857,0.39436619718309857,wf_2024,catboost_a,5
2024-04-11,KGS,False,0.39436619718309857,0.39436619718309857,wf_2024,catboost_a,5
2024-04-12,KGS,False,0.39436619718309857,0.39436619718309857,wf_2024,catboost_a,5
2024-04-13,KGS,False,0.39436619718309857,0.39436619718309857,wf_2024,catboost_a,5
2024-04-16,KGS,False,0.39436619718309857,0.39436619718309857,wf_2024,catboost_a,5
2024-04-17,KGS,False,0.39436619718309857,0.39436619718309857,wf_2024,catboost_a,5
2024-04-18,KGS,False,0.39436619718309857,0.39436619718309857,wf_2024,catboost_a,5
2024-04-19,KGS,False,0.39436619718309857,0.39436619718309857,wf_2024,catboost_a,5
2024-04-20,KGS,False,0.39436619718309857,0.39436619718309857,wf_2024,catboost_a,5
2024-04-23,KGS,True,0.39436619718309857,0.39436619718309857,wf_2024,catboost_a,5
2024-04-24,KGS,True,0.39436619718309857,0.39436619718309857,wf_2024,catboost_a,5
2024-04-25,KGS,True,0.39436619718309857,0.39436619718309857,wf_2024,catboost_a,5
2024-04-26,KGS,True,0.39436619718309857,0.39436619718309857,wf_2024,catboost_a,5
2024-04-27,KGS,True,0.39436619718309857,0.39436619718309857,wf_2024,catboost_a,5
2024-04-28,KGS,True,0.39436619718309857,0.39436619718309857,wf_2024,catboost_a,5
2024-05-03,KGS,True,0.39436619718309857,0.39436619718309857,wf_2024,catboost_a,5
2024-05-04,KGS,True,0.39436619718309857,0.39436619718309857,wf_2024,catboost_a,5
2024-05-07,KGS,True,0.39436619718309857,0.39436619718309857,wf_2024,catboost_a,5
2024-05-08,KGS,True,0.39436619718309857,0.39436619718309857,wf_2024,catboost_a,5
2024-05-09,KGS,True,0.39436619718309857,0.39436619718309857,wf_2024,catboost_a,5
2024-05-14,KGS,False,0.39436619718309857,0.39436619718309857,wf_2024,catboost_a,5
2024-05-15,KGS,False,0.39436619718309857,0.39436619718309857,wf_2024,catboost_a,5
2024-05-16,KGS,True,0.39436619718309857,0.39436619718309857,wf_2024,catboost_a,5
2024-05-17,KGS,True,0.39436619718309857,0.39436619718309857,wf_2024,catboost_a,5
2024-05-18,KGS,False,0.39436619718309857,0.39436619718309857,wf_2024,catboost_a,5
2024-05-21,KGS,False,0.39436619718309857,0.39436619718309857,wf_2024,catboost_a,5
2024-05-22,KGS,False,0.39436619718309857,0.39436619718309857,wf_2024,catboost_a,5
2024-05-23,KGS,True,0.39436619718309857,0.39436619718309857,wf_2024,catboost_a,5
2024-05-24,KGS,True,0.39436619718309857,0.39436619718309857,wf_2024,catboost_a,5
2024-05-25,KGS,False,0.39436619718309857,0.39436619718309857,wf_2024,catboost_a,5
2024-05-28,KGS,False,0.39436619718309857,0.39436619718309857,wf_2024,catboost_a,5
2024-05-29,KGS,True,0.39436619718309857,0.39436619718309857,wf_2024,catboost_a,5
2024-05-30,KGS,True,0.39436619718309857,0.39436619718309857,wf_2024,catboost_a,5
2024-05-31,KGS,False,0.39436619718309857,0.39436619718309857,wf_2024,catboost_a,5
2024-06-01,KGS,False,0.39436619718309857,0.39436619718309857,wf_2024,catboost_a,5
2024-06-04,KGS,False,0.39436619718309857,0.39436619718309857,wf_2024,catboost_a,5
2024-06-05,KGS,False,0.39436619718309857,0.39436619718309857,wf_2024,catboost_a,5
2024-06-06,KGS,False,0.39436619718309857,0.39436619718309857,wf_2024,catboost_a,5
2024-06-07,KGS,False,0.39436619718309857,0.39436619718309857,wf_2024,catboost_a,5
2024-06-08,KGS,False,0.39436619718309857,0.39436619718309857,wf_2024,catboost_a,5
2024-06-11,KGS,True,0.39436619718309857,0.39436619718309857,wf_2024,catboost_a,5
2024-06-12,KGS,True,0.39436619718309857,0.39436619718309857,wf_2024,catboost_a,5
2024-06-14,KGS,False,0.1919191919191919,0.39436619718309857,wf_2024,catboost_a,5
2024-06-15,KGS,False,0.1919191919191919,0.39436619718309857,wf_2024,catboost_a,5
2024-06-18,KGS,False,0.1919191919191919,0.39436619718309857,wf_2024,catboost_a,5
2024-06-19,KGS,False,0.1919191919191919,0.39436619718309857,wf_2024,catboost_a,5
2024-06-20,KGS,False,0.1919191919191919,0.39436619718309857,wf_2024,catboost_a,5
2024-06-21,KGS,False,0.1919191919191919,0.39436619718309857,wf_2024,catboost_a,5
2024-06-22,KGS,False,0.39436619718309857,0.39436619718309857,wf_2024,catboost_a,5
2024-06-25,KGS,False,0.1919191919191919,0.39436619718309857,wf_2024,catboost_a,5
2024-06-26,KGS,False,0.1919191919191919,0.39436619718309857,wf_2024,catboost_a,5
2024-06-27,KGS,False,0.39436619718309857,0.39436619718309857,wf_2024,catboost_a,5
2024-06-28,KGS,False,0.1919191919191919,0.39436619718309857,wf_2024,catboost_a,5
2024-06-29,KGS,False,0.1919191919191919,0.39436619718309857,wf_2024,catboost_a,5
2024-07-02,KGS,False,0.39436619718309857,0.39436619718309857,wf_2024,catboost_a,5
2024-07-03,KGS,False,0.39436619718309857,0.39436619718309857,wf_2024,catboost_a,5
2024-07-04,KGS,False,0.39436619718309857,0.39436619718309857,wf_2024,catboost_a,5
2024-07-05,KGS,False,0.39436619718309857,0.39436619718309857,wf_2024,catboost_a,5
2024-07-06,KGS,False,0.39436619718309857,0.39436619718309857,wf_2024,catboost_a,5
2024-07-09,KGS,False,0.39436619718309857,0.39436619718309857,wf_2024,catboost_a,5
2024-07-10,KGS,False,0.39436619718309857,0.39436619718309857,wf_2024,catboost_a,5
2024-07-11,KGS,False,0.39436619718309857,0.39436619718309857,wf_2024,catboost_a,5
2024-07-12,KGS,False,0.39436619718309857,0.39436619718309857,wf_2024,catboost_a,5
2024-07-13,KGS,False,0.39436619718309857,0.39436619718309857,wf_2024,catboost_a,5
2024-07-16,KGS,False,0.39436619718309857,0.39436619718309857,wf_2024,catboost_a,5
2024-07-17,KGS,False,0.39436619718309857,0.39436619718309857,wf_2024,catboost_a,5
2024-07-18,KGS,False,0.39436619718309857,0.39436619718309857,wf_2024,catboost_a,5
2024-07-19,KGS,False,0.39436619718309857,0.39436619718309857,wf_2024,catboost_a,5
2024-07-20,KGS,False,0.39436619718309857,0.39436619718309857,wf_2024,catboost_a,5
2024-07-23,KGS,False,0.39436619718309857,0.39436619718309857,wf_2024,catboost_a,5
2024-07-24,KGS,False,0.39436619718309857,0.39436619718309857,wf_2024,catboost_a,5
2024-07-25,KGS,True,0.39436619718309857,0.39436619718309857,wf_2024,catboost_a,5
2024-07-26,KGS,True,0.39436619718309857,0.39436619718309857,wf_2024,catboost_a,5
2024-07-27,KGS,False,0.39436619718309857,0.39436619718309857,wf_2024,catboost_a,5
2024-07-30,KGS,False,0.39436619718309857,0.39436619718309857,wf_2024,catboost_a,5
2024-07-31,KGS,False,0.39436619718309857,0.39436619718309857,wf_2024,catboost_a,5
2024-08-01,KGS,False,0.39436619718309857,0.39436619718309857,wf_2024,catboost_a,5
2024-08-02,KGS,True,0.39436619718309857,0.39436619718309857,wf_2024,catboost_a,5
2024-08-03,KGS,True,0.39436619718309857,0.39436619718309857,wf_2024,catboost_a,5
2024-08-06,KGS,False,0.1919191919191919,0.39436619718309857,wf_2024,catboost_a,5
2024-08-07,KGS,False,0.1919191919191919,0.39436619718309857,wf_2024,catboost_a,5
2024-08-08,KGS,False,0.39436619718309857,0.39436619718309857,wf_2024,catboost_a,5
2024-08-09,KGS,False,0.39436619718309857,0.39436619718309857,wf_2024,catboost_a,5
2024-08-10,KGS,False,0.39436619718309857,0.39436619718309857,wf_2024,catboost_a,5
2024-08-13,KGS,False,0.39436619718309857,0.39436619718309857,wf_2024,catboost_a,5
2024-08-14,KGS,False,0.39436619718309857,0.39436619718309857,wf_2024,catboost_a,5
2024-08-15,KGS,False,0.39436619718309857,0.39436619718309857,wf_2024,catboost_a,5
2024-08-16,KGS,False,0.39436619718309857,0.39436619718309857,wf_2024,catboost_a,5
2024-08-17,KGS,False,0.39436619718309857,0.39436619718309857,wf_2024,catboost_a,5
2024-08-20,KGS,False,0.39436619718309857,0.39436619718309857,wf_2024,catboost_a,5
2024-08-21,KGS,False,0.39436619718309857,0.39436619718309857,wf_2024,catboost_a,5
2024-08-22,KGS,False,0.39436619718309857,0.39436619718309857,wf_2024,catboost_a,5
2024-08-23,KGS,False,0.39436619718309857,0.39436619718309857,wf_2024,catboost_a,5
2024-08-24,KGS,True,0.39436619718309857,0.39436619718309857,wf_2024,catboost_a,5
2024-08-27,KGS,True,0.39436619718309857,0.39436619718309857,wf_2024,catboost_a,5
2024-08-28,KGS,True,0.39436619718309857,0.39436619718309857,wf_2024,catboost_a,5
2024-08-29,KGS,True,0.39436619718309857,0.39436619718309857,wf_2024,catboost_a,5
2024-08-30,KGS,True,0.39436619718309857,0.39436619718309857,wf_2024,catboost_a,5
2024-08-31,KGS,True,0.39436619718309857,0.39436619718309857,wf_2024,catboost_a,5
2024-09-03,KGS,False,0.39436619718309857,0.39436619718309857,wf_2024,catboost_a,5
2024-09-04,KGS,True,0.39436619718309857,0.39436619718309857,wf_2024,catboost_a,5
2024-09-05,KGS,False,0.39436619718309857,0.39436619718309857,wf_2024,catboost_a,5
2024-09-06,KGS,False,0.39436619718309857,0.39436619718309857,wf_2024,catboost_a,5
2024-09-07,KGS,False,0.39436619718309857,0.39436619718309857,wf_2024,catboost_a,5
2024-09-10,KGS,False,0.39436619718309857,0.39436619718309857,wf_2024,catboost_a,5
2024-09-11,KGS,False,0.39436619718309857,0.39436619718309857,wf_2024,catboost_a,5
2024-09-12,KGS,False,0.39436619718309857,0.39436619718309857,wf_2024,catboost_a,5
2024-09-13,KGS,False,0.39436619718309857,0.39436619718309857,wf_2024,catboost_a,5
2024-09-14,KGS,False,0.39436619718309857,0.39436619718309857,wf_2024,catboost_a,5
2024-09-17,KGS,False,0.39436619718309857,0.39436619718309857,wf_2024,catboost_a,5
2024-09-18,KGS,False,0.39436619718309857,0.39436619718309857,wf_2024,catboost_a,5
2024-09-19,KGS,False,0.39436619718309857,0.39436619718309857,wf_2024,catboost_a,5
2024-09-20,KGS,False,0.39436619718309857,0.39436619718309857,wf_2024,catboost_a,5
2024-09-21,KGS,False,0.39436619718309857,0.39436619718309857,wf_2024,catboost_a,5
2024-09-24,KGS,False,0.39436619718309857,0.39436619718309857,wf_2024,catboost_a,5
2024-09-25,KGS,False,0.39436619718309857,0.39436619718309857,wf_2024,catboost_a,5
2024-09-26,KGS,False,0.39436619718309857,0.39436619718309857,wf_2024,catboost_a,5
2024-09-27,KGS,False,0.39436619718309857,0.39436619718309857,wf_2024,catboost_a,5
2024-09-28,KGS,False,0.39436619718309857,0.39436619718309857,wf_2024,catboost_a,5
2024-10-01,KGS,False,0.39436619718309857,0.39436619718309857,wf_2024,catboost_a,5
2024-10-02,KGS,False,0.39436619718309857,0.39436619718309857,wf_2024,catboost_a,5
2024-10-03,KGS,False,0.39436619718309857,0.39436619718309857,wf_2024,catboost_a,5
2024-10-04,KGS,False,0.39436619718309857,0.39436619718309857,wf_2024,catboost_a,5
2024-10-05,KGS,False,0.39436619718309857,0.39436619718309857,wf_2024,catboost_a,5
2024-10-08,KGS,False,0.39436619718309857,0.39436619718309857,wf_2024,catboost_a,5
2024-10-09,KGS,False,0.39436619718309857,0.39436619718309857,wf_2024,catboost_a,5
2024-10-10,KGS,False,0.39436619718309857,0.39436619718309857,wf_2024,catboost_a,5
2024-10-11,KGS,False,0.39436619718309857,0.39436619718309857,wf_2024,catboost_a,5
2024-10-12,KGS,False,0.39436619718309857,0.39436619718309857,wf_2024,catboost_a,5
2024-10-15,KGS,False,0.39436619718309857,0.39436619718309857,wf_2024,catboost_a,5
2024-10-16,KGS,False,0.39436619718309857,0.39436619718309857,wf_2024,catboost_a,5
2024-10-17,KGS,False,0.39436619718309857,0.39436619718309857,wf_2024,catboost_a,5
2024-10-18,KGS,False,0.39436619718309857,0.39436619718309857,wf_2024,catboost_a,5
2024-10-19,KGS,False,0.39436619718309857,0.39436619718309857,wf_2024,catboost_a,5
2024-10-22,KGS,True,0.39436619718309857,0.39436619718309857,wf_2024,catboost_a,5
2024-10-23,KGS,False,0.39436619718309857,0.39436619718309857,wf_2024,catboost_a,5
2024-10-24,KGS,False,0.39436619718309857,0.39436619718309857,wf_2024,catboost_a,5
2024-10-25,KGS,False,0.39436619718309857,0.39436619718309857,wf_2024,catboost_a,5
2024-10-26,KGS,False,0.39436619718309857,0.39436619718309857,wf_2024,catboost_a,5
2024-10-29,KGS,False,0.39436619718309857,0.39436619718309857,wf_2024,catboost_a,5
2024-10-30,KGS,False,0.39436619718309857,0.39436619718309857,wf_2024,catboost_a,5
2024-10-31,KGS,True,0.39436619718309857,0.39436619718309857,wf_2024,catboost_a,5
2024-11-01,KGS,True,0.39436619718309857,0.39436619718309857,wf_2024,catboost_a,5
2024-11-02,KGS,True,0.39436619718309857,0.39436619718309857,wf_2024,catboost_a,5
2024-11-03,KGS,True,0.39436619718309857,0.39436619718309857,wf_2024,catboost_a,5
2024-11-06,KGS,True,0.39436619718309857,0.39436619718309857,wf_2024,catboost_a,5
2024-11-07,KGS,True,0.39436619718309857,0.39436619718309857,wf_2024,catboost_a,5
2024-11-08,KGS,True,0.39436619718309857,0.39436619718309857,wf_2024,catboost_a,5
2024-11-09,KGS,False,0.39436619718309857,0.39436619718309857,wf_2024,catboost_a,5
2024-11-12,KGS,False,0.39436619718309857,0.39436619718309857,wf_2024,catboost_a,5
2024-11-13,KGS,False,0.39436619718309857,0.39436619718309857,wf_2024,catboost_a,5
2024-11-14,KGS,False,0.39436619718309857,0.39436619718309857,wf_2024,catboost_a,5
2024-11-15,KGS,False,0.39436619718309857,0.39436619718309857,wf_2024,catboost_a,5
2024-11-16,KGS,False,0.39436619718309857,0.39436619718309857,wf_2024,catboost_a,5
2024-11-19,KGS,False,0.39436619718309857,0.39436619718309857,wf_2024,catboost_a,5
2024-11-20,KGS,False,0.39436619718309857,0.39436619718309857,wf_2024,catboost_a,5
2024-11-21,KGS,False,0.39436619718309857,0.39436619718309857,wf_2024,catboost_a,5
2024-11-22,KGS,False,0.39436619718309857,0.39436619718309857,wf_2024,catboost_a,5
2024-11-23,KGS,False,0.39436619718309857,0.39436619718309857,wf_2024,catboost_a,5
2024-11-26,KGS,False,0.39436619718309857,0.39436619718309857,wf_2024,catboost_a,5
2024-11-27,KGS,False,0.39436619718309857,0.39436619718309857,wf_2024,catboost_a,5
2024-11-28,KGS,False,0.39436619718309857,0.39436619718309857,wf_2024,catboost_a,5
2024-11-29,KGS,False,0.39436619718309857,0.39436619718309857,wf_2024,catboost_a,5
2024-11-30,KGS,False,0.39436619718309857,0.39436619718309857,wf_2024,catboost_a,5
2024-12-03,KGS,False,0.39436619718309857,0.39436619718309857,wf_2024,catboost_a,5
2024-12-04,KGS,True,0.39436619718309857,0.39436619718309857,wf_2024,catboost_a,5
2024-12-05,KGS,True,0.39436619718309857,0.39436619718309857,wf_2024,catboost_a,5
2024-12-06,KGS,True,0.39436619718309857,0.39436619718309857,wf_2024,catboost_a,5
2024-12-07,KGS,True,0.39436619718309857,0.39436619718309857,wf_2024,catboost_a,5
2024-12-10,KGS,True,0.39436619718309857,0.39436619718309857,wf_2024,catboost_a,5
2024-12-11,KGS,False,0.39436619718309857,0.39436619718309857,wf_2024,catboost_a,5
2024-12-12,KGS,False,0.39436619718309857,0.39436619718309857,wf_2024,catboost_a,5
2024-12-13,KGS,False,0.39436619718309857,0.39436619718309857,wf_2024,catboost_a,5
2024-12-14,KGS,False,0.39436619718309857,0.39436619718309857,wf_2024,catboost_a,5
2024-12-17,KGS,False,0.39436619718309857,0.39436619718309857,wf_2024,catboost_a,5
2024-12-18,KGS,False,0.39436619718309857,0.39436619718309857,wf_2024,catboost_a,5
2024-12-19,KGS,False,0.39436619718309857,0.39436619718309857,wf_2024,catboost_a,5
2024-12-20,KGS,False,0.39436619718309857,0.39436619718309857,wf_2024,catboost_a,5
2024-12-21,KGS,False,0.39436619718309857,0.39436619718309857,wf_2024,catboost_a,5
2024-12-24,KGS,False,0.39436619718309857,0.39436619718309857,wf_2024,catboost_a,5
2024-12-25,KGS,True,0.39436619718309857,0.39436619718309857,wf_2024,catboost_a,5
2024-12-26,KGS,True,0.39436619718309857,0.39436619718309857,wf_2024,catboost_a,5
2024-12-27,KGS,True,0.39436619718309857,0.39436619718309857,wf_2024,catboost_a,5
2024-12-28,KGS,True,0.39436619718309857,0.39436619718309857,wf_2024,catboost_a,5
2024-12-29,KGS,True,0.39436619718309857,0.39436619718309857,wf_2024,catboost_a,5
2024-01-10,KZT,False,0.39436619718309857,0.39436619718309857,wf_2024,catboost_a,5
2024-01-11,KZT,False,0.39436619718309857,0.39436619718309857,wf_2024,catboost_a,5
2024-01-12,KZT,False,0.39436619718309857,0.39436619718309857,wf_2024,catboost_a,5
2024-01-13,KZT,True,0.39436619718309857,0.39436619718309857,wf_2024,catboost_a,5
2024-01-16,KZT,True,0.39436619718309857,0.39436619718309857,wf_2024,catboost_a,5
2024-01-17,KZT,True,0.39436619718309857,0.39436619718309857,wf_2024,catboost_a,5
2024-01-18,KZT,True,0.39436619718309857,0.39436619718309857,wf_2024,catboost_a,5
2024-01-19,KZT,False,0.39436619718309857,0.39436619718309857,wf_2024,catboost_a,5
2024-01-20,KZT,False,0.39436619718309857,0.39436619718309857,wf_2024,catboost_a,5
2024-01-23,KZT,False,0.39436619718309857,0.39436619718309857,wf_2024,catboost_a,5
2024-01-24,KZT,False,0.39436619718309857,0.39436619718309857,wf_2024,catboost_a,5
2024-01-25,KZT,False,0.39436619718309857,0.39436619718309857,wf_2024,catboost_a,5
2024-01-26,KZT,False,0.39436619718309857,0.39436619718309857,wf_2024,catboost_a,5
2024-01-27,KZT,False,0.39436619718309857,0.39436619718309857,wf_2024,catboost_a,5
2024-01-30,KZT,False,0.39436619718309857,0.39436619718309857,wf_2024,catboost_a,5
2024-01-31,KZT,False,0.39436619718309857,0.39436619718309857,wf_2024,catboost_a,5
2024-02-01,KZT,False,0.39436619718309857,0.39436619718309857,wf_2024,catboost_a,5
2024-02-02,KZT,False,0.39436619718309857,0.39436619718309857,wf_2024,catboost_a,5
2024-02-03,KZT,False,0.39436619718309857,0.39436619718309857,wf_2024,catboost_a,5
2024-02-06,KZT,False,0.39436619718309857,0.39436619718309857,wf_2024,catboost_a,5
2024-02-07,KZT,False,0.39436619718309857,0.39436619718309857,wf_2024,catboost_a,5
2024-02-08,KZT,False,0.39436619718309857,0.39436619718309857,wf_2024,catboost_a,5
2024-02-09,KZT,False,0.39436619718309857,0.39436619718309857,wf_2024,catboost_a,5
2024-02-10,KZT,False,0.39436619718309857,0.39436619718309857,wf_2024,catboost_a,5
2024-02-13,KZT,False,0.39436619718309857,0.39436619718309857,wf_2024,catboost_a,5
2024-02-14,KZT,False,0.39436619718309857,0.39436619718309857,wf_2024,catboost_a,5
2024-02-15,KZT,False,0.39436619718309857,0.39436619718309857,wf_2024,catboost_a,5
2024-02-16,KZT,False,0.39436619718309857,0.39436619718309857,wf_2024,catboost_a,5
2024-02-17,KZT,False,0.39436619718309857,0.39436619718309857,wf_2024,catboost_a,5
2024-02-20,KZT,False,0.39436619718309857,0.39436619718309857,wf_2024,catboost_a,5
2024-02-21,KZT,False,0.39436619718309857,0.39436619718309857,wf_2024,catboost_a,5
2024-02-22,KZT,True,0.39436619718309857,0.39436619718309857,wf_2024,catboost_a,5
2024-02-23,KZT,False,0.39436619718309857,0.39436619718309857,wf_2024,catboost_a,5
2024-02-27,KZT,False,0.39436619718309857,0.39436619718309857,wf_2024,catboost_a,5
2024-02-28,KZT,False,0.39436619718309857,0.39436619718309857,wf_2024,catboost_a,5
2024-02-29,KZT,False,0.39436619718309857,0.39436619718309857,wf_2024,catboost_a,5
2024-03-01,KZT,True,0.39436619718309857,0.39436619718309857,wf_2024,catboost_a,5
2024-03-02,KZT,True,0.39436619718309857,0.39436619718309857,wf_2024,catboost_a,5
2024-03-05,KZT,True,0.39436619718309857,0.39436619718309857,wf_2024,catboost_a,5
2024-03-06,KZT,True,0.39436619718309857,0.39436619718309857,wf_2024,catboost_a,5
2024-03-07,KZT,True,0.39436619718309857,0.39436619718309857,wf_2024,catboost_a,5
2024-03-08,KZT,True,0.39436619718309857,0.39436619718309857,wf_2024,catboost_a,5
2024-03-12,KZT,False,0.39436619718309857,0.39436619718309857,wf_2024,catboost_a,5
2024-03-13,KZT,False,0.39436619718309857,0.39436619718309857,wf_2024,catboost_a,5
2024-03-14,KZT,True,0.39436619718309857,0.39436619718309857,wf_2024,catboost_a,5
2024-03-15,KZT,True,0.39436619718309857,0.39436619718309857,wf_2024,catboost_a,5
2024-03-16,KZT,True,0.39436619718309857,0.39436619718309857,wf_2024,catboost_a,5
2024-03-19,KZT,True,0.39436619718309857,0.39436619718309857,wf_2024,catboost_a,5
2024-03-20,KZT,True,0.39436619718309857,0.39436619718309857,wf_2024,catboost_a,5
2024-03-21,KZT,True,0.39436619718309857,0.39436619718309857,wf_2024,catboost_a,5
2024-03-22,KZT,True,0.39436619718309857,0.39436619718309857,wf_2024,catboost_a,5
2024-03-23,KZT,True,0.39436619718309857,0.39436619718309857,wf_2024,catboost_a,5
2024-03-26,KZT,False,0.39436619718309857,0.39436619718309857,wf_2024,catboost_a,5
2024-03-27,KZT,False,0.39436619718309857,0.39436619718309857,wf_2024,catboost_a,5
2024-03-28,KZT,False,0.39436619718309857,0.39436619718309857,wf_2024,catboost_a,5
2024-03-29,KZT,False,0.39436619718309857,0.39436619718309857,wf_2024,catboost_a,5
2024-03-30,KZT,False,0.39436619718309857,0.39436619718309857,wf_2024,catboost_a,5
2024-04-02,KZT,False,0.39436619718309857,0.39436619718309857,wf_2024,catboost_a,5
2024-04-03,KZT,False,0.39436619718309857,0.39436619718309857,wf_2024,catboost_a,5
2024-04-04,KZT,False,0.39436619718309857,0.39436619718309857,wf_2024,catboost_a,5
2024-04-05,KZT,False,0.39436619718309857,0.39436619718309857,wf_2024,catboost_a,5
2024-04-06,KZT,False,0.39436619718309857,0.39436619718309857,wf_2024,catboost_a,5
2024-04-09,KZT,False,0.39436619718309857,0.39436619718309857,wf_2024,catboost_a,5
2024-04-10,KZT,False,0.39436619718309857,0.39436619718309857,wf_2024,catboost_a,5
2024-04-11,KZT,False,0.39436619718309857,0.39436619718309857,wf_2024,catboost_a,5
2024-04-12,KZT,False,0.39436619718309857,0.39436619718309857,wf_2024,catboost_a,5
2024-04-13,KZT,False,0.39436619718309857,0.39436619718309857,wf_2024,catboost_a,5
2024-04-16,KZT,False,0.39436619718309857,0.39436619718309857,wf_2024,catboost_a,5
2024-04-17,KZT,False,0.39436619718309857,0.39436619718309857,wf_2024,catboost_a,5
2024-04-18,KZT,False,0.39436619718309857,0.39436619718309857,wf_2024,catboost_a,5
2024-04-19,KZT,False,0.39436619718309857,0.39436619718309857,wf_2024,catboost_a,5
2024-04-20,KZT,False,0.39436619718309857,0.39436619718309857,wf_2024,catboost_a,5
2024-04-23,KZT,False,0.39436619718309857,0.39436619718309857,wf_2024,catboost_a,5
2024-04-24,KZT,True,0.39436619718309857,0.39436619718309857,wf_2024,catboost_a,5
2024-04-25,KZT,True,0.39436619718309857,0.39436619718309857,wf_2024,catboost_a,5
2024-04-26,KZT,True,0.39436619718309857,0.39436619718309857,wf_2024,catboost_a,5
2024-04-27,KZT,True,0.39436619718309857,0.39436619718309857,wf_2024,catboost_a,5
2024-04-28,KZT,True,0.39436619718309857,0.39436619718309857,wf_2024,catboost_a,5
2024-05-03,KZT,True,0.39436619718309857,0.39436619718309857,wf_2024,catboost_a,5
2024-05-04,KZT,True,0.39436619718309857,0.39436619718309857,wf_2024,catboost_a,5
2024-05-07,KZT,True,0.39436619718309857,0.39436619718309857,wf_2024,catboost_a,5
2024-05-08,KZT,True,0.39436619718309857,0.39436619718309857,wf_2024,catboost_a,5
2024-05-09,KZT,True,0.39436619718309857,0.39436619718309857,wf_2024,catboost_a,5
2024-05-14,KZT,False,0.39436619718309857,0.39436619718309857,wf_2024,catboost_a,5
2024-05-15,KZT,False,0.39436619718309857,0.39436619718309857,wf_2024,catboost_a,5
2024-05-16,KZT,True,0.39436619718309857,0.39436619718309857,wf_2024,catboost_a,5
2024-05-17,KZT,True,0.39436619718309857,0.39436619718309857,wf_2024,catboost_a,5
2024-05-18,KZT,True,0.39436619718309857,0.39436619718309857,wf_2024,catboost_a,5
2024-05-21,KZT,False,0.39436619718309857,0.39436619718309857,wf_2024,catboost_a,5
2024-05-22,KZT,False,0.39436619718309857,0.39436619718309857,wf_2024,catboost_a,5
2024-05-23,KZT,True,0.39436619718309857,0.39436619718309857,wf_2024,catboost_a,5
2024-05-24,KZT,False,0.39436619718309857,0.39436619718309857,wf_2024,catboost_a,5
2024-05-25,KZT,False,0.39436619718309857,0.39436619718309857,wf_2024,catboost_a,5
2024-05-28,KZT,False,0.39436619718309857,0.39436619718309857,wf_2024,catboost_a,5
2024-05-29,KZT,True,0.39436619718309857,0.39436619718309857,wf_2024,catboost_a,5
2024-05-30,KZT,True,0.39436619718309857,0.39436619718309857,wf_2024,catboost_a,5
2024-05-31,KZT,False,0.39436619718309857,0.39436619718309857,wf_2024,catboost_a,5
2024-06-01,KZT,False,0.39436619718309857,0.39436619718309857,wf_2024,catboost_a,5
2024-06-04,KZT,False,0.1919191919191919,0.39436619718309857,wf_2024,catboost_a,5
2024-06-05,KZT,False,0.1919191919191919,0.39436619718309857,wf_2024,catboost_a,5
2024-06-06,KZT,False,0.1919191919191919,0.39436619718309857,wf_2024,catboost_a,5
2024-06-07,KZT,False,0.1919191919191919,0.39436619718309857,wf_2024,catboost_a,5
2024-06-08,KZT,False,0.1919191919191919,0.39436619718309857,wf_2024,catboost_a,5
2024-06-11,KZT,False,0.1919191919191919,0.39436619718309857,wf_2024,catboost_a,5
2024-06-12,KZT,False,0.1919191919191919,0.39436619718309857,wf_2024,catboost_a,5
2024-06-14,KZT,False,0.1919191919191919,0.39436619718309857,wf_2024,catboost_a,5
2024-06-15,KZT,False,0.1919191919191919,0.39436619718309857,wf_2024,catboost_a,5
2024-06-18,KZT,False,0.1919191919191919,0.39436619718309857,wf_2024,catboost_a,5
2024-06-19,KZT,False,0.1919191919191919,0.39436619718309857,wf_2024,catboost_a,5
2024-06-20,KZT,False,0.1919191919191919,0.39436619718309857,wf_2024,catboost_a,5
2024-06-21,KZT,False,0.1919191919191919,0.39436619718309857,wf_2024,catboost_a,5
2024-06-22,KZT,False,0.1919191919191919,0.39436619718309857,wf_2024,catboost_a,5
2024-06-25,KZT,False,0.1919191919191919,0.39436619718309857,wf_2024,catboost_a,5
2024-06-26,KZT,False,0.1919191919191919,0.39436619718309857,wf_2024,catboost_a,5
2024-06-27,KZT,False,0.1919191919191919,0.39436619718309857,wf_2024,catboost_a,5
2024-06-28,KZT,False,0.1919191919191919,0.39436619718309857,wf_2024,catboost_a,5
2024-06-29,KZT,False,0.1919191919191919,0.39436619718309857,wf_2024,catboost_a,5
2024-07-02,KZT,False,0.1919191919191919,0.39436619718309857,wf_2024,catboost_a,5
2024-07-03,KZT,False,0.1919191919191919,0.39436619718309857,wf_2024,catboost_a,5
2024-07-04,KZT,False,0.1919191919191919,0.39436619718309857,wf_2024,catboost_a,5
2024-07-05,KZT,False,0.1919191919191919,0.39436619718309857,wf_2024,catboost_a,5
2024-07-06,KZT,False,0.1919191919191919,0.39436619718309857,wf_2024,catboost_a,5
2024-07-09,KZT,False,0.1919191919191919,0.39436619718309857,wf_2024,catboost_a,5
2024-07-10,KZT,False,0.1919191919191919,0.39436619718309857,wf_2024,catboost_a,5
2024-07-11,KZT,False,0.1919191919191919,0.39436619718309857,wf_2024,catboost_a,5
2024-07-12,KZT,False,0.1919191919191919,0.39436619718309857,wf_2024,catboost_a,5
2024-07-13,KZT,False,0.1919191919191919,0.39436619718309857,wf_2024,catboost_a,5
2024-07-16,KZT,False,0.1919191919191919,0.39436619718309857,wf_2024,catboost_a,5
2024-07-17,KZT,False,0.39436619718309857,0.39436619718309857,wf_2024,catboost_a,5
2024-07-18,KZT,False,0.39436619718309857,0.39436619718309857,wf_2024,catboost_a,5
2024-07-19,KZT,False,0.1919191919191919,0.39436619718309857,wf_2024,catboost_a,5
2024-07-20,KZT,False,0.1919191919191919,0.39436619718309857,wf_2024,catboost_a,5
2024-07-23,KZT,False,0.1919191919191919,0.39436619718309857,wf_2024,catboost_a,5
2024-07-24,KZT,False,0.1919191919191919,0.39436619718309857,wf_2024,catboost_a,5
2024-07-25,KZT,False,0.1919191919191919,0.39436619718309857,wf_2024,catboost_a,5
2024-07-26,KZT,False,0.1919191919191919,0.39436619718309857,wf_2024,catboost_a,5
2024-07-27,KZT,False,0.1919191919191919,0.39436619718309857,wf_2024,catboost_a,5
2024-07-30,KZT,False,0.1919191919191919,0.39436619718309857,wf_2024,catboost_a,5
2024-07-31,KZT,False,0.1919191919191919,0.39436619718309857,wf_2024,catboost_a,5
2024-08-01,KZT,False,0.1919191919191919,0.39436619718309857,wf_2024,catboost_a,5
2024-08-02,KZT,False,0.1919191919191919,0.39436619718309857,wf_2024,catboost_a,5
2024-08-03,KZT,False,0.1919191919191919,0.39436619718309857,wf_2024,catboost_a,5
2024-08-06,KZT,False,0.1919191919191919,0.39436619718309857,wf_2024,catboost_a,5
2024-08-07,KZT,False,0.1919191919191919,0.39436619718309857,wf_2024,catboost_a,5
2024-08-08,KZT,False,0.1919191919191919,0.39436619718309857,wf_2024,catboost_a,5
2024-08-09,KZT,False,0.39436619718309857,0.39436619718309857,wf_2024,catboost_a,5
2024-08-10,KZT,False,0.39436619718309857,0.39436619718309857,wf_2024,catboost_a,5
2024-08-13,KZT,False,0.39436619718309857,0.39436619718309857,wf_2024,catboost_a,5
2024-08-14,KZT,False,0.39436619718309857,0.39436619718309857,wf_2024,catboost_a,5
2024-08-15,KZT,False,0.39436619718309857,0.39436619718309857,wf_2024,catboost_a,5
2024-08-16,KZT,False,0.39436619718309857,0.39436619718309857,wf_2024,catboost_a,5
2024-08-17,KZT,False,0.39436619718309857,0.39436619718309857,wf_2024,catboost_a,5
2024-08-20,KZT,False,0.39436619718309857,0.39436619718309857,wf_2024,catboost_a,5
2024-08-21,KZT,False,0.39436619718309857,0.39436619718309857,wf_2024,catboost_a,5
2024-08-22,KZT,False,0.39436619718309857,0.39436619718309857,wf_2024,catboost_a,5
2024-08-23,KZT,True,0.39436619718309857,0.39436619718309857,wf_2024,catboost_a,5
2024-08-24,KZT,True,0.39436619718309857,0.39436619718309857,wf_2024,catboost_a,5
2024-08-27,KZT,True,0.39436619718309857,0.39436619718309857,wf_2024,catboost_a,5
2024-08-28,KZT,True,0.39436619718309857,0.39436619718309857,wf_2024,catboost_a,5
2024-08-29,KZT,True,0.39436619718309857,0.39436619718309857,wf_2024,catboost_a,5
2024-08-30,KZT,True,0.39436619718309857,0.39436619718309857,wf_2024,catboost_a,5
2024-08-31,KZT,False,0.39436619718309857,0.39436619718309857,wf_2024,catboost_a,5
2024-09-03,KZT,True,0.39436619718309857,0.39436619718309857,wf_2024,catboost_a,5
2024-09-04,KZT,True,0.39436619718309857,0.39436619718309857,wf_2024,catboost_a,5
2024-09-05,KZT,False,0.39436619718309857,0.39436619718309857,wf_2024,catboost_a,5
2024-09-06,KZT,False,0.39436619718309857,0.39436619718309857,wf_2024,catboost_a,5
2024-09-07,KZT,False,0.39436619718309857,0.39436619718309857,wf_2024,catboost_a,5
2024-09-10,KZT,False,0.39436619718309857,0.39436619718309857,wf_2024,catboost_a,5
2024-09-11,KZT,False,0.39436619718309857,0.39436619718309857,wf_2024,catboost_a,5
2024-09-12,KZT,False,0.39436619718309857,0.39436619718309857,wf_2024,catboost_a,5
2024-09-13,KZT,False,0.39436619718309857,0.39436619718309857,wf_2024,catboost_a,5
2024-09-14,KZT,False,0.39436619718309857,0.39436619718309857,wf_2024,catboost_a,5
2024-09-17,KZT,True,0.39436619718309857,0.39436619718309857,wf_2024,catboost_a,5
2024-09-18,KZT,False,0.39436619718309857,0.39436619718309857,wf_2024,catboost_a,5
2024-09-19,KZT,False,0.39436619718309857,0.39436619718309857,wf_2024,catboost_a,5
2024-09-20,KZT,False,0.39436619718309857,0.39436619718309857,wf_2024,catboost_a,5
2024-09-21,KZT,False,0.39436619718309857,0.39436619718309857,wf_2024,catboost_a,5
2024-09-24,KZT,False,0.39436619718309857,0.39436619718309857,wf_2024,catboost_a,5
2024-09-25,KZT,False,0.39436619718309857,0.39436619718309857,wf_2024,catboost_a,5
2024-09-26,KZT,False,0.39436619718309857,0.39436619718309857,wf_2024,catboost_a,5
2024-09-27,KZT,False,0.39436619718309857,0.39436619718309857,wf_2024,catboost_a,5
2024-09-28,KZT,False,0.39436619718309857,0.39436619718309857,wf_2024,catboost_a,5
2024-10-01,KZT,False,0.39436619718309857,0.39436619718309857,wf_2024,catboost_a,5
2024-10-02,KZT,False,0.39436619718309857,0.39436619718309857,wf_2024,catboost_a,5
2024-10-03,KZT,False,0.39436619718309857,0.39436619718309857,wf_2024,catboost_a,5
2024-10-04,KZT,False,0.39436619718309857,0.39436619718309857,wf_2024,catboost_a,5
2024-10-05,KZT,False,0.39436619718309857,0.39436619718309857,wf_2024,catboost_a,5
2024-10-08,KZT,False,0.39436619718309857,0.39436619718309857,wf_2024,catboost_a,5
2024-10-09,KZT,False,0.39436619718309857,0.39436619718309857,wf_2024,catboost_a,5
2024-10-10,KZT,False,0.39436619718309857,0.39436619718309857,wf_2024,catboost_a,5
2024-10-11,KZT,False,0.39436619718309857,0.39436619718309857,wf_2024,catboost_a,5
2024-10-12,KZT,False,0.39436619718309857,0.39436619718309857,wf_2024,catboost_a,5
2024-10-15,KZT,False,0.39436619718309857,0.39436619718309857,wf_2024,catboost_a,5
2024-10-16,KZT,False,0.39436619718309857,0.39436619718309857,wf_2024,catboost_a,5
2024-10-17,KZT,False,0.39436619718309857,0.39436619718309857,wf_2024,catboost_a,5
2024-10-18,KZT,True,0.39436619718309857,0.39436619718309857,wf_2024,catboost_a,5
2024-10-19,KZT,True,0.39436619718309857,0.39436619718309857,wf_2024,catboost_a,5
2024-10-22,KZT,True,0.39436619718309857,0.39436619718309857,wf_2024,catboost_a,5
2024-10-23,KZT,True,0.39436619718309857,0.39436619718309857,wf_2024,catboost_a,5
2024-10-24,KZT,True,0.39436619718309857,0.39436619718309857,wf_2024,catboost_a,5
2024-10-25,KZT,True,0.39436619718309857,0.39436619718309857,wf_2024,catboost_a,5
2024-10-26,KZT,False,0.39436619718309857,0.39436619718309857,wf_2024,catboost_a,5
2024-10-29,KZT,False,0.39436619718309857,0.39436619718309857,wf_2024,catboost_a,5
2024-10-30,KZT,False,0.39436619718309857,0.39436619718309857,wf_2024,catboost_a,5
2024-10-31,KZT,False,0.39436619718309857,0.39436619718309857,wf_2024,catboost_a,5
2024-11-01,KZT,False,0.39436619718309857,0.39436619718309857,wf_2024,catboost_a,5
2024-11-02,KZT,False,0.39436619718309857,0.39436619718309857,wf_2024,catboost_a,5
2024-11-03,KZT,False,0.39436619718309857,0.39436619718309857,wf_2024,catboost_a,5
2024-11-06,KZT,False,0.39436619718309857,0.39436619718309857,wf_2024,catboost_a,5
2024-11-07,KZT,False,0.39436619718309857,0.39436619718309857,wf_2024,catboost_a,5
2024-11-08,KZT,False,0.39436619718309857,0.39436619718309857,wf_2024,catboost_a,5
2024-11-09,KZT,False,0.39436619718309857,0.39436619718309857,wf_2024,catboost_a,5
2024-11-12,KZT,False,0.39436619718309857,0.39436619718309857,wf_2024,catboost_a,5
2024-11-13,KZT,False,0.39436619718309857,0.39436619718309857,wf_2024,catboost_a,5
2024-11-14,KZT,False,0.39436619718309857,0.39436619718309857,wf_2024,catboost_a,5
2024-11-15,KZT,False,0.39436619718309857,0.39436619718309857,wf_2024,catboost_a,5
2024-11-16,KZT,False,0.39436619718309857,0.39436619718309857,wf_2024,catboost_a,5
2024-11-19,KZT,False,0.39436619718309857,0.39436619718309857,wf_2024,catboost_a,5
2024-11-20,KZT,False,0.39436619718309857,0.39436619718309857,wf_2024,catboost_a,5
2024-11-21,KZT,False,0.39436619718309857,0.39436619718309857,wf_2024,catboost_a,5
2024-11-22,KZT,False,0.39436619718309857,0.39436619718309857,wf_2024,catboost_a,5
2024-11-23,KZT,False,0.39436619718309857,0.39436619718309857,wf_2024,catboost_a,5
2024-11-26,KZT,False,0.39436619718309857,0.39436619718309857,wf_2024,catboost_a,5
2024-11-27,KZT,False,0.39436619718309857,0.39436619718309857,wf_2024,catboost_a,5
2024-11-28,KZT,False,0.39436619718309857,0.39436619718309857,wf_2024,catboost_a,5
2024-11-29,KZT,False,0.39436619718309857,0.39436619718309857,wf_2024,catboost_a,5
2024-11-30,KZT,False,0.39436619718309857,0.39436619718309857,wf_2024,catboost_a,5
2024-12-03,KZT,False,0.39436619718309857,0.39436619718309857,wf_2024,catboost_a,5
2024-12-04,KZT,True,0.39436619718309857,0.39436619718309857,wf_2024,catboost_a,5
2024-12-05,KZT,True,0.39436619718309857,0.39436619718309857,wf_2024,catboost_a,5
2024-12-06,KZT,True,0.39436619718309857,0.39436619718309857,wf_2024,catboost_a,5
2024-12-07,KZT,True,0.39436619718309857,0.39436619718309857,wf_2024,catboost_a,5
2024-12-10,KZT,True,0.39436619718309857,0.39436619718309857,wf_2024,catboost_a,5
2024-12-11,KZT,True,0.39436619718309857,0.39436619718309857,wf_2024,catboost_a,5
2024-12-12,KZT,True,0.39436619718309857,0.39436619718309857,wf_2024,catboost_a,5
2024-12-13,KZT,True,0.39436619718309857,0.39436619718309857,wf_2024,catboost_a,5
2024-12-14,KZT,True,0.39436619718309857,0.39436619718309857,wf_2024,catboost_a,5
2024-12-17,KZT,True,0.39436619718309857,0.39436619718309857,wf_2024,catboost_a,5
2024-12-18,KZT,False,0.39436619718309857,0.39436619718309857,wf_2024,catboost_a,5
2024-12-19,KZT,False,0.39436619718309857,0.39436619718309857,wf_2024,catboost_a,5
2024-12-20,KZT,False,0.39436619718309857,0.39436619718309857,wf_2024,catboost_a,5
2024-12-21,KZT,False,0.39436619718309857,0.39436619718309857,wf_2024,catboost_a,5
2024-12-24,KZT,False,0.39436619718309857,0.39436619718309857,wf_2024,catboost_a,5
2024-12-25,KZT,True,0.39436619718309857,0.39436619718309857,wf_2024,catboost_a,5
2024-12-26,KZT,True,0.39436619718309857,0.39436619718309857,wf_2024,catboost_a,5
2024-12-27,KZT,True,0.39436619718309857,0.39436619718309857,wf_2024,catboost_a,5
2024-12-28,KZT,True,0.39436619718309857,0.39436619718309857,wf_2024,catboost_a,5
2024-12-29,KZT,True,0.39436619718309857,0.39436619718309857,wf_2024,catboost_a,5
2024-01-10,TJS,False,0.39436619718309857,0.39436619718309857,wf_2024,catboost_a,5
2024-01-11,TJS,False,0.39436619718309857,0.39436619718309857,wf_2024,catboost_a,5
2024-01-12,TJS,False,0.1919191919191919,0.39436619718309857,wf_2024,catboost_a,5
2024-01-13,TJS,False,0.1919191919191919,0.39436619718309857,wf_2024,catboost_a,5
2024-01-16,TJS,False,0.1919191919191919,0.39436619718309857,wf_2024,catboost_a,5
2024-01-17,TJS,False,0.1919191919191919,0.39436619718309857,wf_2024,catboost_a,5
2024-01-18,TJS,False,0.1919191919191919,0.39436619718309857,wf_2024,catboost_a,5
2024-01-19,TJS,False,0.39436619718309857,0.39436619718309857,wf_2024,catboost_a,5
2024-01-20,TJS,False,0.1919191919191919,0.39436619718309857,wf_2024,catboost_a,5
2024-01-23,TJS,False,0.1919191919191919,0.39436619718309857,wf_2024,catboost_a,5
2024-01-24,TJS,False,0.1919191919191919,0.39436619718309857,wf_2024,catboost_a,5
2024-01-25,TJS,False,0.1919191919191919,0.39436619718309857,wf_2024,catboost_a,5
2024-01-26,TJS,False,0.39436619718309857,0.39436619718309857,wf_2024,catboost_a,5
2024-01-27,TJS,False,0.39436619718309857,0.39436619718309857,wf_2024,catboost_a,5
2024-01-30,TJS,False,0.39436619718309857,0.39436619718309857,wf_2024,catboost_a,5
2024-01-31,TJS,False,0.39436619718309857,0.39436619718309857,wf_2024,catboost_a,5
2024-02-01,TJS,False,0.39436619718309857,0.39436619718309857,wf_2024,catboost_a,5
2024-02-02,TJS,False,0.39436619718309857,0.39436619718309857,wf_2024,catboost_a,5
2024-02-03,TJS,False,0.39436619718309857,0.39436619718309857,wf_2024,catboost_a,5
2024-02-06,TJS,False,0.39436619718309857,0.39436619718309857,wf_2024,catboost_a,5
2024-02-07,TJS,False,0.39436619718309857,0.39436619718309857,wf_2024,catboost_a,5
2024-02-08,TJS,False,0.39436619718309857,0.39436619718309857,wf_2024,catboost_a,5
2024-02-09,TJS,False,0.39436619718309857,0.39436619718309857,wf_2024,catboost_a,5
2024-02-10,TJS,False,0.39436619718309857,0.39436619718309857,wf_2024,catboost_a,5
2024-02-13,TJS,False,0.39436619718309857,0.39436619718309857,wf_2024,catboost_a,5
2024-02-14,TJS,False,0.39436619718309857,0.39436619718309857,wf_2024,catboost_a,5
2024-02-15,TJS,False,0.39436619718309857,0.39436619718309857,wf_2024,catboost_a,5
2024-02-16,TJS,False,0.39436619718309857,0.39436619718309857,wf_2024,catboost_a,5
2024-02-17,TJS,False,0.39436619718309857,0.39436619718309857,wf_2024,catboost_a,5
2024-02-20,TJS,False,0.39436619718309857,0.39436619718309857,wf_2024,catboost_a,5
2024-02-21,TJS,False,0.39436619718309857,0.39436619718309857,wf_2024,catboost_a,5
2024-02-22,TJS,False,0.39436619718309857,0.39436619718309857,wf_2024,catboost_a,5
2024-02-23,TJS,False,0.39436619718309857,0.39436619718309857,wf_2024,catboost_a,5
2024-02-27,TJS,False,0.39436619718309857,0.39436619718309857,wf_2024,catboost_a,5
2024-02-28,TJS,False,0.39436619718309857,0.39436619718309857,wf_2024,catboost_a,5
2024-02-29,TJS,True,0.39436619718309857,0.39436619718309857,wf_2024,catboost_a,5
2024-03-01,TJS,True,0.39436619718309857,0.39436619718309857,wf_2024,catboost_a,5
2024-03-02,TJS,True,0.39436619718309857,0.39436619718309857,wf_2024,catboost_a,5
2024-03-05,TJS,True,0.39436619718309857,0.39436619718309857,wf_2024,catboost_a,5
2024-03-06,TJS,True,0.39436619718309857,0.39436619718309857,wf_2024,catboost_a,5
2024-03-07,TJS,True,0.39436619718309857,0.39436619718309857,wf_2024,catboost_a,5
2024-03-08,TJS,True,0.39436619718309857,0.39436619718309857,wf_2024,catboost_a,5
2024-03-12,TJS,False,0.39436619718309857,0.39436619718309857,wf_2024,catboost_a,5
2024-03-13,TJS,False,0.39436619718309857,0.39436619718309857,wf_2024,catboost_a,5
2024-03-14,TJS,True,0.39436619718309857,0.39436619718309857,wf_2024,catboost_a,5
2024-03-15,TJS,True,0.39436619718309857,0.39436619718309857,wf_2024,catboost_a,5
2024-03-16,TJS,True,0.39436619718309857,0.39436619718309857,wf_2024,catboost_a,5
2024-03-19,TJS,True,0.39436619718309857,0.39436619718309857,wf_2024,catboost_a,5
2024-03-20,TJS,True,0.39436619718309857,0.39436619718309857,wf_2024,catboost_a,5
2024-03-21,TJS,True,0.39436619718309857,0.39436619718309857,wf_2024,catboost_a,5
2024-03-22,TJS,True,0.39436619718309857,0.39436619718309857,wf_2024,catboost_a,5
2024-03-23,TJS,True,0.39436619718309857,0.39436619718309857,wf_2024,catboost_a,5
2024-03-26,TJS,False,0.39436619718309857,0.39436619718309857,wf_2024,catboost_a,5
2024-03-27,TJS,False,0.39436619718309857,0.39436619718309857,wf_2024,catboost_a,5
2024-03-28,TJS,False,0.39436619718309857,0.39436619718309857,wf_2024,catboost_a,5
2024-03-29,TJS,False,0.39436619718309857,0.39436619718309857,wf_2024,catboost_a,5
2024-03-30,TJS,False,0.39436619718309857,0.39436619718309857,wf_2024,catboost_a,5
2024-04-02,TJS,False,0.39436619718309857,0.39436619718309857,wf_2024,catboost_a,5
2024-04-03,TJS,True,0.39436619718309857,0.39436619718309857,wf_2024,catboost_a,5
2024-04-04,TJS,True,0.39436619718309857,0.39436619718309857,wf_2024,catboost_a,5
2024-04-05,TJS,True,0.39436619718309857,0.39436619718309857,wf_2024,catboost_a,5
2024-04-06,TJS,True,0.39436619718309857,0.39436619718309857,wf_2024,catboost_a,5
2024-04-09,TJS,True,0.39436619718309857,0.39436619718309857,wf_2024,catboost_a,5
2024-04-10,TJS,True,0.39436619718309857,0.39436619718309857,wf_2024,catboost_a,5
2024-04-11,TJS,False,0.39436619718309857,0.39436619718309857,wf_2024,catboost_a,5
2024-04-12,TJS,False,0.39436619718309857,0.39436619718309857,wf_2024,catboost_a,5
2024-04-13,TJS,False,0.39436619718309857,0.39436619718309857,wf_2024,catboost_a,5
2024-04-16,TJS,False,0.39436619718309857,0.39436619718309857,wf_2024,catboost_a,5
2024-04-17,TJS,False,0.39436619718309857,0.39436619718309857,wf_2024,catboost_a,5
2024-04-18,TJS,False,0.39436619718309857,0.39436619718309857,wf_2024,catboost_a,5
2024-04-19,TJS,False,0.39436619718309857,0.39436619718309857,wf_2024,catboost_a,5
2024-04-20,TJS,False,0.39436619718309857,0.39436619718309857,wf_2024,catboost_a,5
2024-04-23,TJS,True,0.39436619718309857,0.39436619718309857,wf_2024,catboost_a,5
2024-04-24,TJS,True,0.39436619718309857,0.39436619718309857,wf_2024,catboost_a,5
2024-04-25,TJS,True,0.39436619718309857,0.39436619718309857,wf_2024,catboost_a,5
2024-04-26,TJS,True,0.39436619718309857,0.39436619718309857,wf_2024,catboost_a,5
2024-04-27,TJS,True,0.39436619718309857,0.39436619718309857,wf_2024,catboost_a,5
2024-04-28,TJS,True,0.39436619718309857,0.39436619718309857,wf_2024,catboost_a,5
2024-05-03,TJS,True,0.39436619718309857,0.39436619718309857,wf_2024,catboost_a,5
2024-05-04,TJS,True,0.39436619718309857,0.39436619718309857,wf_2024,catboost_a,5
2024-05-07,TJS,True,0.39436619718309857,0.39436619718309857,wf_2024,catboost_a,5
2024-05-08,TJS,True,0.39436619718309857,0.39436619718309857,wf_2024,catboost_a,5
2024-05-09,TJS,True,0.39436619718309857,0.39436619718309857,wf_2024,catboost_a,5
2024-05-14,TJS,False,0.39436619718309857,0.39436619718309857,wf_2024,catboost_a,5
2024-05-15,TJS,False,0.39436619718309857,0.39436619718309857,wf_2024,catboost_a,5
2024-05-16,TJS,True,0.39436619718309857,0.39436619718309857,wf_2024,catboost_a,5
2024-05-17,TJS,True,0.39436619718309857,0.39436619718309857,wf_2024,catboost_a,5
2024-05-18,TJS,True,0.39436619718309857,0.39436619718309857,wf_2024,catboost_a,5
2024-05-21,TJS,False,0.39436619718309857,0.39436619718309857,wf_2024,catboost_a,5
2024-05-22,TJS,False,0.39436619718309857,0.39436619718309857,wf_2024,catboost_a,5
2024-05-23,TJS,True,0.39436619718309857,0.39436619718309857,wf_2024,catboost_a,5
2024-05-24,TJS,True,0.39436619718309857,0.39436619718309857,wf_2024,catboost_a,5
2024-05-25,TJS,False,0.39436619718309857,0.39436619718309857,wf_2024,catboost_a,5
2024-05-28,TJS,False,0.39436619718309857,0.39436619718309857,wf_2024,catboost_a,5
2024-05-29,TJS,True,0.39436619718309857,0.39436619718309857,wf_2024,catboost_a,5
2024-05-30,TJS,True,0.39436619718309857,0.39436619718309857,wf_2024,catboost_a,5
2024-05-31,TJS,False,0.39436619718309857,0.39436619718309857,wf_2024,catboost_a,5
2024-06-01,TJS,False,0.39436619718309857,0.39436619718309857,wf_2024,catboost_a,5
2024-06-04,TJS,False,0.39436619718309857,0.39436619718309857,wf_2024,catboost_a,5
2024-06-05,TJS,False,0.39436619718309857,0.39436619718309857,wf_2024,catboost_a,5
2024-06-06,TJS,False,0.39436619718309857,0.39436619718309857,wf_2024,catboost_a,5
2024-06-07,TJS,False,0.39436619718309857,0.39436619718309857,wf_2024,catboost_a,5
2024-06-08,TJS,False,0.39436619718309857,0.39436619718309857,wf_2024,catboost_a,5
2024-06-11,TJS,True,0.39436619718309857,0.39436619718309857,wf_2024,catboost_a,5
2024-06-12,TJS,True,0.39436619718309857,0.39436619718309857,wf_2024,catboost_a,5
2024-06-14,TJS,False,0.1919191919191919,0.39436619718309857,wf_2024,catboost_a,5
2024-06-15,TJS,True,0.39436619718309857,0.39436619718309857,wf_2024,catboost_a,5
2024-06-18,TJS,False,0.39436619718309857,0.39436619718309857,wf_2024,catboost_a,5
2024-06-19,TJS,False,0.1919191919191919,0.39436619718309857,wf_2024,catboost_a,5
2024-06-20,TJS,False,0.1919191919191919,0.39436619718309857,wf_2024,catboost_a,5
2024-06-21,TJS,False,0.1919191919191919,0.39436619718309857,wf_2024,catboost_a,5
2024-06-22,TJS,True,0.39436619718309857,0.39436619718309857,wf_2024,catboost_a,5
2024-06-25,TJS,False,0.1919191919191919,0.39436619718309857,wf_2024,catboost_a,5
2024-06-26,TJS,False,0.1919191919191919,0.39436619718309857,wf_2024,catboost_a,5
2024-06-27,TJS,False,0.1919191919191919,0.39436619718309857,wf_2024,catboost_a,5
2024-06-28,TJS,False,0.1919191919191919,0.39436619718309857,wf_2024,catboost_a,5
2024-06-29,TJS,False,0.1919191919191919,0.39436619718309857,wf_2024,catboost_a,5
2024-07-02,TJS,False,0.1919191919191919,0.39436619718309857,wf_2024,catboost_a,5
2024-07-03,TJS,False,0.39436619718309857,0.39436619718309857,wf_2024,catboost_a,5
2024-07-04,TJS,False,0.39436619718309857,0.39436619718309857,wf_2024,catboost_a,5
2024-07-05,TJS,False,0.39436619718309857,0.39436619718309857,wf_2024,catboost_a,5
2024-07-06,TJS,False,0.39436619718309857,0.39436619718309857,wf_2024,catboost_a,5
2024-07-09,TJS,False,0.39436619718309857,0.39436619718309857,wf_2024,catboost_a,5
2024-07-10,TJS,False,0.39436619718309857,0.39436619718309857,wf_2024,catboost_a,5
2024-07-11,TJS,True,0.39436619718309857,0.39436619718309857,wf_2024,catboost_a,5
2024-07-12,TJS,False,0.39436619718309857,0.39436619718309857,wf_2024,catboost_a,5
2024-07-13,TJS,False,0.39436619718309857,0.39436619718309857,wf_2024,catboost_a,5
2024-07-16,TJS,False,0.39436619718309857,0.39436619718309857,wf_2024,catboost_a,5
2024-07-17,TJS,False,0.39436619718309857,0.39436619718309857,wf_2024,catboost_a,5
2024-07-18,TJS,False,0.39436619718309857,0.39436619718309857,wf_2024,catboost_a,5
2024-07-19,TJS,False,0.39436619718309857,0.39436619718309857,wf_2024,catboost_a,5
2024-07-20,TJS,False,0.39436619718309857,0.39436619718309857,wf_2024,catboost_a,5
2024-07-23,TJS,False,0.39436619718309857,0.39436619718309857,wf_2024,catboost_a,5
2024-07-24,TJS,False,0.1919191919191919,0.39436619718309857,wf_2024,catboost_a,5
2024-07-25,TJS,False,0.1919191919191919,0.39436619718309857,wf_2024,catboost_a,5
2024-07-26,TJS,False,0.1919191919191919,0.39436619718309857,wf_2024,catboost_a,5
2024-07-27,TJS,False,0.1919191919191919,0.39436619718309857,wf_2024,catboost_a,5
2024-07-30,TJS,False,0.1919191919191919,0.39436619718309857,wf_2024,catboost_a,5
2024-07-31,TJS,False,0.1919191919191919,0.39436619718309857,wf_2024,catboost_a,5
2024-08-01,TJS,False,0.1919191919191919,0.39436619718309857,wf_2024,catboost_a,5
2024-08-02,TJS,False,0.1919191919191919,0.39436619718309857,wf_2024,catboost_a,5
2024-08-03,TJS,False,0.1919191919191919,0.39436619718309857,wf_2024,catboost_a,5
2024-08-06,TJS,False,0.1919191919191919,0.39436619718309857,wf_2024,catboost_a,5
2024-08-07,TJS,False,0.1919191919191919,0.39436619718309857,wf_2024,catboost_a,5
2024-08-08,TJS,False,0.39436619718309857,0.39436619718309857,wf_2024,catboost_a,5
2024-08-09,TJS,False,0.39436619718309857,0.39436619718309857,wf_2024,catboost_a,5
2024-08-10,TJS,False,0.39436619718309857,0.39436619718309857,wf_2024,catboost_a,5
2024-08-13,TJS,False,0.39436619718309857,0.39436619718309857,wf_2024,catboost_a,5
2024-08-14,TJS,False,0.39436619718309857,0.39436619718309857,wf_2024,catboost_a,5
2024-08-15,TJS,False,0.39436619718309857,0.39436619718309857,wf_2024,catboost_a,5
2024-08-16,TJS,False,0.39436619718309857,0.39436619718309857,wf_2024,catboost_a,5
2024-08-17,TJS,False,0.39436619718309857,0.39436619718309857,wf_2024,catboost_a,5
2024-08-20,TJS,False,0.39436619718309857,0.39436619718309857,wf_2024,catboost_a,5
2024-08-21,TJS,False,0.39436619718309857,0.39436619718309857,wf_2024,catboost_a,5
2024-08-22,TJS,False,0.39436619718309857,0.39436619718309857,wf_2024,catboost_a,5
2024-08-23,TJS,False,0.39436619718309857,0.39436619718309857,wf_2024,catboost_a,5
2024-08-24,TJS,False,0.39436619718309857,0.39436619718309857,wf_2024,catboost_a,5
2024-08-27,TJS,False,0.39436619718309857,0.39436619718309857,wf_2024,catboost_a,5
2024-08-28,TJS,False,0.39436619718309857,0.39436619718309857,wf_2024,catboost_a,5
2024-08-29,TJS,False,0.39436619718309857,0.39436619718309857,wf_2024,catboost_a,5
2024-08-30,TJS,False,0.39436619718309857,0.39436619718309857,wf_2024,catboost_a,5
2024-08-31,TJS,False,0.39436619718309857,0.39436619718309857,wf_2024,catboost_a,5
2024-09-03,TJS,True,0.39436619718309857,0.39436619718309857,wf_2024,catboost_a,5
2024-09-04,TJS,True,0.39436619718309857,0.39436619718309857,wf_2024,catboost_a,5
2024-09-05,TJS,True,0.39436619718309857,0.39436619718309857,wf_2024,catboost_a,5
2024-09-06,TJS,True,0.39436619718309857,0.39436619718309857,wf_2024,catboost_a,5
2024-09-07,TJS,True,0.39436619718309857,0.39436619718309857,wf_2024,catboost_a,5
2024-09-10,TJS,False,0.39436619718309857,0.39436619718309857,wf_2024,catboost_a,5
2024-09-11,TJS,False,0.39436619718309857,0.39436619718309857,wf_2024,catboost_a,5
2024-09-12,TJS,False,0.39436619718309857,0.39436619718309857,wf_2024,catboost_a,5
2024-09-13,TJS,False,0.39436619718309857,0.39436619718309857,wf_2024,catboost_a,5
2024-09-14,TJS,False,0.39436619718309857,0.39436619718309857,wf_2024,catboost_a,5
2024-09-17,TJS,False,0.39436619718309857,0.39436619718309857,wf_2024,catboost_a,5
2024-09-18,TJS,False,0.39436619718309857,0.39436619718309857,wf_2024,catboost_a,5
2024-09-19,TJS,False,0.39436619718309857,0.39436619718309857,wf_2024,catboost_a,5
2024-09-20,TJS,False,0.39436619718309857,0.39436619718309857,wf_2024,catboost_a,5
2024-09-21,TJS,False,0.39436619718309857,0.39436619718309857,wf_2024,catboost_a,5
2024-09-24,TJS,False,0.39436619718309857,0.39436619718309857,wf_2024,catboost_a,5
2024-09-25,TJS,False,0.39436619718309857,0.39436619718309857,wf_2024,catboost_a,5
2024-09-26,TJS,False,0.39436619718309857,0.39436619718309857,wf_2024,catboost_a,5
2024-09-27,TJS,False,0.39436619718309857,0.39436619718309857,wf_2024,catboost_a,5
2024-09-28,TJS,False,0.39436619718309857,0.39436619718309857,wf_2024,catboost_a,5
2024-10-01,TJS,False,0.39436619718309857,0.39436619718309857,wf_2024,catboost_a,5
2024-10-02,TJS,False,0.39436619718309857,0.39436619718309857,wf_2024,catboost_a,5
2024-10-03,TJS,False,0.39436619718309857,0.39436619718309857,wf_2024,catboost_a,5
2024-10-04,TJS,False,0.39436619718309857,0.39436619718309857,wf_2024,catboost_a,5
2024-10-05,TJS,False,0.39436619718309857,0.39436619718309857,wf_2024,catboost_a,5
2024-10-08,TJS,False,0.39436619718309857,0.39436619718309857,wf_2024,catboost_a,5
2024-10-09,TJS,False,0.39436619718309857,0.39436619718309857,wf_2024,catboost_a,5
2024-10-10,TJS,False,0.39436619718309857,0.39436619718309857,wf_2024,catboost_a,5
2024-10-11,TJS,False,0.39436619718309857,0.39436619718309857,wf_2024,catboost_a,5
2024-10-12,TJS,False,0.39436619718309857,0.39436619718309857,wf_2024,catboost_a,5
2024-10-15,TJS,False,0.39436619718309857,0.39436619718309857,wf_2024,catboost_a,5
2024-10-16,TJS,False,0.39436619718309857,0.39436619718309857,wf_2024,catboost_a,5
2024-10-17,TJS,False,0.39436619718309857,0.39436619718309857,wf_2024,catboost_a,5
2024-10-18,TJS,False,0.39436619718309857,0.39436619718309857,wf_2024,catboost_a,5
2024-10-19,TJS,False,0.39436619718309857,0.39436619718309857,wf_2024,catboost_a,5
2024-10-22,TJS,True,0.39436619718309857,0.39436619718309857,wf_2024,catboost_a,5
2024-10-23,TJS,False,0.39436619718309857,0.39436619718309857,wf_2024,catboost_a,5
2024-10-24,TJS,False,0.39436619718309857,0.39436619718309857,wf_2024,catboost_a,5
2024-10-25,TJS,False,0.39436619718309857,0.39436619718309857,wf_2024,catboost_a,5
2024-10-26,TJS,False,0.39436619718309857,0.39436619718309857,wf_2024,catboost_a,5
2024-10-29,TJS,False,0.39436619718309857,0.39436619718309857,wf_2024,catboost_a,5
2024-10-30,TJS,True,0.39436619718309857,0.39436619718309857,wf_2024,catboost_a,5
2024-10-31,TJS,True,0.39436619718309857,0.39436619718309857,wf_2024,catboost_a,5
2024-11-01,TJS,True,0.39436619718309857,0.39436619718309857,wf_2024,catboost_a,5
2024-11-02,TJS,True,0.39436619718309857,0.39436619718309857,wf_2024,catboost_a,5
2024-11-03,TJS,True,0.39436619718309857,0.39436619718309857,wf_2024,catboost_a,5
2024-11-06,TJS,True,0.39436619718309857,0.39436619718309857,wf_2024,catboost_a,5
2024-11-07,TJS,False,0.39436619718309857,0.39436619718309857,wf_2024,catboost_a,5
2024-11-08,TJS,False,0.39436619718309857,0.39436619718309857,wf_2024,catboost_a,5
2024-11-09,TJS,False,0.39436619718309857,0.39436619718309857,wf_2024,catboost_a,5
2024-11-12,TJS,False,0.39436619718309857,0.39436619718309857,wf_2024,catboost_a,5
2024-11-13,TJS,False,0.39436619718309857,0.39436619718309857,wf_2024,catboost_a,5
2024-11-14,TJS,False,0.39436619718309857,0.39436619718309857,wf_2024,catboost_a,5
2024-11-15,TJS,False,0.39436619718309857,0.39436619718309857,wf_2024,catboost_a,5
2024-11-16,TJS,False,0.39436619718309857,0.39436619718309857,wf_2024,catboost_a,5
2024-11-19,TJS,False,0.39436619718309857,0.39436619718309857,wf_2024,catboost_a,5
2024-11-20,TJS,False,0.39436619718309857,0.39436619718309857,wf_2024,catboost_a,5
2024-11-21,TJS,False,0.39436619718309857,0.39436619718309857,wf_2024,catboost_a,5
2024-11-22,TJS,False,0.39436619718309857,0.39436619718309857,wf_2024,catboost_a,5
2024-11-23,TJS,False,0.39436619718309857,0.39436619718309857,wf_2024,catboost_a,5
2024-11-26,TJS,False,0.39436619718309857,0.39436619718309857,wf_2024,catboost_a,5
2024-11-27,TJS,False,0.39436619718309857,0.39436619718309857,wf_2024,catboost_a,5
2024-11-28,TJS,False,0.39436619718309857,0.39436619718309857,wf_2024,catboost_a,5
2024-11-29,TJS,False,0.39436619718309857,0.39436619718309857,wf_2024,catboost_a,5
2024-11-30,TJS,False,0.39436619718309857,0.39436619718309857,wf_2024,catboost_a,5
2024-12-03,TJS,False,0.39436619718309857,0.39436619718309857,wf_2024,catboost_a,5
2024-12-04,TJS,True,0.39436619718309857,0.39436619718309857,wf_2024,catboost_a,5
2024-12-05,TJS,True,0.39436619718309857,0.39436619718309857,wf_2024,catboost_a,5
2024-12-06,TJS,True,0.39436619718309857,0.39436619718309857,wf_2024,catboost_a,5
2024-12-07,TJS,True,0.39436619718309857,0.39436619718309857,wf_2024,catboost_a,5
2024-12-10,TJS,True,0.39436619718309857,0.39436619718309857,wf_2024,catboost_a,5
2024-12-11,TJS,False,0.39436619718309857,0.39436619718309857,wf_2024,catboost_a,5
2024-12-12,TJS,False,0.39436619718309857,0.39436619718309857,wf_2024,catboost_a,5
2024-12-13,TJS,False,0.39436619718309857,0.39436619718309857,wf_2024,catboost_a,5
2024-12-14,TJS,False,0.39436619718309857,0.39436619718309857,wf_2024,catboost_a,5
2024-12-17,TJS,False,0.39436619718309857,0.39436619718309857,wf_2024,catboost_a,5
2024-12-18,TJS,False,0.39436619718309857,0.39436619718309857,wf_2024,catboost_a,5
2024-12-19,TJS,False,0.39436619718309857,0.39436619718309857,wf_2024,catboost_a,5
2024-12-20,TJS,False,0.39436619718309857,0.39436619718309857,wf_2024,catboost_a,5
2024-12-21,TJS,False,0.39436619718309857,0.39436619718309857,wf_2024,catboost_a,5
2024-12-24,TJS,False,0.39436619718309857,0.39436619718309857,wf_2024,catboost_a,5
2024-12-25,TJS,True,0.39436619718309857,0.39436619718309857,wf_2024,catboost_a,5
2024-12-26,TJS,True,0.39436619718309857,0.39436619718309857,wf_2024,catboost_a,5
2024-12-27,TJS,True,0.39436619718309857,0.39436619718309857,wf_2024,catboost_a,5
2024-12-28,TJS,True,0.39436619718309857,0.39436619718309857,wf_2024,catboost_a,5
2024-12-29,TJS,True,0.39436619718309857,0.39436619718309857,wf_2024,catboost_a,5
2024-01-10,UZS,False,0.39436619718309857,0.39436619718309857,wf_2024,catboost_a,5
2024-01-11,UZS,False,0.1919191919191919,0.39436619718309857,wf_2024,catboost_a,5
2024-01-12,UZS,False,0.1919191919191919,0.39436619718309857,wf_2024,catboost_a,5
2024-01-13,UZS,False,0.1919191919191919,0.39436619718309857,wf_2024,catboost_a,5
2024-01-16,UZS,False,0.1919191919191919,0.39436619718309857,wf_2024,catboost_a,5
2024-01-17,UZS,False,0.1919191919191919,0.39436619718309857,wf_2024,catboost_a,5
2024-01-18,UZS,False,0.1919191919191919,0.39436619718309857,wf_2024,catboost_a,5
2024-01-19,UZS,False,0.1919191919191919,0.39436619718309857,wf_2024,catboost_a,5
2024-01-20,UZS,False,0.1919191919191919,0.39436619718309857,wf_2024,catboost_a,5
2024-01-23,UZS,False,0.1919191919191919,0.39436619718309857,wf_2024,catboost_a,5
2024-01-24,UZS,False,0.1919191919191919,0.39436619718309857,wf_2024,catboost_a,5
2024-01-25,UZS,False,0.1919191919191919,0.39436619718309857,wf_2024,catboost_a,5
2024-01-26,UZS,False,0.39436619718309857,0.39436619718309857,wf_2024,catboost_a,5
2024-01-27,UZS,False,0.39436619718309857,0.39436619718309857,wf_2024,catboost_a,5
2024-01-30,UZS,False,0.39436619718309857,0.39436619718309857,wf_2024,catboost_a,5
2024-01-31,UZS,False,0.39436619718309857,0.39436619718309857,wf_2024,catboost_a,5
2024-02-01,UZS,False,0.39436619718309857,0.39436619718309857,wf_2024,catboost_a,5
2024-02-02,UZS,False,0.39436619718309857,0.39436619718309857,wf_2024,catboost_a,5
2024-02-03,UZS,False,0.39436619718309857,0.39436619718309857,wf_2024,catboost_a,5
2024-02-06,UZS,False,0.39436619718309857,0.39436619718309857,wf_2024,catboost_a,5
2024-02-07,UZS,False,0.39436619718309857,0.39436619718309857,wf_2024,catboost_a,5
2024-02-08,UZS,False,0.39436619718309857,0.39436619718309857,wf_2024,catboost_a,5
2024-02-09,UZS,False,0.39436619718309857,0.39436619718309857,wf_2024,catboost_a,5
2024-02-10,UZS,False,0.39436619718309857,0.39436619718309857,wf_2024,catboost_a,5
2024-02-13,UZS,False,0.39436619718309857,0.39436619718309857,wf_2024,catboost_a,5
2024-02-14,UZS,False,0.39436619718309857,0.39436619718309857,wf_2024,catboost_a,5
2024-02-15,UZS,False,0.39436619718309857,0.39436619718309857,wf_2024,catboost_a,5
2024-02-16,UZS,False,0.39436619718309857,0.39436619718309857,wf_2024,catboost_a,5
2024-02-17,UZS,False,0.39436619718309857,0.39436619718309857,wf_2024,catboost_a,5
2024-02-20,UZS,False,0.39436619718309857,0.39436619718309857,wf_2024,catboost_a,5
2024-02-21,UZS,False,0.39436619718309857,0.39436619718309857,wf_2024,catboost_a,5
2024-02-22,UZS,False,0.39436619718309857,0.39436619718309857,wf_2024,catboost_a,5
2024-02-23,UZS,False,0.39436619718309857,0.39436619718309857,wf_2024,catboost_a,5
2024-02-27,UZS,False,0.39436619718309857,0.39436619718309857,wf_2024,catboost_a,5
2024-02-28,UZS,False,0.39436619718309857,0.39436619718309857,wf_2024,catboost_a,5
2024-02-29,UZS,True,0.39436619718309857,0.39436619718309857,wf_2024,catboost_a,5
2024-03-01,UZS,True,0.39436619718309857,0.39436619718309857,wf_2024,catboost_a,5
2024-03-02,UZS,True,0.39436619718309857,0.39436619718309857,wf_2024,catboost_a,5
2024-03-05,UZS,True,0.39436619718309857,0.39436619718309857,wf_2024,catboost_a,5
2024-03-06,UZS,True,0.39436619718309857,0.39436619718309857,wf_2024,catboost_a,5
2024-03-07,UZS,True,0.39436619718309857,0.39436619718309857,wf_2024,catboost_a,5
2024-03-08,UZS,True,0.39436619718309857,0.39436619718309857,wf_2024,catboost_a,5
2024-03-12,UZS,False,0.39436619718309857,0.39436619718309857,wf_2024,catboost_a,5
2024-03-13,UZS,False,0.39436619718309857,0.39436619718309857,wf_2024,catboost_a,5
2024-03-14,UZS,True,0.39436619718309857,0.39436619718309857,wf_2024,catboost_a,5
2024-03-15,UZS,True,0.39436619718309857,0.39436619718309857,wf_2024,catboost_a,5
2024-03-16,UZS,True,0.39436619718309857,0.39436619718309857,wf_2024,catboost_a,5
2024-03-19,UZS,True,0.39436619718309857,0.39436619718309857,wf_2024,catboost_a,5
2024-03-20,UZS,True,0.39436619718309857,0.39436619718309857,wf_2024,catboost_a,5
2024-03-21,UZS,True,0.39436619718309857,0.39436619718309857,wf_2024,catboost_a,5
2024-03-22,UZS,True,0.39436619718309857,0.39436619718309857,wf_2024,catboost_a,5
2024-03-23,UZS,False,0.39436619718309857,0.39436619718309857,wf_2024,catboost_a,5
2024-03-26,UZS,False,0.39436619718309857,0.39436619718309857,wf_2024,catboost_a,5
2024-03-27,UZS,False,0.39436619718309857,0.39436619718309857,wf_2024,catboost_a,5
2024-03-28,UZS,False,0.39436619718309857,0.39436619718309857,wf_2024,catboost_a,5
2024-03-29,UZS,False,0.39436619718309857,0.39436619718309857,wf_2024,catboost_a,5
2024-03-30,UZS,False,0.39436619718309857,0.39436619718309857,wf_2024,catboost_a,5
2024-04-02,UZS,True,0.39436619718309857,0.39436619718309857,wf_2024,catboost_a,5
2024-04-03,UZS,True,0.39436619718309857,0.39436619718309857,wf_2024,catboost_a,5
2024-04-04,UZS,True,0.39436619718309857,0.39436619718309857,wf_2024,catboost_a,5
2024-04-05,UZS,True,0.39436619718309857,0.39436619718309857,wf_2024,catboost_a,5
2024-04-06,UZS,True,0.39436619718309857,0.39436619718309857,wf_2024,catboost_a,5
2024-04-09,UZS,True,0.39436619718309857,0.39436619718309857,wf_2024,catboost_a,5
2024-04-10,UZS,True,0.39436619718309857,0.39436619718309857,wf_2024,catboost_a,5
2024-04-11,UZS,True,0.39436619718309857,0.39436619718309857,wf_2024,catboost_a,5
2024-04-12,UZS,True,0.39436619718309857,0.39436619718309857,wf_2024,catboost_a,5
2024-04-13,UZS,False,0.39436619718309857,0.39436619718309857,wf_2024,catboost_a,5
2024-04-16,UZS,False,0.39436619718309857,0.39436619718309857,wf_2024,catboost_a,5
2024-04-17,UZS,False,0.39436619718309857,0.39436619718309857,wf_2024,catboost_a,5
2024-04-18,UZS,False,0.39436619718309857,0.39436619718309857,wf_2024,catboost_a,5
2024-04-19,UZS,False,0.39436619718309857,0.39436619718309857,wf_2024,catboost_a,5
2024-04-20,UZS,False,0.39436619718309857,0.39436619718309857,wf_2024,catboost_a,5
2024-04-23,UZS,True,0.39436619718309857,0.39436619718309857,wf_2024,catboost_a,5
2024-04-24,UZS,True,0.39436619718309857,0.39436619718309857,wf_2024,catboost_a,5
2024-04-25,UZS,True,0.39436619718309857,0.39436619718309857,wf_2024,catboost_a,5
2024-04-26,UZS,True,0.39436619718309857,0.39436619718309857,wf_2024,catboost_a,5
2024-04-27,UZS,True,0.39436619718309857,0.39436619718309857,wf_2024,catboost_a,5
2024-04-28,UZS,False,0.39436619718309857,0.39436619718309857,wf_2024,catboost_a,5
2024-05-03,UZS,True,0.39436619718309857,0.39436619718309857,wf_2024,catboost_a,5
2024-05-04,UZS,True,0.39436619718309857,0.39436619718309857,wf_2024,catboost_a,5
2024-05-07,UZS,True,0.39436619718309857,0.39436619718309857,wf_2024,catboost_a,5
2024-05-08,UZS,True,0.39436619718309857,0.39436619718309857,wf_2024,catboost_a,5
2024-05-09,UZS,True,0.39436619718309857,0.39436619718309857,wf_2024,catboost_a,5
2024-05-14,UZS,False,0.39436619718309857,0.39436619718309857,wf_2024,catboost_a,5
2024-05-15,UZS,False,0.39436619718309857,0.39436619718309857,wf_2024,catboost_a,5
2024-05-16,UZS,True,0.39436619718309857,0.39436619718309857,wf_2024,catboost_a,5
2024-05-17,UZS,True,0.39436619718309857,0.39436619718309857,wf_2024,catboost_a,5
2024-05-18,UZS,True,0.39436619718309857,0.39436619718309857,wf_2024,catboost_a,5
2024-05-21,UZS,False,0.39436619718309857,0.39436619718309857,wf_2024,catboost_a,5
2024-05-22,UZS,False,0.1919191919191919,0.39436619718309857,wf_2024,catboost_a,5
2024-05-23,UZS,False,0.1919191919191919,0.39436619718309857,wf_2024,catboost_a,5
2024-05-24,UZS,False,0.1919191919191919,0.39436619718309857,wf_2024,catboost_a,5
2024-05-25,UZS,False,0.1919191919191919,0.39436619718309857,wf_2024,catboost_a,5
2024-05-28,UZS,False,0.1919191919191919,0.39436619718309857,wf_2024,catboost_a,5
2024-05-29,UZS,False,0.1919191919191919,0.39436619718309857,wf_2024,catboost_a,5
2024-05-30,UZS,False,0.1919191919191919,0.39436619718309857,wf_2024,catboost_a,5
2024-05-31,UZS,False,0.39436619718309857,0.39436619718309857,wf_2024,catboost_a,5
2024-06-01,UZS,False,0.39436619718309857,0.39436619718309857,wf_2024,catboost_a,5
2024-06-04,UZS,False,0.1919191919191919,0.39436619718309857,wf_2024,catboost_a,5
2024-06-05,UZS,False,0.1919191919191919,0.39436619718309857,wf_2024,catboost_a,5
2024-06-06,UZS,False,0.1919191919191919,0.39436619718309857,wf_2024,catboost_a,5
2024-06-07,UZS,False,0.1919191919191919,0.39436619718309857,wf_2024,catboost_a,5
2024-06-08,UZS,False,0.1919191919191919,0.39436619718309857,wf_2024,catboost_a,5
2024-06-11,UZS,False,0.1919191919191919,0.39436619718309857,wf_2024,catboost_a,5
2024-06-12,UZS,False,0.1919191919191919,0.39436619718309857,wf_2024,catboost_a,5
2024-06-14,UZS,False,0.1919191919191919,0.39436619718309857,wf_2024,catboost_a,5
2024-06-15,UZS,True,0.39436619718309857,0.39436619718309857,wf_2024,catboost_a,5
2024-06-18,UZS,True,0.39436619718309857,0.39436619718309857,wf_2024,catboost_a,5
2024-06-19,UZS,False,0.1919191919191919,0.39436619718309857,wf_2024,catboost_a,5
2024-06-20,UZS,False,0.1919191919191919,0.39436619718309857,wf_2024,catboost_a,5
2024-06-21,UZS,False,0.1919191919191919,0.39436619718309857,wf_2024,catboost_a,5
2024-06-22,UZS,False,0.1919191919191919,0.39436619718309857,wf_2024,catboost_a,5
2024-06-25,UZS,False,0.1919191919191919,0.39436619718309857,wf_2024,catboost_a,5
2024-06-26,UZS,False,0.1919191919191919,0.39436619718309857,wf_2024,catboost_a,5
2024-06-27,UZS,False,0.1919191919191919,0.39436619718309857,wf_2024,catboost_a,5
2024-06-28,UZS,False,0.1919191919191919,0.39436619718309857,wf_2024,catboost_a,5
2024-06-29,UZS,False,0.1919191919191919,0.39436619718309857,wf_2024,catboost_a,5
2024-07-02,UZS,False,0.1919191919191919,0.39436619718309857,wf_2024,catboost_a,5
2024-07-03,UZS,False,0.39436619718309857,0.39436619718309857,wf_2024,catboost_a,5
2024-07-04,UZS,False,0.39436619718309857,0.39436619718309857,wf_2024,catboost_a,5
2024-07-05,UZS,False,0.39436619718309857,0.39436619718309857,wf_2024,catboost_a,5
2024-07-06,UZS,False,0.39436619718309857,0.39436619718309857,wf_2024,catboost_a,5
2024-07-09,UZS,False,0.39436619718309857,0.39436619718309857,wf_2024,catboost_a,5
2024-07-10,UZS,False,0.39436619718309857,0.39436619718309857,wf_2024,catboost_a,5
2024-07-11,UZS,False,0.1919191919191919,0.39436619718309857,wf_2024,catboost_a,5
2024-07-12,UZS,False,0.39436619718309857,0.39436619718309857,wf_2024,catboost_a,5
2024-07-13,UZS,False,0.1919191919191919,0.39436619718309857,wf_2024,catboost_a,5
2024-07-16,UZS,False,0.1919191919191919,0.39436619718309857,wf_2024,catboost_a,5
2024-07-17,UZS,False,0.39436619718309857,0.39436619718309857,wf_2024,catboost_a,5
2024-07-18,UZS,False,0.39436619718309857,0.39436619718309857,wf_2024,catboost_a,5
2024-07-19,UZS,False,0.39436619718309857,0.39436619718309857,wf_2024,catboost_a,5
2024-07-20,UZS,False,0.39436619718309857,0.39436619718309857,wf_2024,catboost_a,5
2024-07-23,UZS,False,0.39436619718309857,0.39436619718309857,wf_2024,catboost_a,5
2024-07-24,UZS,False,0.1919191919191919,0.39436619718309857,wf_2024,catboost_a,5
2024-07-25,UZS,False,0.1919191919191919,0.39436619718309857,wf_2024,catboost_a,5
2024-07-26,UZS,False,0.1919191919191919,0.39436619718309857,wf_2024,catboost_a,5
2024-07-27,UZS,False,0.1919191919191919,0.39436619718309857,wf_2024,catboost_a,5
2024-07-30,UZS,False,0.1919191919191919,0.39436619718309857,wf_2024,catboost_a,5
2024-07-31,UZS,False,0.1919191919191919,0.39436619718309857,wf_2024,catboost_a,5
2024-08-01,UZS,False,0.1919191919191919,0.39436619718309857,wf_2024,catboost_a,5
2024-08-02,UZS,False,0.1919191919191919,0.39436619718309857,wf_2024,catboost_a,5
2024-08-03,UZS,False,0.1919191919191919,0.39436619718309857,wf_2024,catboost_a,5
2024-08-06,UZS,False,0.1919191919191919,0.39436619718309857,wf_2024,catboost_a,5
2024-08-07,UZS,False,0.1919191919191919,0.39436619718309857,wf_2024,catboost_a,5
2024-08-08,UZS,False,0.1919191919191919,0.39436619718309857,wf_2024,catboost_a,5
2024-08-09,UZS,False,0.39436619718309857,0.39436619718309857,wf_2024,catboost_a,5
2024-08-10,UZS,False,0.39436619718309857,0.39436619718309857,wf_2024,catboost_a,5
2024-08-13,UZS,False,0.39436619718309857,0.39436619718309857,wf_2024,catboost_a,5
2024-08-14,UZS,False,0.39436619718309857,0.39436619718309857,wf_2024,catboost_a,5
2024-08-15,UZS,False,0.39436619718309857,0.39436619718309857,wf_2024,catboost_a,5
2024-08-16,UZS,False,0.39436619718309857,0.39436619718309857,wf_2024,catboost_a,5
2024-08-17,UZS,True,0.39436619718309857,0.39436619718309857,wf_2024,catboost_a,5
2024-08-20,UZS,False,0.39436619718309857,0.39436619718309857,wf_2024,catboost_a,5
2024-08-21,UZS,False,0.39436619718309857,0.39436619718309857,wf_2024,catboost_a,5
2024-08-22,UZS,False,0.39436619718309857,0.39436619718309857,wf_2024,catboost_a,5
2024-08-23,UZS,False,0.39436619718309857,0.39436619718309857,wf_2024,catboost_a,5
2024-08-24,UZS,False,0.39436619718309857,0.39436619718309857,wf_2024,catboost_a,5
2024-08-27,UZS,True,0.39436619718309857,0.39436619718309857,wf_2024,catboost_a,5
2024-08-28,UZS,True,0.39436619718309857,0.39436619718309857,wf_2024,catboost_a,5
2024-08-29,UZS,True,0.39436619718309857,0.39436619718309857,wf_2024,catboost_a,5
2024-08-30,UZS,True,0.39436619718309857,0.39436619718309857,wf_2024,catboost_a,5
2024-08-31,UZS,True,0.39436619718309857,0.39436619718309857,wf_2024,catboost_a,5
2024-09-03,UZS,True,0.39436619718309857,0.39436619718309857,wf_2024,catboost_a,5
2024-09-04,UZS,False,0.39436619718309857,0.39436619718309857,wf_2024,catboost_a,5
2024-09-05,UZS,False,0.39436619718309857,0.39436619718309857,wf_2024,catboost_a,5
2024-09-06,UZS,False,0.39436619718309857,0.39436619718309857,wf_2024,catboost_a,5
2024-09-07,UZS,False,0.39436619718309857,0.39436619718309857,wf_2024,catboost_a,5
2024-09-10,UZS,False,0.39436619718309857,0.39436619718309857,wf_2024,catboost_a,5
2024-09-11,UZS,False,0.39436619718309857,0.39436619718309857,wf_2024,catboost_a,5
2024-09-12,UZS,False,0.39436619718309857,0.39436619718309857,wf_2024,catboost_a,5
2024-09-13,UZS,False,0.39436619718309857,0.39436619718309857,wf_2024,catboost_a,5
2024-09-14,UZS,False,0.39436619718309857,0.39436619718309857,wf_2024,catboost_a,5
2024-09-17,UZS,False,0.39436619718309857,0.39436619718309857,wf_2024,catboost_a,5
2024-09-18,UZS,False,0.39436619718309857,0.39436619718309857,wf_2024,catboost_a,5
2024-09-19,UZS,False,0.39436619718309857,0.39436619718309857,wf_2024,catboost_a,5
2024-09-20,UZS,False,0.39436619718309857,0.39436619718309857,wf_2024,catboost_a,5
2024-09-21,UZS,False,0.39436619718309857,0.39436619718309857,wf_2024,catboost_a,5
2024-09-24,UZS,True,0.39436619718309857,0.39436619718309857,wf_2024,catboost_a,5
2024-09-25,UZS,True,0.39436619718309857,0.39436619718309857,wf_2024,catboost_a,5
2024-09-26,UZS,True,0.39436619718309857,0.39436619718309857,wf_2024,catboost_a,5
2024-09-27,UZS,True,0.39436619718309857,0.39436619718309857,wf_2024,catboost_a,5
2024-09-28,UZS,True,0.39436619718309857,0.39436619718309857,wf_2024,catboost_a,5
2024-10-01,UZS,True,0.39436619718309857,0.39436619718309857,wf_2024,catboost_a,5
2024-10-02,UZS,False,0.39436619718309857,0.39436619718309857,wf_2024,catboost_a,5
2024-10-03,UZS,False,0.39436619718309857,0.39436619718309857,wf_2024,catboost_a,5
2024-10-04,UZS,False,0.39436619718309857,0.39436619718309857,wf_2024,catboost_a,5
2024-10-05,UZS,False,0.39436619718309857,0.39436619718309857,wf_2024,catboost_a,5
2024-10-08,UZS,False,0.39436619718309857,0.39436619718309857,wf_2024,catboost_a,5
2024-10-09,UZS,False,0.39436619718309857,0.39436619718309857,wf_2024,catboost_a,5
2024-10-10,UZS,False,0.39436619718309857,0.39436619718309857,wf_2024,catboost_a,5
2024-10-11,UZS,False,0.39436619718309857,0.39436619718309857,wf_2024,catboost_a,5
2024-10-12,UZS,False,0.39436619718309857,0.39436619718309857,wf_2024,catboost_a,5
2024-10-15,UZS,False,0.39436619718309857,0.39436619718309857,wf_2024,catboost_a,5
2024-10-16,UZS,False,0.39436619718309857,0.39436619718309857,wf_2024,catboost_a,5
2024-10-17,UZS,False,0.39436619718309857,0.39436619718309857,wf_2024,catboost_a,5
2024-10-18,UZS,False,0.39436619718309857,0.39436619718309857,wf_2024,catboost_a,5
2024-10-19,UZS,False,0.39436619718309857,0.39436619718309857,wf_2024,catboost_a,5
2024-10-22,UZS,False,0.39436619718309857,0.39436619718309857,wf_2024,catboost_a,5
2024-10-23,UZS,False,0.39436619718309857,0.39436619718309857,wf_2024,catboost_a,5
2024-10-24,UZS,False,0.39436619718309857,0.39436619718309857,wf_2024,catboost_a,5
2024-10-25,UZS,False,0.39436619718309857,0.39436619718309857,wf_2024,catboost_a,5
2024-10-26,UZS,False,0.39436619718309857,0.39436619718309857,wf_2024,catboost_a,5
2024-10-29,UZS,False,0.39436619718309857,0.39436619718309857,wf_2024,catboost_a,5
2024-10-30,UZS,False,0.39436619718309857,0.39436619718309857,wf_2024,catboost_a,5
2024-10-31,UZS,False,0.39436619718309857,0.39436619718309857,wf_2024,catboost_a,5
2024-11-01,UZS,False,0.39436619718309857,0.39436619718309857,wf_2024,catboost_a,5
2024-11-02,UZS,False,0.39436619718309857,0.39436619718309857,wf_2024,catboost_a,5
2024-11-03,UZS,False,0.39436619718309857,0.39436619718309857,wf_2024,catboost_a,5
2024-11-06,UZS,False,0.39436619718309857,0.39436619718309857,wf_2024,catboost_a,5
2024-11-07,UZS,False,0.39436619718309857,0.39436619718309857,wf_2024,catboost_a,5
2024-11-08,UZS,False,0.39436619718309857,0.39436619718309857,wf_2024,catboost_a,5
2024-11-09,UZS,False,0.39436619718309857,0.39436619718309857,wf_2024,catboost_a,5
2024-11-12,UZS,False,0.39436619718309857,0.39436619718309857,wf_2024,catboost_a,5
2024-11-13,UZS,False,0.39436619718309857,0.39436619718309857,wf_2024,catboost_a,5
2024-11-14,UZS,False,0.39436619718309857,0.39436619718309857,wf_2024,catboost_a,5
2024-11-15,UZS,False,0.39436619718309857,0.39436619718309857,wf_2024,catboost_a,5
2024-11-16,UZS,False,0.39436619718309857,0.39436619718309857,wf_2024,catboost_a,5
2024-11-19,UZS,False,0.39436619718309857,0.39436619718309857,wf_2024,catboost_a,5
2024-11-20,UZS,False,0.39436619718309857,0.39436619718309857,wf_2024,catboost_a,5
2024-11-21,UZS,False,0.39436619718309857,0.39436619718309857,wf_2024,catboost_a,5
2024-11-22,UZS,False,0.39436619718309857,0.39436619718309857,wf_2024,catboost_a,5
2024-11-23,UZS,False,0.39436619718309857,0.39436619718309857,wf_2024,catboost_a,5
2024-11-26,UZS,False,0.39436619718309857,0.39436619718309857,wf_2024,catboost_a,5
2024-11-27,UZS,False,0.39436619718309857,0.39436619718309857,wf_2024,catboost_a,5
2024-11-28,UZS,False,0.39436619718309857,0.39436619718309857,wf_2024,catboost_a,5
2024-11-29,UZS,False,0.39436619718309857,0.39436619718309857,wf_2024,catboost_a,5
2024-11-30,UZS,False,0.39436619718309857,0.39436619718309857,wf_2024,catboost_a,5
2024-12-03,UZS,True,0.39436619718309857,0.39436619718309857,wf_2024,catboost_a,5
2024-12-04,UZS,True,0.39436619718309857,0.39436619718309857,wf_2024,catboost_a,5
2024-12-05,UZS,True,0.39436619718309857,0.39436619718309857,wf_2024,catboost_a,5
2024-12-06,UZS,True,0.39436619718309857,0.39436619718309857,wf_2024,catboost_a,5
2024-12-07,UZS,True,0.39436619718309857,0.39436619718309857,wf_2024,catboost_a,5
2024-12-10,UZS,True,0.39436619718309857,0.39436619718309857,wf_2024,catboost_a,5
2024-12-11,UZS,False,0.39436619718309857,0.39436619718309857,wf_2024,catboost_a,5
2024-12-12,UZS,False,0.39436619718309857,0.39436619718309857,wf_2024,catboost_a,5
2024-12-13,UZS,False,0.39436619718309857,0.39436619718309857,wf_2024,catboost_a,5
2024-12-14,UZS,False,0.39436619718309857,0.39436619718309857,wf_2024,catboost_a,5
2024-12-17,UZS,False,0.39436619718309857,0.39436619718309857,wf_2024,catboost_a,5
2024-12-18,UZS,False,0.39436619718309857,0.39436619718309857,wf_2024,catboost_a,5
2024-12-19,UZS,False,0.39436619718309857,0.39436619718309857,wf_2024,catboost_a,5
2024-12-20,UZS,False,0.39436619718309857,0.39436619718309857,wf_2024,catboost_a,5
2024-12-21,UZS,False,0.39436619718309857,0.39436619718309857,wf_2024,catboost_a,5
2024-12-24,UZS,True,0.39436619718309857,0.39436619718309857,wf_2024,catboost_a,5
2024-12-25,UZS,True,0.39436619718309857,0.39436619718309857,wf_2024,catboost_a,5
2024-12-26,UZS,True,0.39436619718309857,0.39436619718309857,wf_2024,catboost_a,5
2024-12-27,UZS,True,0.39436619718309857,0.39436619718309857,wf_2024,catboost_a,5
2024-12-28,UZS,True,0.39436619718309857,0.39436619718309857,wf_2024,catboost_a,5
2024-12-29,UZS,True,0.39436619718309857,0.39436619718309857,wf_2024,catboost_a,5
2025-01-10,AMD,False,0.35251798561151076,0.35251798561151076,wf_2025,catboost_a,5
2025-01-11,AMD,False,0.35251798561151076,0.35251798561151076,wf_2025,catboost_a,5
2025-01-14,AMD,False,0.35251798561151076,0.35251798561151076,wf_2025,catboost_a,5
2025-01-15,AMD,False,0.35251798561151076,0.35251798561151076,wf_2025,catboost_a,5
2025-01-16,AMD,False,0.35251798561151076,0.35251798561151076,wf_2025,catboost_a,5
2025-01-17,AMD,False,0.35251798561151076,0.35251798561151076,wf_2025,catboost_a,5
2025-01-18,AMD,False,0.2846441947565543,0.35251798561151076,wf_2025,catboost_a,5
2025-01-21,AMD,False,0.2846441947565543,0.35251798561151076,wf_2025,catboost_a,5
2025-01-22,AMD,False,0.2846441947565543,0.35251798561151076,wf_2025,catboost_a,5
2025-01-23,AMD,False,0.2846441947565543,0.35251798561151076,wf_2025,catboost_a,5
2025-01-24,AMD,True,0.35251798561151076,0.35251798561151076,wf_2025,catboost_a,5
2025-01-25,AMD,True,0.35251798561151076,0.35251798561151076,wf_2025,catboost_a,5
2025-01-28,AMD,True,0.35251798561151076,0.35251798561151076,wf_2025,catboost_a,5
2025-01-29,AMD,True,0.35251798561151076,0.35251798561151076,wf_2025,catboost_a,5
2025-01-30,AMD,False,0.35251798561151076,0.35251798561151076,wf_2025,catboost_a,5
2025-01-31,AMD,False,0.35251798561151076,0.35251798561151076,wf_2025,catboost_a,5
2025-02-01,AMD,False,0.35251798561151076,0.35251798561151076,wf_2025,catboost_a,5
2025-02-04,AMD,False,0.35251798561151076,0.35251798561151076,wf_2025,catboost_a,5
2025-02-05,AMD,False,0.35251798561151076,0.35251798561151076,wf_2025,catboost_a,5
2025-02-06,AMD,False,0.35251798561151076,0.35251798561151076,wf_2025,catboost_a,5
2025-02-07,AMD,False,0.2846441947565543,0.35251798561151076,wf_2025,catboost_a,5
2025-02-08,AMD,False,0.2846441947565543,0.35251798561151076,wf_2025,catboost_a,5
2025-02-11,AMD,False,0.2846441947565543,0.35251798561151076,wf_2025,catboost_a,5
2025-02-12,AMD,False,0.2846441947565543,0.35251798561151076,wf_2025,catboost_a,5
2025-02-13,AMD,False,0.2846441947565543,0.35251798561151076,wf_2025,catboost_a,5
2025-02-14,AMD,False,0.2846441947565543,0.35251798561151076,wf_2025,catboost_a,5
2025-02-15,AMD,False,0.2846441947565543,0.35251798561151076,wf_2025,catboost_a,5
2025-02-18,AMD,True,0.35251798561151076,0.35251798561151076,wf_2025,catboost_a,5
2025-02-19,AMD,False,0.2846441947565543,0.35251798561151076,wf_2025,catboost_a,5
2025-02-20,AMD,False,0.2846441947565543,0.35251798561151076,wf_2025,catboost_a,5
2025-02-21,AMD,False,0.2846441947565543,0.35251798561151076,wf_2025,catboost_a,5
2025-02-22,AMD,False,0.2846441947565543,0.35251798561151076,wf_2025,catboost_a,5
2025-02-25,AMD,True,0.35251798561151076,0.35251798561151076,wf_2025,catboost_a,5
2025-02-26,AMD,False,0.2846441947565543,0.35251798561151076,wf_2025,catboost_a,5
2025-02-27,AMD,False,0.2846441947565543,0.35251798561151076,wf_2025,catboost_a,5
2025-02-28,AMD,True,0.35251798561151076,0.35251798561151076,wf_2025,catboost_a,5
2025-03-01,AMD,False,0.2846441947565543,0.35251798561151076,wf_2025,catboost_a,5
2025-03-04,AMD,False,0.2846441947565543,0.35251798561151076,wf_2025,catboost_a,5
2025-03-05,AMD,False,0.2846441947565543,0.35251798561151076,wf_2025,catboost_a,5
2025-03-06,AMD,True,0.35251798561151076,0.35251798561151076,wf_2025,catboost_a,5
2025-03-07,AMD,True,0.35251798561151076,0.35251798561151076,wf_2025,catboost_a,5
2025-03-08,AMD,False,0.2846441947565543,0.35251798561151076,wf_2025,catboost_a,5
2025-03-11,AMD,False,0.2846441947565543,0.35251798561151076,wf_2025,catboost_a,5
2025-03-12,AMD,False,0.2846441947565543,0.35251798561151076,wf_2025,catboost_a,5
2025-03-13,AMD,False,0.2846441947565543,0.35251798561151076,wf_2025,catboost_a,5
2025-03-14,AMD,False,0.2846441947565543,0.35251798561151076,wf_2025,catboost_a,5
2025-03-15,AMD,False,0.2846441947565543,0.35251798561151076,wf_2025,catboost_a,5
2025-03-18,AMD,False,0.2846441947565543,0.35251798561151076,wf_2025,catboost_a,5
2025-03-19,AMD,False,0.2846441947565543,0.35251798561151076,wf_2025,catboost_a,5
2025-03-20,AMD,True,0.35251798561151076,0.35251798561151076,wf_2025,catboost_a,5
2025-03-21,AMD,False,0.2846441947565543,0.35251798561151076,wf_2025,catboost_a,5
2025-03-22,AMD,False,0.2846441947565543,0.35251798561151076,wf_2025,catboost_a,5
2025-03-25,AMD,False,0.2846441947565543,0.35251798561151076,wf_2025,catboost_a,5
2025-03-26,AMD,False,0.2846441947565543,0.35251798561151076,wf_2025,catboost_a,5
2025-03-27,AMD,False,0.2846441947565543,0.35251798561151076,wf_2025,catboost_a,5
2025-03-28,AMD,False,0.2846441947565543,0.35251798561151076,wf_2025,catboost_a,5
2025-03-29,AMD,False,0.2846441947565543,0.35251798561151076,wf_2025,catboost_a,5
2025-04-01,AMD,False,0.35251798561151076,0.35251798561151076,wf_2025,catboost_a,5
2025-04-02,AMD,False,0.35251798561151076,0.35251798561151076,wf_2025,catboost_a,5
2025-04-03,AMD,False,0.35251798561151076,0.35251798561151076,wf_2025,catboost_a,5
2025-04-04,AMD,False,0.2846441947565543,0.35251798561151076,wf_2025,catboost_a,5
2025-04-05,AMD,False,0.2846441947565543,0.35251798561151076,wf_2025,catboost_a,5
2025-04-08,AMD,False,0.35251798561151076,0.35251798561151076,wf_2025,catboost_a,5
2025-04-09,AMD,False,0.35251798561151076,0.35251798561151076,wf_2025,catboost_a,5
2025-04-10,AMD,False,0.35251798561151076,0.35251798561151076,wf_2025,catboost_a,5
2025-04-11,AMD,False,0.35251798561151076,0.35251798561151076,wf_2025,catboost_a,5
2025-04-12,AMD,False,0.2846441947565543,0.35251798561151076,wf_2025,catboost_a,5
2025-04-15,AMD,False,0.2846441947565543,0.35251798561151076,wf_2025,catboost_a,5
2025-04-16,AMD,False,0.2846441947565543,0.35251798561151076,wf_2025,catboost_a,5
2025-04-17,AMD,True,0.35251798561151076,0.35251798561151076,wf_2025,catboost_a,5
2025-04-18,AMD,False,0.2846441947565543,0.35251798561151076,wf_2025,catboost_a,5
2025-04-19,AMD,False,0.2846441947565543,0.35251798561151076,wf_2025,catboost_a,5
2025-04-22,AMD,False,0.2846441947565543,0.35251798561151076,wf_2025,catboost_a,5
2025-04-23,AMD,True,0.35251798561151076,0.35251798561151076,wf_2025,catboost_a,5
2025-04-24,AMD,False,0.2846441947565543,0.35251798561151076,wf_2025,catboost_a,5
2025-04-25,AMD,True,0.35251798561151076,0.35251798561151076,wf_2025,catboost_a,5
2025-04-26,AMD,True,0.35251798561151076,0.35251798561151076,wf_2025,catboost_a,5
2025-04-29,AMD,True,0.35251798561151076,0.35251798561151076,wf_2025,catboost_a,5
2025-04-30,AMD,False,0.2846441947565543,0.35251798561151076,wf_2025,catboost_a,5
2025-05-01,AMD,False,0.2846441947565543,0.35251798561151076,wf_2025,catboost_a,5
2025-05-06,AMD,False,0.2846441947565543,0.35251798561151076,wf_2025,catboost_a,5
2025-05-07,AMD,False,0.2846441947565543,0.35251798561151076,wf_2025,catboost_a,5
2025-05-08,AMD,False,0.2846441947565543,0.35251798561151076,wf_2025,catboost_a,5
2025-05-13,AMD,False,0.2846441947565543,0.35251798561151076,wf_2025,catboost_a,5
2025-05-14,AMD,False,0.2846441947565543,0.35251798561151076,wf_2025,catboost_a,5
2025-05-15,AMD,False,0.2846441947565543,0.35251798561151076,wf_2025,catboost_a,5
2025-05-16,AMD,True,0.35251798561151076,0.35251798561151076,wf_2025,catboost_a,5
2025-05-17,AMD,False,0.35251798561151076,0.35251798561151076,wf_2025,catboost_a,5
2025-05-20,AMD,False,0.35251798561151076,0.35251798561151076,wf_2025,catboost_a,5
2025-05-21,AMD,True,0.35251798561151076,0.35251798561151076,wf_2025,catboost_a,5
2025-05-22,AMD,False,0.2846441947565543,0.35251798561151076,wf_2025,catboost_a,5
2025-05-23,AMD,False,0.2846441947565543,0.35251798561151076,wf_2025,catboost_a,5
2025-05-24,AMD,False,0.2846441947565543,0.35251798561151076,wf_2025,catboost_a,5
2025-05-27,AMD,False,0.2846441947565543,0.35251798561151076,wf_2025,catboost_a,5
2025-05-28,AMD,False,0.2846441947565543,0.35251798561151076,wf_2025,catboost_a,5
2025-05-29,AMD,False,0.2846441947565543,0.35251798561151076,wf_2025,catboost_a,5
2025-05-30,AMD,False,0.2846441947565543,0.35251798561151076,wf_2025,catboost_a,5
2025-05-31,AMD,True,0.35251798561151076,0.35251798561151076,wf_2025,catboost_a,5
2025-06-03,AMD,False,0.2846441947565543,0.35251798561151076,wf_2025,catboost_a,5
2025-06-04,AMD,False,0.2846441947565543,0.35251798561151076,wf_2025,catboost_a,5
2025-06-05,AMD,False,0.2846441947565543,0.35251798561151076,wf_2025,catboost_a,5
2025-06-06,AMD,False,0.2846441947565543,0.35251798561151076,wf_2025,catboost_a,5
2025-06-07,AMD,False,0.2846441947565543,0.35251798561151076,wf_2025,catboost_a,5
2025-06-10,AMD,False,0.2846441947565543,0.35251798561151076,wf_2025,catboost_a,5
2025-06-11,AMD,False,0.2846441947565543,0.35251798561151076,wf_2025,catboost_a,5
2025-06-12,AMD,False,0.2846441947565543,0.35251798561151076,wf_2025,catboost_a,5
2025-06-17,AMD,False,0.2846441947565543,0.35251798561151076,wf_2025,catboost_a,5
2025-06-18,AMD,False,0.2846441947565543,0.35251798561151076,wf_2025,catboost_a,5
2025-06-19,AMD,False,0.2846441947565543,0.35251798561151076,wf_2025,catboost_a,5
2025-06-20,AMD,False,0.2846441947565543,0.35251798561151076,wf_2025,catboost_a,5
2025-06-21,AMD,False,0.2846441947565543,0.35251798561151076,wf_2025,catboost_a,5
2025-06-24,AMD,False,0.2846441947565543,0.35251798561151076,wf_2025,catboost_a,5
2025-06-25,AMD,True,0.35251798561151076,0.35251798561151076,wf_2025,catboost_a,5
2025-06-26,AMD,False,0.2846441947565543,0.35251798561151076,wf_2025,catboost_a,5
2025-06-27,AMD,False,0.2846441947565543,0.35251798561151076,wf_2025,catboost_a,5
2025-06-28,AMD,False,0.2846441947565543,0.35251798561151076,wf_2025,catboost_a,5
2025-07-01,AMD,False,0.2846441947565543,0.35251798561151076,wf_2025,catboost_a,5
2025-07-02,AMD,False,0.2846441947565543,0.35251798561151076,wf_2025,catboost_a,5
2025-07-03,AMD,True,0.35251798561151076,0.35251798561151076,wf_2025,catboost_a,5
2025-07-04,AMD,True,0.35251798561151076,0.35251798561151076,wf_2025,catboost_a,5
2025-07-05,AMD,True,0.35251798561151076,0.35251798561151076,wf_2025,catboost_a,5
2025-07-08,AMD,False,0.35251798561151076,0.35251798561151076,wf_2025,catboost_a,5
2025-07-09,AMD,False,0.2846441947565543,0.35251798561151076,wf_2025,catboost_a,5
2025-07-10,AMD,False,0.2846441947565543,0.35251798561151076,wf_2025,catboost_a,5
2025-07-11,AMD,False,0.2846441947565543,0.35251798561151076,wf_2025,catboost_a,5
2025-07-12,AMD,False,0.2846441947565543,0.35251798561151076,wf_2025,catboost_a,5
2025-07-15,AMD,False,0.35251798561151076,0.35251798561151076,wf_2025,catboost_a,5
2025-07-16,AMD,False,0.2846441947565543,0.35251798561151076,wf_2025,catboost_a,5
2025-07-17,AMD,False,0.2846441947565543,0.35251798561151076,wf_2025,catboost_a,5
2025-07-18,AMD,False,0.35251798561151076,0.35251798561151076,wf_2025,catboost_a,5
2025-07-19,AMD,False,0.35251798561151076,0.35251798561151076,wf_2025,catboost_a,5
2025-07-22,AMD,False,0.35251798561151076,0.35251798561151076,wf_2025,catboost_a,5
2025-07-23,AMD,False,0.2846441947565543,0.35251798561151076,wf_2025,catboost_a,5
2025-07-24,AMD,False,0.35251798561151076,0.35251798561151076,wf_2025,catboost_a,5
2025-07-25,AMD,False,0.35251798561151076,0.35251798561151076,wf_2025,catboost_a,5
2025-07-26,AMD,False,0.35251798561151076,0.35251798561151076,wf_2025,catboost_a,5
2025-07-29,AMD,False,0.35251798561151076,0.35251798561151076,wf_2025,catboost_a,5
2025-07-30,AMD,False,0.35251798561151076,0.35251798561151076,wf_2025,catboost_a,5
2025-07-31,AMD,False,0.35251798561151076,0.35251798561151076,wf_2025,catboost_a,5
2025-08-01,AMD,False,0.35251798561151076,0.35251798561151076,wf_2025,catboost_a,5
2025-08-02,AMD,False,0.35251798561151076,0.35251798561151076,wf_2025,catboost_a,5
2025-08-05,AMD,False,0.35251798561151076,0.35251798561151076,wf_2025,catboost_a,5
2025-08-06,AMD,False,0.35251798561151076,0.35251798561151076,wf_2025,catboost_a,5
2025-08-07,AMD,False,0.35251798561151076,0.35251798561151076,wf_2025,catboost_a,5
2025-08-08,AMD,False,0.35251798561151076,0.35251798561151076,wf_2025,catboost_a,5
2025-08-09,AMD,False,0.35251798561151076,0.35251798561151076,wf_2025,catboost_a,5
2025-08-12,AMD,False,0.35251798561151076,0.35251798561151076,wf_2025,catboost_a,5
2025-08-13,AMD,False,0.35251798561151076,0.35251798561151076,wf_2025,catboost_a,5
2025-08-14,AMD,False,0.35251798561151076,0.35251798561151076,wf_2025,catboost_a,5
2025-08-15,AMD,False,0.35251798561151076,0.35251798561151076,wf_2025,catboost_a,5
2025-08-16,AMD,False,0.35251798561151076,0.35251798561151076,wf_2025,catboost_a,5
2025-08-19,AMD,False,0.35251798561151076,0.35251798561151076,wf_2025,catboost_a,5
2025-08-20,AMD,False,0.35251798561151076,0.35251798561151076,wf_2025,catboost_a,5
2025-08-21,AMD,False,0.35251798561151076,0.35251798561151076,wf_2025,catboost_a,5
2025-08-22,AMD,False,0.35251798561151076,0.35251798561151076,wf_2025,catboost_a,5
2025-08-23,AMD,False,0.35251798561151076,0.35251798561151076,wf_2025,catboost_a,5
2025-08-26,AMD,False,0.35251798561151076,0.35251798561151076,wf_2025,catboost_a,5
2025-08-27,AMD,False,0.35251798561151076,0.35251798561151076,wf_2025,catboost_a,5
2025-08-28,AMD,False,0.2846441947565543,0.35251798561151076,wf_2025,catboost_a,5
2025-08-29,AMD,False,0.2846441947565543,0.35251798561151076,wf_2025,catboost_a,5
2025-08-30,AMD,False,0.35251798561151076,0.35251798561151076,wf_2025,catboost_a,5
2025-01-10,KGS,False,0.35251798561151076,0.35251798561151076,wf_2025,catboost_a,5
2025-01-11,KGS,False,0.35251798561151076,0.35251798561151076,wf_2025,catboost_a,5
2025-01-14,KGS,False,0.35251798561151076,0.35251798561151076,wf_2025,catboost_a,5
2025-01-15,KGS,False,0.35251798561151076,0.35251798561151076,wf_2025,catboost_a,5
2025-01-16,KGS,False,0.35251798561151076,0.35251798561151076,wf_2025,catboost_a,5
2025-01-17,KGS,False,0.35251798561151076,0.35251798561151076,wf_2025,catboost_a,5
2025-01-18,KGS,False,0.35251798561151076,0.35251798561151076,wf_2025,catboost_a,5
2025-01-21,KGS,False,0.35251798561151076,0.35251798561151076,wf_2025,catboost_a,5
2025-01-22,KGS,False,0.35251798561151076,0.35251798561151076,wf_2025,catboost_a,5
2025-01-23,KGS,False,0.2846441947565543,0.35251798561151076,wf_2025,catboost_a,5
2025-01-24,KGS,True,0.35251798561151076,0.35251798561151076,wf_2025,catboost_a,5
2025-01-25,KGS,False,0.35251798561151076,0.35251798561151076,wf_2025,catboost_a,5
2025-01-28,KGS,False,0.35251798561151076,0.35251798561151076,wf_2025,catboost_a,5
2025-01-29,KGS,True,0.35251798561151076,0.35251798561151076,wf_2025,catboost_a,5
2025-01-30,KGS,False,0.35251798561151076,0.35251798561151076,wf_2025,catboost_a,5
2025-01-31,KGS,False,0.35251798561151076,0.35251798561151076,wf_2025,catboost_a,5
2025-02-01,KGS,False,0.35251798561151076,0.35251798561151076,wf_2025,catboost_a,5
2025-02-04,KGS,False,0.35251798561151076,0.35251798561151076,wf_2025,catboost_a,5
2025-02-05,KGS,False,0.35251798561151076,0.35251798561151076,wf_2025,catboost_a,5
2025-02-06,KGS,False,0.35251798561151076,0.35251798561151076,wf_2025,catboost_a,5
2025-02-07,KGS,False,0.2846441947565543,0.35251798561151076,wf_2025,catboost_a,5
2025-02-08,KGS,True,0.35251798561151076,0.35251798561151076,wf_2025,catboost_a,5
2025-02-11,KGS,False,0.2846441947565543,0.35251798561151076,wf_2025,catboost_a,5
2025-02-12,KGS,False,0.2846441947565543,0.35251798561151076,wf_2025,catboost_a,5
2025-02-13,KGS,False,0.2846441947565543,0.35251798561151076,wf_2025,catboost_a,5
2025-02-14,KGS,False,0.2846441947565543,0.35251798561151076,wf_2025,catboost_a,5
2025-02-15,KGS,False,0.2846441947565543,0.35251798561151076,wf_2025,catboost_a,5
2025-02-18,KGS,True,0.35251798561151076,0.35251798561151076,wf_2025,catboost_a,5
2025-02-19,KGS,False,0.2846441947565543,0.35251798561151076,wf_2025,catboost_a,5
2025-02-20,KGS,False,0.2846441947565543,0.35251798561151076,wf_2025,catboost_a,5
2025-02-21,KGS,False,0.2846441947565543,0.35251798561151076,wf_2025,catboost_a,5
2025-02-22,KGS,False,0.2846441947565543,0.35251798561151076,wf_2025,catboost_a,5
2025-02-25,KGS,True,0.35251798561151076,0.35251798561151076,wf_2025,catboost_a,5
2025-02-26,KGS,False,0.2846441947565543,0.35251798561151076,wf_2025,catboost_a,5
2025-02-27,KGS,False,0.2846441947565543,0.35251798561151076,wf_2025,catboost_a,5
2025-02-28,KGS,True,0.35251798561151076,0.35251798561151076,wf_2025,catboost_a,5
2025-03-01,KGS,False,0.2846441947565543,0.35251798561151076,wf_2025,catboost_a,5
2025-03-04,KGS,False,0.2846441947565543,0.35251798561151076,wf_2025,catboost_a,5
2025-03-05,KGS,False,0.2846441947565543,0.35251798561151076,wf_2025,catboost_a,5
2025-03-06,KGS,True,0.35251798561151076,0.35251798561151076,wf_2025,catboost_a,5
2025-03-07,KGS,True,0.35251798561151076,0.35251798561151076,wf_2025,catboost_a,5
2025-03-08,KGS,False,0.2846441947565543,0.35251798561151076,wf_2025,catboost_a,5
2025-03-11,KGS,False,0.2846441947565543,0.35251798561151076,wf_2025,catboost_a,5
2025-03-12,KGS,False,0.2846441947565543,0.35251798561151076,wf_2025,catboost_a,5
2025-03-13,KGS,False,0.2846441947565543,0.35251798561151076,wf_2025,catboost_a,5
2025-03-14,KGS,False,0.2846441947565543,0.35251798561151076,wf_2025,catboost_a,5
2025-03-15,KGS,False,0.2846441947565543,0.35251798561151076,wf_2025,catboost_a,5
2025-03-18,KGS,False,0.2846441947565543,0.35251798561151076,wf_2025,catboost_a,5
2025-03-19,KGS,False,0.2846441947565543,0.35251798561151076,wf_2025,catboost_a,5
2025-03-20,KGS,True,0.35251798561151076,0.35251798561151076,wf_2025,catboost_a,5
2025-03-21,KGS,False,0.2846441947565543,0.35251798561151076,wf_2025,catboost_a,5
2025-03-22,KGS,False,0.2846441947565543,0.35251798561151076,wf_2025,catboost_a,5
2025-03-25,KGS,False,0.2846441947565543,0.35251798561151076,wf_2025,catboost_a,5
2025-03-26,KGS,False,0.2846441947565543,0.35251798561151076,wf_2025,catboost_a,5
2025-03-27,KGS,False,0.2846441947565543,0.35251798561151076,wf_2025,catboost_a,5
2025-03-28,KGS,False,0.2846441947565543,0.35251798561151076,wf_2025,catboost_a,5
2025-03-29,KGS,False,0.2846441947565543,0.35251798561151076,wf_2025,catboost_a,5
2025-04-01,KGS,False,0.35251798561151076,0.35251798561151076,wf_2025,catboost_a,5
2025-04-02,KGS,False,0.35251798561151076,0.35251798561151076,wf_2025,catboost_a,5
2025-04-03,KGS,False,0.2846441947565543,0.35251798561151076,wf_2025,catboost_a,5
2025-04-04,KGS,False,0.2846441947565543,0.35251798561151076,wf_2025,catboost_a,5
2025-04-05,KGS,False,0.2846441947565543,0.35251798561151076,wf_2025,catboost_a,5
2025-04-08,KGS,False,0.35251798561151076,0.35251798561151076,wf_2025,catboost_a,5
2025-04-09,KGS,False,0.35251798561151076,0.35251798561151076,wf_2025,catboost_a,5
2025-04-10,KGS,False,0.35251798561151076,0.35251798561151076,wf_2025,catboost_a,5
2025-04-11,KGS,False,0.2846441947565543,0.35251798561151076,wf_2025,catboost_a,5
2025-04-12,KGS,False,0.2846441947565543,0.35251798561151076,wf_2025,catboost_a,5
2025-04-15,KGS,False,0.2846441947565543,0.35251798561151076,wf_2025,catboost_a,5
2025-04-16,KGS,False,0.2846441947565543,0.35251798561151076,wf_2025,catboost_a,5
2025-04-17,KGS,True,0.35251798561151076,0.35251798561151076,wf_2025,catboost_a,5
2025-04-18,KGS,False,0.2846441947565543,0.35251798561151076,wf_2025,catboost_a,5
2025-04-19,KGS,False,0.2846441947565543,0.35251798561151076,wf_2025,catboost_a,5
2025-04-22,KGS,False,0.2846441947565543,0.35251798561151076,wf_2025,catboost_a,5
2025-04-23,KGS,True,0.35251798561151076,0.35251798561151076,wf_2025,catboost_a,5
2025-04-24,KGS,False,0.2846441947565543,0.35251798561151076,wf_2025,catboost_a,5
2025-04-25,KGS,True,0.35251798561151076,0.35251798561151076,wf_2025,catboost_a,5
2025-04-26,KGS,False,0.2846441947565543,0.35251798561151076,wf_2025,catboost_a,5
2025-04-29,KGS,False,0.2846441947565543,0.35251798561151076,wf_2025,catboost_a,5
2025-04-30,KGS,False,0.2846441947565543,0.35251798561151076,wf_2025,catboost_a,5
2025-05-01,KGS,False,0.2846441947565543,0.35251798561151076,wf_2025,catboost_a,5
2025-05-06,KGS,False,0.2846441947565543,0.35251798561151076,wf_2025,catboost_a,5
2025-05-07,KGS,False,0.2846441947565543,0.35251798561151076,wf_2025,catboost_a,5
2025-05-08,KGS,False,0.2846441947565543,0.35251798561151076,wf_2025,catboost_a,5
2025-05-13,KGS,True,0.35251798561151076,0.35251798561151076,wf_2025,catboost_a,5
2025-05-14,KGS,False,0.2846441947565543,0.35251798561151076,wf_2025,catboost_a,5
2025-05-15,KGS,False,0.2846441947565543,0.35251798561151076,wf_2025,catboost_a,5
2025-05-16,KGS,True,0.35251798561151076,0.35251798561151076,wf_2025,catboost_a,5
2025-05-17,KGS,False,0.2846441947565543,0.35251798561151076,wf_2025,catboost_a,5
2025-05-20,KGS,False,0.2846441947565543,0.35251798561151076,wf_2025,catboost_a,5
2025-05-21,KGS,False,0.2846441947565543,0.35251798561151076,wf_2025,catboost_a,5
2025-05-22,KGS,False,0.2846441947565543,0.35251798561151076,wf_2025,catboost_a,5
2025-05-23,KGS,False,0.2846441947565543,0.35251798561151076,wf_2025,catboost_a,5
2025-05-24,KGS,False,0.2846441947565543,0.35251798561151076,wf_2025,catboost_a,5
2025-05-27,KGS,False,0.2846441947565543,0.35251798561151076,wf_2025,catboost_a,5
2025-05-28,KGS,False,0.2846441947565543,0.35251798561151076,wf_2025,catboost_a,5
2025-05-29,KGS,False,0.2846441947565543,0.35251798561151076,wf_2025,catboost_a,5
2025-05-30,KGS,False,0.2846441947565543,0.35251798561151076,wf_2025,catboost_a,5
2025-05-31,KGS,True,0.35251798561151076,0.35251798561151076,wf_2025,catboost_a,5
2025-06-03,KGS,False,0.2846441947565543,0.35251798561151076,wf_2025,catboost_a,5
2025-06-04,KGS,False,0.2846441947565543,0.35251798561151076,wf_2025,catboost_a,5
2025-06-05,KGS,False,0.2846441947565543,0.35251798561151076,wf_2025,catboost_a,5
2025-06-06,KGS,False,0.2846441947565543,0.35251798561151076,wf_2025,catboost_a,5
2025-06-07,KGS,False,0.2846441947565543,0.35251798561151076,wf_2025,catboost_a,5
2025-06-10,KGS,False,0.2846441947565543,0.35251798561151076,wf_2025,catboost_a,5
2025-06-11,KGS,False,0.2846441947565543,0.35251798561151076,wf_2025,catboost_a,5
2025-06-12,KGS,False,0.2846441947565543,0.35251798561151076,wf_2025,catboost_a,5
2025-06-17,KGS,False,0.2846441947565543,0.35251798561151076,wf_2025,catboost_a,5
2025-06-18,KGS,False,0.2846441947565543,0.35251798561151076,wf_2025,catboost_a,5
2025-06-19,KGS,False,0.2846441947565543,0.35251798561151076,wf_2025,catboost_a,5
2025-06-20,KGS,False,0.2846441947565543,0.35251798561151076,wf_2025,catboost_a,5
2025-06-21,KGS,True,0.35251798561151076,0.35251798561151076,wf_2025,catboost_a,5
2025-06-24,KGS,False,0.2846441947565543,0.35251798561151076,wf_2025,catboost_a,5
2025-06-25,KGS,True,0.35251798561151076,0.35251798561151076,wf_2025,catboost_a,5
2025-06-26,KGS,False,0.2846441947565543,0.35251798561151076,wf_2025,catboost_a,5
2025-06-27,KGS,False,0.2846441947565543,0.35251798561151076,wf_2025,catboost_a,5
2025-06-28,KGS,False,0.2846441947565543,0.35251798561151076,wf_2025,catboost_a,5
2025-07-01,KGS,False,0.35251798561151076,0.35251798561151076,wf_2025,catboost_a,5
2025-07-02,KGS,False,0.2846441947565543,0.35251798561151076,wf_2025,catboost_a,5
2025-07-03,KGS,False,0.35251798561151076,0.35251798561151076,wf_2025,catboost_a,5
2025-07-04,KGS,False,0.35251798561151076,0.35251798561151076,wf_2025,catboost_a,5
2025-07-05,KGS,False,0.35251798561151076,0.35251798561151076,wf_2025,catboost_a,5
2025-07-08,KGS,False,0.35251798561151076,0.35251798561151076,wf_2025,catboost_a,5
2025-07-09,KGS,False,0.2846441947565543,0.35251798561151076,wf_2025,catboost_a,5
2025-07-10,KGS,True,0.35251798561151076,0.35251798561151076,wf_2025,catboost_a,5
2025-07-11,KGS,False,0.2846441947565543,0.35251798561151076,wf_2025,catboost_a,5
2025-07-12,KGS,False,0.2846441947565543,0.35251798561151076,wf_2025,catboost_a,5
2025-07-15,KGS,True,0.35251798561151076,0.35251798561151076,wf_2025,catboost_a,5
2025-07-16,KGS,False,0.2846441947565543,0.35251798561151076,wf_2025,catboost_a,5
2025-07-17,KGS,False,0.2846441947565543,0.35251798561151076,wf_2025,catboost_a,5
2025-07-18,KGS,False,0.2846441947565543,0.35251798561151076,wf_2025,catboost_a,5
2025-07-19,KGS,False,0.2846441947565543,0.35251798561151076,wf_2025,catboost_a,5
2025-07-22,KGS,False,0.35251798561151076,0.35251798561151076,wf_2025,catboost_a,5
2025-07-23,KGS,False,0.2846441947565543,0.35251798561151076,wf_2025,catboost_a,5
2025-07-24,KGS,False,0.35251798561151076,0.35251798561151076,wf_2025,catboost_a,5
2025-07-25,KGS,False,0.35251798561151076,0.35251798561151076,wf_2025,catboost_a,5
2025-07-26,KGS,False,0.35251798561151076,0.35251798561151076,wf_2025,catboost_a,5
2025-07-29,KGS,False,0.35251798561151076,0.35251798561151076,wf_2025,catboost_a,5
2025-07-30,KGS,False,0.35251798561151076,0.35251798561151076,wf_2025,catboost_a,5
2025-07-31,KGS,False,0.35251798561151076,0.35251798561151076,wf_2025,catboost_a,5
2025-08-01,KGS,False,0.35251798561151076,0.35251798561151076,wf_2025,catboost_a,5
2025-08-02,KGS,False,0.35251798561151076,0.35251798561151076,wf_2025,catboost_a,5
2025-08-05,KGS,False,0.35251798561151076,0.35251798561151076,wf_2025,catboost_a,5
2025-08-06,KGS,False,0.35251798561151076,0.35251798561151076,wf_2025,catboost_a,5
2025-08-07,KGS,False,0.35251798561151076,0.35251798561151076,wf_2025,catboost_a,5
2025-08-08,KGS,False,0.35251798561151076,0.35251798561151076,wf_2025,catboost_a,5
2025-08-09,KGS,False,0.35251798561151076,0.35251798561151076,wf_2025,catboost_a,5
2025-08-12,KGS,False,0.35251798561151076,0.35251798561151076,wf_2025,catboost_a,5
2025-08-13,KGS,False,0.35251798561151076,0.35251798561151076,wf_2025,catboost_a,5
2025-08-14,KGS,False,0.35251798561151076,0.35251798561151076,wf_2025,catboost_a,5
2025-08-15,KGS,False,0.35251798561151076,0.35251798561151076,wf_2025,catboost_a,5
2025-08-16,KGS,False,0.35251798561151076,0.35251798561151076,wf_2025,catboost_a,5
2025-08-19,KGS,False,0.35251798561151076,0.35251798561151076,wf_2025,catboost_a,5
2025-08-20,KGS,False,0.35251798561151076,0.35251798561151076,wf_2025,catboost_a,5
2025-08-21,KGS,False,0.35251798561151076,0.35251798561151076,wf_2025,catboost_a,5
2025-08-22,KGS,False,0.35251798561151076,0.35251798561151076,wf_2025,catboost_a,5
2025-08-23,KGS,False,0.35251798561151076,0.35251798561151076,wf_2025,catboost_a,5
2025-08-26,KGS,True,0.35251798561151076,0.35251798561151076,wf_2025,catboost_a,5
2025-08-27,KGS,True,0.35251798561151076,0.35251798561151076,wf_2025,catboost_a,5
2025-08-28,KGS,False,0.2846441947565543,0.35251798561151076,wf_2025,catboost_a,5
2025-08-29,KGS,False,0.2846441947565543,0.35251798561151076,wf_2025,catboost_a,5
2025-08-30,KGS,True,0.35251798561151076,0.35251798561151076,wf_2025,catboost_a,5
2025-01-10,KZT,False,0.35251798561151076,0.35251798561151076,wf_2025,catboost_a,5
2025-01-11,KZT,False,0.35251798561151076,0.35251798561151076,wf_2025,catboost_a,5
2025-01-14,KZT,False,0.35251798561151076,0.35251798561151076,wf_2025,catboost_a,5
2025-01-15,KZT,False,0.35251798561151076,0.35251798561151076,wf_2025,catboost_a,5
2025-01-16,KZT,False,0.35251798561151076,0.35251798561151076,wf_2025,catboost_a,5
2025-01-17,KZT,False,0.35251798561151076,0.35251798561151076,wf_2025,catboost_a,5
2025-01-18,KZT,False,0.35251798561151076,0.35251798561151076,wf_2025,catboost_a,5
2025-01-21,KZT,False,0.35251798561151076,0.35251798561151076,wf_2025,catboost_a,5
2025-01-22,KZT,False,0.2846441947565543,0.35251798561151076,wf_2025,catboost_a,5
2025-01-23,KZT,False,0.2846441947565543,0.35251798561151076,wf_2025,catboost_a,5
2025-01-24,KZT,True,0.35251798561151076,0.35251798561151076,wf_2025,catboost_a,5
2025-01-25,KZT,False,0.2846441947565543,0.35251798561151076,wf_2025,catboost_a,5
2025-01-28,KZT,False,0.2846441947565543,0.35251798561151076,wf_2025,catboost_a,5
2025-01-29,KZT,False,0.2846441947565543,0.35251798561151076,wf_2025,catboost_a,5
2025-01-30,KZT,False,0.2846441947565543,0.35251798561151076,wf_2025,catboost_a,5
2025-01-31,KZT,False,0.2846441947565543,0.35251798561151076,wf_2025,catboost_a,5
2025-02-01,KZT,False,0.2846441947565543,0.35251798561151076,wf_2025,catboost_a,5
2025-02-04,KZT,False,0.35251798561151076,0.35251798561151076,wf_2025,catboost_a,5
2025-02-05,KZT,False,0.2846441947565543,0.35251798561151076,wf_2025,catboost_a,5
2025-02-06,KZT,False,0.2846441947565543,0.35251798561151076,wf_2025,catboost_a,5
2025-02-07,KZT,False,0.2846441947565543,0.35251798561151076,wf_2025,catboost_a,5
2025-02-08,KZT,False,0.2846441947565543,0.35251798561151076,wf_2025,catboost_a,5
2025-02-11,KZT,False,0.35251798561151076,0.35251798561151076,wf_2025,catboost_a,5
2025-02-12,KZT,False,0.2846441947565543,0.35251798561151076,wf_2025,catboost_a,5
2025-02-13,KZT,False,0.2846441947565543,0.35251798561151076,wf_2025,catboost_a,5
2025-02-14,KZT,False,0.2846441947565543,0.35251798561151076,wf_2025,catboost_a,5
2025-02-15,KZT,False,0.2846441947565543,0.35251798561151076,wf_2025,catboost_a,5
2025-02-18,KZT,True,0.35251798561151076,0.35251798561151076,wf_2025,catboost_a,5
2025-02-19,KZT,False,0.2846441947565543,0.35251798561151076,wf_2025,catboost_a,5
2025-02-20,KZT,False,0.2846441947565543,0.35251798561151076,wf_2025,catboost_a,5
2025-02-21,KZT,False,0.2846441947565543,0.35251798561151076,wf_2025,catboost_a,5
2025-02-22,KZT,True,0.35251798561151076,0.35251798561151076,wf_2025,catboost_a,5
2025-02-25,KZT,False,0.2846441947565543,0.35251798561151076,wf_2025,catboost_a,5
2025-02-26,KZT,False,0.2846441947565543,0.35251798561151076,wf_2025,catboost_a,5
2025-02-27,KZT,True,0.35251798561151076,0.35251798561151076,wf_2025,catboost_a,5
2025-02-28,KZT,False,0.2846441947565543,0.35251798561151076,wf_2025,catboost_a,5
2025-03-01,KZT,False,0.2846441947565543,0.35251798561151076,wf_2025,catboost_a,5
2025-03-04,KZT,False,0.2846441947565543,0.35251798561151076,wf_2025,catboost_a,5
2025-03-05,KZT,False,0.2846441947565543,0.35251798561151076,wf_2025,catboost_a,5
2025-03-06,KZT,True,0.35251798561151076,0.35251798561151076,wf_2025,catboost_a,5
2025-03-07,KZT,True,0.35251798561151076,0.35251798561151076,wf_2025,catboost_a,5
2025-03-08,KZT,True,0.35251798561151076,0.35251798561151076,wf_2025,catboost_a,5
2025-03-11,KZT,False,0.2846441947565543,0.35251798561151076,wf_2025,catboost_a,5
2025-03-12,KZT,False,0.2846441947565543,0.35251798561151076,wf_2025,catboost_a,5
2025-03-13,KZT,False,0.2846441947565543,0.35251798561151076,wf_2025,catboost_a,5
2025-03-14,KZT,False,0.2846441947565543,0.35251798561151076,wf_2025,catboost_a,5
2025-03-15,KZT,False,0.2846441947565543,0.35251798561151076,wf_2025,catboost_a,5
2025-03-18,KZT,False,0.2846441947565543,0.35251798561151076,wf_2025,catboost_a,5
2025-03-19,KZT,False,0.2846441947565543,0.35251798561151076,wf_2025,catboost_a,5
2025-03-20,KZT,True,0.35251798561151076,0.35251798561151076,wf_2025,catboost_a,5
2025-03-21,KZT,False,0.2846441947565543,0.35251798561151076,wf_2025,catboost_a,5
2025-03-22,KZT,False,0.2846441947565543,0.35251798561151076,wf_2025,catboost_a,5
2025-03-25,KZT,False,0.2846441947565543,0.35251798561151076,wf_2025,catboost_a,5
2025-03-26,KZT,False,0.2846441947565543,0.35251798561151076,wf_2025,catboost_a,5
2025-03-27,KZT,False,0.2846441947565543,0.35251798561151076,wf_2025,catboost_a,5
2025-03-28,KZT,False,0.2846441947565543,0.35251798561151076,wf_2025,catboost_a,5
2025-03-29,KZT,False,0.2846441947565543,0.35251798561151076,wf_2025,catboost_a,5
2025-04-01,KZT,False,0.35251798561151076,0.35251798561151076,wf_2025,catboost_a,5
2025-04-02,KZT,False,0.2846441947565543,0.35251798561151076,wf_2025,catboost_a,5
2025-04-03,KZT,False,0.2846441947565543,0.35251798561151076,wf_2025,catboost_a,5
2025-04-04,KZT,False,0.2846441947565543,0.35251798561151076,wf_2025,catboost_a,5
2025-04-05,KZT,False,0.35251798561151076,0.35251798561151076,wf_2025,catboost_a,5
2025-04-08,KZT,False,0.35251798561151076,0.35251798561151076,wf_2025,catboost_a,5
2025-04-09,KZT,False,0.2846441947565543,0.35251798561151076,wf_2025,catboost_a,5
2025-04-10,KZT,False,0.2846441947565543,0.35251798561151076,wf_2025,catboost_a,5
2025-04-11,KZT,False,0.2846441947565543,0.35251798561151076,wf_2025,catboost_a,5
2025-04-12,KZT,False,0.2846441947565543,0.35251798561151076,wf_2025,catboost_a,5
2025-04-15,KZT,False,0.2846441947565543,0.35251798561151076,wf_2025,catboost_a,5
2025-04-16,KZT,False,0.2846441947565543,0.35251798561151076,wf_2025,catboost_a,5
2025-04-17,KZT,True,0.35251798561151076,0.35251798561151076,wf_2025,catboost_a,5
2025-04-18,KZT,False,0.2846441947565543,0.35251798561151076,wf_2025,catboost_a,5
2025-04-19,KZT,False,0.2846441947565543,0.35251798561151076,wf_2025,catboost_a,5
2025-04-22,KZT,False,0.2846441947565543,0.35251798561151076,wf_2025,catboost_a,5
2025-04-23,KZT,True,0.35251798561151076,0.35251798561151076,wf_2025,catboost_a,5
2025-04-24,KZT,False,0.2846441947565543,0.35251798561151076,wf_2025,catboost_a,5
2025-04-25,KZT,False,0.2846441947565543,0.35251798561151076,wf_2025,catboost_a,5
2025-04-26,KZT,False,0.2846441947565543,0.35251798561151076,wf_2025,catboost_a,5
2025-04-29,KZT,True,0.35251798561151076,0.35251798561151076,wf_2025,catboost_a,5
2025-04-30,KZT,False,0.2846441947565543,0.35251798561151076,wf_2025,catboost_a,5
2025-05-01,KZT,False,0.2846441947565543,0.35251798561151076,wf_2025,catboost_a,5
2025-05-06,KZT,False,0.2846441947565543,0.35251798561151076,wf_2025,catboost_a,5
2025-05-07,KZT,False,0.2846441947565543,0.35251798561151076,wf_2025,catboost_a,5
2025-05-08,KZT,False,0.2846441947565543,0.35251798561151076,wf_2025,catboost_a,5
2025-05-13,KZT,False,0.2846441947565543,0.35251798561151076,wf_2025,catboost_a,5
2025-05-14,KZT,False,0.2846441947565543,0.35251798561151076,wf_2025,catboost_a,5
2025-05-15,KZT,False,0.2846441947565543,0.35251798561151076,wf_2025,catboost_a,5
2025-05-16,KZT,False,0.35251798561151076,0.35251798561151076,wf_2025,catboost_a,5
2025-05-17,KZT,False,0.35251798561151076,0.35251798561151076,wf_2025,catboost_a,5
2025-05-20,KZT,False,0.35251798561151076,0.35251798561151076,wf_2025,catboost_a,5
2025-05-21,KZT,False,0.2846441947565543,0.35251798561151076,wf_2025,catboost_a,5
2025-05-22,KZT,False,0.2846441947565543,0.35251798561151076,wf_2025,catboost_a,5
2025-05-23,KZT,False,0.2846441947565543,0.35251798561151076,wf_2025,catboost_a,5
2025-05-24,KZT,False,0.35251798561151076,0.35251798561151076,wf_2025,catboost_a,5
2025-05-27,KZT,False,0.2846441947565543,0.35251798561151076,wf_2025,catboost_a,5
2025-05-28,KZT,False,0.2846441947565543,0.35251798561151076,wf_2025,catboost_a,5
2025-05-29,KZT,False,0.2846441947565543,0.35251798561151076,wf_2025,catboost_a,5
2025-05-30,KZT,False,0.2846441947565543,0.35251798561151076,wf_2025,catboost_a,5
2025-05-31,KZT,True,0.35251798561151076,0.35251798561151076,wf_2025,catboost_a,5
2025-06-03,KZT,False,0.2846441947565543,0.35251798561151076,wf_2025,catboost_a,5
2025-06-04,KZT,False,0.2846441947565543,0.35251798561151076,wf_2025,catboost_a,5
2025-06-05,KZT,False,0.2846441947565543,0.35251798561151076,wf_2025,catboost_a,5
2025-06-06,KZT,False,0.2846441947565543,0.35251798561151076,wf_2025,catboost_a,5
2025-06-07,KZT,False,0.2846441947565543,0.35251798561151076,wf_2025,catboost_a,5
2025-06-10,KZT,False,0.2846441947565543,0.35251798561151076,wf_2025,catboost_a,5
2025-06-11,KZT,False,0.2846441947565543,0.35251798561151076,wf_2025,catboost_a,5
2025-06-12,KZT,False,0.35251798561151076,0.35251798561151076,wf_2025,catboost_a,5
2025-06-17,KZT,False,0.2846441947565543,0.35251798561151076,wf_2025,catboost_a,5
2025-06-18,KZT,False,0.2846441947565543,0.35251798561151076,wf_2025,catboost_a,5
2025-06-19,KZT,False,0.2846441947565543,0.35251798561151076,wf_2025,catboost_a,5
2025-06-20,KZT,False,0.2846441947565543,0.35251798561151076,wf_2025,catboost_a,5
2025-06-21,KZT,False,0.2846441947565543,0.35251798561151076,wf_2025,catboost_a,5
2025-06-24,KZT,False,0.2846441947565543,0.35251798561151076,wf_2025,catboost_a,5
2025-06-25,KZT,False,0.2846441947565543,0.35251798561151076,wf_2025,catboost_a,5
2025-06-26,KZT,True,0.35251798561151076,0.35251798561151076,wf_2025,catboost_a,5
2025-06-27,KZT,False,0.2846441947565543,0.35251798561151076,wf_2025,catboost_a,5
2025-06-28,KZT,False,0.2846441947565543,0.35251798561151076,wf_2025,catboost_a,5
2025-07-01,KZT,False,0.2846441947565543,0.35251798561151076,wf_2025,catboost_a,5
2025-07-02,KZT,False,0.2846441947565543,0.35251798561151076,wf_2025,catboost_a,5
2025-07-03,KZT,True,0.35251798561151076,0.35251798561151076,wf_2025,catboost_a,5
2025-07-04,KZT,True,0.35251798561151076,0.35251798561151076,wf_2025,catboost_a,5
2025-07-05,KZT,True,0.35251798561151076,0.35251798561151076,wf_2025,catboost_a,5
2025-07-08,KZT,False,0.35251798561151076,0.35251798561151076,wf_2025,catboost_a,5
2025-07-09,KZT,False,0.2846441947565543,0.35251798561151076,wf_2025,catboost_a,5
2025-07-10,KZT,False,0.2846441947565543,0.35251798561151076,wf_2025,catboost_a,5
2025-07-11,KZT,False,0.2846441947565543,0.35251798561151076,wf_2025,catboost_a,5
2025-07-12,KZT,False,0.2846441947565543,0.35251798561151076,wf_2025,catboost_a,5
2025-07-15,KZT,False,0.2846441947565543,0.35251798561151076,wf_2025,catboost_a,5
2025-07-16,KZT,False,0.2846441947565543,0.35251798561151076,wf_2025,catboost_a,5
2025-07-17,KZT,False,0.2846441947565543,0.35251798561151076,wf_2025,catboost_a,5
2025-07-18,KZT,True,0.35251798561151076,0.35251798561151076,wf_2025,catboost_a,5
2025-07-19,KZT,False,0.2846441947565543,0.35251798561151076,wf_2025,catboost_a,5
2025-07-22,KZT,False,0.2846441947565543,0.35251798561151076,wf_2025,catboost_a,5
2025-07-23,KZT,True,0.35251798561151076,0.35251798561151076,wf_2025,catboost_a,5
2025-07-24,KZT,False,0.2846441947565543,0.35251798561151076,wf_2025,catboost_a,5
2025-07-25,KZT,False,0.2846441947565543,0.35251798561151076,wf_2025,catboost_a,5
2025-07-26,KZT,True,0.35251798561151076,0.35251798561151076,wf_2025,catboost_a,5
2025-07-29,KZT,False,0.2846441947565543,0.35251798561151076,wf_2025,catboost_a,5
2025-07-30,KZT,True,0.35251798561151076,0.35251798561151076,wf_2025,catboost_a,5
2025-07-31,KZT,False,0.35251798561151076,0.35251798561151076,wf_2025,catboost_a,5
2025-08-01,KZT,False,0.2846441947565543,0.35251798561151076,wf_2025,catboost_a,5
2025-08-02,KZT,False,0.35251798561151076,0.35251798561151076,wf_2025,catboost_a,5
2025-08-05,KZT,False,0.2846441947565543,0.35251798561151076,wf_2025,catboost_a,5
2025-08-06,KZT,False,0.35251798561151076,0.35251798561151076,wf_2025,catboost_a,5
2025-08-07,KZT,False,0.35251798561151076,0.35251798561151076,wf_2025,catboost_a,5
2025-08-08,KZT,False,0.35251798561151076,0.35251798561151076,wf_2025,catboost_a,5
2025-08-09,KZT,False,0.35251798561151076,0.35251798561151076,wf_2025,catboost_a,5
2025-08-12,KZT,False,0.2846441947565543,0.35251798561151076,wf_2025,catboost_a,5
2025-08-13,KZT,False,0.2846441947565543,0.35251798561151076,wf_2025,catboost_a,5
2025-08-14,KZT,False,0.2846441947565543,0.35251798561151076,wf_2025,catboost_a,5
2025-08-15,KZT,False,0.35251798561151076,0.35251798561151076,wf_2025,catboost_a,5
2025-08-16,KZT,False,0.35251798561151076,0.35251798561151076,wf_2025,catboost_a,5
2025-08-19,KZT,False,0.35251798561151076,0.35251798561151076,wf_2025,catboost_a,5
2025-08-20,KZT,False,0.35251798561151076,0.35251798561151076,wf_2025,catboost_a,5
2025-08-21,KZT,False,0.35251798561151076,0.35251798561151076,wf_2025,catboost_a,5
2025-08-22,KZT,False,0.35251798561151076,0.35251798561151076,wf_2025,catboost_a,5
2025-08-23,KZT,True,0.35251798561151076,0.35251798561151076,wf_2025,catboost_a,5
2025-08-26,KZT,True,0.35251798561151076,0.35251798561151076,wf_2025,catboost_a,5
2025-08-27,KZT,True,0.35251798561151076,0.35251798561151076,wf_2025,catboost_a,5
2025-08-28,KZT,True,0.35251798561151076,0.35251798561151076,wf_2025,catboost_a,5
2025-08-29,KZT,True,0.35251798561151076,0.35251798561151076,wf_2025,catboost_a,5
2025-08-30,KZT,True,0.35251798561151076,0.35251798561151076,wf_2025,catboost_a,5
2025-01-10,TJS,False,0.35251798561151076,0.35251798561151076,wf_2025,catboost_a,5
2025-01-11,TJS,False,0.35251798561151076,0.35251798561151076,wf_2025,catboost_a,5
2025-01-14,TJS,False,0.35251798561151076,0.35251798561151076,wf_2025,catboost_a,5
2025-01-15,TJS,False,0.35251798561151076,0.35251798561151076,wf_2025,catboost_a,5
2025-01-16,TJS,False,0.35251798561151076,0.35251798561151076,wf_2025,catboost_a,5
2025-01-17,TJS,False,0.35251798561151076,0.35251798561151076,wf_2025,catboost_a,5
2025-01-18,TJS,False,0.35251798561151076,0.35251798561151076,wf_2025,catboost_a,5
2025-01-21,TJS,False,0.35251798561151076,0.35251798561151076,wf_2025,catboost_a,5
2025-01-22,TJS,False,0.35251798561151076,0.35251798561151076,wf_2025,catboost_a,5
2025-01-23,TJS,False,0.2846441947565543,0.35251798561151076,wf_2025,catboost_a,5
2025-01-24,TJS,True,0.35251798561151076,0.35251798561151076,wf_2025,catboost_a,5
2025-01-25,TJS,False,0.35251798561151076,0.35251798561151076,wf_2025,catboost_a,5
2025-01-28,TJS,False,0.35251798561151076,0.35251798561151076,wf_2025,catboost_a,5
2025-01-29,TJS,True,0.35251798561151076,0.35251798561151076,wf_2025,catboost_a,5
2025-01-30,TJS,False,0.35251798561151076,0.35251798561151076,wf_2025,catboost_a,5
2025-01-31,TJS,False,0.35251798561151076,0.35251798561151076,wf_2025,catboost_a,5
2025-02-01,TJS,False,0.35251798561151076,0.35251798561151076,wf_2025,catboost_a,5
2025-02-04,TJS,False,0.35251798561151076,0.35251798561151076,wf_2025,catboost_a,5
2025-02-05,TJS,False,0.35251798561151076,0.35251798561151076,wf_2025,catboost_a,5
2025-02-06,TJS,False,0.35251798561151076,0.35251798561151076,wf_2025,catboost_a,5
2025-02-07,TJS,False,0.2846441947565543,0.35251798561151076,wf_2025,catboost_a,5
2025-02-08,TJS,True,0.35251798561151076,0.35251798561151076,wf_2025,catboost_a,5
2025-02-11,TJS,False,0.2846441947565543,0.35251798561151076,wf_2025,catboost_a,5
2025-02-12,TJS,False,0.2846441947565543,0.35251798561151076,wf_2025,catboost_a,5
2025-02-13,TJS,False,0.2846441947565543,0.35251798561151076,wf_2025,catboost_a,5
2025-02-14,TJS,False,0.2846441947565543,0.35251798561151076,wf_2025,catboost_a,5
2025-02-15,TJS,False,0.2846441947565543,0.35251798561151076,wf_2025,catboost_a,5
2025-02-18,TJS,True,0.35251798561151076,0.35251798561151076,wf_2025,catboost_a,5
2025-02-19,TJS,False,0.2846441947565543,0.35251798561151076,wf_2025,catboost_a,5
2025-02-20,TJS,False,0.2846441947565543,0.35251798561151076,wf_2025,catboost_a,5
2025-02-21,TJS,False,0.2846441947565543,0.35251798561151076,wf_2025,catboost_a,5
2025-02-22,TJS,False,0.2846441947565543,0.35251798561151076,wf_2025,catboost_a,5
2025-02-25,TJS,True,0.35251798561151076,0.35251798561151076,wf_2025,catboost_a,5
2025-02-26,TJS,False,0.2846441947565543,0.35251798561151076,wf_2025,catboost_a,5
2025-02-27,TJS,False,0.2846441947565543,0.35251798561151076,wf_2025,catboost_a,5
2025-02-28,TJS,True,0.35251798561151076,0.35251798561151076,wf_2025,catboost_a,5
2025-03-01,TJS,False,0.2846441947565543,0.35251798561151076,wf_2025,catboost_a,5
2025-03-04,TJS,False,0.2846441947565543,0.35251798561151076,wf_2025,catboost_a,5
2025-03-05,TJS,False,0.2846441947565543,0.35251798561151076,wf_2025,catboost_a,5
2025-03-06,TJS,True,0.35251798561151076,0.35251798561151076,wf_2025,catboost_a,5
2025-03-07,TJS,True,0.35251798561151076,0.35251798561151076,wf_2025,catboost_a,5
2025-03-08,TJS,False,0.2846441947565543,0.35251798561151076,wf_2025,catboost_a,5
2025-03-11,TJS,False,0.2846441947565543,0.35251798561151076,wf_2025,catboost_a,5
2025-03-12,TJS,False,0.2846441947565543,0.35251798561151076,wf_2025,catboost_a,5
2025-03-13,TJS,False,0.2846441947565543,0.35251798561151076,wf_2025,catboost_a,5
2025-03-14,TJS,False,0.2846441947565543,0.35251798561151076,wf_2025,catboost_a,5
2025-03-15,TJS,False,0.2846441947565543,0.35251798561151076,wf_2025,catboost_a,5
2025-03-18,TJS,False,0.2846441947565543,0.35251798561151076,wf_2025,catboost_a,5
2025-03-19,TJS,False,0.2846441947565543,0.35251798561151076,wf_2025,catboost_a,5
2025-03-20,TJS,True,0.35251798561151076,0.35251798561151076,wf_2025,catboost_a,5
2025-03-21,TJS,False,0.2846441947565543,0.35251798561151076,wf_2025,catboost_a,5
2025-03-22,TJS,False,0.2846441947565543,0.35251798561151076,wf_2025,catboost_a,5
2025-03-25,TJS,False,0.2846441947565543,0.35251798561151076,wf_2025,catboost_a,5
2025-03-26,TJS,False,0.2846441947565543,0.35251798561151076,wf_2025,catboost_a,5
2025-03-27,TJS,False,0.2846441947565543,0.35251798561151076,wf_2025,catboost_a,5
2025-03-28,TJS,False,0.2846441947565543,0.35251798561151076,wf_2025,catboost_a,5
2025-03-29,TJS,False,0.2846441947565543,0.35251798561151076,wf_2025,catboost_a,5
2025-04-01,TJS,False,0.35251798561151076,0.35251798561151076,wf_2025,catboost_a,5
2025-04-02,TJS,False,0.35251798561151076,0.35251798561151076,wf_2025,catboost_a,5
2025-04-03,TJS,False,0.35251798561151076,0.35251798561151076,wf_2025,catboost_a,5
2025-04-04,TJS,False,0.35251798561151076,0.35251798561151076,wf_2025,catboost_a,5
2025-04-05,TJS,False,0.35251798561151076,0.35251798561151076,wf_2025,catboost_a,5
2025-04-08,TJS,False,0.35251798561151076,0.35251798561151076,wf_2025,catboost_a,5
2025-04-09,TJS,False,0.35251798561151076,0.35251798561151076,wf_2025,catboost_a,5
2025-04-10,TJS,False,0.35251798561151076,0.35251798561151076,wf_2025,catboost_a,5
2025-04-11,TJS,False,0.35251798561151076,0.35251798561151076,wf_2025,catboost_a,5
2025-04-12,TJS,False,0.2846441947565543,0.35251798561151076,wf_2025,catboost_a,5
2025-04-15,TJS,False,0.2846441947565543,0.35251798561151076,wf_2025,catboost_a,5
2025-04-16,TJS,False,0.2846441947565543,0.35251798561151076,wf_2025,catboost_a,5
2025-04-17,TJS,True,0.35251798561151076,0.35251798561151076,wf_2025,catboost_a,5
2025-04-18,TJS,False,0.2846441947565543,0.35251798561151076,wf_2025,catboost_a,5
2025-04-19,TJS,False,0.2846441947565543,0.35251798561151076,wf_2025,catboost_a,5
2025-04-22,TJS,True,0.35251798561151076,0.35251798561151076,wf_2025,catboost_a,5
2025-04-23,TJS,False,0.2846441947565543,0.35251798561151076,wf_2025,catboost_a,5
2025-04-24,TJS,False,0.35251798561151076,0.35251798561151076,wf_2025,catboost_a,5
2025-04-25,TJS,False,0.35251798561151076,0.35251798561151076,wf_2025,catboost_a,5
2025-04-26,TJS,False,0.35251798561151076,0.35251798561151076,wf_2025,catboost_a,5
2025-04-29,TJS,False,0.35251798561151076,0.35251798561151076,wf_2025,catboost_a,5
2025-04-30,TJS,False,0.35251798561151076,0.35251798561151076,wf_2025,catboost_a,5
2025-05-01,TJS,False,0.35251798561151076,0.35251798561151076,wf_2025,catboost_a,5
2025-05-06,TJS,True,0.35251798561151076,0.35251798561151076,wf_2025,catboost_a,5
2025-05-07,TJS,True,0.35251798561151076,0.35251798561151076,wf_2025,catboost_a,5
2025-05-08,TJS,True,0.35251798561151076,0.35251798561151076,wf_2025,catboost_a,5
2025-05-13,TJS,False,0.35251798561151076,0.35251798561151076,wf_2025,catboost_a,5
2025-05-14,TJS,False,0.35251798561151076,0.35251798561151076,wf_2025,catboost_a,5
2025-05-15,TJS,False,0.35251798561151076,0.35251798561151076,wf_2025,catboost_a,5
2025-05-16,TJS,False,0.35251798561151076,0.35251798561151076,wf_2025,catboost_a,5
2025-05-17,TJS,False,0.35251798561151076,0.35251798561151076,wf_2025,catboost_a,5
2025-05-20,TJS,False,0.35251798561151076,0.35251798561151076,wf_2025,catboost_a,5
2025-05-21,TJS,False,0.35251798561151076,0.35251798561151076,wf_2025,catboost_a,5
2025-05-22,TJS,False,0.35251798561151076,0.35251798561151076,wf_2025,catboost_a,5
2025-05-23,TJS,False,0.35251798561151076,0.35251798561151076,wf_2025,catboost_a,5
2025-05-24,TJS,False,0.35251798561151076,0.35251798561151076,wf_2025,catboost_a,5
2025-05-27,TJS,False,0.35251798561151076,0.35251798561151076,wf_2025,catboost_a,5
2025-05-28,TJS,False,0.35251798561151076,0.35251798561151076,wf_2025,catboost_a,5
2025-05-29,TJS,False,0.35251798561151076,0.35251798561151076,wf_2025,catboost_a,5
2025-05-30,TJS,True,0.35251798561151076,0.35251798561151076,wf_2025,catboost_a,5
2025-05-31,TJS,True,0.35251798561151076,0.35251798561151076,wf_2025,catboost_a,5
2025-06-03,TJS,True,0.35251798561151076,0.35251798561151076,wf_2025,catboost_a,5
2025-06-04,TJS,True,0.35251798561151076,0.35251798561151076,wf_2025,catboost_a,5
2025-06-05,TJS,True,0.35251798561151076,0.35251798561151076,wf_2025,catboost_a,5
2025-06-06,TJS,True,0.35251798561151076,0.35251798561151076,wf_2025,catboost_a,5
2025-06-07,TJS,False,0.35251798561151076,0.35251798561151076,wf_2025,catboost_a,5
2025-06-10,TJS,False,0.35251798561151076,0.35251798561151076,wf_2025,catboost_a,5
2025-06-11,TJS,False,0.35251798561151076,0.35251798561151076,wf_2025,catboost_a,5
2025-06-12,TJS,False,0.35251798561151076,0.35251798561151076,wf_2025,catboost_a,5
2025-06-17,TJS,False,0.35251798561151076,0.35251798561151076,wf_2025,catboost_a,5
2025-06-18,TJS,False,0.35251798561151076,0.35251798561151076,wf_2025,catboost_a,5
2025-06-19,TJS,False,0.35251798561151076,0.35251798561151076,wf_2025,catboost_a,5
2025-06-20,TJS,True,0.35251798561151076,0.35251798561151076,wf_2025,catboost_a,5
2025-06-21,TJS,True,0.35251798561151076,0.35251798561151076,wf_2025,catboost_a,5
2025-06-24,TJS,True,0.35251798561151076,0.35251798561151076,wf_2025,catboost_a,5
2025-06-25,TJS,True,0.35251798561151076,0.35251798561151076,wf_2025,catboost_a,5
2025-06-26,TJS,True,0.35251798561151076,0.35251798561151076,wf_2025,catboost_a,5
2025-06-27,TJS,True,0.35251798561151076,0.35251798561151076,wf_2025,catboost_a,5
2025-06-28,TJS,False,0.35251798561151076,0.35251798561151076,wf_2025,catboost_a,5
2025-07-01,TJS,False,0.35251798561151076,0.35251798561151076,wf_2025,catboost_a,5
2025-07-02,TJS,False,0.35251798561151076,0.35251798561151076,wf_2025,catboost_a,5
2025-07-03,TJS,False,0.35251798561151076,0.35251798561151076,wf_2025,catboost_a,5
2025-07-04,TJS,False,0.35251798561151076,0.35251798561151076,wf_2025,catboost_a,5
2025-07-05,TJS,False,0.35251798561151076,0.35251798561151076,wf_2025,catboost_a,5
2025-07-08,TJS,False,0.35251798561151076,0.35251798561151076,wf_2025,catboost_a,5
2025-07-09,TJS,False,0.35251798561151076,0.35251798561151076,wf_2025,catboost_a,5
2025-07-10,TJS,False,0.35251798561151076,0.35251798561151076,wf_2025,catboost_a,5
2025-07-11,TJS,False,0.35251798561151076,0.35251798561151076,wf_2025,catboost_a,5
2025-07-12,TJS,False,0.35251798561151076,0.35251798561151076,wf_2025,catboost_a,5
2025-07-15,TJS,False,0.35251798561151076,0.35251798561151076,wf_2025,catboost_a,5
2025-07-16,TJS,False,0.35251798561151076,0.35251798561151076,wf_2025,catboost_a,5
2025-07-17,TJS,False,0.35251798561151076,0.35251798561151076,wf_2025,catboost_a,5
2025-07-18,TJS,False,0.35251798561151076,0.35251798561151076,wf_2025,catboost_a,5
2025-07-19,TJS,False,0.35251798561151076,0.35251798561151076,wf_2025,catboost_a,5
2025-07-22,TJS,False,0.35251798561151076,0.35251798561151076,wf_2025,catboost_a,5
2025-07-23,TJS,False,0.35251798561151076,0.35251798561151076,wf_2025,catboost_a,5
2025-07-24,TJS,False,0.35251798561151076,0.35251798561151076,wf_2025,catboost_a,5
2025-07-25,TJS,False,0.35251798561151076,0.35251798561151076,wf_2025,catboost_a,5
2025-07-26,TJS,False,0.35251798561151076,0.35251798561151076,wf_2025,catboost_a,5
2025-07-29,TJS,False,0.35251798561151076,0.35251798561151076,wf_2025,catboost_a,5
2025-07-30,TJS,False,0.35251798561151076,0.35251798561151076,wf_2025,catboost_a,5
2025-07-31,TJS,False,0.35251798561151076,0.35251798561151076,wf_2025,catboost_a,5
2025-08-01,TJS,False,0.35251798561151076,0.35251798561151076,wf_2025,catboost_a,5
2025-08-02,TJS,False,0.35251798561151076,0.35251798561151076,wf_2025,catboost_a,5
2025-08-05,TJS,False,0.35251798561151076,0.35251798561151076,wf_2025,catboost_a,5
2025-08-06,TJS,False,0.35251798561151076,0.35251798561151076,wf_2025,catboost_a,5
2025-08-07,TJS,False,0.35251798561151076,0.35251798561151076,wf_2025,catboost_a,5
2025-08-08,TJS,False,0.35251798561151076,0.35251798561151076,wf_2025,catboost_a,5
2025-08-09,TJS,False,0.35251798561151076,0.35251798561151076,wf_2025,catboost_a,5
2025-08-12,TJS,False,0.35251798561151076,0.35251798561151076,wf_2025,catboost_a,5
2025-08-13,TJS,False,0.35251798561151076,0.35251798561151076,wf_2025,catboost_a,5
2025-08-14,TJS,False,0.35251798561151076,0.35251798561151076,wf_2025,catboost_a,5
2025-08-15,TJS,False,0.35251798561151076,0.35251798561151076,wf_2025,catboost_a,5
2025-08-16,TJS,False,0.35251798561151076,0.35251798561151076,wf_2025,catboost_a,5
2025-08-19,TJS,False,0.35251798561151076,0.35251798561151076,wf_2025,catboost_a,5
2025-08-20,TJS,False,0.35251798561151076,0.35251798561151076,wf_2025,catboost_a,5
2025-08-21,TJS,False,0.35251798561151076,0.35251798561151076,wf_2025,catboost_a,5
2025-08-22,TJS,False,0.2846441947565543,0.35251798561151076,wf_2025,catboost_a,5
2025-08-23,TJS,False,0.35251798561151076,0.35251798561151076,wf_2025,catboost_a,5
2025-08-26,TJS,False,0.35251798561151076,0.35251798561151076,wf_2025,catboost_a,5
2025-08-27,TJS,False,0.35251798561151076,0.35251798561151076,wf_2025,catboost_a,5
2025-08-28,TJS,False,0.2846441947565543,0.35251798561151076,wf_2025,catboost_a,5
2025-08-29,TJS,False,0.2846441947565543,0.35251798561151076,wf_2025,catboost_a,5
2025-08-30,TJS,True,0.35251798561151076,0.35251798561151076,wf_2025,catboost_a,5
2025-01-10,UZS,False,0.35251798561151076,0.35251798561151076,wf_2025,catboost_a,5
2025-01-11,UZS,False,0.35251798561151076,0.35251798561151076,wf_2025,catboost_a,5
2025-01-14,UZS,False,0.35251798561151076,0.35251798561151076,wf_2025,catboost_a,5
2025-01-15,UZS,False,0.35251798561151076,0.35251798561151076,wf_2025,catboost_a,5
2025-01-16,UZS,False,0.35251798561151076,0.35251798561151076,wf_2025,catboost_a,5
2025-01-17,UZS,False,0.35251798561151076,0.35251798561151076,wf_2025,catboost_a,5
2025-01-18,UZS,False,0.35251798561151076,0.35251798561151076,wf_2025,catboost_a,5
2025-01-21,UZS,False,0.35251798561151076,0.35251798561151076,wf_2025,catboost_a,5
2025-01-22,UZS,False,0.35251798561151076,0.35251798561151076,wf_2025,catboost_a,5
2025-01-23,UZS,False,0.2846441947565543,0.35251798561151076,wf_2025,catboost_a,5
2025-01-24,UZS,True,0.35251798561151076,0.35251798561151076,wf_2025,catboost_a,5
2025-01-25,UZS,False,0.35251798561151076,0.35251798561151076,wf_2025,catboost_a,5
2025-01-28,UZS,False,0.35251798561151076,0.35251798561151076,wf_2025,catboost_a,5
2025-01-29,UZS,True,0.35251798561151076,0.35251798561151076,wf_2025,catboost_a,5
2025-01-30,UZS,False,0.35251798561151076,0.35251798561151076,wf_2025,catboost_a,5
2025-01-31,UZS,False,0.35251798561151076,0.35251798561151076,wf_2025,catboost_a,5
2025-02-01,UZS,False,0.35251798561151076,0.35251798561151076,wf_2025,catboost_a,5
2025-02-04,UZS,False,0.35251798561151076,0.35251798561151076,wf_2025,catboost_a,5
2025-02-05,UZS,False,0.35251798561151076,0.35251798561151076,wf_2025,catboost_a,5
2025-02-06,UZS,False,0.35251798561151076,0.35251798561151076,wf_2025,catboost_a,5
2025-02-07,UZS,False,0.2846441947565543,0.35251798561151076,wf_2025,catboost_a,5
2025-02-08,UZS,True,0.35251798561151076,0.35251798561151076,wf_2025,catboost_a,5
2025-02-11,UZS,False,0.2846441947565543,0.35251798561151076,wf_2025,catboost_a,5
2025-02-12,UZS,False,0.2846441947565543,0.35251798561151076,wf_2025,catboost_a,5
2025-02-13,UZS,False,0.2846441947565543,0.35251798561151076,wf_2025,catboost_a,5
2025-02-14,UZS,False,0.2846441947565543,0.35251798561151076,wf_2025,catboost_a,5
2025-02-15,UZS,False,0.2846441947565543,0.35251798561151076,wf_2025,catboost_a,5
2025-02-18,UZS,True,0.35251798561151076,0.35251798561151076,wf_2025,catboost_a,5
2025-02-19,UZS,False,0.2846441947565543,0.35251798561151076,wf_2025,catboost_a,5
2025-02-20,UZS,False,0.2846441947565543,0.35251798561151076,wf_2025,catboost_a,5
2025-02-21,UZS,False,0.2846441947565543,0.35251798561151076,wf_2025,catboost_a,5
2025-02-22,UZS,False,0.2846441947565543,0.35251798561151076,wf_2025,catboost_a,5
2025-02-25,UZS,True,0.35251798561151076,0.35251798561151076,wf_2025,catboost_a,5
2025-02-26,UZS,False,0.2846441947565543,0.35251798561151076,wf_2025,catboost_a,5
2025-02-27,UZS,False,0.2846441947565543,0.35251798561151076,wf_2025,catboost_a,5
2025-02-28,UZS,True,0.35251798561151076,0.35251798561151076,wf_2025,catboost_a,5
2025-03-01,UZS,False,0.2846441947565543,0.35251798561151076,wf_2025,catboost_a,5
2025-03-04,UZS,False,0.2846441947565543,0.35251798561151076,wf_2025,catboost_a,5
2025-03-05,UZS,False,0.2846441947565543,0.35251798561151076,wf_2025,catboost_a,5
2025-03-06,UZS,True,0.35251798561151076,0.35251798561151076,wf_2025,catboost_a,5
2025-03-07,UZS,True,0.35251798561151076,0.35251798561151076,wf_2025,catboost_a,5
2025-03-08,UZS,False,0.2846441947565543,0.35251798561151076,wf_2025,catboost_a,5
2025-03-11,UZS,False,0.2846441947565543,0.35251798561151076,wf_2025,catboost_a,5
2025-03-12,UZS,False,0.2846441947565543,0.35251798561151076,wf_2025,catboost_a,5
2025-03-13,UZS,False,0.2846441947565543,0.35251798561151076,wf_2025,catboost_a,5
2025-03-14,UZS,False,0.2846441947565543,0.35251798561151076,wf_2025,catboost_a,5
2025-03-15,UZS,False,0.2846441947565543,0.35251798561151076,wf_2025,catboost_a,5
2025-03-18,UZS,False,0.2846441947565543,0.35251798561151076,wf_2025,catboost_a,5
2025-03-19,UZS,False,0.2846441947565543,0.35251798561151076,wf_2025,catboost_a,5
2025-03-20,UZS,True,0.35251798561151076,0.35251798561151076,wf_2025,catboost_a,5
2025-03-21,UZS,False,0.2846441947565543,0.35251798561151076,wf_2025,catboost_a,5
2025-03-22,UZS,False,0.2846441947565543,0.35251798561151076,wf_2025,catboost_a,5
2025-03-25,UZS,False,0.2846441947565543,0.35251798561151076,wf_2025,catboost_a,5
2025-03-26,UZS,False,0.2846441947565543,0.35251798561151076,wf_2025,catboost_a,5
2025-03-27,UZS,False,0.2846441947565543,0.35251798561151076,wf_2025,catboost_a,5
2025-03-28,UZS,False,0.2846441947565543,0.35251798561151076,wf_2025,catboost_a,5
2025-03-29,UZS,False,0.2846441947565543,0.35251798561151076,wf_2025,catboost_a,5
2025-04-01,UZS,False,0.35251798561151076,0.35251798561151076,wf_2025,catboost_a,5
2025-04-02,UZS,False,0.35251798561151076,0.35251798561151076,wf_2025,catboost_a,5
2025-04-03,UZS,False,0.35251798561151076,0.35251798561151076,wf_2025,catboost_a,5
2025-04-04,UZS,False,0.2846441947565543,0.35251798561151076,wf_2025,catboost_a,5
2025-04-05,UZS,False,0.2846441947565543,0.35251798561151076,wf_2025,catboost_a,5
2025-04-08,UZS,False,0.35251798561151076,0.35251798561151076,wf_2025,catboost_a,5
2025-04-09,UZS,False,0.35251798561151076,0.35251798561151076,wf_2025,catboost_a,5
2025-04-10,UZS,False,0.35251798561151076,0.35251798561151076,wf_2025,catboost_a,5
2025-04-11,UZS,False,0.35251798561151076,0.35251798561151076,wf_2025,catboost_a,5
2025-04-12,UZS,False,0.2846441947565543,0.35251798561151076,wf_2025,catboost_a,5
2025-04-15,UZS,False,0.2846441947565543,0.35251798561151076,wf_2025,catboost_a,5
2025-04-16,UZS,False,0.2846441947565543,0.35251798561151076,wf_2025,catboost_a,5
2025-04-17,UZS,True,0.35251798561151076,0.35251798561151076,wf_2025,catboost_a,5
2025-04-18,UZS,False,0.2846441947565543,0.35251798561151076,wf_2025,catboost_a,5
2025-04-19,UZS,False,0.2846441947565543,0.35251798561151076,wf_2025,catboost_a,5
2025-04-22,UZS,False,0.2846441947565543,0.35251798561151076,wf_2025,catboost_a,5
2025-04-23,UZS,True,0.35251798561151076,0.35251798561151076,wf_2025,catboost_a,5
2025-04-24,UZS,False,0.2846441947565543,0.35251798561151076,wf_2025,catboost_a,5
2025-04-25,UZS,False,0.35251798561151076,0.35251798561151076,wf_2025,catboost_a,5
2025-04-26,UZS,False,0.2846441947565543,0.35251798561151076,wf_2025,catboost_a,5
2025-04-29,UZS,False,0.2846441947565543,0.35251798561151076,wf_2025,catboost_a,5
2025-04-30,UZS,False,0.2846441947565543,0.35251798561151076,wf_2025,catboost_a,5
2025-05-01,UZS,False,0.2846441947565543,0.35251798561151076,wf_2025,catboost_a,5
2025-05-06,UZS,False,0.2846441947565543,0.35251798561151076,wf_2025,catboost_a,5
2025-05-07,UZS,False,0.2846441947565543,0.35251798561151076,wf_2025,catboost_a,5
2025-05-08,UZS,False,0.2846441947565543,0.35251798561151076,wf_2025,catboost_a,5
2025-05-13,UZS,False,0.2846441947565543,0.35251798561151076,wf_2025,catboost_a,5
2025-05-14,UZS,False,0.2846441947565543,0.35251798561151076,wf_2025,catboost_a,5
2025-05-15,UZS,False,0.2846441947565543,0.35251798561151076,wf_2025,catboost_a,5
2025-05-16,UZS,False,0.2846441947565543,0.35251798561151076,wf_2025,catboost_a,5
2025-05-17,UZS,True,0.35251798561151076,0.35251798561151076,wf_2025,catboost_a,5
2025-05-20,UZS,False,0.2846441947565543,0.35251798561151076,wf_2025,catboost_a,5
2025-05-21,UZS,False,0.2846441947565543,0.35251798561151076,wf_2025,catboost_a,5
2025-05-22,UZS,False,0.2846441947565543,0.35251798561151076,wf_2025,catboost_a,5
2025-05-23,UZS,False,0.2846441947565543,0.35251798561151076,wf_2025,catboost_a,5
2025-05-24,UZS,True,0.35251798561151076,0.35251798561151076,wf_2025,catboost_a,5
2025-05-27,UZS,False,0.2846441947565543,0.35251798561151076,wf_2025,catboost_a,5
2025-05-28,UZS,False,0.2846441947565543,0.35251798561151076,wf_2025,catboost_a,5
2025-05-29,UZS,True,0.35251798561151076,0.35251798561151076,wf_2025,catboost_a,5
2025-05-30,UZS,False,0.2846441947565543,0.35251798561151076,wf_2025,catboost_a,5
2025-05-31,UZS,True,0.35251798561151076,0.35251798561151076,wf_2025,catboost_a,5
2025-06-03,UZS,False,0.2846441947565543,0.35251798561151076,wf_2025,catboost_a,5
2025-06-04,UZS,False,0.2846441947565543,0.35251798561151076,wf_2025,catboost_a,5
2025-06-05,UZS,False,0.2846441947565543,0.35251798561151076,wf_2025,catboost_a,5
2025-06-06,UZS,True,0.35251798561151076,0.35251798561151076,wf_2025,catboost_a,5
2025-06-07,UZS,False,0.2846441947565543,0.35251798561151076,wf_2025,catboost_a,5
2025-06-10,UZS,False,0.35251798561151076,0.35251798561151076,wf_2025,catboost_a,5
2025-06-11,UZS,False,0.35251798561151076,0.35251798561151076,wf_2025,catboost_a,5
2025-06-12,UZS,False,0.35251798561151076,0.35251798561151076,wf_2025,catboost_a,5
2025-06-17,UZS,False,0.2846441947565543,0.35251798561151076,wf_2025,catboost_a,5
2025-06-18,UZS,False,0.35251798561151076,0.35251798561151076,wf_2025,catboost_a,5
2025-06-19,UZS,False,0.35251798561151076,0.35251798561151076,wf_2025,catboost_a,5
2025-06-20,UZS,False,0.35251798561151076,0.35251798561151076,wf_2025,catboost_a,5
2025-06-21,UZS,False,0.35251798561151076,0.35251798561151076,wf_2025,catboost_a,5
2025-06-24,UZS,False,0.35251798561151076,0.35251798561151076,wf_2025,catboost_a,5
2025-06-25,UZS,False,0.35251798561151076,0.35251798561151076,wf_2025,catboost_a,5
2025-06-26,UZS,False,0.35251798561151076,0.35251798561151076,wf_2025,catboost_a,5
2025-06-27,UZS,False,0.35251798561151076,0.35251798561151076,wf_2025,catboost_a,5
2025-06-28,UZS,False,0.2846441947565543,0.35251798561151076,wf_2025,catboost_a,5
2025-07-01,UZS,False,0.2846441947565543,0.35251798561151076,wf_2025,catboost_a,5
2025-07-02,UZS,False,0.2846441947565543,0.35251798561151076,wf_2025,catboost_a,5
2025-07-03,UZS,False,0.35251798561151076,0.35251798561151076,wf_2025,catboost_a,5
2025-07-04,UZS,False,0.35251798561151076,0.35251798561151076,wf_2025,catboost_a,5
2025-07-05,UZS,False,0.35251798561151076,0.35251798561151076,wf_2025,catboost_a,5
2025-07-08,UZS,False,0.35251798561151076,0.35251798561151076,wf_2025,catboost_a,5
2025-07-09,UZS,False,0.2846441947565543,0.35251798561151076,wf_2025,catboost_a,5
2025-07-10,UZS,False,0.2846441947565543,0.35251798561151076,wf_2025,catboost_a,5
2025-07-11,UZS,True,0.35251798561151076,0.35251798561151076,wf_2025,catboost_a,5
2025-07-12,UZS,False,0.35251798561151076,0.35251798561151076,wf_2025,catboost_a,5
2025-07-15,UZS,False,0.35251798561151076,0.35251798561151076,wf_2025,catboost_a,5
2025-07-16,UZS,False,0.2846441947565543,0.35251798561151076,wf_2025,catboost_a,5
2025-07-17,UZS,False,0.2846441947565543,0.35251798561151076,wf_2025,catboost_a,5
2025-07-18,UZS,True,0.35251798561151076,0.35251798561151076,wf_2025,catboost_a,5
2025-07-19,UZS,False,0.35251798561151076,0.35251798561151076,wf_2025,catboost_a,5
2025-07-22,UZS,False,0.35251798561151076,0.35251798561151076,wf_2025,catboost_a,5
2025-07-23,UZS,False,0.35251798561151076,0.35251798561151076,wf_2025,catboost_a,5
2025-07-24,UZS,False,0.35251798561151076,0.35251798561151076,wf_2025,catboost_a,5
2025-07-25,UZS,False,0.35251798561151076,0.35251798561151076,wf_2025,catboost_a,5
2025-07-26,UZS,False,0.35251798561151076,0.35251798561151076,wf_2025,catboost_a,5
2025-07-29,UZS,False,0.35251798561151076,0.35251798561151076,wf_2025,catboost_a,5
2025-07-30,UZS,False,0.35251798561151076,0.35251798561151076,wf_2025,catboost_a,5
2025-07-31,UZS,False,0.35251798561151076,0.35251798561151076,wf_2025,catboost_a,5
2025-08-01,UZS,False,0.35251798561151076,0.35251798561151076,wf_2025,catboost_a,5
2025-08-02,UZS,False,0.2846441947565543,0.35251798561151076,wf_2025,catboost_a,5
2025-08-05,UZS,False,0.2846441947565543,0.35251798561151076,wf_2025,catboost_a,5
2025-08-06,UZS,False,0.35251798561151076,0.35251798561151076,wf_2025,catboost_a,5
2025-08-07,UZS,False,0.35251798561151076,0.35251798561151076,wf_2025,catboost_a,5
2025-08-08,UZS,False,0.35251798561151076,0.35251798561151076,wf_2025,catboost_a,5
2025-08-09,UZS,False,0.35251798561151076,0.35251798561151076,wf_2025,catboost_a,5
2025-08-12,UZS,False,0.2846441947565543,0.35251798561151076,wf_2025,catboost_a,5
2025-08-13,UZS,False,0.35251798561151076,0.35251798561151076,wf_2025,catboost_a,5
2025-08-14,UZS,False,0.35251798561151076,0.35251798561151076,wf_2025,catboost_a,5
2025-08-15,UZS,False,0.35251798561151076,0.35251798561151076,wf_2025,catboost_a,5
2025-08-16,UZS,False,0.35251798561151076,0.35251798561151076,wf_2025,catboost_a,5
2025-08-19,UZS,False,0.35251798561151076,0.35251798561151076,wf_2025,catboost_a,5
2025-08-20,UZS,False,0.35251798561151076,0.35251798561151076,wf_2025,catboost_a,5
2025-08-21,UZS,False,0.35251798561151076,0.35251798561151076,wf_2025,catboost_a,5
2025-08-22,UZS,False,0.35251798561151076,0.35251798561151076,wf_2025,catboost_a,5
2025-08-23,UZS,False,0.35251798561151076,0.35251798561151076,wf_2025,catboost_a,5
2025-08-26,UZS,True,0.35251798561151076,0.35251798561151076,wf_2025,catboost_a,5
2025-08-27,UZS,True,0.35251798561151076,0.35251798561151076,wf_2025,catboost_a,5
2025-08-28,UZS,True,0.35251798561151076,0.35251798561151076,wf_2025,catboost_a,5
2025-08-29,UZS,True,0.35251798561151076,0.35251798561151076,wf_2025,catboost_a,5
2025-08-30,UZS,False,0.2846441947565543,0.35251798561151076,wf_2025,catboost_a,5
2025-09-02,AMD,False,0.3236040609137056,0.3236040609137056,oot,catboost_a,5
2025-09-03,AMD,False,0.3236040609137056,0.3236040609137056,oot,catboost_a,5
2025-09-04,AMD,False,0.3236040609137056,0.3236040609137056,oot,catboost_a,5
2025-09-05,AMD,False,0.3236040609137056,0.3236040609137056,oot,catboost_a,5
2025-09-06,AMD,False,0.3236040609137056,0.3236040609137056,oot,catboost_a,5
2025-09-09,AMD,False,0.3236040609137056,0.3236040609137056,oot,catboost_a,5
2025-09-10,AMD,False,0.3236040609137056,0.3236040609137056,oot,catboost_a,5
2025-09-11,AMD,False,0.3236040609137056,0.3236040609137056,oot,catboost_a,5
2025-09-12,AMD,False,0.3236040609137056,0.3236040609137056,oot,catboost_a,5
2025-09-13,AMD,False,0.3236040609137056,0.3236040609137056,oot,catboost_a,5
2025-09-16,AMD,True,0.3236040609137056,0.3236040609137056,oot,catboost_a,5
2025-09-17,AMD,False,0.21690140845070421,0.3236040609137056,oot,catboost_a,5
2025-09-18,AMD,True,0.3236040609137056,0.3236040609137056,oot,catboost_a,5
2025-09-19,AMD,True,0.3236040609137056,0.3236040609137056,oot,catboost_a,5
2025-09-20,AMD,True,0.3236040609137056,0.3236040609137056,oot,catboost_a,5
2025-09-23,AMD,False,0.3236040609137056,0.3236040609137056,oot,catboost_a,5
2025-09-24,AMD,False,0.3236040609137056,0.3236040609137056,oot,catboost_a,5
2025-09-25,AMD,False,0.3236040609137056,0.3236040609137056,oot,catboost_a,5
2025-09-26,AMD,False,0.3236040609137056,0.3236040609137056,oot,catboost_a,5
2025-09-27,AMD,False,0.3236040609137056,0.3236040609137056,oot,catboost_a,5
2025-09-30,AMD,False,0.3236040609137056,0.3236040609137056,oot,catboost_a,5
2025-10-01,AMD,False,0.3236040609137056,0.3236040609137056,oot,catboost_a,5
2025-10-02,AMD,False,0.21690140845070421,0.3236040609137056,oot,catboost_a,5
2025-10-03,AMD,False,0.21690140845070421,0.3236040609137056,oot,catboost_a,5
2025-10-04,AMD,True,0.3236040609137056,0.3236040609137056,oot,catboost_a,5
2025-10-07,AMD,False,0.3236040609137056,0.3236040609137056,oot,catboost_a,5
2025-10-08,AMD,False,0.3236040609137056,0.3236040609137056,oot,catboost_a,5
2025-10-09,AMD,False,0.3236040609137056,0.3236040609137056,oot,catboost_a,5
2025-10-10,AMD,False,0.21690140845070421,0.3236040609137056,oot,catboost_a,5
2025-10-11,AMD,False,0.21690140845070421,0.3236040609137056,oot,catboost_a,5
2025-10-14,AMD,False,0.21690140845070421,0.3236040609137056,oot,catboost_a,5
2025-10-15,AMD,False,0.21690140845070421,0.3236040609137056,oot,catboost_a,5
2025-10-16,AMD,False,0.21690140845070421,0.3236040609137056,oot,catboost_a,5
2025-10-17,AMD,True,0.3236040609137056,0.3236040609137056,oot,catboost_a,5
2025-10-18,AMD,False,0.3236040609137056,0.3236040609137056,oot,catboost_a,5
2025-10-21,AMD,False,0.3236040609137056,0.3236040609137056,oot,catboost_a,5
2025-10-22,AMD,False,0.3236040609137056,0.3236040609137056,oot,catboost_a,5
2025-10-23,AMD,False,0.3236040609137056,0.3236040609137056,oot,catboost_a,5
2025-10-24,AMD,False,0.3236040609137056,0.3236040609137056,oot,catboost_a,5
2025-10-25,AMD,False,0.3236040609137056,0.3236040609137056,oot,catboost_a,5
2025-10-28,AMD,False,0.21690140845070421,0.3236040609137056,oot,catboost_a,5
2025-10-29,AMD,False,0.3236040609137056,0.3236040609137056,oot,catboost_a,5
2025-10-30,AMD,False,0.3236040609137056,0.3236040609137056,oot,catboost_a,5
2025-10-31,AMD,False,0.3236040609137056,0.3236040609137056,oot,catboost_a,5
2025-11-01,AMD,False,0.3236040609137056,0.3236040609137056,oot,catboost_a,5
2025-11-02,AMD,False,0.3236040609137056,0.3236040609137056,oot,catboost_a,5
2025-11-06,AMD,False,0.3236040609137056,0.3236040609137056,oot,catboost_a,5
2025-11-07,AMD,False,0.3236040609137056,0.3236040609137056,oot,catboost_a,5
2025-11-08,AMD,False,0.3236040609137056,0.3236040609137056,oot,catboost_a,5
2025-11-11,AMD,False,0.3236040609137056,0.3236040609137056,oot,catboost_a,5
2025-11-12,AMD,False,0.3236040609137056,0.3236040609137056,oot,catboost_a,5
2025-11-13,AMD,False,0.3236040609137056,0.3236040609137056,oot,catboost_a,5
2025-11-14,AMD,False,0.3236040609137056,0.3236040609137056,oot,catboost_a,5
2025-11-15,AMD,False,0.3236040609137056,0.3236040609137056,oot,catboost_a,5
2025-11-18,AMD,False,0.3236040609137056,0.3236040609137056,oot,catboost_a,5
2025-11-19,AMD,False,0.3236040609137056,0.3236040609137056,oot,catboost_a,5
2025-11-20,AMD,False,0.3236040609137056,0.3236040609137056,oot,catboost_a,5
2025-11-21,AMD,False,0.3236040609137056,0.3236040609137056,oot,catboost_a,5
2025-11-22,AMD,False,0.3236040609137056,0.3236040609137056,oot,catboost_a,5
2025-11-25,AMD,False,0.16901408450704225,0.3236040609137056,oot,catboost_a,5
2025-11-26,AMD,False,0.21690140845070421,0.3236040609137056,oot,catboost_a,5
2025-11-27,AMD,False,0.21690140845070421,0.3236040609137056,oot,catboost_a,5
2025-11-28,AMD,False,0.21690140845070421,0.3236040609137056,oot,catboost_a,5
2025-11-29,AMD,False,0.16901408450704225,0.3236040609137056,oot,catboost_a,5
2025-12-02,AMD,False,0.16901408450704225,0.3236040609137056,oot,catboost_a,5
2025-12-03,AMD,False,0.16901408450704225,0.3236040609137056,oot,catboost_a,5
2025-12-04,AMD,True,0.3236040609137056,0.3236040609137056,oot,catboost_a,5
2025-12-05,AMD,False,0.21690140845070421,0.3236040609137056,oot,catboost_a,5
2025-12-06,AMD,False,0.21690140845070421,0.3236040609137056,oot,catboost_a,5
2025-12-09,AMD,True,0.3236040609137056,0.3236040609137056,oot,catboost_a,5
2025-12-10,AMD,False,0.21690140845070421,0.3236040609137056,oot,catboost_a,5
2025-12-11,AMD,False,0.21690140845070421,0.3236040609137056,oot,catboost_a,5
2025-12-12,AMD,False,0.3236040609137056,0.3236040609137056,oot,catboost_a,5
2025-12-13,AMD,False,0.3236040609137056,0.3236040609137056,oot,catboost_a,5
2025-12-16,AMD,False,0.3236040609137056,0.3236040609137056,oot,catboost_a,5
2025-12-17,AMD,False,0.3236040609137056,0.3236040609137056,oot,catboost_a,5
2025-12-18,AMD,False,0.3236040609137056,0.3236040609137056,oot,catboost_a,5
2025-12-19,AMD,False,0.3236040609137056,0.3236040609137056,oot,catboost_a,5
2025-12-20,AMD,False,0.3236040609137056,0.3236040609137056,oot,catboost_a,5
2025-12-23,AMD,False,0.3236040609137056,0.3236040609137056,oot,catboost_a,5
2025-12-24,AMD,True,0.3236040609137056,0.3236040609137056,oot,catboost_a,5
2025-12-25,AMD,False,0.21690140845070421,0.3236040609137056,oot,catboost_a,5
2025-12-26,AMD,False,0.16901408450704225,0.3236040609137056,oot,catboost_a,5
2025-12-27,AMD,False,0.16901408450704225,0.3236040609137056,oot,catboost_a,5
2025-12-30,AMD,False,0.16901408450704225,0.3236040609137056,oot,catboost_a,5
2025-12-31,AMD,True,0.3236040609137056,0.3236040609137056,oot,catboost_a,5
2026-01-13,AMD,False,0.3236040609137056,0.3236040609137056,oot,catboost_a,5
2026-01-14,AMD,False,0.3236040609137056,0.3236040609137056,oot,catboost_a,5
2026-01-15,AMD,False,0.3236040609137056,0.3236040609137056,oot,catboost_a,5
2026-01-16,AMD,False,0.3236040609137056,0.3236040609137056,oot,catboost_a,5
2026-01-17,AMD,False,0.3236040609137056,0.3236040609137056,oot,catboost_a,5
2026-01-20,AMD,True,0.3236040609137056,0.3236040609137056,oot,catboost_a,5
2026-01-21,AMD,True,0.3236040609137056,0.3236040609137056,oot,catboost_a,5
2026-01-22,AMD,True,0.3236040609137056,0.3236040609137056,oot,catboost_a,5
2026-01-23,AMD,False,0.21690140845070421,0.3236040609137056,oot,catboost_a,5
2026-01-24,AMD,False,0.16901408450704225,0.3236040609137056,oot,catboost_a,5
2026-01-27,AMD,True,0.3236040609137056,0.3236040609137056,oot,catboost_a,5
2026-01-28,AMD,False,0.21690140845070421,0.3236040609137056,oot,catboost_a,5
2026-01-29,AMD,False,0.21690140845070421,0.3236040609137056,oot,catboost_a,5
2026-01-30,AMD,False,0.21690140845070421,0.3236040609137056,oot,catboost_a,5
2026-01-31,AMD,False,0.16901408450704225,0.3236040609137056,oot,catboost_a,5
2026-02-03,AMD,True,0.3236040609137056,0.3236040609137056,oot,catboost_a,5
2026-02-04,AMD,False,0.3236040609137056,0.3236040609137056,oot,catboost_a,5
2026-02-05,AMD,False,0.3236040609137056,0.3236040609137056,oot,catboost_a,5
2026-02-06,AMD,False,0.3236040609137056,0.3236040609137056,oot,catboost_a,5
2026-02-07,AMD,False,0.3236040609137056,0.3236040609137056,oot,catboost_a,5
2026-02-10,AMD,False,0.3236040609137056,0.3236040609137056,oot,catboost_a,5
2026-02-11,AMD,False,0.3236040609137056,0.3236040609137056,oot,catboost_a,5
2026-02-12,AMD,False,0.3236040609137056,0.3236040609137056,oot,catboost_a,5
2026-02-13,AMD,False,0.3236040609137056,0.3236040609137056,oot,catboost_a,5
2026-02-14,AMD,False,0.3236040609137056,0.3236040609137056,oot,catboost_a,5
2026-02-17,AMD,False,0.3236040609137056,0.3236040609137056,oot,catboost_a,5
2026-02-18,AMD,False,0.3236040609137056,0.3236040609137056,oot,catboost_a,5
2026-02-19,AMD,False,0.21690140845070421,0.3236040609137056,oot,catboost_a,5
2026-02-20,AMD,False,0.3236040609137056,0.3236040609137056,oot,catboost_a,5
2026-02-21,AMD,False,0.3236040609137056,0.3236040609137056,oot,catboost_a,5
2026-02-25,AMD,False,0.3236040609137056,0.3236040609137056,oot,catboost_a,5
2026-02-26,AMD,False,0.3236040609137056,0.3236040609137056,oot,catboost_a,5
2026-02-27,AMD,False,0.3236040609137056,0.3236040609137056,oot,catboost_a,5
2026-02-28,AMD,False,0.3236040609137056,0.3236040609137056,oot,catboost_a,5
2026-03-03,AMD,True,0.3236040609137056,0.3236040609137056,oot,catboost_a,5
2026-03-04,AMD,True,0.3236040609137056,0.3236040609137056,oot,catboost_a,5
2026-03-05,AMD,True,0.3236040609137056,0.3236040609137056,oot,catboost_a,5
2026-03-06,AMD,True,0.3236040609137056,0.3236040609137056,oot,catboost_a,5
2026-03-07,AMD,True,0.3236040609137056,0.3236040609137056,oot,catboost_a,5
2026-03-11,AMD,False,0.3236040609137056,0.3236040609137056,oot,catboost_a,5
2026-03-12,AMD,False,0.3236040609137056,0.3236040609137056,oot,catboost_a,5
2026-03-13,AMD,False,0.3236040609137056,0.3236040609137056,oot,catboost_a,5
2026-03-14,AMD,False,0.3236040609137056,0.3236040609137056,oot,catboost_a,5
2026-03-17,AMD,False,0.3236040609137056,0.3236040609137056,oot,catboost_a,5
2026-03-18,AMD,False,0.3236040609137056,0.3236040609137056,oot,catboost_a,5
2026-03-19,AMD,False,0.3236040609137056,0.3236040609137056,oot,catboost_a,5
2026-03-20,AMD,False,0.3236040609137056,0.3236040609137056,oot,catboost_a,5
2026-03-21,AMD,False,0.3236040609137056,0.3236040609137056,oot,catboost_a,5
2026-03-24,AMD,False,0.3236040609137056,0.3236040609137056,oot,catboost_a,5
2026-03-25,AMD,False,0.21690140845070421,0.3236040609137056,oot,catboost_a,5
2026-03-26,AMD,False,0.21690140845070421,0.3236040609137056,oot,catboost_a,5
2026-03-27,AMD,False,0.3236040609137056,0.3236040609137056,oot,catboost_a,5
2026-03-28,AMD,False,0.3236040609137056,0.3236040609137056,oot,catboost_a,5
2026-03-31,AMD,False,0.3236040609137056,0.3236040609137056,oot,catboost_a,5
2026-04-01,AMD,False,0.3236040609137056,0.3236040609137056,oot,catboost_a,5
2026-04-02,AMD,False,0.3236040609137056,0.3236040609137056,oot,catboost_a,5
2026-04-03,AMD,False,0.3236040609137056,0.3236040609137056,oot,catboost_a,5
2026-04-04,AMD,False,0.21690140845070421,0.3236040609137056,oot,catboost_a,5
2026-04-07,AMD,False,0.21690140845070421,0.3236040609137056,oot,catboost_a,5
2026-04-08,AMD,False,0.3236040609137056,0.3236040609137056,oot,catboost_a,5
2026-04-09,AMD,False,0.3236040609137056,0.3236040609137056,oot,catboost_a,5
2026-04-10,AMD,False,0.3236040609137056,0.3236040609137056,oot,catboost_a,5
2026-04-11,AMD,False,0.21690140845070421,0.3236040609137056,oot,catboost_a,5
2026-04-14,AMD,False,0.21690140845070421,0.3236040609137056,oot,catboost_a,5
2026-04-15,AMD,False,0.21690140845070421,0.3236040609137056,oot,catboost_a,5
2026-04-16,AMD,False,0.16901408450704225,0.3236040609137056,oot,catboost_a,5
2026-04-17,AMD,False,0.21690140845070421,0.3236040609137056,oot,catboost_a,5
2026-04-18,AMD,True,0.3236040609137056,0.3236040609137056,oot,catboost_a,5
2026-04-21,AMD,True,0.3236040609137056,0.3236040609137056,oot,catboost_a,5
2026-04-22,AMD,False,0.21690140845070421,0.3236040609137056,oot,catboost_a,5
2026-04-23,AMD,False,0.21690140845070421,0.3236040609137056,oot,catboost_a,5
2026-04-24,AMD,True,0.3236040609137056,0.3236040609137056,oot,catboost_a,5
2026-04-25,AMD,True,0.3236040609137056,0.3236040609137056,oot,catboost_a,5
2026-04-28,AMD,True,0.3236040609137056,0.3236040609137056,oot,catboost_a,5
2026-04-29,AMD,False,0.21690140845070421,0.3236040609137056,oot,catboost_a,5
2026-04-30,AMD,True,0.3236040609137056,0.3236040609137056,oot,catboost_a,5
2026-05-01,AMD,True,0.3236040609137056,0.3236040609137056,oot,catboost_a,5
2026-05-05,AMD,True,0.3236040609137056,0.3236040609137056,oot,catboost_a,5
2026-05-06,AMD,True,0.3236040609137056,0.3236040609137056,oot,catboost_a,5
2026-05-07,AMD,True,0.3236040609137056,0.3236040609137056,oot,catboost_a,5
2026-05-08,AMD,False,0.21690140845070421,0.3236040609137056,oot,catboost_a,5
2026-05-09,AMD,False,0.21690140845070421,0.3236040609137056,oot,catboost_a,5
2026-05-13,AMD,False,0.16901408450704225,0.3236040609137056,oot,catboost_a,5
2026-05-14,AMD,False,0.16901408450704225,0.3236040609137056,oot,catboost_a,5
2026-05-15,AMD,False,0.16901408450704225,0.3236040609137056,oot,catboost_a,5
2026-05-16,AMD,True,0.3236040609137056,0.3236040609137056,oot,catboost_a,5
2026-05-19,AMD,False,0.21690140845070421,0.3236040609137056,oot,catboost_a,5
2026-05-20,AMD,False,0.21690140845070421,0.3236040609137056,oot,catboost_a,5
2026-05-21,AMD,False,0.16901408450704225,0.3236040609137056,oot,catboost_a,5
2026-05-22,AMD,False,0.16901408450704225,0.3236040609137056,oot,catboost_a,5
2026-05-23,AMD,True,0.3236040609137056,0.3236040609137056,oot,catboost_a,5
2026-05-26,AMD,False,0.21690140845070421,0.3236040609137056,oot,catboost_a,5
2026-05-27,AMD,False,0.21690140845070421,0.3236040609137056,oot,catboost_a,5
2026-05-28,AMD,False,0.21690140845070421,0.3236040609137056,oot,catboost_a,5
2026-05-29,AMD,False,0.21690140845070421,0.3236040609137056,oot,catboost_a,5
2026-05-30,AMD,False,0.21690140845070421,0.3236040609137056,oot,catboost_a,5
2026-06-02,AMD,False,0.21690140845070421,0.3236040609137056,oot,catboost_a,5
2026-06-03,AMD,False,0.3236040609137056,0.3236040609137056,oot,catboost_a,5
2026-06-04,AMD,False,0.3236040609137056,0.3236040609137056,oot,catboost_a,5
2026-06-05,AMD,False,0.3236040609137056,0.3236040609137056,oot,catboost_a,5
2026-06-06,AMD,False,0.3236040609137056,0.3236040609137056,oot,catboost_a,5
2026-06-09,AMD,False,0.3236040609137056,0.3236040609137056,oot,catboost_a,5
2026-06-10,AMD,False,0.21690140845070421,0.3236040609137056,oot,catboost_a,5
2026-06-11,AMD,False,0.3236040609137056,0.3236040609137056,oot,catboost_a,5
2026-06-12,AMD,False,0.3236040609137056,0.3236040609137056,oot,catboost_a,5
2026-06-16,AMD,False,0.3236040609137056,0.3236040609137056,oot,catboost_a,5
2026-06-17,AMD,False,0.3236040609137056,0.3236040609137056,oot,catboost_a,5
2026-06-18,AMD,False,0.3236040609137056,0.3236040609137056,oot,catboost_a,5
2026-06-19,AMD,False,0.3236040609137056,0.3236040609137056,oot,catboost_a,5
2026-06-20,AMD,False,0.3236040609137056,0.3236040609137056,oot,catboost_a,5
2026-06-23,AMD,False,0.3236040609137056,0.3236040609137056,oot,catboost_a,5
2026-06-24,AMD,False,0.3236040609137056,0.3236040609137056,oot,catboost_a,5
2026-06-25,AMD,False,0.3236040609137056,0.3236040609137056,oot,catboost_a,5
2026-06-26,AMD,False,0.3236040609137056,0.3236040609137056,oot,catboost_a,5
2026-06-27,AMD,False,0.3236040609137056,0.3236040609137056,oot,catboost_a,5
2026-06-30,AMD,True,0.3236040609137056,0.3236040609137056,oot,catboost_a,5
2026-07-01,AMD,True,0.3236040609137056,0.3236040609137056,oot,catboost_a,5
2026-07-02,AMD,True,0.3236040609137056,0.3236040609137056,oot,catboost_a,5
2026-07-03,AMD,True,0.3236040609137056,0.3236040609137056,oot,catboost_a,5
2026-07-04,AMD,False,0.21690140845070421,0.3236040609137056,oot,catboost_a,5
2026-07-07,AMD,False,0.3236040609137056,0.3236040609137056,oot,catboost_a,5
2026-07-08,AMD,False,0.3236040609137056,0.3236040609137056,oot,catboost_a,5
2026-07-09,AMD,False,0.3236040609137056,0.3236040609137056,oot,catboost_a,5
2026-07-10,AMD,False,0.3236040609137056,0.3236040609137056,oot,catboost_a,5
2026-07-11,AMD,False,0.3236040609137056,0.3236040609137056,oot,catboost_a,5
2026-07-14,AMD,False,0.3236040609137056,0.3236040609137056,oot,catboost_a,5
2026-07-15,AMD,False,0.3236040609137056,0.3236040609137056,oot,catboost_a,5
2026-07-16,AMD,False,0.3236040609137056,0.3236040609137056,oot,catboost_a,5
2026-07-17,AMD,False,0.3236040609137056,0.3236040609137056,oot,catboost_a,5
2026-07-18,AMD,False,0.3236040609137056,0.3236040609137056,oot,catboost_a,5
2026-07-21,AMD,False,0.3236040609137056,0.3236040609137056,oot,catboost_a,5
2026-07-22,AMD,False,0.3236040609137056,0.3236040609137056,oot,catboost_a,5
2026-07-23,AMD,False,0.3236040609137056,0.3236040609137056,oot,catboost_a,5
2026-07-24,AMD,False,0.3236040609137056,0.3236040609137056,oot,catboost_a,5
2026-07-25,AMD,False,0.3236040609137056,0.3236040609137056,oot,catboost_a,5
2026-07-28,AMD,False,0.3236040609137056,0.3236040609137056,oot,catboost_a,5
2026-07-29,AMD,False,0.3236040609137056,0.3236040609137056,oot,catboost_a,5
2026-07-30,AMD,False,0.3236040609137056,0.3236040609137056,oot,catboost_a,5
2026-07-31,AMD,False,0.3236040609137056,0.3236040609137056,oot,catboost_a,5
2026-08-01,AMD,False,0.3236040609137056,0.3236040609137056,oot,catboost_a,5
2026-08-04,AMD,False,0.3236040609137056,0.3236040609137056,oot,catboost_a,5
2026-08-05,AMD,False,0.3236040609137056,0.3236040609137056,oot,catboost_a,5
2026-08-06,AMD,False,0.3236040609137056,0.3236040609137056,oot,catboost_a,5
2026-08-07,AMD,False,0.3236040609137056,0.3236040609137056,oot,catboost_a,5
2026-08-08,AMD,False,0.3236040609137056,0.3236040609137056,oot,catboost_a,5
2026-08-11,AMD,False,0.3236040609137056,0.3236040609137056,oot,catboost_a,5
2026-08-12,AMD,False,0.3236040609137056,0.3236040609137056,oot,catboost_a,5
2026-08-13,AMD,False,0.3236040609137056,0.3236040609137056,oot,catboost_a,5
2026-08-14,AMD,False,0.3236040609137056,0.3236040609137056,oot,catboost_a,5
2026-08-15,AMD,False,0.3236040609137056,0.3236040609137056,oot,catboost_a,5
2026-08-18,AMD,False,0.3236040609137056,0.3236040609137056,oot,catboost_a,5
2026-08-19,AMD,False,0.3236040609137056,0.3236040609137056,oot,catboost_a,5
2026-08-20,AMD,False,0.3236040609137056,0.3236040609137056,oot,catboost_a,5
2026-08-21,AMD,False,0.3236040609137056,0.3236040609137056,oot,catboost_a,5
2026-08-22,AMD,False,0.3236040609137056,0.3236040609137056,oot,catboost_a,5
2026-08-25,AMD,False,0.3236040609137056,0.3236040609137056,oot,catboost_a,5
2026-08-26,AMD,False,0.3236040609137056,0.3236040609137056,oot,catboost_a,5
2026-08-27,AMD,False,0.3236040609137056,0.3236040609137056,oot,catboost_a,5
2026-08-28,AMD,False,0.3236040609137056,0.3236040609137056,oot,catboost_a,5
2026-08-29,AMD,False,0.3236040609137056,0.3236040609137056,oot,catboost_a,5
2026-09-01,AMD,False,0.3236040609137056,0.3236040609137056,oot,catboost_a,5
2026-09-02,AMD,False,0.3236040609137056,0.3236040609137056,oot,catboost_a,5
2025-09-02,KGS,False,0.3236040609137056,0.3236040609137056,oot,catboost_a,5
2025-09-03,KGS,False,0.3236040609137056,0.3236040609137056,oot,catboost_a,5
2025-09-04,KGS,False,0.3236040609137056,0.3236040609137056,oot,catboost_a,5
2025-09-05,KGS,False,0.3236040609137056,0.3236040609137056,oot,catboost_a,5
2025-09-06,KGS,False,0.3236040609137056,0.3236040609137056,oot,catboost_a,5
2025-09-09,KGS,False,0.3236040609137056,0.3236040609137056,oot,catboost_a,5
2025-09-10,KGS,False,0.3236040609137056,0.3236040609137056,oot,catboost_a,5
2025-09-11,KGS,False,0.3236040609137056,0.3236040609137056,oot,catboost_a,5
2025-09-12,KGS,False,0.3236040609137056,0.3236040609137056,oot,catboost_a,5
2025-09-13,KGS,False,0.3236040609137056,0.3236040609137056,oot,catboost_a,5
2025-09-16,KGS,False,0.3236040609137056,0.3236040609137056,oot,catboost_a,5
2025-09-17,KGS,False,0.21690140845070421,0.3236040609137056,oot,catboost_a,5
2025-09-18,KGS,False,0.3236040609137056,0.3236040609137056,oot,catboost_a,5
2025-09-19,KGS,False,0.3236040609137056,0.3236040609137056,oot,catboost_a,5
2025-09-20,KGS,False,0.3236040609137056,0.3236040609137056,oot,catboost_a,5
2025-09-23,KGS,False,0.3236040609137056,0.3236040609137056,oot,catboost_a,5
2025-09-24,KGS,False,0.3236040609137056,0.3236040609137056,oot,catboost_a,5
2025-09-25,KGS,False,0.3236040609137056,0.3236040609137056,oot,catboost_a,5
2025-09-26,KGS,False,0.3236040609137056,0.3236040609137056,oot,catboost_a,5
2025-09-27,KGS,False,0.3236040609137056,0.3236040609137056,oot,catboost_a,5
2025-09-30,KGS,False,0.3236040609137056,0.3236040609137056,oot,catboost_a,5
2025-10-01,KGS,False,0.3236040609137056,0.3236040609137056,oot,catboost_a,5
2025-10-02,KGS,False,0.21690140845070421,0.3236040609137056,oot,catboost_a,5
2025-10-03,KGS,False,0.21690140845070421,0.3236040609137056,oot,catboost_a,5
2025-10-04,KGS,True,0.3236040609137056,0.3236040609137056,oot,catboost_a,5
2025-10-07,KGS,False,0.3236040609137056,0.3236040609137056,oot,catboost_a,5
2025-10-08,KGS,False,0.3236040609137056,0.3236040609137056,oot,catboost_a,5
2025-10-09,KGS,False,0.3236040609137056,0.3236040609137056,oot,catboost_a,5
2025-10-10,KGS,False,0.21690140845070421,0.3236040609137056,oot,catboost_a,5
2025-10-11,KGS,False,0.21690140845070421,0.3236040609137056,oot,catboost_a,5
2025-10-14,KGS,False,0.21690140845070421,0.3236040609137056,oot,catboost_a,5
2025-10-15,KGS,False,0.21690140845070421,0.3236040609137056,oot,catboost_a,5
2025-10-16,KGS,False,0.21690140845070421,0.3236040609137056,oot,catboost_a,5
2025-10-17,KGS,True,0.3236040609137056,0.3236040609137056,oot,catboost_a,5
2025-10-18,KGS,False,0.3236040609137056,0.3236040609137056,oot,catboost_a,5
2025-10-21,KGS,False,0.3236040609137056,0.3236040609137056,oot,catboost_a,5
2025-10-22,KGS,False,0.3236040609137056,0.3236040609137056,oot,catboost_a,5
2025-10-23,KGS,False,0.3236040609137056,0.3236040609137056,oot,catboost_a,5
2025-10-24,KGS,False,0.3236040609137056,0.3236040609137056,oot,catboost_a,5
2025-10-25,KGS,False,0.3236040609137056,0.3236040609137056,oot,catboost_a,5
2025-10-28,KGS,False,0.21690140845070421,0.3236040609137056,oot,catboost_a,5
2025-10-29,KGS,False,0.3236040609137056,0.3236040609137056,oot,catboost_a,5
2025-10-30,KGS,False,0.3236040609137056,0.3236040609137056,oot,catboost_a,5
2025-10-31,KGS,False,0.3236040609137056,0.3236040609137056,oot,catboost_a,5
2025-11-01,KGS,False,0.3236040609137056,0.3236040609137056,oot,catboost_a,5
2025-11-02,KGS,False,0.3236040609137056,0.3236040609137056,oot,catboost_a,5
2025-11-06,KGS,False,0.3236040609137056,0.3236040609137056,oot,catboost_a,5
2025-11-07,KGS,False,0.3236040609137056,0.3236040609137056,oot,catboost_a,5
2025-11-08,KGS,False,0.3236040609137056,0.3236040609137056,oot,catboost_a,5
2025-11-11,KGS,False,0.3236040609137056,0.3236040609137056,oot,catboost_a,5
2025-11-12,KGS,False,0.3236040609137056,0.3236040609137056,oot,catboost_a,5
2025-11-13,KGS,False,0.3236040609137056,0.3236040609137056,oot,catboost_a,5
2025-11-14,KGS,False,0.3236040609137056,0.3236040609137056,oot,catboost_a,5
2025-11-15,KGS,False,0.3236040609137056,0.3236040609137056,oot,catboost_a,5
2025-11-18,KGS,False,0.3236040609137056,0.3236040609137056,oot,catboost_a,5
2025-11-19,KGS,False,0.3236040609137056,0.3236040609137056,oot,catboost_a,5
2025-11-20,KGS,False,0.3236040609137056,0.3236040609137056,oot,catboost_a,5
2025-11-21,KGS,False,0.21690140845070421,0.3236040609137056,oot,catboost_a,5
2025-11-22,KGS,False,0.16901408450704225,0.3236040609137056,oot,catboost_a,5
2025-11-25,KGS,False,0.16901408450704225,0.3236040609137056,oot,catboost_a,5
2025-11-26,KGS,True,0.3236040609137056,0.3236040609137056,oot,catboost_a,5
2025-11-27,KGS,False,0.21690140845070421,0.3236040609137056,oot,catboost_a,5
2025-11-28,KGS,False,0.21690140845070421,0.3236040609137056,oot,catboost_a,5
2025-11-29,KGS,False,0.16901408450704225,0.3236040609137056,oot,catboost_a,5
2025-12-02,KGS,False,0.16901408450704225,0.3236040609137056,oot,catboost_a,5
2025-12-03,KGS,False,0.16901408450704225,0.3236040609137056,oot,catboost_a,5
2025-12-04,KGS,True,0.3236040609137056,0.3236040609137056,oot,catboost_a,5
2025-12-05,KGS,False,0.21690140845070421,0.3236040609137056,oot,catboost_a,5
2025-12-06,KGS,False,0.21690140845070421,0.3236040609137056,oot,catboost_a,5
2025-12-09,KGS,True,0.3236040609137056,0.3236040609137056,oot,catboost_a,5
2025-12-10,KGS,False,0.21690140845070421,0.3236040609137056,oot,catboost_a,5
2025-12-11,KGS,False,0.21690140845070421,0.3236040609137056,oot,catboost_a,5
2025-12-12,KGS,False,0.3236040609137056,0.3236040609137056,oot,catboost_a,5
2025-12-13,KGS,False,0.3236040609137056,0.3236040609137056,oot,catboost_a,5
2025-12-16,KGS,False,0.3236040609137056,0.3236040609137056,oot,catboost_a,5
2025-12-17,KGS,False,0.3236040609137056,0.3236040609137056,oot,catboost_a,5
2025-12-18,KGS,False,0.3236040609137056,0.3236040609137056,oot,catboost_a,5
2025-12-19,KGS,False,0.3236040609137056,0.3236040609137056,oot,catboost_a,5
2025-12-20,KGS,False,0.3236040609137056,0.3236040609137056,oot,catboost_a,5
2025-12-23,KGS,False,0.3236040609137056,0.3236040609137056,oot,catboost_a,5
2025-12-24,KGS,False,0.3236040609137056,0.3236040609137056,oot,catboost_a,5
2025-12-25,KGS,False,0.21690140845070421,0.3236040609137056,oot,catboost_a,5
2025-12-26,KGS,False,0.16901408450704225,0.3236040609137056,oot,catboost_a,5
2025-12-27,KGS,False,0.16901408450704225,0.3236040609137056,oot,catboost_a,5
2025-12-30,KGS,False,0.16901408450704225,0.3236040609137056,oot,catboost_a,5
2025-12-31,KGS,True,0.3236040609137056,0.3236040609137056,oot,catboost_a,5
2026-01-13,KGS,False,0.3236040609137056,0.3236040609137056,oot,catboost_a,5
2026-01-14,KGS,False,0.3236040609137056,0.3236040609137056,oot,catboost_a,5
2026-01-15,KGS,False,0.3236040609137056,0.3236040609137056,oot,catboost_a,5
2026-01-16,KGS,False,0.3236040609137056,0.3236040609137056,oot,catboost_a,5
2026-01-17,KGS,False,0.16901408450704225,0.3236040609137056,oot,catboost_a,5
2026-01-20,KGS,False,0.16901408450704225,0.3236040609137056,oot,catboost_a,5
2026-01-21,KGS,False,0.3236040609137056,0.3236040609137056,oot,catboost_a,5
2026-01-22,KGS,False,0.21690140845070421,0.3236040609137056,oot,catboost_a,5
2026-01-23,KGS,False,0.21690140845070421,0.3236040609137056,oot,catboost_a,5
2026-01-24,KGS,False,0.16901408450704225,0.3236040609137056,oot,catboost_a,5
2026-01-27,KGS,True,0.3236040609137056,0.3236040609137056,oot,catboost_a,5
2026-01-28,KGS,False,0.21690140845070421,0.3236040609137056,oot,catboost_a,5
2026-01-29,KGS,False,0.21690140845070421,0.3236040609137056,oot,catboost_a,5
2026-01-30,KGS,False,0.21690140845070421,0.3236040609137056,oot,catboost_a,5
2026-01-31,KGS,False,0.16901408450704225,0.3236040609137056,oot,catboost_a,5
2026-02-03,KGS,True,0.3236040609137056,0.3236040609137056,oot,catboost_a,5
2026-02-04,KGS,False,0.3236040609137056,0.3236040609137056,oot,catboost_a,5
2026-02-05,KGS,False,0.3236040609137056,0.3236040609137056,oot,catboost_a,5
2026-02-06,KGS,False,0.16901408450704225,0.3236040609137056,oot,catboost_a,5
2026-02-07,KGS,False,0.3236040609137056,0.3236040609137056,oot,catboost_a,5
2026-02-10,KGS,False,0.3236040609137056,0.3236040609137056,oot,catboost_a,5
2026-02-11,KGS,False,0.3236040609137056,0.3236040609137056,oot,catboost_a,5
2026-02-12,KGS,False,0.3236040609137056,0.3236040609137056,oot,catboost_a,5
2026-02-13,KGS,False,0.3236040609137056,0.3236040609137056,oot,catboost_a,5
2026-02-14,KGS,False,0.3236040609137056,0.3236040609137056,oot,catboost_a,5
2026-02-17,KGS,False,0.3236040609137056,0.3236040609137056,oot,catboost_a,5
2026-02-18,KGS,False,0.3236040609137056,0.3236040609137056,oot,catboost_a,5
2026-02-19,KGS,False,0.21690140845070421,0.3236040609137056,oot,catboost_a,5
2026-02-20,KGS,False,0.3236040609137056,0.3236040609137056,oot,catboost_a,5
2026-02-21,KGS,False,0.3236040609137056,0.3236040609137056,oot,catboost_a,5
2026-02-25,KGS,False,0.3236040609137056,0.3236040609137056,oot,catboost_a,5
2026-02-26,KGS,False,0.21690140845070421,0.3236040609137056,oot,catboost_a,5
2026-02-27,KGS,False,0.3236040609137056,0.3236040609137056,oot,catboost_a,5
2026-02-28,KGS,False,0.3236040609137056,0.3236040609137056,oot,catboost_a,5
2026-03-03,KGS,True,0.3236040609137056,0.3236040609137056,oot,catboost_a,5
2026-03-04,KGS,True,0.3236040609137056,0.3236040609137056,oot,catboost_a,5
2026-03-05,KGS,True,0.3236040609137056,0.3236040609137056,oot,catboost_a,5
2026-03-06,KGS,True,0.3236040609137056,0.3236040609137056,oot,catboost_a,5
2026-03-07,KGS,True,0.3236040609137056,0.3236040609137056,oot,catboost_a,5
2026-03-11,KGS,False,0.3236040609137056,0.3236040609137056,oot,catboost_a,5
2026-03-12,KGS,False,0.3236040609137056,0.3236040609137056,oot,catboost_a,5
2026-03-13,KGS,True,0.3236040609137056,0.3236040609137056,oot,catboost_a,5
2026-03-14,KGS,True,0.3236040609137056,0.3236040609137056,oot,catboost_a,5
2026-03-17,KGS,True,0.3236040609137056,0.3236040609137056,oot,catboost_a,5
2026-03-18,KGS,True,0.3236040609137056,0.3236040609137056,oot,catboost_a,5
2026-03-19,KGS,True,0.3236040609137056,0.3236040609137056,oot,catboost_a,5
2026-03-20,KGS,True,0.3236040609137056,0.3236040609137056,oot,catboost_a,5
2026-03-21,KGS,True,0.3236040609137056,0.3236040609137056,oot,catboost_a,5
2026-03-24,KGS,False,0.3236040609137056,0.3236040609137056,oot,catboost_a,5
2026-03-25,KGS,False,0.21690140845070421,0.3236040609137056,oot,catboost_a,5
2026-03-26,KGS,False,0.21690140845070421,0.3236040609137056,oot,catboost_a,5
2026-03-27,KGS,False,0.3236040609137056,0.3236040609137056,oot,catboost_a,5
2026-03-28,KGS,False,0.3236040609137056,0.3236040609137056,oot,catboost_a,5
2026-03-31,KGS,False,0.3236040609137056,0.3236040609137056,oot,catboost_a,5
2026-04-01,KGS,False,0.3236040609137056,0.3236040609137056,oot,catboost_a,5
2026-04-02,KGS,False,0.3236040609137056,0.3236040609137056,oot,catboost_a,5
2026-04-03,KGS,False,0.21690140845070421,0.3236040609137056,oot,catboost_a,5
2026-04-04,KGS,False,0.21690140845070421,0.3236040609137056,oot,catboost_a,5
2026-04-07,KGS,False,0.21690140845070421,0.3236040609137056,oot,catboost_a,5
2026-04-08,KGS,True,0.3236040609137056,0.3236040609137056,oot,catboost_a,5
2026-04-09,KGS,False,0.3236040609137056,0.3236040609137056,oot,catboost_a,5
2026-04-10,KGS,False,0.3236040609137056,0.3236040609137056,oot,catboost_a,5
2026-04-11,KGS,False,0.21690140845070421,0.3236040609137056,oot,catboost_a,5
2026-04-14,KGS,False,0.16901408450704225,0.3236040609137056,oot,catboost_a,5
2026-04-15,KGS,False,0.16901408450704225,0.3236040609137056,oot,catboost_a,5
2026-04-16,KGS,False,0.16901408450704225,0.3236040609137056,oot,catboost_a,5
2026-04-17,KGS,True,0.3236040609137056,0.3236040609137056,oot,catboost_a,5
2026-04-18,KGS,False,0.21690140845070421,0.3236040609137056,oot,catboost_a,5
2026-04-21,KGS,False,0.21690140845070421,0.3236040609137056,oot,catboost_a,5
2026-04-22,KGS,False,0.16901408450704225,0.3236040609137056,oot,catboost_a,5
2026-04-23,KGS,True,0.3236040609137056,0.3236040609137056,oot,catboost_a,5
2026-04-24,KGS,False,0.21690140845070421,0.3236040609137056,oot,catboost_a,5
2026-04-25,KGS,False,0.21690140845070421,0.3236040609137056,oot,catboost_a,5
2026-04-28,KGS,False,0.21690140845070421,0.3236040609137056,oot,catboost_a,5
2026-04-29,KGS,False,0.21690140845070421,0.3236040609137056,oot,catboost_a,5
2026-04-30,KGS,False,0.21690140845070421,0.3236040609137056,oot,catboost_a,5
2026-05-01,KGS,False,0.21690140845070421,0.3236040609137056,oot,catboost_a,5
2026-05-05,KGS,True,0.3236040609137056,0.3236040609137056,oot,catboost_a,5
2026-05-06,KGS,True,0.3236040609137056,0.3236040609137056,oot,catboost_a,5
2026-05-07,KGS,True,0.3236040609137056,0.3236040609137056,oot,catboost_a,5
2026-05-08,KGS,False,0.16901408450704225,0.3236040609137056,oot,catboost_a,5
2026-05-09,KGS,False,0.16901408450704225,0.3236040609137056,oot,catboost_a,5
2026-05-13,KGS,False,0.16901408450704225,0.3236040609137056,oot,catboost_a,5
2026-05-14,KGS,False,0.16901408450704225,0.3236040609137056,oot,catboost_a,5
2026-05-15,KGS,False,0.16901408450704225,0.3236040609137056,oot,catboost_a,5
2026-05-16,KGS,False,0.16901408450704225,0.3236040609137056,oot,catboost_a,5
2026-05-19,KGS,False,0.16901408450704225,0.3236040609137056,oot,catboost_a,5
2026-05-20,KGS,False,0.16901408450704225,0.3236040609137056,oot,catboost_a,5
2026-05-21,KGS,False,0.16901408450704225,0.3236040609137056,oot,catboost_a,5
2026-05-22,KGS,False,0.16901408450704225,0.3236040609137056,oot,catboost_a,5
2026-05-23,KGS,True,0.3236040609137056,0.3236040609137056,oot,catboost_a,5
2026-05-26,KGS,False,0.21690140845070421,0.3236040609137056,oot,catboost_a,5
2026-05-27,KGS,False,0.21690140845070421,0.3236040609137056,oot,catboost_a,5
2026-05-28,KGS,False,0.21690140845070421,0.3236040609137056,oot,catboost_a,5
2026-05-29,KGS,False,0.21690140845070421,0.3236040609137056,oot,catboost_a,5
2026-05-30,KGS,False,0.21690140845070421,0.3236040609137056,oot,catboost_a,5
2026-06-02,KGS,False,0.21690140845070421,0.3236040609137056,oot,catboost_a,5
2026-06-03,KGS,False,0.3236040609137056,0.3236040609137056,oot,catboost_a,5
2026-06-04,KGS,False,0.3236040609137056,0.3236040609137056,oot,catboost_a,5
2026-06-05,KGS,False,0.3236040609137056,0.3236040609137056,oot,catboost_a,5
2026-06-06,KGS,False,0.3236040609137056,0.3236040609137056,oot,catboost_a,5
2026-06-09,KGS,False,0.3236040609137056,0.3236040609137056,oot,catboost_a,5
2026-06-10,KGS,False,0.21690140845070421,0.3236040609137056,oot,catboost_a,5
2026-06-11,KGS,False,0.3236040609137056,0.3236040609137056,oot,catboost_a,5
2026-06-12,KGS,False,0.3236040609137056,0.3236040609137056,oot,catboost_a,5
2026-06-16,KGS,False,0.3236040609137056,0.3236040609137056,oot,catboost_a,5
2026-06-17,KGS,False,0.3236040609137056,0.3236040609137056,oot,catboost_a,5
2026-06-18,KGS,False,0.3236040609137056,0.3236040609137056,oot,catboost_a,5
2026-06-19,KGS,False,0.3236040609137056,0.3236040609137056,oot,catboost_a,5
2026-06-20,KGS,False,0.3236040609137056,0.3236040609137056,oot,catboost_a,5
2026-06-23,KGS,False,0.3236040609137056,0.3236040609137056,oot,catboost_a,5
2026-06-24,KGS,False,0.3236040609137056,0.3236040609137056,oot,catboost_a,5
2026-06-25,KGS,False,0.3236040609137056,0.3236040609137056,oot,catboost_a,5
2026-06-26,KGS,False,0.3236040609137056,0.3236040609137056,oot,catboost_a,5
2026-06-27,KGS,False,0.3236040609137056,0.3236040609137056,oot,catboost_a,5
2026-06-30,KGS,False,0.3236040609137056,0.3236040609137056,oot,catboost_a,5
2026-07-01,KGS,False,0.3236040609137056,0.3236040609137056,oot,catboost_a,5
2026-07-02,KGS,False,0.3236040609137056,0.3236040609137056,oot,catboost_a,5
2026-07-03,KGS,False,0.3236040609137056,0.3236040609137056,oot,catboost_a,5
2026-07-04,KGS,False,0.21690140845070421,0.3236040609137056,oot,catboost_a,5
2026-07-07,KGS,False,0.3236040609137056,0.3236040609137056,oot,catboost_a,5
2026-07-08,KGS,False,0.3236040609137056,0.3236040609137056,oot,catboost_a,5
2026-07-09,KGS,False,0.3236040609137056,0.3236040609137056,oot,catboost_a,5
2026-07-10,KGS,False,0.3236040609137056,0.3236040609137056,oot,catboost_a,5
2026-07-11,KGS,False,0.3236040609137056,0.3236040609137056,oot,catboost_a,5
2026-07-14,KGS,False,0.3236040609137056,0.3236040609137056,oot,catboost_a,5
2026-07-15,KGS,False,0.3236040609137056,0.3236040609137056,oot,catboost_a,5
2026-07-16,KGS,False,0.3236040609137056,0.3236040609137056,oot,catboost_a,5
2026-07-17,KGS,False,0.3236040609137056,0.3236040609137056,oot,catboost_a,5
2026-07-18,KGS,False,0.3236040609137056,0.3236040609137056,oot,catboost_a,5
2026-07-21,KGS,False,0.3236040609137056,0.3236040609137056,oot,catboost_a,5
2026-07-22,KGS,False,0.3236040609137056,0.3236040609137056,oot,catboost_a,5
2026-07-23,KGS,False,0.3236040609137056,0.3236040609137056,oot,catboost_a,5
2026-07-24,KGS,False,0.3236040609137056,0.3236040609137056,oot,catboost_a,5
2026-07-25,KGS,False,0.21690140845070421,0.3236040609137056,oot,catboost_a,5
2026-07-28,KGS,False,0.21690140845070421,0.3236040609137056,oot,catboost_a,5
2026-07-29,KGS,False,0.3236040609137056,0.3236040609137056,oot,catboost_a,5
2026-07-30,KGS,False,0.3236040609137056,0.3236040609137056,oot,catboost_a,5
2026-07-31,KGS,False,0.3236040609137056,0.3236040609137056,oot,catboost_a,5
2026-08-01,KGS,False,0.3236040609137056,0.3236040609137056,oot,catboost_a,5
2026-08-04,KGS,False,0.3236040609137056,0.3236040609137056,oot,catboost_a,5
2026-08-05,KGS,False,0.3236040609137056,0.3236040609137056,oot,catboost_a,5
2026-08-06,KGS,False,0.3236040609137056,0.3236040609137056,oot,catboost_a,5
2026-08-07,KGS,False,0.3236040609137056,0.3236040609137056,oot,catboost_a,5
2026-08-08,KGS,False,0.3236040609137056,0.3236040609137056,oot,catboost_a,5
2026-08-11,KGS,False,0.3236040609137056,0.3236040609137056,oot,catboost_a,5
2026-08-12,KGS,False,0.3236040609137056,0.3236040609137056,oot,catboost_a,5
2026-08-13,KGS,False,0.3236040609137056,0.3236040609137056,oot,catboost_a,5
2026-08-14,KGS,False,0.3236040609137056,0.3236040609137056,oot,catboost_a,5
2026-08-15,KGS,False,0.3236040609137056,0.3236040609137056,oot,catboost_a,5
2026-08-18,KGS,False,0.3236040609137056,0.3236040609137056,oot,catboost_a,5
2026-08-19,KGS,False,0.3236040609137056,0.3236040609137056,oot,catboost_a,5
2026-08-20,KGS,False,0.3236040609137056,0.3236040609137056,oot,catboost_a,5
2026-08-21,KGS,False,0.3236040609137056,0.3236040609137056,oot,catboost_a,5
2026-08-22,KGS,False,0.21690140845070421,0.3236040609137056,oot,catboost_a,5
2026-08-25,KGS,True,0.3236040609137056,0.3236040609137056,oot,catboost_a,5
2026-08-26,KGS,True,0.3236040609137056,0.3236040609137056,oot,catboost_a,5
2026-08-27,KGS,True,0.3236040609137056,0.3236040609137056,oot,catboost_a,5
2026-08-28,KGS,True,0.3236040609137056,0.3236040609137056,oot,catboost_a,5
2026-08-29,KGS,True,0.3236040609137056,0.3236040609137056,oot,catboost_a,5
2026-09-01,KGS,False,0.3236040609137056,0.3236040609137056,oot,catboost_a,5
2026-09-02,KGS,False,0.3236040609137056,0.3236040609137056,oot,catboost_a,5
2025-09-02,KZT,False,0.3236040609137056,0.3236040609137056,oot,catboost_a,5
2025-09-03,KZT,False,0.3236040609137056,0.3236040609137056,oot,catboost_a,5
2025-09-04,KZT,False,0.3236040609137056,0.3236040609137056,oot,catboost_a,5
2025-09-05,KZT,False,0.3236040609137056,0.3236040609137056,oot,catboost_a,5
2025-09-06,KZT,False,0.3236040609137056,0.3236040609137056,oot,catboost_a,5
2025-09-09,KZT,False,0.3236040609137056,0.3236040609137056,oot,catboost_a,5
2025-09-10,KZT,False,0.3236040609137056,0.3236040609137056,oot,catboost_a,5
2025-09-11,KZT,False,0.3236040609137056,0.3236040609137056,oot,catboost_a,5
2025-09-12,KZT,False,0.3236040609137056,0.3236040609137056,oot,catboost_a,5
2025-09-13,KZT,False,0.3236040609137056,0.3236040609137056,oot,catboost_a,5
2025-09-16,KZT,False,0.3236040609137056,0.3236040609137056,oot,catboost_a,5
2025-09-17,KZT,False,0.21690140845070421,0.3236040609137056,oot,catboost_a,5
2025-09-18,KZT,False,0.3236040609137056,0.3236040609137056,oot,catboost_a,5
2025-09-19,KZT,False,0.3236040609137056,0.3236040609137056,oot,catboost_a,5
2025-09-20,KZT,False,0.3236040609137056,0.3236040609137056,oot,catboost_a,5
2025-09-23,KZT,False,0.3236040609137056,0.3236040609137056,oot,catboost_a,5
2025-09-24,KZT,False,0.3236040609137056,0.3236040609137056,oot,catboost_a,5
2025-09-25,KZT,False,0.3236040609137056,0.3236040609137056,oot,catboost_a,5
2025-09-26,KZT,False,0.3236040609137056,0.3236040609137056,oot,catboost_a,5
2025-09-27,KZT,False,0.3236040609137056,0.3236040609137056,oot,catboost_a,5
2025-09-30,KZT,False,0.3236040609137056,0.3236040609137056,oot,catboost_a,5
2025-10-01,KZT,False,0.3236040609137056,0.3236040609137056,oot,catboost_a,5
2025-10-02,KZT,False,0.21690140845070421,0.3236040609137056,oot,catboost_a,5
2025-10-03,KZT,False,0.21690140845070421,0.3236040609137056,oot,catboost_a,5
2025-10-04,KZT,True,0.3236040609137056,0.3236040609137056,oot,catboost_a,5
2025-10-07,KZT,False,0.3236040609137056,0.3236040609137056,oot,catboost_a,5
2025-10-08,KZT,False,0.3236040609137056,0.3236040609137056,oot,catboost_a,5
2025-10-09,KZT,False,0.3236040609137056,0.3236040609137056,oot,catboost_a,5
2025-10-10,KZT,False,0.3236040609137056,0.3236040609137056,oot,catboost_a,5
2025-10-11,KZT,False,0.3236040609137056,0.3236040609137056,oot,catboost_a,5
2025-10-14,KZT,False,0.3236040609137056,0.3236040609137056,oot,catboost_a,5
2025-10-15,KZT,False,0.3236040609137056,0.3236040609137056,oot,catboost_a,5
2025-10-16,KZT,False,0.21690140845070421,0.3236040609137056,oot,catboost_a,5
2025-10-17,KZT,True,0.3236040609137056,0.3236040609137056,oot,catboost_a,5
2025-10-18,KZT,True,0.3236040609137056,0.3236040609137056,oot,catboost_a,5
2025-10-21,KZT,True,0.3236040609137056,0.3236040609137056,oot,catboost_a,5
2025-10-22,KZT,True,0.3236040609137056,0.3236040609137056,oot,catboost_a,5
2025-10-23,KZT,True,0.3236040609137056,0.3236040609137056,oot,catboost_a,5
2025-10-24,KZT,True,0.3236040609137056,0.3236040609137056,oot,catboost_a,5
2025-10-25,KZT,True,0.3236040609137056,0.3236040609137056,oot,catboost_a,5
2025-10-28,KZT,False,0.19047619047619047,0.3236040609137056,oot,catboost_a,5
2025-10-29,KZT,False,0.3236040609137056,0.3236040609137056,oot,catboost_a,5
2025-10-30,KZT,False,0.3236040609137056,0.3236040609137056,oot,catboost_a,5
2025-10-31,KZT,False,0.3236040609137056,0.3236040609137056,oot,catboost_a,5
2025-11-01,KZT,False,0.3236040609137056,0.3236040609137056,oot,catboost_a,5
2025-11-02,KZT,False,0.3236040609137056,0.3236040609137056,oot,catboost_a,5
2025-11-06,KZT,False,0.3236040609137056,0.3236040609137056,oot,catboost_a,5
2025-11-07,KZT,False,0.3236040609137056,0.3236040609137056,oot,catboost_a,5
2025-11-08,KZT,False,0.3236040609137056,0.3236040609137056,oot,catboost_a,5
2025-11-11,KZT,False,0.21690140845070421,0.3236040609137056,oot,catboost_a,5
2025-11-12,KZT,False,0.3236040609137056,0.3236040609137056,oot,catboost_a,5
2025-11-13,KZT,False,0.3236040609137056,0.3236040609137056,oot,catboost_a,5
2025-11-14,KZT,False,0.3236040609137056,0.3236040609137056,oot,catboost_a,5
2025-11-15,KZT,False,0.3236040609137056,0.3236040609137056,oot,catboost_a,5
2025-11-18,KZT,False,0.3236040609137056,0.3236040609137056,oot,catboost_a,5
2025-11-19,KZT,False,0.3236040609137056,0.3236040609137056,oot,catboost_a,5
2025-11-20,KZT,False,0.3236040609137056,0.3236040609137056,oot,catboost_a,5
2025-11-21,KZT,False,0.3236040609137056,0.3236040609137056,oot,catboost_a,5
2025-11-22,KZT,False,0.3236040609137056,0.3236040609137056,oot,catboost_a,5
2025-11-25,KZT,False,0.3236040609137056,0.3236040609137056,oot,catboost_a,5
2025-11-26,KZT,False,0.21690140845070421,0.3236040609137056,oot,catboost_a,5
2025-11-27,KZT,False,0.21690140845070421,0.3236040609137056,oot,catboost_a,5
2025-11-28,KZT,False,0.21690140845070421,0.3236040609137056,oot,catboost_a,5
2025-11-29,KZT,True,0.3236040609137056,0.3236040609137056,oot,catboost_a,5
2025-12-02,KZT,False,0.3236040609137056,0.3236040609137056,oot,catboost_a,5
2025-12-03,KZT,False,0.3236040609137056,0.3236040609137056,oot,catboost_a,5
2025-12-04,KZT,False,0.3236040609137056,0.3236040609137056,oot,catboost_a,5
2025-12-05,KZT,False,0.3236040609137056,0.3236040609137056,oot,catboost_a,5
2025-12-06,KZT,False,0.3236040609137056,0.3236040609137056,oot,catboost_a,5
2025-12-09,KZT,True,0.3236040609137056,0.3236040609137056,oot,catboost_a,5
2025-12-10,KZT,True,0.3236040609137056,0.3236040609137056,oot,catboost_a,5
2025-12-11,KZT,True,0.3236040609137056,0.3236040609137056,oot,catboost_a,5
2025-12-12,KZT,True,0.3236040609137056,0.3236040609137056,oot,catboost_a,5
2025-12-13,KZT,True,0.3236040609137056,0.3236040609137056,oot,catboost_a,5
2025-12-16,KZT,True,0.3236040609137056,0.3236040609137056,oot,catboost_a,5
2025-12-17,KZT,False,0.3236040609137056,0.3236040609137056,oot,catboost_a,5
2025-12-18,KZT,False,0.3236040609137056,0.3236040609137056,oot,catboost_a,5
2025-12-19,KZT,False,0.3236040609137056,0.3236040609137056,oot,catboost_a,5
2025-12-20,KZT,False,0.3236040609137056,0.3236040609137056,oot,catboost_a,5
2025-12-23,KZT,False,0.3236040609137056,0.3236040609137056,oot,catboost_a,5
2025-12-24,KZT,False,0.3236040609137056,0.3236040609137056,oot,catboost_a,5
2025-12-25,KZT,True,0.3236040609137056,0.3236040609137056,oot,catboost_a,5
2025-12-26,KZT,True,0.3236040609137056,0.3236040609137056,oot,catboost_a,5
2025-12-27,KZT,True,0.3236040609137056,0.3236040609137056,oot,catboost_a,5
2025-12-30,KZT,True,0.3236040609137056,0.3236040609137056,oot,catboost_a,5
2025-12-31,KZT,True,0.3236040609137056,0.3236040609137056,oot,catboost_a,5
2026-01-13,KZT,False,0.3236040609137056,0.3236040609137056,oot,catboost_a,5
2026-01-14,KZT,False,0.3236040609137056,0.3236040609137056,oot,catboost_a,5
2026-01-15,KZT,False,0.3236040609137056,0.3236040609137056,oot,catboost_a,5
2026-01-16,KZT,False,0.3236040609137056,0.3236040609137056,oot,catboost_a,5
2026-01-17,KZT,False,0.21690140845070421,0.3236040609137056,oot,catboost_a,5
2026-01-20,KZT,False,0.21690140845070421,0.3236040609137056,oot,catboost_a,5
2026-01-21,KZT,False,0.3236040609137056,0.3236040609137056,oot,catboost_a,5
2026-01-22,KZT,False,0.3236040609137056,0.3236040609137056,oot,catboost_a,5
2026-01-23,KZT,False,0.3236040609137056,0.3236040609137056,oot,catboost_a,5
2026-01-24,KZT,True,0.3236040609137056,0.3236040609137056,oot,catboost_a,5
2026-01-27,KZT,False,0.3236040609137056,0.3236040609137056,oot,catboost_a,5
2026-01-28,KZT,False,0.3236040609137056,0.3236040609137056,oot,catboost_a,5
2026-01-29,KZT,False,0.3236040609137056,0.3236040609137056,oot,catboost_a,5
2026-01-30,KZT,False,0.3236040609137056,0.3236040609137056,oot,catboost_a,5
2026-01-31,KZT,False,0.21690140845070421,0.3236040609137056,oot,catboost_a,5
2026-02-03,KZT,False,0.3236040609137056,0.3236040609137056,oot,catboost_a,5
2026-02-04,KZT,False,0.3236040609137056,0.3236040609137056,oot,catboost_a,5
2026-02-05,KZT,False,0.3236040609137056,0.3236040609137056,oot,catboost_a,5
2026-02-06,KZT,False,0.3236040609137056,0.3236040609137056,oot,catboost_a,5
2026-02-07,KZT,False,0.3236040609137056,0.3236040609137056,oot,catboost_a,5
2026-02-10,KZT,False,0.3236040609137056,0.3236040609137056,oot,catboost_a,5
2026-02-11,KZT,False,0.3236040609137056,0.3236040609137056,oot,catboost_a,5
2026-02-12,KZT,False,0.3236040609137056,0.3236040609137056,oot,catboost_a,5
2026-02-13,KZT,False,0.3236040609137056,0.3236040609137056,oot,catboost_a,5
2026-02-14,KZT,False,0.3236040609137056,0.3236040609137056,oot,catboost_a,5
2026-02-17,KZT,False,0.21690140845070421,0.3236040609137056,oot,catboost_a,5
2026-02-18,KZT,False,0.3236040609137056,0.3236040609137056,oot,catboost_a,5
2026-02-19,KZT,False,0.3236040609137056,0.3236040609137056,oot,catboost_a,5
2026-02-20,KZT,False,0.3236040609137056,0.3236040609137056,oot,catboost_a,5
2026-02-21,KZT,False,0.3236040609137056,0.3236040609137056,oot,catboost_a,5
2026-02-25,KZT,False,0.3236040609137056,0.3236040609137056,oot,catboost_a,5
2026-02-26,KZT,False,0.3236040609137056,0.3236040609137056,oot,catboost_a,5
2026-02-27,KZT,False,0.21690140845070421,0.3236040609137056,oot,catboost_a,5
2026-02-28,KZT,False,0.3236040609137056,0.3236040609137056,oot,catboost_a,5
2026-03-03,KZT,True,0.3236040609137056,0.3236040609137056,oot,catboost_a,5
2026-03-04,KZT,True,0.3236040609137056,0.3236040609137056,oot,catboost_a,5
2026-03-05,KZT,True,0.3236040609137056,0.3236040609137056,oot,catboost_a,5
2026-03-06,KZT,True,0.3236040609137056,0.3236040609137056,oot,catboost_a,5
2026-03-07,KZT,True,0.3236040609137056,0.3236040609137056,oot,catboost_a,5
2026-03-11,KZT,False,0.3236040609137056,0.3236040609137056,oot,catboost_a,5
2026-03-12,KZT,False,0.3236040609137056,0.3236040609137056,oot,catboost_a,5
2026-03-13,KZT,False,0.3236040609137056,0.3236040609137056,oot,catboost_a,5
2026-03-14,KZT,True,0.3236040609137056,0.3236040609137056,oot,catboost_a,5
2026-03-17,KZT,True,0.3236040609137056,0.3236040609137056,oot,catboost_a,5
2026-03-18,KZT,True,0.3236040609137056,0.3236040609137056,oot,catboost_a,5
2026-03-19,KZT,True,0.3236040609137056,0.3236040609137056,oot,catboost_a,5
2026-03-20,KZT,True,0.3236040609137056,0.3236040609137056,oot,catboost_a,5
2026-03-21,KZT,True,0.3236040609137056,0.3236040609137056,oot,catboost_a,5
2026-03-24,KZT,True,0.3236040609137056,0.3236040609137056,oot,catboost_a,5
2026-03-25,KZT,False,0.21690140845070421,0.3236040609137056,oot,catboost_a,5
2026-03-26,KZT,False,0.21690140845070421,0.3236040609137056,oot,catboost_a,5
2026-03-27,KZT,False,0.3236040609137056,0.3236040609137056,oot,catboost_a,5
2026-03-28,KZT,False,0.3236040609137056,0.3236040609137056,oot,catboost_a,5
2026-03-31,KZT,False,0.3236040609137056,0.3236040609137056,oot,catboost_a,5
2026-04-01,KZT,False,0.3236040609137056,0.3236040609137056,oot,catboost_a,5
2026-04-02,KZT,False,0.3236040609137056,0.3236040609137056,oot,catboost_a,5
2026-04-03,KZT,False,0.3236040609137056,0.3236040609137056,oot,catboost_a,5
2026-04-04,KZT,False,0.3236040609137056,0.3236040609137056,oot,catboost_a,5
2026-04-07,KZT,False,0.3236040609137056,0.3236040609137056,oot,catboost_a,5
2026-04-08,KZT,False,0.3236040609137056,0.3236040609137056,oot,catboost_a,5
2026-04-09,KZT,False,0.3236040609137056,0.3236040609137056,oot,catboost_a,5
2026-04-10,KZT,False,0.3236040609137056,0.3236040609137056,oot,catboost_a,5
2026-04-11,KZT,False,0.3236040609137056,0.3236040609137056,oot,catboost_a,5
2026-04-14,KZT,True,0.3236040609137056,0.3236040609137056,oot,catboost_a,5
2026-04-15,KZT,False,0.3236040609137056,0.3236040609137056,oot,catboost_a,5
2026-04-16,KZT,False,0.3236040609137056,0.3236040609137056,oot,catboost_a,5
2026-04-17,KZT,True,0.3236040609137056,0.3236040609137056,oot,catboost_a,5
2026-04-18,KZT,False,0.3236040609137056,0.3236040609137056,oot,catboost_a,5
2026-04-21,KZT,False,0.3236040609137056,0.3236040609137056,oot,catboost_a,5
2026-04-22,KZT,False,0.3236040609137056,0.3236040609137056,oot,catboost_a,5
2026-04-23,KZT,False,0.3236040609137056,0.3236040609137056,oot,catboost_a,5
2026-04-24,KZT,True,0.3236040609137056,0.3236040609137056,oot,catboost_a,5
2026-04-25,KZT,True,0.3236040609137056,0.3236040609137056,oot,catboost_a,5
2026-04-28,KZT,True,0.3236040609137056,0.3236040609137056,oot,catboost_a,5
2026-04-29,KZT,True,0.3236040609137056,0.3236040609137056,oot,catboost_a,5
2026-04-30,KZT,True,0.3236040609137056,0.3236040609137056,oot,catboost_a,5
2026-05-01,KZT,True,0.3236040609137056,0.3236040609137056,oot,catboost_a,5
2026-05-05,KZT,True,0.3236040609137056,0.3236040609137056,oot,catboost_a,5
2026-05-06,KZT,True,0.3236040609137056,0.3236040609137056,oot,catboost_a,5
2026-05-07,KZT,True,0.3236040609137056,0.3236040609137056,oot,catboost_a,5
2026-05-08,KZT,False,0.21690140845070421,0.3236040609137056,oot,catboost_a,5
2026-05-09,KZT,False,0.21690140845070421,0.3236040609137056,oot,catboost_a,5
2026-05-13,KZT,False,0.21690140845070421,0.3236040609137056,oot,catboost_a,5
2026-05-14,KZT,False,0.21690140845070421,0.3236040609137056,oot,catboost_a,5
2026-05-15,KZT,False,0.21690140845070421,0.3236040609137056,oot,catboost_a,5
2026-05-16,KZT,False,0.21690140845070421,0.3236040609137056,oot,catboost_a,5
2026-05-19,KZT,False,0.21690140845070421,0.3236040609137056,oot,catboost_a,5
2026-05-20,KZT,False,0.21690140845070421,0.3236040609137056,oot,catboost_a,5
2026-05-21,KZT,False,0.16901408450704225,0.3236040609137056,oot,catboost_a,5
2026-05-22,KZT,False,0.16901408450704225,0.3236040609137056,oot,catboost_a,5
2026-05-23,KZT,True,0.3236040609137056,0.3236040609137056,oot,catboost_a,5
2026-05-26,KZT,True,0.3236040609137056,0.3236040609137056,oot,catboost_a,5
2026-05-27,KZT,False,0.21690140845070421,0.3236040609137056,oot,catboost_a,5
2026-05-28,KZT,False,0.21690140845070421,0.3236040609137056,oot,catboost_a,5
2026-05-29,KZT,True,0.3236040609137056,0.3236040609137056,oot,catboost_a,5
2026-05-30,KZT,False,0.21690140845070421,0.3236040609137056,oot,catboost_a,5
2026-06-02,KZT,True,0.3236040609137056,0.3236040609137056,oot,catboost_a,5
2026-06-03,KZT,False,0.21690140845070421,0.3236040609137056,oot,catboost_a,5
2026-06-04,KZT,False,0.21690140845070421,0.3236040609137056,oot,catboost_a,5
2026-06-05,KZT,False,0.3236040609137056,0.3236040609137056,oot,catboost_a,5
2026-06-06,KZT,False,0.3236040609137056,0.3236040609137056,oot,catboost_a,5
2026-06-09,KZT,False,0.21690140845070421,0.3236040609137056,oot,catboost_a,5
2026-06-10,KZT,False,0.19047619047619047,0.3236040609137056,oot,catboost_a,5
2026-06-11,KZT,False,0.19047619047619047,0.3236040609137056,oot,catboost_a,5
2026-06-12,KZT,False,0.21690140845070421,0.3236040609137056,oot,catboost_a,5
2026-06-16,KZT,False,0.21690140845070421,0.3236040609137056,oot,catboost_a,5
2026-06-17,KZT,False,0.21690140845070421,0.3236040609137056,oot,catboost_a,5
2026-06-18,KZT,False,0.3236040609137056,0.3236040609137056,oot,catboost_a,5
2026-06-19,KZT,False,0.3236040609137056,0.3236040609137056,oot,catboost_a,5
2026-06-20,KZT,False,0.3236040609137056,0.3236040609137056,oot,catboost_a,5
2026-06-23,KZT,False,0.3236040609137056,0.3236040609137056,oot,catboost_a,5
2026-06-24,KZT,False,0.3236040609137056,0.3236040609137056,oot,catboost_a,5
2026-06-25,KZT,False,0.3236040609137056,0.3236040609137056,oot,catboost_a,5
2026-06-26,KZT,False,0.3236040609137056,0.3236040609137056,oot,catboost_a,5
2026-06-27,KZT,False,0.3236040609137056,0.3236040609137056,oot,catboost_a,5
2026-06-30,KZT,True,0.3236040609137056,0.3236040609137056,oot,catboost_a,5
2026-07-01,KZT,True,0.3236040609137056,0.3236040609137056,oot,catboost_a,5
2026-07-02,KZT,True,0.3236040609137056,0.3236040609137056,oot,catboost_a,5
2026-07-03,KZT,True,0.3236040609137056,0.3236040609137056,oot,catboost_a,5
2026-07-04,KZT,True,0.3236040609137056,0.3236040609137056,oot,catboost_a,5
2026-07-07,KZT,False,0.3236040609137056,0.3236040609137056,oot,catboost_a,5
2026-07-08,KZT,False,0.3236040609137056,0.3236040609137056,oot,catboost_a,5
2026-07-09,KZT,False,0.3236040609137056,0.3236040609137056,oot,catboost_a,5
2026-07-10,KZT,False,0.3236040609137056,0.3236040609137056,oot,catboost_a,5
2026-07-11,KZT,False,0.3236040609137056,0.3236040609137056,oot,catboost_a,5
2026-07-14,KZT,False,0.3236040609137056,0.3236040609137056,oot,catboost_a,5
2026-07-15,KZT,False,0.3236040609137056,0.3236040609137056,oot,catboost_a,5
2026-07-16,KZT,False,0.3236040609137056,0.3236040609137056,oot,catboost_a,5
2026-07-17,KZT,False,0.3236040609137056,0.3236040609137056,oot,catboost_a,5
2026-07-18,KZT,False,0.3236040609137056,0.3236040609137056,oot,catboost_a,5
2026-07-21,KZT,False,0.3236040609137056,0.3236040609137056,oot,catboost_a,5
2026-07-22,KZT,False,0.3236040609137056,0.3236040609137056,oot,catboost_a,5
2026-07-23,KZT,False,0.3236040609137056,0.3236040609137056,oot,catboost_a,5
2026-07-24,KZT,False,0.3236040609137056,0.3236040609137056,oot,catboost_a,5
2026-07-25,KZT,False,0.3236040609137056,0.3236040609137056,oot,catboost_a,5
2026-07-28,KZT,False,0.3236040609137056,0.3236040609137056,oot,catboost_a,5
2026-07-29,KZT,False,0.3236040609137056,0.3236040609137056,oot,catboost_a,5
2026-07-30,KZT,False,0.3236040609137056,0.3236040609137056,oot,catboost_a,5
2026-07-31,KZT,False,0.3236040609137056,0.3236040609137056,oot,catboost_a,5
2026-08-01,KZT,False,0.3236040609137056,0.3236040609137056,oot,catboost_a,5
2026-08-04,KZT,False,0.3236040609137056,0.3236040609137056,oot,catboost_a,5
2026-08-05,KZT,False,0.3236040609137056,0.3236040609137056,oot,catboost_a,5
2026-08-06,KZT,False,0.3236040609137056,0.3236040609137056,oot,catboost_a,5
2026-08-07,KZT,False,0.3236040609137056,0.3236040609137056,oot,catboost_a,5
2026-08-08,KZT,False,0.3236040609137056,0.3236040609137056,oot,catboost_a,5
2026-08-11,KZT,False,0.3236040609137056,0.3236040609137056,oot,catboost_a,5
2026-08-12,KZT,False,0.3236040609137056,0.3236040609137056,oot,catboost_a,5
2026-08-13,KZT,False,0.3236040609137056,0.3236040609137056,oot,catboost_a,5
2026-08-14,KZT,False,0.3236040609137056,0.3236040609137056,oot,catboost_a,5
2026-08-15,KZT,False,0.3236040609137056,0.3236040609137056,oot,catboost_a,5
2026-08-18,KZT,False,0.3236040609137056,0.3236040609137056,oot,catboost_a,5
2026-08-19,KZT,False,0.3236040609137056,0.3236040609137056,oot,catboost_a,5
2026-08-20,KZT,False,0.3236040609137056,0.3236040609137056,oot,catboost_a,5
2026-08-21,KZT,False,0.3236040609137056,0.3236040609137056,oot,catboost_a,5
2026-08-22,KZT,False,0.3236040609137056,0.3236040609137056,oot,catboost_a,5
2026-08-25,KZT,False,0.3236040609137056,0.3236040609137056,oot,catboost_a,5
2026-08-26,KZT,False,0.3236040609137056,0.3236040609137056,oot,catboost_a,5
2026-08-27,KZT,False,0.3236040609137056,0.3236040609137056,oot,catboost_a,5
2026-08-28,KZT,False,0.3236040609137056,0.3236040609137056,oot,catboost_a,5
2026-08-29,KZT,False,0.3236040609137056,0.3236040609137056,oot,catboost_a,5
2026-09-01,KZT,False,0.3236040609137056,0.3236040609137056,oot,catboost_a,5
2026-09-02,KZT,False,0.3236040609137056,0.3236040609137056,oot,catboost_a,5
2025-09-02,TJS,True,0.3236040609137056,0.3236040609137056,oot,catboost_a,5
2025-09-03,TJS,True,0.3236040609137056,0.3236040609137056,oot,catboost_a,5
2025-09-04,TJS,True,0.3236040609137056,0.3236040609137056,oot,catboost_a,5
2025-09-05,TJS,True,0.3236040609137056,0.3236040609137056,oot,catboost_a,5
2025-09-06,TJS,True,0.3236040609137056,0.3236040609137056,oot,catboost_a,5
2025-09-09,TJS,True,0.3236040609137056,0.3236040609137056,oot,catboost_a,5
2025-09-10,TJS,False,0.3236040609137056,0.3236040609137056,oot,catboost_a,5
2025-09-11,TJS,False,0.3236040609137056,0.3236040609137056,oot,catboost_a,5
2025-09-12,TJS,False,0.3236040609137056,0.3236040609137056,oot,catboost_a,5
2025-09-13,TJS,False,0.3236040609137056,0.3236040609137056,oot,catboost_a,5
2025-09-16,TJS,False,0.3236040609137056,0.3236040609137056,oot,catboost_a,5
2025-09-17,TJS,False,0.3236040609137056,0.3236040609137056,oot,catboost_a,5
2025-09-18,TJS,False,0.3236040609137056,0.3236040609137056,oot,catboost_a,5
2025-09-19,TJS,False,0.3236040609137056,0.3236040609137056,oot,catboost_a,5
2025-09-20,TJS,False,0.3236040609137056,0.3236040609137056,oot,catboost_a,5
2025-09-23,TJS,False,0.3236040609137056,0.3236040609137056,oot,catboost_a,5
2025-09-24,TJS,False,0.3236040609137056,0.3236040609137056,oot,catboost_a,5
2025-09-25,TJS,False,0.3236040609137056,0.3236040609137056,oot,catboost_a,5
2025-09-26,TJS,False,0.3236040609137056,0.3236040609137056,oot,catboost_a,5
2025-09-27,TJS,False,0.3236040609137056,0.3236040609137056,oot,catboost_a,5
2025-09-30,TJS,False,0.3236040609137056,0.3236040609137056,oot,catboost_a,5
2025-10-01,TJS,False,0.3236040609137056,0.3236040609137056,oot,catboost_a,5
2025-10-02,TJS,False,0.21690140845070421,0.3236040609137056,oot,catboost_a,5
2025-10-03,TJS,False,0.21690140845070421,0.3236040609137056,oot,catboost_a,5
2025-10-04,TJS,False,0.3236040609137056,0.3236040609137056,oot,catboost_a,5
2025-10-07,TJS,False,0.3236040609137056,0.3236040609137056,oot,catboost_a,5
2025-10-08,TJS,False,0.3236040609137056,0.3236040609137056,oot,catboost_a,5
2025-10-09,TJS,False,0.3236040609137056,0.3236040609137056,oot,catboost_a,5
2025-10-10,TJS,False,0.21690140845070421,0.3236040609137056,oot,catboost_a,5
2025-10-11,TJS,False,0.21690140845070421,0.3236040609137056,oot,catboost_a,5
2025-10-14,TJS,False,0.21690140845070421,0.3236040609137056,oot,catboost_a,5
2025-10-15,TJS,False,0.21690140845070421,0.3236040609137056,oot,catboost_a,5
2025-10-16,TJS,False,0.21690140845070421,0.3236040609137056,oot,catboost_a,5
2025-10-17,TJS,True,0.3236040609137056,0.3236040609137056,oot,catboost_a,5
2025-10-18,TJS,False,0.3236040609137056,0.3236040609137056,oot,catboost_a,5
2025-10-21,TJS,False,0.3236040609137056,0.3236040609137056,oot,catboost_a,5
2025-10-22,TJS,False,0.3236040609137056,0.3236040609137056,oot,catboost_a,5
2025-10-23,TJS,False,0.3236040609137056,0.3236040609137056,oot,catboost_a,5
2025-10-24,TJS,False,0.3236040609137056,0.3236040609137056,oot,catboost_a,5
2025-10-25,TJS,False,0.3236040609137056,0.3236040609137056,oot,catboost_a,5
2025-10-28,TJS,False,0.21690140845070421,0.3236040609137056,oot,catboost_a,5
2025-10-29,TJS,True,0.3236040609137056,0.3236040609137056,oot,catboost_a,5
2025-10-30,TJS,True,0.3236040609137056,0.3236040609137056,oot,catboost_a,5
2025-10-31,TJS,True,0.3236040609137056,0.3236040609137056,oot,catboost_a,5
2025-11-01,TJS,True,0.3236040609137056,0.3236040609137056,oot,catboost_a,5
2025-11-02,TJS,True,0.3236040609137056,0.3236040609137056,oot,catboost_a,5
2025-11-06,TJS,True,0.3236040609137056,0.3236040609137056,oot,catboost_a,5
2025-11-07,TJS,False,0.3236040609137056,0.3236040609137056,oot,catboost_a,5
2025-11-08,TJS,False,0.3236040609137056,0.3236040609137056,oot,catboost_a,5
2025-11-11,TJS,False,0.3236040609137056,0.3236040609137056,oot,catboost_a,5
2025-11-12,TJS,False,0.3236040609137056,0.3236040609137056,oot,catboost_a,5
2025-11-13,TJS,False,0.3236040609137056,0.3236040609137056,oot,catboost_a,5
2025-11-14,TJS,False,0.3236040609137056,0.3236040609137056,oot,catboost_a,5
2025-11-15,TJS,False,0.3236040609137056,0.3236040609137056,oot,catboost_a,5
2025-11-18,TJS,False,0.3236040609137056,0.3236040609137056,oot,catboost_a,5
2025-11-19,TJS,False,0.3236040609137056,0.3236040609137056,oot,catboost_a,5
2025-11-20,TJS,False,0.3236040609137056,0.3236040609137056,oot,catboost_a,5
2025-11-21,TJS,False,0.21690140845070421,0.3236040609137056,oot,catboost_a,5
2025-11-22,TJS,False,0.21690140845070421,0.3236040609137056,oot,catboost_a,5
2025-11-25,TJS,False,0.21690140845070421,0.3236040609137056,oot,catboost_a,5
2025-11-26,TJS,False,0.3236040609137056,0.3236040609137056,oot,catboost_a,5
2025-11-27,TJS,False,0.3236040609137056,0.3236040609137056,oot,catboost_a,5
2025-11-28,TJS,False,0.21690140845070421,0.3236040609137056,oot,catboost_a,5
2025-11-29,TJS,False,0.16901408450704225,0.3236040609137056,oot,catboost_a,5
2025-12-02,TJS,False,0.16901408450704225,0.3236040609137056,oot,catboost_a,5
2025-12-03,TJS,False,0.16901408450704225,0.3236040609137056,oot,catboost_a,5
2025-12-04,TJS,True,0.3236040609137056,0.3236040609137056,oot,catboost_a,5
2025-12-05,TJS,False,0.21690140845070421,0.3236040609137056,oot,catboost_a,5
2025-12-06,TJS,False,0.21690140845070421,0.3236040609137056,oot,catboost_a,5
2025-12-09,TJS,True,0.3236040609137056,0.3236040609137056,oot,catboost_a,5
2025-12-10,TJS,False,0.21690140845070421,0.3236040609137056,oot,catboost_a,5
2025-12-11,TJS,False,0.3236040609137056,0.3236040609137056,oot,catboost_a,5
2025-12-12,TJS,False,0.3236040609137056,0.3236040609137056,oot,catboost_a,5
2025-12-13,TJS,False,0.3236040609137056,0.3236040609137056,oot,catboost_a,5
2025-12-16,TJS,False,0.3236040609137056,0.3236040609137056,oot,catboost_a,5
2025-12-17,TJS,False,0.3236040609137056,0.3236040609137056,oot,catboost_a,5
2025-12-18,TJS,False,0.3236040609137056,0.3236040609137056,oot,catboost_a,5
2025-12-19,TJS,False,0.3236040609137056,0.3236040609137056,oot,catboost_a,5
2025-12-20,TJS,False,0.3236040609137056,0.3236040609137056,oot,catboost_a,5
2025-12-23,TJS,False,0.3236040609137056,0.3236040609137056,oot,catboost_a,5
2025-12-24,TJS,False,0.3236040609137056,0.3236040609137056,oot,catboost_a,5
2025-12-25,TJS,False,0.21690140845070421,0.3236040609137056,oot,catboost_a,5
2025-12-26,TJS,False,0.21690140845070421,0.3236040609137056,oot,catboost_a,5
2025-12-27,TJS,False,0.21690140845070421,0.3236040609137056,oot,catboost_a,5
2025-12-30,TJS,False,0.16901408450704225,0.3236040609137056,oot,catboost_a,5
2025-12-31,TJS,True,0.3236040609137056,0.3236040609137056,oot,catboost_a,5
2026-01-13,TJS,False,0.3236040609137056,0.3236040609137056,oot,catboost_a,5
2026-01-14,TJS,False,0.3236040609137056,0.3236040609137056,oot,catboost_a,5
2026-01-15,TJS,False,0.3236040609137056,0.3236040609137056,oot,catboost_a,5
2026-01-16,TJS,False,0.21690140845070421,0.3236040609137056,oot,catboost_a,5
2026-01-17,TJS,False,0.16901408450704225,0.3236040609137056,oot,catboost_a,5
2026-01-20,TJS,False,0.16901408450704225,0.3236040609137056,oot,catboost_a,5
2026-01-21,TJS,True,0.3236040609137056,0.3236040609137056,oot,catboost_a,5
2026-01-22,TJS,False,0.21690140845070421,0.3236040609137056,oot,catboost_a,5
2026-01-23,TJS,False,0.21690140845070421,0.3236040609137056,oot,catboost_a,5
2026-01-24,TJS,False,0.16901408450704225,0.3236040609137056,oot,catboost_a,5
2026-01-27,TJS,True,0.3236040609137056,0.3236040609137056,oot,catboost_a,5
2026-01-28,TJS,False,0.21690140845070421,0.3236040609137056,oot,catboost_a,5
2026-01-29,TJS,False,0.21690140845070421,0.3236040609137056,oot,catboost_a,5
2026-01-30,TJS,False,0.21690140845070421,0.3236040609137056,oot,catboost_a,5
2026-01-31,TJS,False,0.16901408450704225,0.3236040609137056,oot,catboost_a,5
2026-02-03,TJS,True,0.3236040609137056,0.3236040609137056,oot,catboost_a,5
2026-02-04,TJS,False,0.21690140845070421,0.3236040609137056,oot,catboost_a,5
2026-02-05,TJS,False,0.21690140845070421,0.3236040609137056,oot,catboost_a,5
2026-02-06,TJS,False,0.21690140845070421,0.3236040609137056,oot,catboost_a,5
2026-02-07,TJS,False,0.21690140845070421,0.3236040609137056,oot,catboost_a,5
2026-02-10,TJS,False,0.3236040609137056,0.3236040609137056,oot,catboost_a,5
2026-02-11,TJS,False,0.3236040609137056,0.3236040609137056,oot,catboost_a,5
2026-02-12,TJS,False,0.3236040609137056,0.3236040609137056,oot,catboost_a,5
2026-02-13,TJS,False,0.21690140845070421,0.3236040609137056,oot,catboost_a,5
2026-02-14,TJS,False,0.21690140845070421,0.3236040609137056,oot,catboost_a,5
2026-02-17,TJS,False,0.16901408450704225,0.3236040609137056,oot,catboost_a,5
2026-02-18,TJS,False,0.21690140845070421,0.3236040609137056,oot,catboost_a,5
2026-02-19,TJS,False,0.21690140845070421,0.3236040609137056,oot,catboost_a,5
2026-02-20,TJS,True,0.3236040609137056,0.3236040609137056,oot,catboost_a,5
2026-02-21,TJS,False,0.21690140845070421,0.3236040609137056,oot,catboost_a,5
2026-02-25,TJS,False,0.21690140845070421,0.3236040609137056,oot,catboost_a,5
2026-02-26,TJS,False,0.21690140845070421,0.3236040609137056,oot,catboost_a,5
2026-02-27,TJS,False,0.3236040609137056,0.3236040609137056,oot,catboost_a,5
2026-02-28,TJS,False,0.3236040609137056,0.3236040609137056,oot,catboost_a,5
2026-03-03,TJS,False,0.21690140845070421,0.3236040609137056,oot,catboost_a,5
2026-03-04,TJS,True,0.3236040609137056,0.3236040609137056,oot,catboost_a,5
2026-03-05,TJS,True,0.3236040609137056,0.3236040609137056,oot,catboost_a,5
2026-03-06,TJS,True,0.3236040609137056,0.3236040609137056,oot,catboost_a,5
2026-03-07,TJS,True,0.3236040609137056,0.3236040609137056,oot,catboost_a,5
2026-03-11,TJS,False,0.3236040609137056,0.3236040609137056,oot,catboost_a,5
2026-03-12,TJS,False,0.3236040609137056,0.3236040609137056,oot,catboost_a,5
2026-03-13,TJS,True,0.3236040609137056,0.3236040609137056,oot,catboost_a,5
2026-03-14,TJS,True,0.3236040609137056,0.3236040609137056,oot,catboost_a,5
2026-03-17,TJS,True,0.3236040609137056,0.3236040609137056,oot,catboost_a,5
2026-03-18,TJS,True,0.3236040609137056,0.3236040609137056,oot,catboost_a,5
2026-03-19,TJS,True,0.3236040609137056,0.3236040609137056,oot,catboost_a,5
2026-03-20,TJS,True,0.3236040609137056,0.3236040609137056,oot,catboost_a,5
2026-03-21,TJS,True,0.3236040609137056,0.3236040609137056,oot,catboost_a,5
2026-03-24,TJS,True,0.3236040609137056,0.3236040609137056,oot,catboost_a,5
2026-03-25,TJS,False,0.3236040609137056,0.3236040609137056,oot,catboost_a,5
2026-03-26,TJS,False,0.3236040609137056,0.3236040609137056,oot,catboost_a,5
2026-03-27,TJS,False,0.3236040609137056,0.3236040609137056,oot,catboost_a,5
2026-03-28,TJS,False,0.3236040609137056,0.3236040609137056,oot,catboost_a,5
2026-03-31,TJS,False,0.3236040609137056,0.3236040609137056,oot,catboost_a,5
2026-04-01,TJS,False,0.21690140845070421,0.3236040609137056,oot,catboost_a,5
2026-04-02,TJS,False,0.21690140845070421,0.3236040609137056,oot,catboost_a,5
2026-04-03,TJS,False,0.21690140845070421,0.3236040609137056,oot,catboost_a,5
2026-04-04,TJS,False,0.21690140845070421,0.3236040609137056,oot,catboost_a,5
2026-04-07,TJS,False,0.21690140845070421,0.3236040609137056,oot,catboost_a,5
2026-04-08,TJS,False,0.3236040609137056,0.3236040609137056,oot,catboost_a,5
2026-04-09,TJS,False,0.3236040609137056,0.3236040609137056,oot,catboost_a,5
2026-04-10,TJS,False,0.3236040609137056,0.3236040609137056,oot,catboost_a,5
2026-04-11,TJS,False,0.16901408450704225,0.3236040609137056,oot,catboost_a,5
2026-04-14,TJS,False,0.16901408450704225,0.3236040609137056,oot,catboost_a,5
2026-04-15,TJS,False,0.16901408450704225,0.3236040609137056,oot,catboost_a,5
2026-04-16,TJS,False,0.16901408450704225,0.3236040609137056,oot,catboost_a,5
2026-04-17,TJS,True,0.3236040609137056,0.3236040609137056,oot,catboost_a,5
2026-04-18,TJS,False,0.21690140845070421,0.3236040609137056,oot,catboost_a,5
2026-04-21,TJS,False,0.21690140845070421,0.3236040609137056,oot,catboost_a,5
2026-04-22,TJS,False,0.21690140845070421,0.3236040609137056,oot,catboost_a,5
2026-04-23,TJS,True,0.3236040609137056,0.3236040609137056,oot,catboost_a,5
2026-04-24,TJS,False,0.21690140845070421,0.3236040609137056,oot,catboost_a,5
2026-04-25,TJS,False,0.21690140845070421,0.3236040609137056,oot,catboost_a,5
2026-04-28,TJS,False,0.21690140845070421,0.3236040609137056,oot,catboost_a,5
2026-04-29,TJS,False,0.21690140845070421,0.3236040609137056,oot,catboost_a,5
2026-04-30,TJS,False,0.21690140845070421,0.3236040609137056,oot,catboost_a,5
2026-05-01,TJS,False,0.21690140845070421,0.3236040609137056,oot,catboost_a,5
2026-05-05,TJS,True,0.3236040609137056,0.3236040609137056,oot,catboost_a,5
2026-05-06,TJS,True,0.3236040609137056,0.3236040609137056,oot,catboost_a,5
2026-05-07,TJS,True,0.3236040609137056,0.3236040609137056,oot,catboost_a,5
2026-05-08,TJS,True,0.3236040609137056,0.3236040609137056,oot,catboost_a,5
2026-05-09,TJS,False,0.16901408450704225,0.3236040609137056,oot,catboost_a,5
2026-05-13,TJS,False,0.16901408450704225,0.3236040609137056,oot,catboost_a,5
2026-05-14,TJS,False,0.16901408450704225,0.3236040609137056,oot,catboost_a,5
2026-05-15,TJS,False,0.16901408450704225,0.3236040609137056,oot,catboost_a,5
2026-05-16,TJS,True,0.3236040609137056,0.3236040609137056,oot,catboost_a,5
2026-05-19,TJS,False,0.21690140845070421,0.3236040609137056,oot,catboost_a,5
2026-05-20,TJS,False,0.21690140845070421,0.3236040609137056,oot,catboost_a,5
2026-05-21,TJS,False,0.16901408450704225,0.3236040609137056,oot,catboost_a,5
2026-05-22,TJS,True,0.3236040609137056,0.3236040609137056,oot,catboost_a,5
2026-05-23,TJS,False,0.21690140845070421,0.3236040609137056,oot,catboost_a,5
2026-05-26,TJS,False,0.21690140845070421,0.3236040609137056,oot,catboost_a,5
2026-05-27,TJS,False,0.21690140845070421,0.3236040609137056,oot,catboost_a,5
2026-05-28,TJS,False,0.21690140845070421,0.3236040609137056,oot,catboost_a,5
2026-05-29,TJS,False,0.21690140845070421,0.3236040609137056,oot,catboost_a,5
2026-05-30,TJS,False,0.21690140845070421,0.3236040609137056,oot,catboost_a,5
2026-06-02,TJS,False,0.21690140845070421,0.3236040609137056,oot,catboost_a,5
2026-06-03,TJS,False,0.3236040609137056,0.3236040609137056,oot,catboost_a,5
2026-06-04,TJS,False,0.3236040609137056,0.3236040609137056,oot,catboost_a,5
2026-06-05,TJS,False,0.3236040609137056,0.3236040609137056,oot,catboost_a,5
2026-06-06,TJS,False,0.3236040609137056,0.3236040609137056,oot,catboost_a,5
2026-06-09,TJS,False,0.3236040609137056,0.3236040609137056,oot,catboost_a,5
2026-06-10,TJS,False,0.16901408450704225,0.3236040609137056,oot,catboost_a,5
2026-06-11,TJS,False,0.21690140845070421,0.3236040609137056,oot,catboost_a,5
2026-06-12,TJS,False,0.3236040609137056,0.3236040609137056,oot,catboost_a,5
2026-06-16,TJS,False,0.3236040609137056,0.3236040609137056,oot,catboost_a,5
2026-06-17,TJS,False,0.3236040609137056,0.3236040609137056,oot,catboost_a,5
2026-06-18,TJS,False,0.3236040609137056,0.3236040609137056,oot,catboost_a,5
2026-06-19,TJS,False,0.3236040609137056,0.3236040609137056,oot,catboost_a,5
2026-06-20,TJS,True,0.3236040609137056,0.3236040609137056,oot,catboost_a,5
2026-06-23,TJS,True,0.3236040609137056,0.3236040609137056,oot,catboost_a,5
2026-06-24,TJS,True,0.3236040609137056,0.3236040609137056,oot,catboost_a,5
2026-06-25,TJS,True,0.3236040609137056,0.3236040609137056,oot,catboost_a,5
2026-06-26,TJS,True,0.3236040609137056,0.3236040609137056,oot,catboost_a,5
2026-06-27,TJS,True,0.3236040609137056,0.3236040609137056,oot,catboost_a,5
2026-06-30,TJS,False,0.3236040609137056,0.3236040609137056,oot,catboost_a,5
2026-07-01,TJS,False,0.3236040609137056,0.3236040609137056,oot,catboost_a,5
2026-07-02,TJS,False,0.3236040609137056,0.3236040609137056,oot,catboost_a,5
2026-07-03,TJS,False,0.3236040609137056,0.3236040609137056,oot,catboost_a,5
2026-07-04,TJS,False,0.21690140845070421,0.3236040609137056,oot,catboost_a,5
2026-07-07,TJS,False,0.3236040609137056,0.3236040609137056,oot,catboost_a,5
2026-07-08,TJS,False,0.3236040609137056,0.3236040609137056,oot,catboost_a,5
2026-07-09,TJS,False,0.3236040609137056,0.3236040609137056,oot,catboost_a,5
2026-07-10,TJS,False,0.3236040609137056,0.3236040609137056,oot,catboost_a,5
2026-07-11,TJS,False,0.3236040609137056,0.3236040609137056,oot,catboost_a,5
2026-07-14,TJS,False,0.3236040609137056,0.3236040609137056,oot,catboost_a,5
2026-07-15,TJS,False,0.3236040609137056,0.3236040609137056,oot,catboost_a,5
2026-07-16,TJS,False,0.3236040609137056,0.3236040609137056,oot,catboost_a,5
2026-07-17,TJS,False,0.3236040609137056,0.3236040609137056,oot,catboost_a,5
2026-07-18,TJS,False,0.3236040609137056,0.3236040609137056,oot,catboost_a,5
2026-07-21,TJS,False,0.3236040609137056,0.3236040609137056,oot,catboost_a,5
2026-07-22,TJS,False,0.3236040609137056,0.3236040609137056,oot,catboost_a,5
2026-07-23,TJS,False,0.3236040609137056,0.3236040609137056,oot,catboost_a,5
2026-07-24,TJS,False,0.3236040609137056,0.3236040609137056,oot,catboost_a,5
2026-07-25,TJS,False,0.21690140845070421,0.3236040609137056,oot,catboost_a,5
2026-07-28,TJS,False,0.3236040609137056,0.3236040609137056,oot,catboost_a,5
2026-07-29,TJS,False,0.3236040609137056,0.3236040609137056,oot,catboost_a,5
2026-07-30,TJS,False,0.3236040609137056,0.3236040609137056,oot,catboost_a,5
2026-07-31,TJS,False,0.3236040609137056,0.3236040609137056,oot,catboost_a,5
2026-08-01,TJS,False,0.3236040609137056,0.3236040609137056,oot,catboost_a,5
2026-08-04,TJS,False,0.3236040609137056,0.3236040609137056,oot,catboost_a,5
2026-08-05,TJS,False,0.3236040609137056,0.3236040609137056,oot,catboost_a,5
2026-08-06,TJS,False,0.3236040609137056,0.3236040609137056,oot,catboost_a,5
2026-08-07,TJS,False,0.3236040609137056,0.3236040609137056,oot,catboost_a,5
2026-08-08,TJS,False,0.3236040609137056,0.3236040609137056,oot,catboost_a,5
2026-08-11,TJS,False,0.3236040609137056,0.3236040609137056,oot,catboost_a,5
2026-08-12,TJS,False,0.3236040609137056,0.3236040609137056,oot,catboost_a,5
2026-08-13,TJS,False,0.3236040609137056,0.3236040609137056,oot,catboost_a,5
2026-08-14,TJS,False,0.3236040609137056,0.3236040609137056,oot,catboost_a,5
2026-08-15,TJS,False,0.3236040609137056,0.3236040609137056,oot,catboost_a,5
2026-08-18,TJS,False,0.3236040609137056,0.3236040609137056,oot,catboost_a,5
2026-08-19,TJS,False,0.3236040609137056,0.3236040609137056,oot,catboost_a,5
2026-08-20,TJS,False,0.3236040609137056,0.3236040609137056,oot,catboost_a,5
2026-08-21,TJS,False,0.3236040609137056,0.3236040609137056,oot,catboost_a,5
2026-08-22,TJS,False,0.21690140845070421,0.3236040609137056,oot,catboost_a,5
2026-08-25,TJS,False,0.3236040609137056,0.3236040609137056,oot,catboost_a,5
2026-08-26,TJS,False,0.3236040609137056,0.3236040609137056,oot,catboost_a,5
2026-08-27,TJS,False,0.3236040609137056,0.3236040609137056,oot,catboost_a,5
2026-08-28,TJS,False,0.3236040609137056,0.3236040609137056,oot,catboost_a,5
2026-08-29,TJS,False,0.3236040609137056,0.3236040609137056,oot,catboost_a,5
2026-09-01,TJS,False,0.3236040609137056,0.3236040609137056,oot,catboost_a,5
2026-09-02,TJS,True,0.3236040609137056,0.3236040609137056,oot,catboost_a,5
2025-09-02,UZS,False,0.3236040609137056,0.3236040609137056,oot,catboost_a,5
2025-09-03,UZS,False,0.3236040609137056,0.3236040609137056,oot,catboost_a,5
2025-09-04,UZS,False,0.3236040609137056,0.3236040609137056,oot,catboost_a,5
2025-09-05,UZS,False,0.3236040609137056,0.3236040609137056,oot,catboost_a,5
2025-09-06,UZS,False,0.3236040609137056,0.3236040609137056,oot,catboost_a,5
2025-09-09,UZS,False,0.3236040609137056,0.3236040609137056,oot,catboost_a,5
2025-09-10,UZS,False,0.3236040609137056,0.3236040609137056,oot,catboost_a,5
2025-09-11,UZS,False,0.3236040609137056,0.3236040609137056,oot,catboost_a,5
2025-09-12,UZS,False,0.3236040609137056,0.3236040609137056,oot,catboost_a,5
2025-09-13,UZS,False,0.3236040609137056,0.3236040609137056,oot,catboost_a,5
2025-09-16,UZS,False,0.3236040609137056,0.3236040609137056,oot,catboost_a,5
2025-09-17,UZS,False,0.3236040609137056,0.3236040609137056,oot,catboost_a,5
2025-09-18,UZS,False,0.3236040609137056,0.3236040609137056,oot,catboost_a,5
2025-09-19,UZS,False,0.3236040609137056,0.3236040609137056,oot,catboost_a,5
2025-09-20,UZS,False,0.3236040609137056,0.3236040609137056,oot,catboost_a,5
2025-09-23,UZS,False,0.3236040609137056,0.3236040609137056,oot,catboost_a,5
2025-09-24,UZS,True,0.3236040609137056,0.3236040609137056,oot,catboost_a,5
2025-09-25,UZS,True,0.3236040609137056,0.3236040609137056,oot,catboost_a,5
2025-09-26,UZS,True,0.3236040609137056,0.3236040609137056,oot,catboost_a,5
2025-09-27,UZS,True,0.3236040609137056,0.3236040609137056,oot,catboost_a,5
2025-09-30,UZS,True,0.3236040609137056,0.3236040609137056,oot,catboost_a,5
2025-10-01,UZS,True,0.3236040609137056,0.3236040609137056,oot,catboost_a,5
2025-10-02,UZS,False,0.3236040609137056,0.3236040609137056,oot,catboost_a,5
2025-10-03,UZS,False,0.3236040609137056,0.3236040609137056,oot,catboost_a,5
2025-10-04,UZS,False,0.3236040609137056,0.3236040609137056,oot,catboost_a,5
2025-10-07,UZS,False,0.3236040609137056,0.3236040609137056,oot,catboost_a,5
2025-10-08,UZS,False,0.3236040609137056,0.3236040609137056,oot,catboost_a,5
2025-10-09,UZS,False,0.3236040609137056,0.3236040609137056,oot,catboost_a,5
2025-10-10,UZS,False,0.21690140845070421,0.3236040609137056,oot,catboost_a,5
2025-10-11,UZS,False,0.21690140845070421,0.3236040609137056,oot,catboost_a,5
2025-10-14,UZS,False,0.21690140845070421,0.3236040609137056,oot,catboost_a,5
2025-10-15,UZS,False,0.21690140845070421,0.3236040609137056,oot,catboost_a,5
2025-10-16,UZS,False,0.21690140845070421,0.3236040609137056,oot,catboost_a,5
2025-10-17,UZS,False,0.21690140845070421,0.3236040609137056,oot,catboost_a,5
2025-10-18,UZS,True,0.3236040609137056,0.3236040609137056,oot,catboost_a,5
2025-10-21,UZS,False,0.3236040609137056,0.3236040609137056,oot,catboost_a,5
2025-10-22,UZS,False,0.3236040609137056,0.3236040609137056,oot,catboost_a,5
2025-10-23,UZS,False,0.3236040609137056,0.3236040609137056,oot,catboost_a,5
2025-10-24,UZS,False,0.3236040609137056,0.3236040609137056,oot,catboost_a,5
2025-10-25,UZS,False,0.3236040609137056,0.3236040609137056,oot,catboost_a,5
2025-10-28,UZS,False,0.21690140845070421,0.3236040609137056,oot,catboost_a,5
2025-10-29,UZS,False,0.3236040609137056,0.3236040609137056,oot,catboost_a,5
2025-10-30,UZS,False,0.3236040609137056,0.3236040609137056,oot,catboost_a,5
2025-10-31,UZS,False,0.3236040609137056,0.3236040609137056,oot,catboost_a,5
2025-11-01,UZS,False,0.3236040609137056,0.3236040609137056,oot,catboost_a,5
2025-11-02,UZS,False,0.3236040609137056,0.3236040609137056,oot,catboost_a,5
2025-11-06,UZS,False,0.3236040609137056,0.3236040609137056,oot,catboost_a,5
2025-11-07,UZS,False,0.3236040609137056,0.3236040609137056,oot,catboost_a,5
2025-11-08,UZS,False,0.3236040609137056,0.3236040609137056,oot,catboost_a,5
2025-11-11,UZS,False,0.3236040609137056,0.3236040609137056,oot,catboost_a,5
2025-11-12,UZS,False,0.3236040609137056,0.3236040609137056,oot,catboost_a,5
2025-11-13,UZS,False,0.3236040609137056,0.3236040609137056,oot,catboost_a,5
2025-11-14,UZS,False,0.3236040609137056,0.3236040609137056,oot,catboost_a,5
2025-11-15,UZS,False,0.3236040609137056,0.3236040609137056,oot,catboost_a,5
2025-11-18,UZS,False,0.3236040609137056,0.3236040609137056,oot,catboost_a,5
2025-11-19,UZS,False,0.3236040609137056,0.3236040609137056,oot,catboost_a,5
2025-11-20,UZS,False,0.3236040609137056,0.3236040609137056,oot,catboost_a,5
2025-11-21,UZS,False,0.3236040609137056,0.3236040609137056,oot,catboost_a,5
2025-11-22,UZS,False,0.3236040609137056,0.3236040609137056,oot,catboost_a,5
2025-11-25,UZS,False,0.21690140845070421,0.3236040609137056,oot,catboost_a,5
2025-11-26,UZS,False,0.21690140845070421,0.3236040609137056,oot,catboost_a,5
2025-11-27,UZS,False,0.21690140845070421,0.3236040609137056,oot,catboost_a,5
2025-11-28,UZS,True,0.3236040609137056,0.3236040609137056,oot,catboost_a,5
2025-11-29,UZS,False,0.3236040609137056,0.3236040609137056,oot,catboost_a,5
2025-12-02,UZS,True,0.3236040609137056,0.3236040609137056,oot,catboost_a,5
2025-12-03,UZS,False,0.21690140845070421,0.3236040609137056,oot,catboost_a,5
2025-12-04,UZS,True,0.3236040609137056,0.3236040609137056,oot,catboost_a,5
2025-12-05,UZS,True,0.3236040609137056,0.3236040609137056,oot,catboost_a,5
2025-12-06,UZS,False,0.21690140845070421,0.3236040609137056,oot,catboost_a,5
2025-12-09,UZS,True,0.3236040609137056,0.3236040609137056,oot,catboost_a,5
2025-12-10,UZS,False,0.3236040609137056,0.3236040609137056,oot,catboost_a,5
2025-12-11,UZS,False,0.3236040609137056,0.3236040609137056,oot,catboost_a,5
2025-12-12,UZS,False,0.3236040609137056,0.3236040609137056,oot,catboost_a,5
2025-12-13,UZS,False,0.3236040609137056,0.3236040609137056,oot,catboost_a,5
2025-12-16,UZS,False,0.3236040609137056,0.3236040609137056,oot,catboost_a,5
2025-12-17,UZS,False,0.3236040609137056,0.3236040609137056,oot,catboost_a,5
2025-12-18,UZS,False,0.3236040609137056,0.3236040609137056,oot,catboost_a,5
2025-12-19,UZS,False,0.3236040609137056,0.3236040609137056,oot,catboost_a,5
2025-12-20,UZS,False,0.3236040609137056,0.3236040609137056,oot,catboost_a,5
2025-12-23,UZS,False,0.3236040609137056,0.3236040609137056,oot,catboost_a,5
2025-12-24,UZS,True,0.3236040609137056,0.3236040609137056,oot,catboost_a,5
2025-12-25,UZS,False,0.21690140845070421,0.3236040609137056,oot,catboost_a,5
2025-12-26,UZS,False,0.16901408450704225,0.3236040609137056,oot,catboost_a,5
2025-12-27,UZS,False,0.16901408450704225,0.3236040609137056,oot,catboost_a,5
2025-12-30,UZS,False,0.16901408450704225,0.3236040609137056,oot,catboost_a,5
2025-12-31,UZS,True,0.3236040609137056,0.3236040609137056,oot,catboost_a,5
2026-01-13,UZS,False,0.3236040609137056,0.3236040609137056,oot,catboost_a,5
2026-01-14,UZS,False,0.3236040609137056,0.3236040609137056,oot,catboost_a,5
2026-01-15,UZS,False,0.3236040609137056,0.3236040609137056,oot,catboost_a,5
2026-01-16,UZS,False,0.3236040609137056,0.3236040609137056,oot,catboost_a,5
2026-01-17,UZS,False,0.3236040609137056,0.3236040609137056,oot,catboost_a,5
2026-01-20,UZS,False,0.21690140845070421,0.3236040609137056,oot,catboost_a,5
2026-01-21,UZS,False,0.16901408450704225,0.3236040609137056,oot,catboost_a,5
2026-01-22,UZS,False,0.16901408450704225,0.3236040609137056,oot,catboost_a,5
2026-01-23,UZS,False,0.16901408450704225,0.3236040609137056,oot,catboost_a,5
2026-01-24,UZS,True,0.3236040609137056,0.3236040609137056,oot,catboost_a,5
2026-01-27,UZS,False,0.21690140845070421,0.3236040609137056,oot,catboost_a,5
2026-01-28,UZS,False,0.21690140845070421,0.3236040609137056,oot,catboost_a,5
2026-01-29,UZS,False,0.21690140845070421,0.3236040609137056,oot,catboost_a,5
2026-01-30,UZS,False,0.21690140845070421,0.3236040609137056,oot,catboost_a,5
2026-01-31,UZS,False,0.16901408450704225,0.3236040609137056,oot,catboost_a,5
2026-02-03,UZS,True,0.3236040609137056,0.3236040609137056,oot,catboost_a,5
2026-02-04,UZS,False,0.21690140845070421,0.3236040609137056,oot,catboost_a,5
2026-02-05,UZS,False,0.21690140845070421,0.3236040609137056,oot,catboost_a,5
2026-02-06,UZS,False,0.16901408450704225,0.3236040609137056,oot,catboost_a,5
2026-02-07,UZS,False,0.21690140845070421,0.3236040609137056,oot,catboost_a,5
2026-02-10,UZS,False,0.3236040609137056,0.3236040609137056,oot,catboost_a,5
2026-02-11,UZS,False,0.21690140845070421,0.3236040609137056,oot,catboost_a,5
2026-02-12,UZS,False,0.3236040609137056,0.3236040609137056,oot,catboost_a,5
2026-02-13,UZS,False,0.3236040609137056,0.3236040609137056,oot,catboost_a,5
2026-02-14,UZS,False,0.3236040609137056,0.3236040609137056,oot,catboost_a,5
2026-02-17,UZS,False,0.3236040609137056,0.3236040609137056,oot,catboost_a,5
2026-02-18,UZS,False,0.3236040609137056,0.3236040609137056,oot,catboost_a,5
2026-02-19,UZS,False,0.21690140845070421,0.3236040609137056,oot,catboost_a,5
2026-02-20,UZS,False,0.3236040609137056,0.3236040609137056,oot,catboost_a,5
2026-02-21,UZS,False,0.3236040609137056,0.3236040609137056,oot,catboost_a,5
2026-02-25,UZS,False,0.3236040609137056,0.3236040609137056,oot,catboost_a,5
2026-02-26,UZS,False,0.3236040609137056,0.3236040609137056,oot,catboost_a,5
2026-02-27,UZS,False,0.3236040609137056,0.3236040609137056,oot,catboost_a,5
2026-02-28,UZS,False,0.3236040609137056,0.3236040609137056,oot,catboost_a,5
2026-03-03,UZS,True,0.3236040609137056,0.3236040609137056,oot,catboost_a,5
2026-03-04,UZS,True,0.3236040609137056,0.3236040609137056,oot,catboost_a,5
2026-03-05,UZS,True,0.3236040609137056,0.3236040609137056,oot,catboost_a,5
2026-03-06,UZS,True,0.3236040609137056,0.3236040609137056,oot,catboost_a,5
2026-03-07,UZS,True,0.3236040609137056,0.3236040609137056,oot,catboost_a,5
2026-03-11,UZS,False,0.3236040609137056,0.3236040609137056,oot,catboost_a,5
2026-03-12,UZS,False,0.3236040609137056,0.3236040609137056,oot,catboost_a,5
2026-03-13,UZS,True,0.3236040609137056,0.3236040609137056,oot,catboost_a,5
2026-03-14,UZS,True,0.3236040609137056,0.3236040609137056,oot,catboost_a,5
2026-03-17,UZS,True,0.3236040609137056,0.3236040609137056,oot,catboost_a,5
2026-03-18,UZS,True,0.3236040609137056,0.3236040609137056,oot,catboost_a,5
2026-03-19,UZS,True,0.3236040609137056,0.3236040609137056,oot,catboost_a,5
2026-03-20,UZS,True,0.3236040609137056,0.3236040609137056,oot,catboost_a,5
2026-03-21,UZS,True,0.3236040609137056,0.3236040609137056,oot,catboost_a,5
2026-03-24,UZS,False,0.3236040609137056,0.3236040609137056,oot,catboost_a,5
2026-03-25,UZS,False,0.21690140845070421,0.3236040609137056,oot,catboost_a,5
2026-03-26,UZS,False,0.21690140845070421,0.3236040609137056,oot,catboost_a,5
2026-03-27,UZS,False,0.3236040609137056,0.3236040609137056,oot,catboost_a,5
2026-03-28,UZS,False,0.3236040609137056,0.3236040609137056,oot,catboost_a,5
2026-03-31,UZS,False,0.3236040609137056,0.3236040609137056,oot,catboost_a,5
2026-04-01,UZS,False,0.3236040609137056,0.3236040609137056,oot,catboost_a,5
2026-04-02,UZS,False,0.3236040609137056,0.3236040609137056,oot,catboost_a,5
2026-04-03,UZS,False,0.3236040609137056,0.3236040609137056,oot,catboost_a,5
2026-04-04,UZS,False,0.3236040609137056,0.3236040609137056,oot,catboost_a,5
2026-04-07,UZS,False,0.21690140845070421,0.3236040609137056,oot,catboost_a,5
2026-04-08,UZS,False,0.21690140845070421,0.3236040609137056,oot,catboost_a,5
2026-04-09,UZS,False,0.21690140845070421,0.3236040609137056,oot,catboost_a,5
2026-04-10,UZS,False,0.21690140845070421,0.3236040609137056,oot,catboost_a,5
2026-04-11,UZS,False,0.21690140845070421,0.3236040609137056,oot,catboost_a,5
2026-04-14,UZS,False,0.21690140845070421,0.3236040609137056,oot,catboost_a,5
2026-04-15,UZS,False,0.16901408450704225,0.3236040609137056,oot,catboost_a,5
2026-04-16,UZS,False,0.16901408450704225,0.3236040609137056,oot,catboost_a,5
2026-04-17,UZS,True,0.3236040609137056,0.3236040609137056,oot,catboost_a,5
2026-04-18,UZS,False,0.3236040609137056,0.3236040609137056,oot,catboost_a,5
2026-04-21,UZS,False,0.21690140845070421,0.3236040609137056,oot,catboost_a,5
2026-04-22,UZS,False,0.21690140845070421,0.3236040609137056,oot,catboost_a,5
2026-04-23,UZS,False,0.21690140845070421,0.3236040609137056,oot,catboost_a,5
2026-04-24,UZS,False,0.21690140845070421,0.3236040609137056,oot,catboost_a,5
2026-04-25,UZS,False,0.3236040609137056,0.3236040609137056,oot,catboost_a,5
2026-04-28,UZS,False,0.21690140845070421,0.3236040609137056,oot,catboost_a,5
2026-04-29,UZS,False,0.21690140845070421,0.3236040609137056,oot,catboost_a,5
2026-04-30,UZS,False,0.3236040609137056,0.3236040609137056,oot,catboost_a,5
2026-05-01,UZS,False,0.3236040609137056,0.3236040609137056,oot,catboost_a,5
2026-05-05,UZS,True,0.3236040609137056,0.3236040609137056,oot,catboost_a,5
2026-05-06,UZS,True,0.3236040609137056,0.3236040609137056,oot,catboost_a,5
2026-05-07,UZS,False,0.21690140845070421,0.3236040609137056,oot,catboost_a,5
2026-05-08,UZS,False,0.16901408450704225,0.3236040609137056,oot,catboost_a,5
2026-05-09,UZS,False,0.16901408450704225,0.3236040609137056,oot,catboost_a,5
2026-05-13,UZS,False,0.16901408450704225,0.3236040609137056,oot,catboost_a,5
2026-05-14,UZS,False,0.16901408450704225,0.3236040609137056,oot,catboost_a,5
2026-05-15,UZS,True,0.3236040609137056,0.3236040609137056,oot,catboost_a,5
2026-05-16,UZS,False,0.21690140845070421,0.3236040609137056,oot,catboost_a,5
2026-05-19,UZS,False,0.21690140845070421,0.3236040609137056,oot,catboost_a,5
2026-05-20,UZS,False,0.16901408450704225,0.3236040609137056,oot,catboost_a,5
2026-05-21,UZS,False,0.16901408450704225,0.3236040609137056,oot,catboost_a,5
2026-05-22,UZS,True,0.3236040609137056,0.3236040609137056,oot,catboost_a,5
2026-05-23,UZS,False,0.21690140845070421,0.3236040609137056,oot,catboost_a,5
2026-05-26,UZS,False,0.21690140845070421,0.3236040609137056,oot,catboost_a,5
2026-05-27,UZS,False,0.21690140845070421,0.3236040609137056,oot,catboost_a,5
2026-05-28,UZS,False,0.21690140845070421,0.3236040609137056,oot,catboost_a,5
2026-05-29,UZS,False,0.21690140845070421,0.3236040609137056,oot,catboost_a,5
2026-05-30,UZS,False,0.21690140845070421,0.3236040609137056,oot,catboost_a,5
2026-06-02,UZS,False,0.3236040609137056,0.3236040609137056,oot,catboost_a,5
2026-06-03,UZS,False,0.3236040609137056,0.3236040609137056,oot,catboost_a,5
2026-06-04,UZS,False,0.3236040609137056,0.3236040609137056,oot,catboost_a,5
2026-06-05,UZS,False,0.3236040609137056,0.3236040609137056,oot,catboost_a,5
2026-06-06,UZS,False,0.3236040609137056,0.3236040609137056,oot,catboost_a,5
2026-06-09,UZS,False,0.3236040609137056,0.3236040609137056,oot,catboost_a,5
2026-06-10,UZS,False,0.21690140845070421,0.3236040609137056,oot,catboost_a,5
2026-06-11,UZS,False,0.16901408450704225,0.3236040609137056,oot,catboost_a,5
2026-06-12,UZS,False,0.3236040609137056,0.3236040609137056,oot,catboost_a,5
2026-06-16,UZS,False,0.3236040609137056,0.3236040609137056,oot,catboost_a,5
2026-06-17,UZS,False,0.3236040609137056,0.3236040609137056,oot,catboost_a,5
2026-06-18,UZS,False,0.3236040609137056,0.3236040609137056,oot,catboost_a,5
2026-06-19,UZS,False,0.3236040609137056,0.3236040609137056,oot,catboost_a,5
2026-06-20,UZS,False,0.3236040609137056,0.3236040609137056,oot,catboost_a,5
2026-06-23,UZS,False,0.3236040609137056,0.3236040609137056,oot,catboost_a,5
2026-06-24,UZS,False,0.3236040609137056,0.3236040609137056,oot,catboost_a,5
2026-06-25,UZS,False,0.3236040609137056,0.3236040609137056,oot,catboost_a,5
2026-06-26,UZS,False,0.3236040609137056,0.3236040609137056,oot,catboost_a,5
2026-06-27,UZS,False,0.3236040609137056,0.3236040609137056,oot,catboost_a,5
2026-06-30,UZS,False,0.3236040609137056,0.3236040609137056,oot,catboost_a,5
2026-07-01,UZS,False,0.3236040609137056,0.3236040609137056,oot,catboost_a,5
2026-07-02,UZS,False,0.3236040609137056,0.3236040609137056,oot,catboost_a,5
2026-07-03,UZS,False,0.3236040609137056,0.3236040609137056,oot,catboost_a,5
2026-07-04,UZS,False,0.3236040609137056,0.3236040609137056,oot,catboost_a,5
2026-07-07,UZS,False,0.3236040609137056,0.3236040609137056,oot,catboost_a,5
2026-07-08,UZS,False,0.3236040609137056,0.3236040609137056,oot,catboost_a,5
2026-07-09,UZS,False,0.3236040609137056,0.3236040609137056,oot,catboost_a,5
2026-07-10,UZS,False,0.3236040609137056,0.3236040609137056,oot,catboost_a,5
2026-07-11,UZS,False,0.3236040609137056,0.3236040609137056,oot,catboost_a,5
2026-07-14,UZS,False,0.3236040609137056,0.3236040609137056,oot,catboost_a,5
2026-07-15,UZS,False,0.3236040609137056,0.3236040609137056,oot,catboost_a,5
2026-07-16,UZS,False,0.3236040609137056,0.3236040609137056,oot,catboost_a,5
2026-07-17,UZS,False,0.3236040609137056,0.3236040609137056,oot,catboost_a,5
2026-07-18,UZS,False,0.3236040609137056,0.3236040609137056,oot,catboost_a,5
2026-07-21,UZS,False,0.3236040609137056,0.3236040609137056,oot,catboost_a,5
2026-07-22,UZS,False,0.3236040609137056,0.3236040609137056,oot,catboost_a,5
2026-07-23,UZS,False,0.3236040609137056,0.3236040609137056,oot,catboost_a,5
2026-07-24,UZS,False,0.3236040609137056,0.3236040609137056,oot,catboost_a,5
2026-07-25,UZS,False,0.3236040609137056,0.3236040609137056,oot,catboost_a,5
2026-07-28,UZS,False,0.3236040609137056,0.3236040609137056,oot,catboost_a,5
2026-07-29,UZS,False,0.3236040609137056,0.3236040609137056,oot,catboost_a,5
2026-07-30,UZS,False,0.3236040609137056,0.3236040609137056,oot,catboost_a,5
2026-07-31,UZS,False,0.3236040609137056,0.3236040609137056,oot,catboost_a,5
2026-08-01,UZS,False,0.3236040609137056,0.3236040609137056,oot,catboost_a,5
2026-08-04,UZS,False,0.3236040609137056,0.3236040609137056,oot,catboost_a,5
2026-08-05,UZS,False,0.3236040609137056,0.3236040609137056,oot,catboost_a,5
2026-08-06,UZS,False,0.3236040609137056,0.3236040609137056,oot,catboost_a,5
2026-08-07,UZS,False,0.3236040609137056,0.3236040609137056,oot,catboost_a,5
2026-08-08,UZS,False,0.3236040609137056,0.3236040609137056,oot,catboost_a,5
2026-08-11,UZS,False,0.3236040609137056,0.3236040609137056,oot,catboost_a,5
2026-08-12,UZS,False,0.3236040609137056,0.3236040609137056,oot,catboost_a,5
2026-08-13,UZS,False,0.3236040609137056,0.3236040609137056,oot,catboost_a,5
2026-08-14,UZS,False,0.3236040609137056,0.3236040609137056,oot,catboost_a,5
2026-08-15,UZS,False,0.3236040609137056,0.3236040609137056,oot,catboost_a,5
2026-08-18,UZS,False,0.3236040609137056,0.3236040609137056,oot,catboost_a,5
2026-08-19,UZS,False,0.3236040609137056,0.3236040609137056,oot,catboost_a,5
2026-08-20,UZS,False,0.3236040609137056,0.3236040609137056,oot,catboost_a,5
2026-08-21,UZS,False,0.3236040609137056,0.3236040609137056,oot,catboost_a,5
2026-08-22,UZS,False,0.3236040609137056,0.3236040609137056,oot,catboost_a,5
2026-08-25,UZS,True,0.3236040609137056,0.3236040609137056,oot,catboost_a,5
2026-08-26,UZS,True,0.3236040609137056,0.3236040609137056,oot,catboost_a,5
2026-08-27,UZS,True,0.3236040609137056,0.3236040609137056,oot,catboost_a,5
2026-08-28,UZS,True,0.3236040609137056,0.3236040609137056,oot,catboost_a,5
2026-08-29,UZS,True,0.3236040609137056,0.3236040609137056,oot,catboost_a,5
2026-09-01,UZS,True,0.3236040609137056,0.3236040609137056,oot,catboost_a,5
2026-09-02,UZS,False,0.3236040609137056,0.3236040609137056,oot,catboost_a,5
2022-01-11,AMD,False,0.0,0.29591836734693877,wf_2022,catboost_abc,5
2022-01-12,AMD,False,0.125,0.29591836734693877,wf_2022,catboost_abc,5
2022-01-13,AMD,False,0.16831683168316833,0.29591836734693877,wf_2022,catboost_abc,5
2022-01-14,AMD,False,0.16831683168316833,0.29591836734693877,wf_2022,catboost_abc,5
2022-01-15,AMD,False,0.14285714285714285,0.29591836734693877,wf_2022,catboost_abc,5
2022-01-18,AMD,False,0.2324621733149931,0.29591836734693877,wf_2022,catboost_abc,5
2022-01-19,AMD,False,0.2324621733149931,0.29591836734693877,wf_2022,catboost_abc,5
2022-01-20,AMD,False,0.2324621733149931,0.29591836734693877,wf_2022,catboost_abc,5
2022-01-21,AMD,False,0.2324621733149931,0.29591836734693877,wf_2022,catboost_abc,5
2022-01-22,AMD,False,0.2324621733149931,0.29591836734693877,wf_2022,catboost_abc,5
2022-01-25,AMD,False,0.2324621733149931,0.29591836734693877,wf_2022,catboost_abc,5
2022-01-26,AMD,False,0.2,0.29591836734693877,wf_2022,catboost_abc,5
2022-01-27,AMD,False,0.2324621733149931,0.29591836734693877,wf_2022,catboost_abc,5
2022-01-28,AMD,False,0.2324621733149931,0.29591836734693877,wf_2022,catboost_abc,5
2022-01-29,AMD,False,0.16831683168316833,0.29591836734693877,wf_2022,catboost_abc,5
2022-02-01,AMD,False,0.2,0.29591836734693877,wf_2022,catboost_abc,5
2022-02-02,AMD,False,0.2,0.29591836734693877,wf_2022,catboost_abc,5
2022-02-03,AMD,False,0.2,0.29591836734693877,wf_2022,catboost_abc,5
2022-02-04,AMD,False,0.2,0.29591836734693877,wf_2022,catboost_abc,5
2022-02-05,AMD,False,0.2324621733149931,0.29591836734693877,wf_2022,catboost_abc,5
2022-02-08,AMD,False,0.2324621733149931,0.29591836734693877,wf_2022,catboost_abc,5
2022-02-09,AMD,False,0.2324621733149931,0.29591836734693877,wf_2022,catboost_abc,5
2022-02-10,AMD,False,0.23333333333333334,0.29591836734693877,wf_2022,catboost_abc,5
2022-02-11,AMD,False,0.2324621733149931,0.29591836734693877,wf_2022,catboost_abc,5
2022-02-12,AMD,True,0.29591836734693877,0.29591836734693877,wf_2022,catboost_abc,5
2022-02-15,AMD,False,0.0,0.29591836734693877,wf_2022,catboost_abc,5
2022-02-16,AMD,False,0.2324621733149931,0.29591836734693877,wf_2022,catboost_abc,5
2022-02-17,AMD,False,0.2,0.29591836734693877,wf_2022,catboost_abc,5
2022-02-18,AMD,False,0.14285714285714285,0.29591836734693877,wf_2022,catboost_abc,5
2022-02-19,AMD,False,0.16831683168316833,0.29591836734693877,wf_2022,catboost_abc,5
2022-02-22,AMD,False,0.14285714285714285,0.29591836734693877,wf_2022,catboost_abc,5
2022-02-23,AMD,False,0.0,0.29591836734693877,wf_2022,catboost_abc,5
2022-02-25,AMD,False,0.125,0.29591836734693877,wf_2022,catboost_abc,5
2022-02-26,AMD,False,0.2,0.29591836734693877,wf_2022,catboost_abc,5
2022-03-01,AMD,False,0.125,0.29591836734693877,wf_2022,catboost_abc,5
2022-03-02,AMD,False,0.16831683168316833,0.29591836734693877,wf_2022,catboost_abc,5
2022-03-03,AMD,False,0.125,0.29591836734693877,wf_2022,catboost_abc,5
2022-03-04,AMD,False,0.16831683168316833,0.29591836734693877,wf_2022,catboost_abc,5
2022-03-05,AMD,False,0.2324621733149931,0.29591836734693877,wf_2022,catboost_abc,5
2022-03-06,AMD,False,0.2324621733149931,0.29591836734693877,wf_2022,catboost_abc,5
2022-03-10,AMD,False,0.0,0.29591836734693877,wf_2022,catboost_abc,5
2022-03-11,AMD,False,0.0,0.29591836734693877,wf_2022,catboost_abc,5
2022-03-12,AMD,False,0.16831683168316833,0.29591836734693877,wf_2022,catboost_abc,5
2022-03-15,AMD,False,0.16831683168316833,0.29591836734693877,wf_2022,catboost_abc,5
2022-03-16,AMD,False,0.16831683168316833,0.29591836734693877,wf_2022,catboost_abc,5
2022-03-17,AMD,False,0.2,0.29591836734693877,wf_2022,catboost_abc,5
2022-03-18,AMD,False,0.2,0.29591836734693877,wf_2022,catboost_abc,5
2022-03-19,AMD,False,0.2,0.29591836734693877,wf_2022,catboost_abc,5
2022-03-22,AMD,False,0.2,0.29591836734693877,wf_2022,catboost_abc,5
2022-03-23,AMD,False,0.2,0.29591836734693877,wf_2022,catboost_abc,5
2022-03-24,AMD,False,0.2,0.29591836734693877,wf_2022,catboost_abc,5
2022-03-25,AMD,False,0.2324621733149931,0.29591836734693877,wf_2022,catboost_abc,5
2022-03-26,AMD,False,0.2324621733149931,0.29591836734693877,wf_2022,catboost_abc,5
2022-03-29,AMD,False,0.2324621733149931,0.29591836734693877,wf_2022,catboost_abc,5
2022-03-30,AMD,False,0.2,0.29591836734693877,wf_2022,catboost_abc,5
2022-03-31,AMD,False,0.2,0.29591836734693877,wf_2022,catboost_abc,5
2022-04-01,AMD,False,0.2,0.29591836734693877,wf_2022,catboost_abc,5
2022-04-02,AMD,False,0.2,0.29591836734693877,wf_2022,catboost_abc,5
2022-04-05,AMD,False,0.16831683168316833,0.29591836734693877,wf_2022,catboost_abc,5
2022-04-06,AMD,False,0.16831683168316833,0.29591836734693877,wf_2022,catboost_abc,5
2022-04-07,AMD,False,0.16831683168316833,0.29591836734693877,wf_2022,catboost_abc,5
2022-04-08,AMD,False,0.2,0.29591836734693877,wf_2022,catboost_abc,5
2022-04-09,AMD,False,0.2,0.29591836734693877,wf_2022,catboost_abc,5
2022-04-12,AMD,False,0.0,0.29591836734693877,wf_2022,catboost_abc,5
2022-04-13,AMD,False,0.16831683168316833,0.29591836734693877,wf_2022,catboost_abc,5
2022-04-14,AMD,False,0.16831683168316833,0.29591836734693877,wf_2022,catboost_abc,5
2022-04-15,AMD,False,0.0,0.29591836734693877,wf_2022,catboost_abc,5
2022-04-16,AMD,False,0.16831683168316833,0.29591836734693877,wf_2022,catboost_abc,5
2022-04-19,AMD,False,0.16831683168316833,0.29591836734693877,wf_2022,catboost_abc,5
2022-04-20,AMD,False,0.16831683168316833,0.29591836734693877,wf_2022,catboost_abc,5
2022-04-21,AMD,False,0.16831683168316833,0.29591836734693877,wf_2022,catboost_abc,5
2022-04-22,AMD,False,0.2,0.29591836734693877,wf_2022,catboost_abc,5
2022-04-23,AMD,False,0.2324621733149931,0.29591836734693877,wf_2022,catboost_abc,5
2022-04-26,AMD,False,0.2324621733149931,0.29591836734693877,wf_2022,catboost_abc,5
2022-04-27,AMD,False,0.2324621733149931,0.29591836734693877,wf_2022,catboost_abc,5
2022-04-28,AMD,False,0.2324621733149931,0.29591836734693877,wf_2022,catboost_abc,5
2022-04-29,AMD,False,0.2324621733149931,0.29591836734693877,wf_2022,catboost_abc,5
2022-04-30,AMD,False,0.2324621733149931,0.29591836734693877,wf_2022,catboost_abc,5
2022-05-05,AMD,False,0.2324621733149931,0.29591836734693877,wf_2022,catboost_abc,5
2022-05-06,AMD,False,0.16831683168316833,0.29591836734693877,wf_2022,catboost_abc,5
2022-05-07,AMD,False,0.16831683168316833,0.29591836734693877,wf_2022,catboost_abc,5
2022-05-12,AMD,False,0.0,0.29591836734693877,wf_2022,catboost_abc,5
2022-05-13,AMD,False,0.16831683168316833,0.29591836734693877,wf_2022,catboost_abc,5
2022-05-14,AMD,False,0.16831683168316833,0.29591836734693877,wf_2022,catboost_abc,5
2022-05-17,AMD,False,0.16831683168316833,0.29591836734693877,wf_2022,catboost_abc,5
2022-05-18,AMD,False,0.2,0.29591836734693877,wf_2022,catboost_abc,5
2022-05-19,AMD,False,0.16831683168316833,0.29591836734693877,wf_2022,catboost_abc,5
2022-05-20,AMD,False,0.2,0.29591836734693877,wf_2022,catboost_abc,5
2022-05-21,AMD,False,0.2,0.29591836734693877,wf_2022,catboost_abc,5
2022-05-24,AMD,False,0.16831683168316833,0.29591836734693877,wf_2022,catboost_abc,5
2022-05-25,AMD,False,0.16831683168316833,0.29591836734693877,wf_2022,catboost_abc,5
2022-05-26,AMD,False,0.16831683168316833,0.29591836734693877,wf_2022,catboost_abc,5
2022-05-27,AMD,False,0.0,0.29591836734693877,wf_2022,catboost_abc,5
2022-05-28,AMD,False,0.0,0.29591836734693877,wf_2022,catboost_abc,5
2022-05-31,AMD,False,0.0,0.29591836734693877,wf_2022,catboost_abc,5
2022-06-01,AMD,False,0.0,0.29591836734693877,wf_2022,catboost_abc,5
2022-06-02,AMD,False,0.0,0.29591836734693877,wf_2022,catboost_abc,5
2022-06-03,AMD,False,0.0,0.29591836734693877,wf_2022,catboost_abc,5
2022-06-04,AMD,False,0.0,0.29591836734693877,wf_2022,catboost_abc,5
2022-06-07,AMD,False,0.125,0.29591836734693877,wf_2022,catboost_abc,5
2022-06-08,AMD,False,0.0,0.29591836734693877,wf_2022,catboost_abc,5
2022-06-09,AMD,False,0.125,0.29591836734693877,wf_2022,catboost_abc,5
2022-06-10,AMD,False,0.14285714285714285,0.29591836734693877,wf_2022,catboost_abc,5
2022-06-11,AMD,False,0.14285714285714285,0.29591836734693877,wf_2022,catboost_abc,5
2022-06-15,AMD,False,0.14285714285714285,0.29591836734693877,wf_2022,catboost_abc,5
2022-06-16,AMD,False,0.16831683168316833,0.29591836734693877,wf_2022,catboost_abc,5
2022-06-17,AMD,False,0.16831683168316833,0.29591836734693877,wf_2022,catboost_abc,5
2022-06-18,AMD,False,0.16831683168316833,0.29591836734693877,wf_2022,catboost_abc,5
2022-06-21,AMD,False,0.2324621733149931,0.29591836734693877,wf_2022,catboost_abc,5
2022-06-22,AMD,False,0.2324621733149931,0.29591836734693877,wf_2022,catboost_abc,5
2022-06-23,AMD,False,0.2324621733149931,0.29591836734693877,wf_2022,catboost_abc,5
2022-06-24,AMD,False,0.2324621733149931,0.29591836734693877,wf_2022,catboost_abc,5
2022-06-25,AMD,False,0.2324621733149931,0.29591836734693877,wf_2022,catboost_abc,5
2022-06-28,AMD,False,0.2324621733149931,0.29591836734693877,wf_2022,catboost_abc,5
2022-06-29,AMD,False,0.2324621733149931,0.29591836734693877,wf_2022,catboost_abc,5
2022-06-30,AMD,False,0.2324621733149931,0.29591836734693877,wf_2022,catboost_abc,5
2022-07-01,AMD,False,0.0,0.29591836734693877,wf_2022,catboost_abc,5
2022-07-02,AMD,False,0.0,0.29591836734693877,wf_2022,catboost_abc,5
2022-07-05,AMD,False,0.0,0.29591836734693877,wf_2022,catboost_abc,5
2022-07-06,AMD,False,0.0,0.29591836734693877,wf_2022,catboost_abc,5
2022-07-07,AMD,False,0.0,0.29591836734693877,wf_2022,catboost_abc,5
2022-07-08,AMD,False,0.0,0.29591836734693877,wf_2022,catboost_abc,5
2022-07-09,AMD,False,0.0,0.29591836734693877,wf_2022,catboost_abc,5
2022-07-12,AMD,False,0.0,0.29591836734693877,wf_2022,catboost_abc,5
2022-07-13,AMD,False,0.14285714285714285,0.29591836734693877,wf_2022,catboost_abc,5
2022-07-14,AMD,False,0.14285714285714285,0.29591836734693877,wf_2022,catboost_abc,5
2022-07-15,AMD,False,0.14285714285714285,0.29591836734693877,wf_2022,catboost_abc,5
2022-07-16,AMD,False,0.14285714285714285,0.29591836734693877,wf_2022,catboost_abc,5
2022-07-19,AMD,False,0.16831683168316833,0.29591836734693877,wf_2022,catboost_abc,5
2022-07-20,AMD,False,0.2324621733149931,0.29591836734693877,wf_2022,catboost_abc,5
2022-07-21,AMD,False,0.2324621733149931,0.29591836734693877,wf_2022,catboost_abc,5
2022-07-22,AMD,False,0.125,0.29591836734693877,wf_2022,catboost_abc,5
2022-07-23,AMD,False,0.0,0.29591836734693877,wf_2022,catboost_abc,5
2022-07-26,AMD,False,0.125,0.29591836734693877,wf_2022,catboost_abc,5
2022-07-27,AMD,False,0.0,0.29591836734693877,wf_2022,catboost_abc,5
2022-07-28,AMD,False,0.0,0.29591836734693877,wf_2022,catboost_abc,5
2022-07-29,AMD,False,0.0,0.29591836734693877,wf_2022,catboost_abc,5
2022-07-30,AMD,False,0.0,0.29591836734693877,wf_2022,catboost_abc,5
2022-08-02,AMD,False,0.0,0.29591836734693877,wf_2022,catboost_abc,5
2022-08-03,AMD,False,0.125,0.29591836734693877,wf_2022,catboost_abc,5
2022-08-04,AMD,False,0.14285714285714285,0.29591836734693877,wf_2022,catboost_abc,5
2022-08-05,AMD,False,0.14285714285714285,0.29591836734693877,wf_2022,catboost_abc,5
2022-08-06,AMD,False,0.16831683168316833,0.29591836734693877,wf_2022,catboost_abc,5
2022-08-09,AMD,False,0.16831683168316833,0.29591836734693877,wf_2022,catboost_abc,5
2022-08-10,AMD,False,0.16831683168316833,0.29591836734693877,wf_2022,catboost_abc,5
2022-08-11,AMD,False,0.16831683168316833,0.29591836734693877,wf_2022,catboost_abc,5
2022-08-12,AMD,False,0.16831683168316833,0.29591836734693877,wf_2022,catboost_abc,5
2022-08-13,AMD,False,0.16831683168316833,0.29591836734693877,wf_2022,catboost_abc,5
2022-08-16,AMD,False,0.16831683168316833,0.29591836734693877,wf_2022,catboost_abc,5
2022-08-17,AMD,False,0.16831683168316833,0.29591836734693877,wf_2022,catboost_abc,5
2022-08-18,AMD,False,0.2,0.29591836734693877,wf_2022,catboost_abc,5
2022-08-19,AMD,False,0.2,0.29591836734693877,wf_2022,catboost_abc,5
2022-08-20,AMD,False,0.2324621733149931,0.29591836734693877,wf_2022,catboost_abc,5
2022-08-23,AMD,False,0.2,0.29591836734693877,wf_2022,catboost_abc,5
2022-08-24,AMD,False,0.16831683168316833,0.29591836734693877,wf_2022,catboost_abc,5
2022-08-25,AMD,False,0.16831683168316833,0.29591836734693877,wf_2022,catboost_abc,5
2022-08-26,AMD,False,0.2,0.29591836734693877,wf_2022,catboost_abc,5
2022-08-27,AMD,False,0.16831683168316833,0.29591836734693877,wf_2022,catboost_abc,5
2022-08-30,AMD,False,0.2,0.29591836734693877,wf_2022,catboost_abc,5
2022-08-31,AMD,False,0.2324621733149931,0.29591836734693877,wf_2022,catboost_abc,5
2022-09-01,AMD,False,0.2324621733149931,0.29591836734693877,wf_2022,catboost_abc,5
2022-09-02,AMD,False,0.2324621733149931,0.29591836734693877,wf_2022,catboost_abc,5
2022-09-03,AMD,False,0.2324621733149931,0.29591836734693877,wf_2022,catboost_abc,5
2022-09-06,AMD,False,0.2324621733149931,0.29591836734693877,wf_2022,catboost_abc,5
2022-09-07,AMD,False,0.2324621733149931,0.29591836734693877,wf_2022,catboost_abc,5
2022-09-08,AMD,False,0.2324621733149931,0.29591836734693877,wf_2022,catboost_abc,5
2022-09-09,AMD,False,0.2324621733149931,0.29591836734693877,wf_2022,catboost_abc,5
2022-09-10,AMD,False,0.2324621733149931,0.29591836734693877,wf_2022,catboost_abc,5
2022-09-13,AMD,False,0.23333333333333334,0.29591836734693877,wf_2022,catboost_abc,5
2022-09-14,AMD,True,0.29591836734693877,0.29591836734693877,wf_2022,catboost_abc,5
2022-09-15,AMD,True,0.29591836734693877,0.29591836734693877,wf_2022,catboost_abc,5
2022-09-16,AMD,False,0.23333333333333334,0.29591836734693877,wf_2022,catboost_abc,5
2022-09-17,AMD,False,0.23333333333333334,0.29591836734693877,wf_2022,catboost_abc,5
2022-09-20,AMD,True,0.29591836734693877,0.29591836734693877,wf_2022,catboost_abc,5
2022-09-21,AMD,True,0.29591836734693877,0.29591836734693877,wf_2022,catboost_abc,5
2022-09-22,AMD,False,0.2324621733149931,0.29591836734693877,wf_2022,catboost_abc,5
2022-09-23,AMD,False,0.29591836734693877,0.29591836734693877,wf_2022,catboost_abc,5
2022-09-24,AMD,False,0.23333333333333334,0.29591836734693877,wf_2022,catboost_abc,5
2022-09-27,AMD,True,0.29591836734693877,0.29591836734693877,wf_2022,catboost_abc,5
2022-09-28,AMD,False,0.2324621733149931,0.29591836734693877,wf_2022,catboost_abc,5
2022-09-29,AMD,False,0.16831683168316833,0.29591836734693877,wf_2022,catboost_abc,5
2022-09-30,AMD,False,0.2324621733149931,0.29591836734693877,wf_2022,catboost_abc,5
2022-10-01,AMD,False,0.29591836734693877,0.29591836734693877,wf_2022,catboost_abc,5
2022-10-04,AMD,False,0.0,0.29591836734693877,wf_2022,catboost_abc,5
2022-10-05,AMD,False,0.0,0.29591836734693877,wf_2022,catboost_abc,5
2022-10-06,AMD,False,0.0,0.29591836734693877,wf_2022,catboost_abc,5
2022-10-07,AMD,False,0.0,0.29591836734693877,wf_2022,catboost_abc,5
2022-10-08,AMD,False,0.0,0.29591836734693877,wf_2022,catboost_abc,5
2022-10-11,AMD,False,0.0,0.29591836734693877,wf_2022,catboost_abc,5
2022-10-12,AMD,False,0.0,0.29591836734693877,wf_2022,catboost_abc,5
2022-10-13,AMD,False,0.0,0.29591836734693877,wf_2022,catboost_abc,5
2022-10-14,AMD,False,0.125,0.29591836734693877,wf_2022,catboost_abc,5
2022-10-15,AMD,False,0.125,0.29591836734693877,wf_2022,catboost_abc,5
2022-10-18,AMD,False,0.14285714285714285,0.29591836734693877,wf_2022,catboost_abc,5
2022-10-19,AMD,False,0.14285714285714285,0.29591836734693877,wf_2022,catboost_abc,5
2022-10-20,AMD,False,0.16831683168316833,0.29591836734693877,wf_2022,catboost_abc,5
2022-10-21,AMD,False,0.16831683168316833,0.29591836734693877,wf_2022,catboost_abc,5
2022-10-22,AMD,False,0.16831683168316833,0.29591836734693877,wf_2022,catboost_abc,5
2022-10-25,AMD,False,0.16831683168316833,0.29591836734693877,wf_2022,catboost_abc,5
2022-10-26,AMD,False,0.2,0.29591836734693877,wf_2022,catboost_abc,5
2022-10-27,AMD,False,0.2,0.29591836734693877,wf_2022,catboost_abc,5
2022-10-28,AMD,False,0.16831683168316833,0.29591836734693877,wf_2022,catboost_abc,5
2022-10-29,AMD,False,0.16831683168316833,0.29591836734693877,wf_2022,catboost_abc,5
2022-11-01,AMD,False,0.16831683168316833,0.29591836734693877,wf_2022,catboost_abc,5
2022-11-02,AMD,False,0.16831683168316833,0.29591836734693877,wf_2022,catboost_abc,5
2022-11-03,AMD,False,0.16831683168316833,0.29591836734693877,wf_2022,catboost_abc,5
2022-11-04,AMD,False,0.2,0.29591836734693877,wf_2022,catboost_abc,5
2022-11-08,AMD,False,0.16831683168316833,0.29591836734693877,wf_2022,catboost_abc,5
2022-11-09,AMD,False,0.2324621733149931,0.29591836734693877,wf_2022,catboost_abc,5
2022-11-10,AMD,False,0.2324621733149931,0.29591836734693877,wf_2022,catboost_abc,5
2022-11-11,AMD,False,0.2324621733149931,0.29591836734693877,wf_2022,catboost_abc,5
2022-11-12,AMD,False,0.2324621733149931,0.29591836734693877,wf_2022,catboost_abc,5
2022-11-15,AMD,False,0.2324621733149931,0.29591836734693877,wf_2022,catboost_abc,5
2022-11-16,AMD,False,0.2324621733149931,0.29591836734693877,wf_2022,catboost_abc,5
2022-11-17,AMD,False,0.2324621733149931,0.29591836734693877,wf_2022,catboost_abc,5
2022-11-18,AMD,False,0.2324621733149931,0.29591836734693877,wf_2022,catboost_abc,5
2022-11-19,AMD,False,0.2324621733149931,0.29591836734693877,wf_2022,catboost_abc,5
2022-11-22,AMD,False,0.2324621733149931,0.29591836734693877,wf_2022,catboost_abc,5
2022-11-23,AMD,False,0.2324621733149931,0.29591836734693877,wf_2022,catboost_abc,5
2022-11-24,AMD,False,0.2324621733149931,0.29591836734693877,wf_2022,catboost_abc,5
2022-11-25,AMD,False,0.2324621733149931,0.29591836734693877,wf_2022,catboost_abc,5
2022-11-26,AMD,False,0.2324621733149931,0.29591836734693877,wf_2022,catboost_abc,5
2022-11-29,AMD,False,0.2324621733149931,0.29591836734693877,wf_2022,catboost_abc,5
2022-11-30,AMD,False,0.2324621733149931,0.29591836734693877,wf_2022,catboost_abc,5
2022-12-01,AMD,False,0.2324621733149931,0.29591836734693877,wf_2022,catboost_abc,5
2022-12-02,AMD,False,0.2324621733149931,0.29591836734693877,wf_2022,catboost_abc,5
2022-12-03,AMD,False,0.2324621733149931,0.29591836734693877,wf_2022,catboost_abc,5
2022-12-06,AMD,False,0.2324621733149931,0.29591836734693877,wf_2022,catboost_abc,5
2022-12-07,AMD,False,0.16831683168316833,0.29591836734693877,wf_2022,catboost_abc,5
2022-12-08,AMD,False,0.2324621733149931,0.29591836734693877,wf_2022,catboost_abc,5
2022-12-09,AMD,False,0.2324621733149931,0.29591836734693877,wf_2022,catboost_abc,5
2022-12-10,AMD,False,0.2324621733149931,0.29591836734693877,wf_2022,catboost_abc,5
2022-12-13,AMD,False,0.2324621733149931,0.29591836734693877,wf_2022,catboost_abc,5
2022-12-14,AMD,False,0.2324621733149931,0.29591836734693877,wf_2022,catboost_abc,5
2022-12-15,AMD,False,0.2324621733149931,0.29591836734693877,wf_2022,catboost_abc,5
2022-12-16,AMD,False,0.0,0.29591836734693877,wf_2022,catboost_abc,5
2022-12-17,AMD,False,0.2,0.29591836734693877,wf_2022,catboost_abc,5
2022-12-20,AMD,False,0.2,0.29591836734693877,wf_2022,catboost_abc,5
2022-12-21,AMD,False,0.16831683168316833,0.29591836734693877,wf_2022,catboost_abc,5
2022-12-22,AMD,False,0.16831683168316833,0.29591836734693877,wf_2022,catboost_abc,5
2022-12-23,AMD,False,0.16831683168316833,0.29591836734693877,wf_2022,catboost_abc,5
2022-12-24,AMD,False,0.2324621733149931,0.29591836734693877,wf_2022,catboost_abc,5
2022-12-27,AMD,False,0.2324621733149931,0.29591836734693877,wf_2022,catboost_abc,5
2022-12-28,AMD,False,0.2,0.29591836734693877,wf_2022,catboost_abc,5
2022-12-29,AMD,False,0.2,0.29591836734693877,wf_2022,catboost_abc,5
2022-12-30,AMD,False,0.2324621733149931,0.29591836734693877,wf_2022,catboost_abc,5
2022-12-31,AMD,False,0.23333333333333334,0.29591836734693877,wf_2022,catboost_abc,5
2022-01-11,KGS,False,0.16831683168316833,0.29591836734693877,wf_2022,catboost_abc,5
2022-01-12,KGS,False,0.2324621733149931,0.29591836734693877,wf_2022,catboost_abc,5
2022-01-13,KGS,False,0.2324621733149931,0.29591836734693877,wf_2022,catboost_abc,5
2022-01-14,KGS,False,0.2324621733149931,0.29591836734693877,wf_2022,catboost_abc,5
2022-01-15,KGS,False,0.16831683168316833,0.29591836734693877,wf_2022,catboost_abc,5
2022-01-18,KGS,False,0.2324621733149931,0.29591836734693877,wf_2022,catboost_abc,5
2022-01-19,KGS,False,0.16831683168316833,0.29591836734693877,wf_2022,catboost_abc,5
2022-01-20,KGS,False,0.2,0.29591836734693877,wf_2022,catboost_abc,5
2022-01-21,KGS,False,0.2324621733149931,0.29591836734693877,wf_2022,catboost_abc,5
2022-01-22,KGS,False,0.2324621733149931,0.29591836734693877,wf_2022,catboost_abc,5
2022-01-25,KGS,False,0.2324621733149931,0.29591836734693877,wf_2022,catboost_abc,5
2022-01-26,KGS,False,0.14285714285714285,0.29591836734693877,wf_2022,catboost_abc,5
2022-01-27,KGS,False,0.2,0.29591836734693877,wf_2022,catboost_abc,5
2022-01-28,KGS,False,0.2324621733149931,0.29591836734693877,wf_2022,catboost_abc,5
2022-01-29,KGS,False,0.2324621733149931,0.29591836734693877,wf_2022,catboost_abc,5
2022-02-01,KGS,False,0.2324621733149931,0.29591836734693877,wf_2022,catboost_abc,5
2022-02-02,KGS,False,0.2324621733149931,0.29591836734693877,wf_2022,catboost_abc,5
2022-02-03,KGS,False,0.23333333333333334,0.29591836734693877,wf_2022,catboost_abc,5
2022-02-04,KGS,False,0.23333333333333334,0.29591836734693877,wf_2022,catboost_abc,5
2022-02-05,KGS,False,0.2324621733149931,0.29591836734693877,wf_2022,catboost_abc,5
2022-02-08,KGS,False,0.23333333333333334,0.29591836734693877,wf_2022,catboost_abc,5
2022-02-09,KGS,False,0.2692307692307692,0.29591836734693877,wf_2022,catboost_abc,5
2022-02-10,KGS,True,0.29591836734693877,0.29591836734693877,wf_2022,catboost_abc,5
2022-02-11,KGS,True,0.29591836734693877,0.29591836734693877,wf_2022,catboost_abc,5
2022-02-12,KGS,True,0.29591836734693877,0.29591836734693877,wf_2022,catboost_abc,5
2022-02-15,KGS,False,0.125,0.29591836734693877,wf_2022,catboost_abc,5
2022-02-16,KGS,False,0.2324621733149931,0.29591836734693877,wf_2022,catboost_abc,5
2022-02-17,KGS,False,0.2324621733149931,0.29591836734693877,wf_2022,catboost_abc,5
2022-02-18,KGS,False,0.2,0.29591836734693877,wf_2022,catboost_abc,5
2022-02-19,KGS,False,0.2324621733149931,0.29591836734693877,wf_2022,catboost_abc,5
2022-02-22,KGS,False,0.16831683168316833,0.29591836734693877,wf_2022,catboost_abc,5
2022-02-23,KGS,False,0.0,0.29591836734693877,wf_2022,catboost_abc,5
2022-02-25,KGS,False,0.125,0.29591836734693877,wf_2022,catboost_abc,5
2022-02-26,KGS,False,0.2,0.29591836734693877,wf_2022,catboost_abc,5
2022-03-01,KGS,False,0.125,0.29591836734693877,wf_2022,catboost_abc,5
2022-03-02,KGS,False,0.16831683168316833,0.29591836734693877,wf_2022,catboost_abc,5
2022-03-03,KGS,False,0.16831683168316833,0.29591836734693877,wf_2022,catboost_abc,5
2022-03-04,KGS,False,0.16831683168316833,0.29591836734693877,wf_2022,catboost_abc,5
2022-03-05,KGS,False,0.2324621733149931,0.29591836734693877,wf_2022,catboost_abc,5
2022-03-06,KGS,False,0.23333333333333334,0.29591836734693877,wf_2022,catboost_abc,5
2022-03-10,KGS,False,0.2,0.29591836734693877,wf_2022,catboost_abc,5
2022-03-11,KGS,False,0.16831683168316833,0.29591836734693877,wf_2022,catboost_abc,5
2022-03-12,KGS,False,0.2324621733149931,0.29591836734693877,wf_2022,catboost_abc,5
2022-03-15,KGS,False,0.23333333333333334,0.29591836734693877,wf_2022,catboost_abc,5
2022-03-16,KGS,True,0.29591836734693877,0.29591836734693877,wf_2022,catboost_abc,5
2022-03-17,KGS,True,0.29591836734693877,0.29591836734693877,wf_2022,catboost_abc,5
2022-03-18,KGS,True,0.29591836734693877,0.29591836734693877,wf_2022,catboost_abc,5
2022-03-19,KGS,True,0.29591836734693877,0.29591836734693877,wf_2022,catboost_abc,5
2022-03-22,KGS,False,0.2324621733149931,0.29591836734693877,wf_2022,catboost_abc,5
2022-03-23,KGS,False,0.16831683168316833,0.29591836734693877,wf_2022,catboost_abc,5
2022-03-24,KGS,False,0.2324621733149931,0.29591836734693877,wf_2022,catboost_abc,5
2022-03-25,KGS,False,0.2324621733149931,0.29591836734693877,wf_2022,catboost_abc,5
2022-03-26,KGS,False,0.2,0.29591836734693877,wf_2022,catboost_abc,5
2022-03-29,KGS,False,0.2324621733149931,0.29591836734693877,wf_2022,catboost_abc,5
2022-03-30,KGS,False,0.2324621733149931,0.29591836734693877,wf_2022,catboost_abc,5
2022-03-31,KGS,False,0.2324621733149931,0.29591836734693877,wf_2022,catboost_abc,5
2022-04-01,KGS,False,0.2,0.29591836734693877,wf_2022,catboost_abc,5
2022-04-02,KGS,False,0.0,0.29591836734693877,wf_2022,catboost_abc,5
2022-04-05,KGS,False,0.14285714285714285,0.29591836734693877,wf_2022,catboost_abc,5
2022-04-06,KGS,False,0.125,0.29591836734693877,wf_2022,catboost_abc,5
2022-04-07,KGS,False,0.14285714285714285,0.29591836734693877,wf_2022,catboost_abc,5
2022-04-08,KGS,False,0.16831683168316833,0.29591836734693877,wf_2022,catboost_abc,5
2022-04-09,KGS,False,0.16831683168316833,0.29591836734693877,wf_2022,catboost_abc,5
2022-04-12,KGS,False,0.0,0.29591836734693877,wf_2022,catboost_abc,5
2022-04-13,KGS,False,0.0,0.29591836734693877,wf_2022,catboost_abc,5
2022-04-14,KGS,False,0.0,0.29591836734693877,wf_2022,catboost_abc,5
2022-04-15,KGS,False,0.0,0.29591836734693877,wf_2022,catboost_abc,5
2022-04-16,KGS,False,0.0,0.29591836734693877,wf_2022,catboost_abc,5
2022-04-19,KGS,False,0.0,0.29591836734693877,wf_2022,catboost_abc,5
2022-04-20,KGS,False,0.16831683168316833,0.29591836734693877,wf_2022,catboost_abc,5
2022-04-21,KGS,False,0.2,0.29591836734693877,wf_2022,catboost_abc,5
2022-04-22,KGS,False,0.2,0.29591836734693877,wf_2022,catboost_abc,5
2022-04-23,KGS,False,0.16831683168316833,0.29591836734693877,wf_2022,catboost_abc,5
2022-04-26,KGS,False,0.2,0.29591836734693877,wf_2022,catboost_abc,5
2022-04-27,KGS,False,0.2,0.29591836734693877,wf_2022,catboost_abc,5
2022-04-28,KGS,False,0.2,0.29591836734693877,wf_2022,catboost_abc,5
2022-04-29,KGS,False,0.2324621733149931,0.29591836734693877,wf_2022,catboost_abc,5
2022-04-30,KGS,False,0.2324621733149931,0.29591836734693877,wf_2022,catboost_abc,5
2022-05-05,KGS,False,0.2,0.29591836734693877,wf_2022,catboost_abc,5
2022-05-06,KGS,False,0.2324621733149931,0.29591836734693877,wf_2022,catboost_abc,5
2022-05-07,KGS,False,0.14285714285714285,0.29591836734693877,wf_2022,catboost_abc,5
2022-05-12,KGS,False,0.14285714285714285,0.29591836734693877,wf_2022,catboost_abc,5
2022-05-13,KGS,False,0.2,0.29591836734693877,wf_2022,catboost_abc,5
2022-05-14,KGS,False,0.16831683168316833,0.29591836734693877,wf_2022,catboost_abc,5
2022-05-17,KGS,False,0.16831683168316833,0.29591836734693877,wf_2022,catboost_abc,5
2022-05-18,KGS,False,0.16831683168316833,0.29591836734693877,wf_2022,catboost_abc,5
2022-05-19,KGS,False,0.0,0.29591836734693877,wf_2022,catboost_abc,5
2022-05-20,KGS,False,0.16831683168316833,0.29591836734693877,wf_2022,catboost_abc,5
2022-05-21,KGS,False,0.16831683168316833,0.29591836734693877,wf_2022,catboost_abc,5
2022-05-24,KGS,False,0.14285714285714285,0.29591836734693877,wf_2022,catboost_abc,5
2022-05-25,KGS,False,0.16831683168316833,0.29591836734693877,wf_2022,catboost_abc,5
2022-05-26,KGS,False,0.14285714285714285,0.29591836734693877,wf_2022,catboost_abc,5
2022-05-27,KGS,False,0.0,0.29591836734693877,wf_2022,catboost_abc,5
2022-05-28,KGS,False,0.0,0.29591836734693877,wf_2022,catboost_abc,5
2022-05-31,KGS,False,0.0,0.29591836734693877,wf_2022,catboost_abc,5
2022-06-01,KGS,False,0.0,0.29591836734693877,wf_2022,catboost_abc,5
2022-06-02,KGS,False,0.0,0.29591836734693877,wf_2022,catboost_abc,5
2022-06-03,KGS,False,0.125,0.29591836734693877,wf_2022,catboost_abc,5
2022-06-04,KGS,False,0.0,0.29591836734693877,wf_2022,catboost_abc,5
2022-06-07,KGS,False,0.125,0.29591836734693877,wf_2022,catboost_abc,5
2022-06-08,KGS,False,0.0,0.29591836734693877,wf_2022,catboost_abc,5
2022-06-09,KGS,False,0.0,0.29591836734693877,wf_2022,catboost_abc,5
2022-06-10,KGS,False,0.14285714285714285,0.29591836734693877,wf_2022,catboost_abc,5
2022-06-11,KGS,False,0.125,0.29591836734693877,wf_2022,catboost_abc,5
2022-06-15,KGS,False,0.16831683168316833,0.29591836734693877,wf_2022,catboost_abc,5
2022-06-16,KGS,False,0.16831683168316833,0.29591836734693877,wf_2022,catboost_abc,5
2022-06-17,KGS,False,0.2,0.29591836734693877,wf_2022,catboost_abc,5
2022-06-18,KGS,False,0.2,0.29591836734693877,wf_2022,catboost_abc,5
2022-06-21,KGS,False,0.16831683168316833,0.29591836734693877,wf_2022,catboost_abc,5
2022-06-22,KGS,False,0.16831683168316833,0.29591836734693877,wf_2022,catboost_abc,5
2022-06-23,KGS,False,0.16831683168316833,0.29591836734693877,wf_2022,catboost_abc,5
2022-06-24,KGS,False,0.16831683168316833,0.29591836734693877,wf_2022,catboost_abc,5
2022-06-25,KGS,False,0.16831683168316833,0.29591836734693877,wf_2022,catboost_abc,5
2022-06-28,KGS,False,0.2324621733149931,0.29591836734693877,wf_2022,catboost_abc,5
2022-06-29,KGS,False,0.2,0.29591836734693877,wf_2022,catboost_abc,5
2022-06-30,KGS,False,0.2,0.29591836734693877,wf_2022,catboost_abc,5
2022-07-01,KGS,False,0.0,0.29591836734693877,wf_2022,catboost_abc,5
2022-07-02,KGS,False,0.0,0.29591836734693877,wf_2022,catboost_abc,5
2022-07-05,KGS,False,0.0,0.29591836734693877,wf_2022,catboost_abc,5
2022-07-06,KGS,False,0.0,0.29591836734693877,wf_2022,catboost_abc,5
2022-07-07,KGS,False,0.0,0.29591836734693877,wf_2022,catboost_abc,5
2022-07-08,KGS,False,0.16831683168316833,0.29591836734693877,wf_2022,catboost_abc,5
2022-07-09,KGS,False,0.16831683168316833,0.29591836734693877,wf_2022,catboost_abc,5
2022-07-12,KGS,False,0.125,0.29591836734693877,wf_2022,catboost_abc,5
2022-07-13,KGS,False,0.14285714285714285,0.29591836734693877,wf_2022,catboost_abc,5
2022-07-14,KGS,False,0.14285714285714285,0.29591836734693877,wf_2022,catboost_abc,5
2022-07-15,KGS,False,0.14285714285714285,0.29591836734693877,wf_2022,catboost_abc,5
2022-07-16,KGS,False,0.14285714285714285,0.29591836734693877,wf_2022,catboost_abc,5
2022-07-19,KGS,False,0.14285714285714285,0.29591836734693877,wf_2022,catboost_abc,5
2022-07-20,KGS,False,0.16831683168316833,0.29591836734693877,wf_2022,catboost_abc,5
2022-07-21,KGS,False,0.16831683168316833,0.29591836734693877,wf_2022,catboost_abc,5
2022-07-22,KGS,False,0.125,0.29591836734693877,wf_2022,catboost_abc,5
2022-07-23,KGS,False,0.0,0.29591836734693877,wf_2022,catboost_abc,5
2022-07-26,KGS,False,0.16831683168316833,0.29591836734693877,wf_2022,catboost_abc,5
2022-07-27,KGS,False,0.125,0.29591836734693877,wf_2022,catboost_abc,5
2022-07-28,KGS,False,0.16831683168316833,0.29591836734693877,wf_2022,catboost_abc,5
2022-07-29,KGS,False,0.16831683168316833,0.29591836734693877,wf_2022,catboost_abc,5
2022-07-30,KGS,False,0.0,0.29591836734693877,wf_2022,catboost_abc,5
2022-08-02,KGS,False,0.0,0.29591836734693877,wf_2022,catboost_abc,5
2022-08-03,KGS,False,0.125,0.29591836734693877,wf_2022,catboost_abc,5
2022-08-04,KGS,False,0.125,0.29591836734693877,wf_2022,catboost_abc,5
2022-08-05,KGS,False,0.125,0.29591836734693877,wf_2022,catboost_abc,5
2022-08-06,KGS,False,0.14285714285714285,0.29591836734693877,wf_2022,catboost_abc,5
2022-08-09,KGS,False,0.14285714285714285,0.29591836734693877,wf_2022,catboost_abc,5
2022-08-10,KGS,False,0.16831683168316833,0.29591836734693877,wf_2022,catboost_abc,5
2022-08-11,KGS,False,0.16831683168316833,0.29591836734693877,wf_2022,catboost_abc,5
2022-08-12,KGS,False,0.16831683168316833,0.29591836734693877,wf_2022,catboost_abc,5
2022-08-13,KGS,False,0.16831683168316833,0.29591836734693877,wf_2022,catboost_abc,5
2022-08-16,KGS,False,0.2,0.29591836734693877,wf_2022,catboost_abc,5
2022-08-17,KGS,False,0.0,0.29591836734693877,wf_2022,catboost_abc,5
2022-08-18,KGS,False,0.2,0.29591836734693877,wf_2022,catboost_abc,5
2022-08-19,KGS,False,0.2324621733149931,0.29591836734693877,wf_2022,catboost_abc,5
2022-08-20,KGS,False,0.2324621733149931,0.29591836734693877,wf_2022,catboost_abc,5
2022-08-23,KGS,False,0.2,0.29591836734693877,wf_2022,catboost_abc,5
2022-08-24,KGS,False,0.2324621733149931,0.29591836734693877,wf_2022,catboost_abc,5
2022-08-25,KGS,False,0.2324621733149931,0.29591836734693877,wf_2022,catboost_abc,5
2022-08-26,KGS,False,0.2324621733149931,0.29591836734693877,wf_2022,catboost_abc,5
2022-08-27,KGS,False,0.2324621733149931,0.29591836734693877,wf_2022,catboost_abc,5
2022-08-30,KGS,False,0.2324621733149931,0.29591836734693877,wf_2022,catboost_abc,5
2022-08-31,KGS,True,0.29591836734693877,0.29591836734693877,wf_2022,catboost_abc,5
2022-09-01,KGS,False,0.2324621733149931,0.29591836734693877,wf_2022,catboost_abc,5
2022-09-02,KGS,False,0.2324621733149931,0.29591836734693877,wf_2022,catboost_abc,5
2022-09-03,KGS,False,0.2324621733149931,0.29591836734693877,wf_2022,catboost_abc,5
2022-09-06,KGS,False,0.2324621733149931,0.29591836734693877,wf_2022,catboost_abc,5
2022-09-07,KGS,False,0.2324621733149931,0.29591836734693877,wf_2022,catboost_abc,5
2022-09-08,KGS,False,0.2324621733149931,0.29591836734693877,wf_2022,catboost_abc,5
2022-09-09,KGS,False,0.2324621733149931,0.29591836734693877,wf_2022,catboost_abc,5
2022-09-10,KGS,False,0.2324621733149931,0.29591836734693877,wf_2022,catboost_abc,5
2022-09-13,KGS,False,0.2324621733149931,0.29591836734693877,wf_2022,catboost_abc,5
2022-09-14,KGS,False,0.2324621733149931,0.29591836734693877,wf_2022,catboost_abc,5
2022-09-15,KGS,False,0.2324621733149931,0.29591836734693877,wf_2022,catboost_abc,5
2022-09-16,KGS,False,0.2324621733149931,0.29591836734693877,wf_2022,catboost_abc,5
2022-09-17,KGS,False,0.2324621733149931,0.29591836734693877,wf_2022,catboost_abc,5
2022-09-20,KGS,False,0.2324621733149931,0.29591836734693877,wf_2022,catboost_abc,5
2022-09-21,KGS,False,0.2324621733149931,0.29591836734693877,wf_2022,catboost_abc,5
2022-09-22,KGS,False,0.2,0.29591836734693877,wf_2022,catboost_abc,5
2022-09-23,KGS,False,0.2324621733149931,0.29591836734693877,wf_2022,catboost_abc,5
2022-09-24,KGS,False,0.2324621733149931,0.29591836734693877,wf_2022,catboost_abc,5
2022-09-27,KGS,False,0.2324621733149931,0.29591836734693877,wf_2022,catboost_abc,5
2022-09-28,KGS,False,0.14285714285714285,0.29591836734693877,wf_2022,catboost_abc,5
2022-09-29,KGS,False,0.125,0.29591836734693877,wf_2022,catboost_abc,5
2022-09-30,KGS,False,0.2324621733149931,0.29591836734693877,wf_2022,catboost_abc,5
2022-10-01,KGS,False,0.2324621733149931,0.29591836734693877,wf_2022,catboost_abc,5
2022-10-04,KGS,False,0.0,0.29591836734693877,wf_2022,catboost_abc,5
2022-10-05,KGS,False,0.0,0.29591836734693877,wf_2022,catboost_abc,5
2022-10-06,KGS,False,0.0,0.29591836734693877,wf_2022,catboost_abc,5
2022-10-07,KGS,False,0.0,0.29591836734693877,wf_2022,catboost_abc,5
2022-10-08,KGS,False,0.0,0.29591836734693877,wf_2022,catboost_abc,5
2022-10-11,KGS,False,0.0,0.29591836734693877,wf_2022,catboost_abc,5
2022-10-12,KGS,False,0.0,0.29591836734693877,wf_2022,catboost_abc,5
2022-10-13,KGS,False,0.125,0.29591836734693877,wf_2022,catboost_abc,5
2022-10-14,KGS,False,0.14285714285714285,0.29591836734693877,wf_2022,catboost_abc,5
2022-10-15,KGS,False,0.14285714285714285,0.29591836734693877,wf_2022,catboost_abc,5
2022-10-18,KGS,False,0.16831683168316833,0.29591836734693877,wf_2022,catboost_abc,5
2022-10-19,KGS,False,0.16831683168316833,0.29591836734693877,wf_2022,catboost_abc,5
2022-10-20,KGS,False,0.16831683168316833,0.29591836734693877,wf_2022,catboost_abc,5
2022-10-21,KGS,False,0.16831683168316833,0.29591836734693877,wf_2022,catboost_abc,5
2022-10-22,KGS,False,0.16831683168316833,0.29591836734693877,wf_2022,catboost_abc,5
2022-10-25,KGS,False,0.2324621733149931,0.29591836734693877,wf_2022,catboost_abc,5
2022-10-26,KGS,False,0.2324621733149931,0.29591836734693877,wf_2022,catboost_abc,5
2022-10-27,KGS,False,0.2324621733149931,0.29591836734693877,wf_2022,catboost_abc,5
2022-10-28,KGS,False,0.23333333333333334,0.29591836734693877,wf_2022,catboost_abc,5
2022-10-29,KGS,False,0.2324621733149931,0.29591836734693877,wf_2022,catboost_abc,5
2022-11-01,KGS,True,0.29591836734693877,0.29591836734693877,wf_2022,catboost_abc,5
2022-11-02,KGS,True,0.29591836734693877,0.29591836734693877,wf_2022,catboost_abc,5
2022-11-03,KGS,True,0.29591836734693877,0.29591836734693877,wf_2022,catboost_abc,5
2022-11-04,KGS,False,0.23333333333333334,0.29591836734693877,wf_2022,catboost_abc,5
2022-11-08,KGS,False,0.2324621733149931,0.29591836734693877,wf_2022,catboost_abc,5
2022-11-09,KGS,False,0.2324621733149931,0.29591836734693877,wf_2022,catboost_abc,5
2022-11-10,KGS,False,0.2324621733149931,0.29591836734693877,wf_2022,catboost_abc,5
2022-11-11,KGS,True,0.29591836734693877,0.29591836734693877,wf_2022,catboost_abc,5
2022-11-12,KGS,False,0.2,0.29591836734693877,wf_2022,catboost_abc,5
2022-11-15,KGS,True,0.29591836734693877,0.29591836734693877,wf_2022,catboost_abc,5
2022-11-16,KGS,False,0.2324621733149931,0.29591836734693877,wf_2022,catboost_abc,5
2022-11-17,KGS,False,0.2324621733149931,0.29591836734693877,wf_2022,catboost_abc,5
2022-11-18,KGS,False,0.2324621733149931,0.29591836734693877,wf_2022,catboost_abc,5
2022-11-19,KGS,False,0.2324621733149931,0.29591836734693877,wf_2022,catboost_abc,5
2022-11-22,KGS,False,0.2324621733149931,0.29591836734693877,wf_2022,catboost_abc,5
2022-11-23,KGS,False,0.2324621733149931,0.29591836734693877,wf_2022,catboost_abc,5
2022-11-24,KGS,False,0.2324621733149931,0.29591836734693877,wf_2022,catboost_abc,5
2022-11-25,KGS,False,0.2324621733149931,0.29591836734693877,wf_2022,catboost_abc,5
2022-11-26,KGS,False,0.2324621733149931,0.29591836734693877,wf_2022,catboost_abc,5
2022-11-29,KGS,False,0.2324621733149931,0.29591836734693877,wf_2022,catboost_abc,5
2022-11-30,KGS,False,0.2324621733149931,0.29591836734693877,wf_2022,catboost_abc,5
2022-12-01,KGS,False,0.2324621733149931,0.29591836734693877,wf_2022,catboost_abc,5
2022-12-02,KGS,False,0.2324621733149931,0.29591836734693877,wf_2022,catboost_abc,5
2022-12-03,KGS,False,0.16831683168316833,0.29591836734693877,wf_2022,catboost_abc,5
2022-12-06,KGS,False,0.2324621733149931,0.29591836734693877,wf_2022,catboost_abc,5
2022-12-07,KGS,False,0.2324621733149931,0.29591836734693877,wf_2022,catboost_abc,5
2022-12-08,KGS,False,0.2324621733149931,0.29591836734693877,wf_2022,catboost_abc,5
2022-12-09,KGS,False,0.2324621733149931,0.29591836734693877,wf_2022,catboost_abc,5
2022-12-10,KGS,False,0.2324621733149931,0.29591836734693877,wf_2022,catboost_abc,5
2022-12-13,KGS,False,0.2324621733149931,0.29591836734693877,wf_2022,catboost_abc,5
2022-12-14,KGS,False,0.2324621733149931,0.29591836734693877,wf_2022,catboost_abc,5
2022-12-15,KGS,False,0.2324621733149931,0.29591836734693877,wf_2022,catboost_abc,5
2022-12-16,KGS,False,0.125,0.29591836734693877,wf_2022,catboost_abc,5
2022-12-17,KGS,False,0.16831683168316833,0.29591836734693877,wf_2022,catboost_abc,5
2022-12-20,KGS,False,0.14285714285714285,0.29591836734693877,wf_2022,catboost_abc,5
2022-12-21,KGS,False,0.16831683168316833,0.29591836734693877,wf_2022,catboost_abc,5
2022-12-22,KGS,False,0.16831683168316833,0.29591836734693877,wf_2022,catboost_abc,5
2022-12-23,KGS,False,0.16831683168316833,0.29591836734693877,wf_2022,catboost_abc,5
2022-12-24,KGS,False,0.2324621733149931,0.29591836734693877,wf_2022,catboost_abc,5
2022-12-27,KGS,False,0.2324621733149931,0.29591836734693877,wf_2022,catboost_abc,5
2022-12-28,KGS,False,0.2,0.29591836734693877,wf_2022,catboost_abc,5
2022-12-29,KGS,False,0.2,0.29591836734693877,wf_2022,catboost_abc,5
2022-12-30,KGS,False,0.2324621733149931,0.29591836734693877,wf_2022,catboost_abc,5
2022-12-31,KGS,False,0.2324621733149931,0.29591836734693877,wf_2022,catboost_abc,5
2022-01-11,KZT,False,0.16831683168316833,0.29591836734693877,wf_2022,catboost_abc,5
2022-01-12,KZT,False,0.2324621733149931,0.29591836734693877,wf_2022,catboost_abc,5
2022-01-13,KZT,False,0.2324621733149931,0.29591836734693877,wf_2022,catboost_abc,5
2022-01-14,KZT,False,0.2324621733149931,0.29591836734693877,wf_2022,catboost_abc,5
2022-01-15,KZT,False,0.2324621733149931,0.29591836734693877,wf_2022,catboost_abc,5
2022-01-18,KZT,False,0.2324621733149931,0.29591836734693877,wf_2022,catboost_abc,5
2022-01-19,KZT,False,0.2,0.29591836734693877,wf_2022,catboost_abc,5
2022-01-20,KZT,False,0.2324621733149931,0.29591836734693877,wf_2022,catboost_abc,5
2022-01-21,KZT,False,0.2324621733149931,0.29591836734693877,wf_2022,catboost_abc,5
2022-01-22,KZT,False,0.2324621733149931,0.29591836734693877,wf_2022,catboost_abc,5
2022-01-25,KZT,False,0.2324621733149931,0.29591836734693877,wf_2022,catboost_abc,5
2022-01-26,KZT,False,0.125,0.29591836734693877,wf_2022,catboost_abc,5
2022-01-27,KZT,False,0.2,0.29591836734693877,wf_2022,catboost_abc,5
2022-01-28,KZT,False,0.16831683168316833,0.29591836734693877,wf_2022,catboost_abc,5
2022-01-29,KZT,False,0.2324621733149931,0.29591836734693877,wf_2022,catboost_abc,5
2022-02-01,KZT,False,0.2324621733149931,0.29591836734693877,wf_2022,catboost_abc,5
2022-02-02,KZT,False,0.2324621733149931,0.29591836734693877,wf_2022,catboost_abc,5
2022-02-03,KZT,False,0.2324621733149931,0.29591836734693877,wf_2022,catboost_abc,5
2022-02-04,KZT,False,0.2324621733149931,0.29591836734693877,wf_2022,catboost_abc,5
2022-02-05,KZT,False,0.2324621733149931,0.29591836734693877,wf_2022,catboost_abc,5
2022-02-08,KZT,False,0.2324621733149931,0.29591836734693877,wf_2022,catboost_abc,5
2022-02-09,KZT,False,0.23333333333333334,0.29591836734693877,wf_2022,catboost_abc,5
2022-02-10,KZT,False,0.2692307692307692,0.29591836734693877,wf_2022,catboost_abc,5
2022-02-11,KZT,False,0.2324621733149931,0.29591836734693877,wf_2022,catboost_abc,5
2022-02-12,KZT,False,0.2324621733149931,0.29591836734693877,wf_2022,catboost_abc,5
2022-02-15,KZT,False,0.16831683168316833,0.29591836734693877,wf_2022,catboost_abc,5
2022-02-16,KZT,False,0.2324621733149931,0.29591836734693877,wf_2022,catboost_abc,5
2022-02-17,KZT,False,0.23333333333333334,0.29591836734693877,wf_2022,catboost_abc,5
2022-02-18,KZT,False,0.2324621733149931,0.29591836734693877,wf_2022,catboost_abc,5
2022-02-19,KZT,False,0.2324621733149931,0.29591836734693877,wf_2022,catboost_abc,5
2022-02-22,KZT,False,0.14285714285714285,0.29591836734693877,wf_2022,catboost_abc,5
2022-02-23,KZT,False,0.0,0.29591836734693877,wf_2022,catboost_abc,5
2022-02-25,KZT,False,0.16831683168316833,0.29591836734693877,wf_2022,catboost_abc,5
2022-02-26,KZT,False,0.2,0.29591836734693877,wf_2022,catboost_abc,5
2022-03-01,KZT,False,0.14285714285714285,0.29591836734693877,wf_2022,catboost_abc,5
2022-03-02,KZT,False,0.2,0.29591836734693877,wf_2022,catboost_abc,5
2022-03-03,KZT,False,0.125,0.29591836734693877,wf_2022,catboost_abc,5
2022-03-04,KZT,False,0.125,0.29591836734693877,wf_2022,catboost_abc,5
2022-03-05,KZT,False,0.2324621733149931,0.29591836734693877,wf_2022,catboost_abc,5
2022-03-06,KZT,False,0.2324621733149931,0.29591836734693877,wf_2022,catboost_abc,5
2022-03-10,KZT,False,0.16831683168316833,0.29591836734693877,wf_2022,catboost_abc,5
2022-03-11,KZT,False,0.2324621733149931,0.29591836734693877,wf_2022,catboost_abc,5
2022-03-12,KZT,False,0.2324621733149931,0.29591836734693877,wf_2022,catboost_abc,5
2022-03-15,KZT,False,0.2324621733149931,0.29591836734693877,wf_2022,catboost_abc,5
2022-03-16,KZT,False,0.2324621733149931,0.29591836734693877,wf_2022,catboost_abc,5
2022-03-17,KZT,True,0.29591836734693877,0.29591836734693877,wf_2022,catboost_abc,5
2022-03-18,KZT,True,0.29591836734693877,0.29591836734693877,wf_2022,catboost_abc,5
2022-03-19,KZT,True,0.29591836734693877,0.29591836734693877,wf_2022,catboost_abc,5
2022-03-22,KZT,True,0.29591836734693877,0.29591836734693877,wf_2022,catboost_abc,5
2022-03-23,KZT,True,0.29591836734693877,0.29591836734693877,wf_2022,catboost_abc,5
2022-03-24,KZT,False,0.2,0.29591836734693877,wf_2022,catboost_abc,5
2022-03-25,KZT,False,0.2324621733149931,0.29591836734693877,wf_2022,catboost_abc,5
2022-03-26,KZT,False,0.2324621733149931,0.29591836734693877,wf_2022,catboost_abc,5
2022-03-29,KZT,False,0.2115264122198124,0.29591836734693877,wf_2022,catboost_abc,5
2022-03-30,KZT,False,0.2324621733149931,0.29591836734693877,wf_2022,catboost_abc,5
2022-03-31,KZT,False,0.2324621733149931,0.29591836734693877,wf_2022,catboost_abc,5
2022-04-01,KZT,False,0.2,0.29591836734693877,wf_2022,catboost_abc,5
2022-04-02,KZT,False,0.16831683168316833,0.29591836734693877,wf_2022,catboost_abc,5
2022-04-05,KZT,False,0.2,0.29591836734693877,wf_2022,catboost_abc,5
2022-04-06,KZT,False,0.16831683168316833,0.29591836734693877,wf_2022,catboost_abc,5
2022-04-07,KZT,False,0.16831683168316833,0.29591836734693877,wf_2022,catboost_abc,5
2022-04-08,KZT,False,0.16831683168316833,0.29591836734693877,wf_2022,catboost_abc,5
2022-04-09,KZT,False,0.14285714285714285,0.29591836734693877,wf_2022,catboost_abc,5
2022-04-12,KZT,False,0.0,0.29591836734693877,wf_2022,catboost_abc,5
2022-04-13,KZT,False,0.125,0.29591836734693877,wf_2022,catboost_abc,5
2022-04-14,KZT,False,0.0,0.29591836734693877,wf_2022,catboost_abc,5
2022-04-15,KZT,False,0.0,0.29591836734693877,wf_2022,catboost_abc,5
2022-04-16,KZT,False,0.0,0.29591836734693877,wf_2022,catboost_abc,5
2022-04-19,KZT,False,0.14285714285714285,0.29591836734693877,wf_2022,catboost_abc,5
2022-04-20,KZT,False,0.16831683168316833,0.29591836734693877,wf_2022,catboost_abc,5
2022-04-21,KZT,False,0.16831683168316833,0.29591836734693877,wf_2022,catboost_abc,5
2022-04-22,KZT,False,0.16831683168316833,0.29591836734693877,wf_2022,catboost_abc,5
2022-04-23,KZT,False,0.2324621733149931,0.29591836734693877,wf_2022,catboost_abc,5
2022-04-26,KZT,False,0.2324621733149931,0.29591836734693877,wf_2022,catboost_abc,5
2022-04-27,KZT,False,0.16831683168316833,0.29591836734693877,wf_2022,catboost_abc,5
2022-04-28,KZT,False,0.16831683168316833,0.29591836734693877,wf_2022,catboost_abc,5
2022-04-29,KZT,False,0.2,0.29591836734693877,wf_2022,catboost_abc,5
2022-04-30,KZT,False,0.2,0.29591836734693877,wf_2022,catboost_abc,5
2022-05-05,KZT,False,0.16831683168316833,0.29591836734693877,wf_2022,catboost_abc,5
2022-05-06,KZT,False,0.2,0.29591836734693877,wf_2022,catboost_abc,5
2022-05-07,KZT,False,0.0,0.29591836734693877,wf_2022,catboost_abc,5
2022-05-12,KZT,False,0.16831683168316833,0.29591836734693877,wf_2022,catboost_abc,5
2022-05-13,KZT,False,0.16831683168316833,0.29591836734693877,wf_2022,catboost_abc,5
2022-05-14,KZT,False,0.16467923433047002,0.29591836734693877,wf_2022,catboost_abc,5
2022-05-17,KZT,False,0.14285714285714285,0.29591836734693877,wf_2022,catboost_abc,5
2022-05-18,KZT,False,0.2,0.29591836734693877,wf_2022,catboost_abc,5
2022-05-19,KZT,False,0.16831683168316833,0.29591836734693877,wf_2022,catboost_abc,5
2022-05-20,KZT,False,0.16831683168316833,0.29591836734693877,wf_2022,catboost_abc,5
2022-05-21,KZT,False,0.16831683168316833,0.29591836734693877,wf_2022,catboost_abc,5
2022-05-24,KZT,False,0.2,0.29591836734693877,wf_2022,catboost_abc,5
2022-05-25,KZT,False,0.16831683168316833,0.29591836734693877,wf_2022,catboost_abc,5
2022-05-26,KZT,False,0.2,0.29591836734693877,wf_2022,catboost_abc,5
2022-05-27,KZT,False,0.0,0.29591836734693877,wf_2022,catboost_abc,5
2022-05-28,KZT,False,0.0,0.29591836734693877,wf_2022,catboost_abc,5
2022-05-31,KZT,False,0.0,0.29591836734693877,wf_2022,catboost_abc,5
2022-06-01,KZT,False,0.0,0.29591836734693877,wf_2022,catboost_abc,5
2022-06-02,KZT,False,0.0,0.29591836734693877,wf_2022,catboost_abc,5
2022-06-03,KZT,False,0.125,0.29591836734693877,wf_2022,catboost_abc,5
2022-06-04,KZT,False,0.0,0.29591836734693877,wf_2022,catboost_abc,5
2022-06-07,KZT,False,0.0,0.29591836734693877,wf_2022,catboost_abc,5
2022-06-08,KZT,False,0.0,0.29591836734693877,wf_2022,catboost_abc,5
2022-06-09,KZT,False,0.0,0.29591836734693877,wf_2022,catboost_abc,5
2022-06-10,KZT,False,0.16831683168316833,0.29591836734693877,wf_2022,catboost_abc,5
2022-06-11,KZT,False,0.14285714285714285,0.29591836734693877,wf_2022,catboost_abc,5
2022-06-15,KZT,False,0.2,0.29591836734693877,wf_2022,catboost_abc,5
2022-06-16,KZT,False,0.2,0.29591836734693877,wf_2022,catboost_abc,5
2022-06-17,KZT,False,0.2,0.29591836734693877,wf_2022,catboost_abc,5
2022-06-18,KZT,False,0.2,0.29591836734693877,wf_2022,catboost_abc,5
2022-06-21,KZT,False,0.2324621733149931,0.29591836734693877,wf_2022,catboost_abc,5
2022-06-22,KZT,False,0.2324621733149931,0.29591836734693877,wf_2022,catboost_abc,5
2022-06-23,KZT,False,0.2324621733149931,0.29591836734693877,wf_2022,catboost_abc,5
2022-06-24,KZT,False,0.2,0.29591836734693877,wf_2022,catboost_abc,5
2022-06-25,KZT,False,0.2324621733149931,0.29591836734693877,wf_2022,catboost_abc,5
2022-06-28,KZT,False,0.2324621733149931,0.29591836734693877,wf_2022,catboost_abc,5
2022-06-29,KZT,False,0.0,0.29591836734693877,wf_2022,catboost_abc,5
2022-06-30,KZT,False,0.2,0.29591836734693877,wf_2022,catboost_abc,5
2022-07-01,KZT,False,0.2324621733149931,0.29591836734693877,wf_2022,catboost_abc,5
2022-07-02,KZT,False,0.14285714285714285,0.29591836734693877,wf_2022,catboost_abc,5
2022-07-05,KZT,False,0.0,0.29591836734693877,wf_2022,catboost_abc,5
2022-07-06,KZT,False,0.0,0.29591836734693877,wf_2022,catboost_abc,5
2022-07-07,KZT,False,0.0,0.29591836734693877,wf_2022,catboost_abc,5
2022-07-08,KZT,False,0.125,0.29591836734693877,wf_2022,catboost_abc,5
2022-07-09,KZT,False,0.14285714285714285,0.29591836734693877,wf_2022,catboost_abc,5
2022-07-12,KZT,False,0.0,0.29591836734693877,wf_2022,catboost_abc,5
2022-07-13,KZT,False,0.125,0.29591836734693877,wf_2022,catboost_abc,5
2022-07-14,KZT,False,0.14285714285714285,0.29591836734693877,wf_2022,catboost_abc,5
2022-07-15,KZT,False,0.125,0.29591836734693877,wf_2022,catboost_abc,5
2022-07-16,KZT,False,0.0,0.29591836734693877,wf_2022,catboost_abc,5
2022-07-19,KZT,False,0.125,0.29591836734693877,wf_2022,catboost_abc,5
2022-07-20,KZT,False,0.14285714285714285,0.29591836734693877,wf_2022,catboost_abc,5
2022-07-21,KZT,False,0.16831683168316833,0.29591836734693877,wf_2022,catboost_abc,5
2022-07-22,KZT,False,0.14285714285714285,0.29591836734693877,wf_2022,catboost_abc,5
2022-07-23,KZT,False,0.0,0.29591836734693877,wf_2022,catboost_abc,5
2022-07-26,KZT,False,0.14285714285714285,0.29591836734693877,wf_2022,catboost_abc,5
2022-07-27,KZT,False,0.0,0.29591836734693877,wf_2022,catboost_abc,5
2022-07-28,KZT,False,0.0,0.29591836734693877,wf_2022,catboost_abc,5
2022-07-29,KZT,False,0.0,0.29591836734693877,wf_2022,catboost_abc,5
2022-07-30,KZT,False,0.0,0.29591836734693877,wf_2022,catboost_abc,5
2022-08-02,KZT,False,0.0,0.29591836734693877,wf_2022,catboost_abc,5
2022-08-03,KZT,False,0.125,0.29591836734693877,wf_2022,catboost_abc,5
2022-08-04,KZT,False,0.0,0.29591836734693877,wf_2022,catboost_abc,5
2022-08-05,KZT,False,0.125,0.29591836734693877,wf_2022,catboost_abc,5
2022-08-06,KZT,False,0.125,0.29591836734693877,wf_2022,catboost_abc,5
2022-08-09,KZT,False,0.125,0.29591836734693877,wf_2022,catboost_abc,5
2022-08-10,KZT,False,0.16831683168316833,0.29591836734693877,wf_2022,catboost_abc,5
2022-08-11,KZT,False,0.16831683168316833,0.29591836734693877,wf_2022,catboost_abc,5
2022-08-12,KZT,False,0.16831683168316833,0.29591836734693877,wf_2022,catboost_abc,5
2022-08-13,KZT,False,0.16831683168316833,0.29591836734693877,wf_2022,catboost_abc,5
2022-08-16,KZT,False,0.16831683168316833,0.29591836734693877,wf_2022,catboost_abc,5
2022-08-17,KZT,False,0.2,0.29591836734693877,wf_2022,catboost_abc,5
2022-08-18,KZT,False,0.2324621733149931,0.29591836734693877,wf_2022,catboost_abc,5
2022-08-19,KZT,False,0.2324621733149931,0.29591836734693877,wf_2022,catboost_abc,5
2022-08-20,KZT,False,0.23333333333333334,0.29591836734693877,wf_2022,catboost_abc,5
2022-08-23,KZT,False,0.2324621733149931,0.29591836734693877,wf_2022,catboost_abc,5
2022-08-24,KZT,False,0.2324621733149931,0.29591836734693877,wf_2022,catboost_abc,5
2022-08-25,KZT,False,0.16831683168316833,0.29591836734693877,wf_2022,catboost_abc,5
2022-08-26,KZT,False,0.0,0.29591836734693877,wf_2022,catboost_abc,5
2022-08-27,KZT,False,0.2,0.29591836734693877,wf_2022,catboost_abc,5
2022-08-30,KZT,False,0.2,0.29591836734693877,wf_2022,catboost_abc,5
2022-08-31,KZT,False,0.2324621733149931,0.29591836734693877,wf_2022,catboost_abc,5
2022-09-01,KZT,False,0.2324621733149931,0.29591836734693877,wf_2022,catboost_abc,5
2022-09-02,KZT,False,0.2324621733149931,0.29591836734693877,wf_2022,catboost_abc,5
2022-09-03,KZT,False,0.2324621733149931,0.29591836734693877,wf_2022,catboost_abc,5
2022-09-06,KZT,False,0.2324621733149931,0.29591836734693877,wf_2022,catboost_abc,5
2022-09-07,KZT,False,0.2324621733149931,0.29591836734693877,wf_2022,catboost_abc,5
2022-09-08,KZT,False,0.2324621733149931,0.29591836734693877,wf_2022,catboost_abc,5
2022-09-09,KZT,False,0.2324621733149931,0.29591836734693877,wf_2022,catboost_abc,5
2022-09-10,KZT,False,0.2324621733149931,0.29591836734693877,wf_2022,catboost_abc,5
2022-09-13,KZT,False,0.2324621733149931,0.29591836734693877,wf_2022,catboost_abc,5
2022-09-14,KZT,False,0.2324621733149931,0.29591836734693877,wf_2022,catboost_abc,5
2022-09-15,KZT,False,0.2324621733149931,0.29591836734693877,wf_2022,catboost_abc,5
2022-09-16,KZT,False,0.2324621733149931,0.29591836734693877,wf_2022,catboost_abc,5
2022-09-17,KZT,False,0.2324621733149931,0.29591836734693877,wf_2022,catboost_abc,5
2022-09-20,KZT,False,0.2324621733149931,0.29591836734693877,wf_2022,catboost_abc,5
2022-09-21,KZT,False,0.2324621733149931,0.29591836734693877,wf_2022,catboost_abc,5
2022-09-22,KZT,False,0.2324621733149931,0.29591836734693877,wf_2022,catboost_abc,5
2022-09-23,KZT,False,0.2324621733149931,0.29591836734693877,wf_2022,catboost_abc,5
2022-09-24,KZT,False,0.2324621733149931,0.29591836734693877,wf_2022,catboost_abc,5
2022-09-27,KZT,False,0.2324621733149931,0.29591836734693877,wf_2022,catboost_abc,5
2022-09-28,KZT,False,0.2,0.29591836734693877,wf_2022,catboost_abc,5
2022-09-29,KZT,False,0.2324621733149931,0.29591836734693877,wf_2022,catboost_abc,5
2022-09-30,KZT,False,0.2324621733149931,0.29591836734693877,wf_2022,catboost_abc,5
2022-10-01,KZT,False,0.16831683168316833,0.29591836734693877,wf_2022,catboost_abc,5
2022-10-04,KZT,False,0.0,0.29591836734693877,wf_2022,catboost_abc,5
2022-10-05,KZT,False,0.0,0.29591836734693877,wf_2022,catboost_abc,5
2022-10-06,KZT,False,0.0,0.29591836734693877,wf_2022,catboost_abc,5
2022-10-07,KZT,False,0.0,0.29591836734693877,wf_2022,catboost_abc,5
2022-10-08,KZT,False,0.0,0.29591836734693877,wf_2022,catboost_abc,5
2022-10-11,KZT,False,0.0,0.29591836734693877,wf_2022,catboost_abc,5
2022-10-12,KZT,False,0.0,0.29591836734693877,wf_2022,catboost_abc,5
2022-10-13,KZT,False,0.16831683168316833,0.29591836734693877,wf_2022,catboost_abc,5
2022-10-14,KZT,False,0.2,0.29591836734693877,wf_2022,catboost_abc,5
2022-10-15,KZT,False,0.2324621733149931,0.29591836734693877,wf_2022,catboost_abc,5
2022-10-18,KZT,False,0.2324621733149931,0.29591836734693877,wf_2022,catboost_abc,5
2022-10-19,KZT,False,0.2324621733149931,0.29591836734693877,wf_2022,catboost_abc,5
2022-10-20,KZT,False,0.2324621733149931,0.29591836734693877,wf_2022,catboost_abc,5
2022-10-21,KZT,False,0.23333333333333334,0.29591836734693877,wf_2022,catboost_abc,5
2022-10-22,KZT,False,0.23333333333333334,0.29591836734693877,wf_2022,catboost_abc,5
2022-10-25,KZT,True,0.29591836734693877,0.29591836734693877,wf_2022,catboost_abc,5
2022-10-26,KZT,False,0.2,0.29591836734693877,wf_2022,catboost_abc,5
2022-10-27,KZT,False,0.2,0.29591836734693877,wf_2022,catboost_abc,5
2022-10-28,KZT,False,0.2324621733149931,0.29591836734693877,wf_2022,catboost_abc,5
2022-10-29,KZT,False,0.125,0.29591836734693877,wf_2022,catboost_abc,5
2022-11-01,KZT,False,0.16831683168316833,0.29591836734693877,wf_2022,catboost_abc,5
2022-11-02,KZT,False,0.16831683168316833,0.29591836734693877,wf_2022,catboost_abc,5
2022-11-03,KZT,False,0.16831683168316833,0.29591836734693877,wf_2022,catboost_abc,5
2022-11-04,KZT,False,0.0,0.29591836734693877,wf_2022,catboost_abc,5
2022-11-08,KZT,False,0.16831683168316833,0.29591836734693877,wf_2022,catboost_abc,5
2022-11-09,KZT,False,0.2,0.29591836734693877,wf_2022,catboost_abc,5
2022-11-10,KZT,False,0.16831683168316833,0.29591836734693877,wf_2022,catboost_abc,5
2022-11-11,KZT,False,0.16831683168316833,0.29591836734693877,wf_2022,catboost_abc,5
2022-11-12,KZT,False,0.2,0.29591836734693877,wf_2022,catboost_abc,5
2022-11-15,KZT,False,0.0,0.29591836734693877,wf_2022,catboost_abc,5
2022-11-16,KZT,False,0.16831683168316833,0.29591836734693877,wf_2022,catboost_abc,5
2022-11-17,KZT,False,0.16831683168316833,0.29591836734693877,wf_2022,catboost_abc,5
2022-11-18,KZT,False,0.16831683168316833,0.29591836734693877,wf_2022,catboost_abc,5
2022-11-19,KZT,False,0.16831683168316833,0.29591836734693877,wf_2022,catboost_abc,5
2022-11-22,KZT,False,0.16831683168316833,0.29591836734693877,wf_2022,catboost_abc,5
2022-11-23,KZT,False,0.16831683168316833,0.29591836734693877,wf_2022,catboost_abc,5
2022-11-24,KZT,False,0.16831683168316833,0.29591836734693877,wf_2022,catboost_abc,5
2022-11-25,KZT,False,0.2,0.29591836734693877,wf_2022,catboost_abc,5
2022-11-26,KZT,False,0.2,0.29591836734693877,wf_2022,catboost_abc,5
2022-11-29,KZT,False,0.2,0.29591836734693877,wf_2022,catboost_abc,5
2022-11-30,KZT,False,0.2,0.29591836734693877,wf_2022,catboost_abc,5
2022-12-01,KZT,False,0.2,0.29591836734693877,wf_2022,catboost_abc,5
2022-12-02,KZT,False,0.2324621733149931,0.29591836734693877,wf_2022,catboost_abc,5
2022-12-03,KZT,False,0.16831683168316833,0.29591836734693877,wf_2022,catboost_abc,5
2022-12-06,KZT,False,0.29591836734693877,0.29591836734693877,wf_2022,catboost_abc,5
2022-12-07,KZT,False,0.2324621733149931,0.29591836734693877,wf_2022,catboost_abc,5
2022-12-08,KZT,False,0.2324621733149931,0.29591836734693877,wf_2022,catboost_abc,5
2022-12-09,KZT,False,0.2324621733149931,0.29591836734693877,wf_2022,catboost_abc,5
2022-12-10,KZT,True,0.29591836734693877,0.29591836734693877,wf_2022,catboost_abc,5
2022-12-13,KZT,False,0.2692307692307692,0.29591836734693877,wf_2022,catboost_abc,5
2022-12-14,KZT,False,0.2324621733149931,0.29591836734693877,wf_2022,catboost_abc,5
2022-12-15,KZT,True,0.29591836734693877,0.29591836734693877,wf_2022,catboost_abc,5
2022-12-16,KZT,False,0.2,0.29591836734693877,wf_2022,catboost_abc,5
2022-12-17,KZT,False,0.14285714285714285,0.29591836734693877,wf_2022,catboost_abc,5
2022-12-20,KZT,False,0.0,0.29591836734693877,wf_2022,catboost_abc,5
2022-12-21,KZT,False,0.16831683168316833,0.29591836734693877,wf_2022,catboost_abc,5
2022-12-22,KZT,False,0.16831683168316833,0.29591836734693877,wf_2022,catboost_abc,5
2022-12-23,KZT,False,0.16831683168316833,0.29591836734693877,wf_2022,catboost_abc,5
2022-12-24,KZT,False,0.2324621733149931,0.29591836734693877,wf_2022,catboost_abc,5
2022-12-27,KZT,False,0.2324621733149931,0.29591836734693877,wf_2022,catboost_abc,5
2022-12-28,KZT,False,0.16831683168316833,0.29591836734693877,wf_2022,catboost_abc,5
2022-12-29,KZT,False,0.2,0.29591836734693877,wf_2022,catboost_abc,5
2022-12-30,KZT,False,0.2324621733149931,0.29591836734693877,wf_2022,catboost_abc,5
2022-12-31,KZT,False,0.2324621733149931,0.29591836734693877,wf_2022,catboost_abc,5
2022-01-11,TJS,False,0.2,0.29591836734693877,wf_2022,catboost_abc,5
2022-01-12,TJS,False,0.2324621733149931,0.29591836734693877,wf_2022,catboost_abc,5
2022-01-13,TJS,False,0.2324621733149931,0.29591836734693877,wf_2022,catboost_abc,5
2022-01-14,TJS,False,0.2324621733149931,0.29591836734693877,wf_2022,catboost_abc,5
2022-01-15,TJS,False,0.16831683168316833,0.29591836734693877,wf_2022,catboost_abc,5
2022-01-18,TJS,False,0.2324621733149931,0.29591836734693877,wf_2022,catboost_abc,5
2022-01-19,TJS,False,0.16831683168316833,0.29591836734693877,wf_2022,catboost_abc,5
2022-01-20,TJS,False,0.2,0.29591836734693877,wf_2022,catboost_abc,5
2022-01-21,TJS,False,0.2324621733149931,0.29591836734693877,wf_2022,catboost_abc,5
2022-01-22,TJS,False,0.2324621733149931,0.29591836734693877,wf_2022,catboost_abc,5
2022-01-25,TJS,False,0.2324621733149931,0.29591836734693877,wf_2022,catboost_abc,5
2022-01-26,TJS,False,0.14285714285714285,0.29591836734693877,wf_2022,catboost_abc,5
2022-01-27,TJS,False,0.2,0.29591836734693877,wf_2022,catboost_abc,5
2022-01-28,TJS,False,0.2324621733149931,0.29591836734693877,wf_2022,catboost_abc,5
2022-01-29,TJS,False,0.2324621733149931,0.29591836734693877,wf_2022,catboost_abc,5
2022-02-01,TJS,False,0.2324621733149931,0.29591836734693877,wf_2022,catboost_abc,5
2022-02-02,TJS,False,0.2324621733149931,0.29591836734693877,wf_2022,catboost_abc,5
2022-02-03,TJS,False,0.23333333333333334,0.29591836734693877,wf_2022,catboost_abc,5
2022-02-04,TJS,False,0.23333333333333334,0.29591836734693877,wf_2022,catboost_abc,5
2022-02-05,TJS,False,0.2324621733149931,0.29591836734693877,wf_2022,catboost_abc,5
2022-02-08,TJS,False,0.23333333333333334,0.29591836734693877,wf_2022,catboost_abc,5
2022-02-09,TJS,False,0.2324621733149931,0.29591836734693877,wf_2022,catboost_abc,5
2022-02-10,TJS,False,0.2324621733149931,0.29591836734693877,wf_2022,catboost_abc,5
2022-02-11,TJS,False,0.2324621733149931,0.29591836734693877,wf_2022,catboost_abc,5
2022-02-12,TJS,True,0.29591836734693877,0.29591836734693877,wf_2022,catboost_abc,5
2022-02-15,TJS,False,0.0,0.29591836734693877,wf_2022,catboost_abc,5
2022-02-16,TJS,False,0.2324621733149931,0.29591836734693877,wf_2022,catboost_abc,5
2022-02-17,TJS,False,0.2,0.29591836734693877,wf_2022,catboost_abc,5
2022-02-18,TJS,False,0.16831683168316833,0.29591836734693877,wf_2022,catboost_abc,5
2022-02-19,TJS,False,0.2,0.29591836734693877,wf_2022,catboost_abc,5
2022-02-22,TJS,False,0.14285714285714285,0.29591836734693877,wf_2022,catboost_abc,5
2022-02-23,TJS,False,0.0,0.29591836734693877,wf_2022,catboost_abc,5
2022-02-25,TJS,False,0.125,0.29591836734693877,wf_2022,catboost_abc,5
2022-02-26,TJS,False,0.2,0.29591836734693877,wf_2022,catboost_abc,5
2022-03-01,TJS,False,0.125,0.29591836734693877,wf_2022,catboost_abc,5
2022-03-02,TJS,False,0.16831683168316833,0.29591836734693877,wf_2022,catboost_abc,5
2022-03-03,TJS,False,0.125,0.29591836734693877,wf_2022,catboost_abc,5
2022-03-04,TJS,False,0.16831683168316833,0.29591836734693877,wf_2022,catboost_abc,5
2022-03-05,TJS,False,0.2324621733149931,0.29591836734693877,wf_2022,catboost_abc,5
2022-03-06,TJS,False,0.2324621733149931,0.29591836734693877,wf_2022,catboost_abc,5
2022-03-10,TJS,False,0.2324621733149931,0.29591836734693877,wf_2022,catboost_abc,5
2022-03-11,TJS,False,0.16831683168316833,0.29591836734693877,wf_2022,catboost_abc,5
2022-03-12,TJS,False,0.2324621733149931,0.29591836734693877,wf_2022,catboost_abc,5
2022-03-15,TJS,False,0.2324621733149931,0.29591836734693877,wf_2022,catboost_abc,5
2022-03-16,TJS,False,0.2,0.29591836734693877,wf_2022,catboost_abc,5
2022-03-17,TJS,False,0.2692307692307692,0.29591836734693877,wf_2022,catboost_abc,5
2022-03-18,TJS,False,0.2324621733149931,0.29591836734693877,wf_2022,catboost_abc,5
2022-03-19,TJS,True,0.29591836734693877,0.29591836734693877,wf_2022,catboost_abc,5
2022-03-22,TJS,True,0.29591836734693877,0.29591836734693877,wf_2022,catboost_abc,5
2022-03-23,TJS,True,0.29591836734693877,0.29591836734693877,wf_2022,catboost_abc,5
2022-03-24,TJS,True,0.29591836734693877,0.29591836734693877,wf_2022,catboost_abc,5
2022-03-25,TJS,False,0.2324621733149931,0.29591836734693877,wf_2022,catboost_abc,5
2022-03-26,TJS,False,0.2,0.29591836734693877,wf_2022,catboost_abc,5
2022-03-29,TJS,False,0.0,0.29591836734693877,wf_2022,catboost_abc,5
2022-03-30,TJS,False,0.2,0.29591836734693877,wf_2022,catboost_abc,5
2022-03-31,TJS,False,0.0,0.29591836734693877,wf_2022,catboost_abc,5
2022-04-01,TJS,False,0.16831683168316833,0.29591836734693877,wf_2022,catboost_abc,5
2022-04-02,TJS,False,0.16831683168316833,0.29591836734693877,wf_2022,catboost_abc,5
2022-04-05,TJS,False,0.0,0.29591836734693877,wf_2022,catboost_abc,5
2022-04-06,TJS,False,0.125,0.29591836734693877,wf_2022,catboost_abc,5
2022-04-07,TJS,False,0.125,0.29591836734693877,wf_2022,catboost_abc,5
2022-04-08,TJS,False,0.16831683168316833,0.29591836734693877,wf_2022,catboost_abc,5
2022-04-09,TJS,False,0.16831683168316833,0.29591836734693877,wf_2022,catboost_abc,5
2022-04-12,TJS,False,0.0,0.29591836734693877,wf_2022,catboost_abc,5
2022-04-13,TJS,False,0.0,0.29591836734693877,wf_2022,catboost_abc,5
2022-04-14,TJS,False,0.0,0.29591836734693877,wf_2022,catboost_abc,5
2022-04-15,TJS,False,0.0,0.29591836734693877,wf_2022,catboost_abc,5
2022-04-16,TJS,False,0.0,0.29591836734693877,wf_2022,catboost_abc,5
2022-04-19,TJS,False,0.14285714285714285,0.29591836734693877,wf_2022,catboost_abc,5
2022-04-20,TJS,False,0.14285714285714285,0.29591836734693877,wf_2022,catboost_abc,5
2022-04-21,TJS,False,0.16831683168316833,0.29591836734693877,wf_2022,catboost_abc,5
2022-04-22,TJS,False,0.2,0.29591836734693877,wf_2022,catboost_abc,5
2022-04-23,TJS,False,0.2,0.29591836734693877,wf_2022,catboost_abc,5
2022-04-26,TJS,False,0.2,0.29591836734693877,wf_2022,catboost_abc,5
2022-04-27,TJS,False,0.2324621733149931,0.29591836734693877,wf_2022,catboost_abc,5
2022-04-28,TJS,False,0.2324621733149931,0.29591836734693877,wf_2022,catboost_abc,5
2022-04-29,TJS,False,0.16831683168316833,0.29591836734693877,wf_2022,catboost_abc,5
2022-04-30,TJS,False,0.2,0.29591836734693877,wf_2022,catboost_abc,5
2022-05-05,TJS,False,0.2,0.29591836734693877,wf_2022,catboost_abc,5
2022-05-06,TJS,False,0.16831683168316833,0.29591836734693877,wf_2022,catboost_abc,5
2022-05-07,TJS,False,0.0,0.29591836734693877,wf_2022,catboost_abc,5
2022-05-12,TJS,False,0.0,0.29591836734693877,wf_2022,catboost_abc,5
2022-05-13,TJS,False,0.16831683168316833,0.29591836734693877,wf_2022,catboost_abc,5
2022-05-14,TJS,False,0.16831683168316833,0.29591836734693877,wf_2022,catboost_abc,5
2022-05-17,TJS,False,0.14285714285714285,0.29591836734693877,wf_2022,catboost_abc,5
2022-05-18,TJS,False,0.16831683168316833,0.29591836734693877,wf_2022,catboost_abc,5
2022-05-19,TJS,False,0.16831683168316833,0.29591836734693877,wf_2022,catboost_abc,5
2022-05-20,TJS,False,0.16831683168316833,0.29591836734693877,wf_2022,catboost_abc,5
2022-05-21,TJS,False,0.16831683168316833,0.29591836734693877,wf_2022,catboost_abc,5
2022-05-24,TJS,False,0.0,0.29591836734693877,wf_2022,catboost_abc,5
2022-05-25,TJS,False,0.12559566090803842,0.29591836734693877,wf_2022,catboost_abc,5
2022-05-26,TJS,False,0.0,0.29591836734693877,wf_2022,catboost_abc,5
2022-05-27,TJS,False,0.0,0.29591836734693877,wf_2022,catboost_abc,5
2022-05-28,TJS,False,0.0,0.29591836734693877,wf_2022,catboost_abc,5
2022-05-31,TJS,False,0.0,0.29591836734693877,wf_2022,catboost_abc,5
2022-06-01,TJS,False,0.0,0.29591836734693877,wf_2022,catboost_abc,5
2022-06-02,TJS,False,0.0,0.29591836734693877,wf_2022,catboost_abc,5
2022-06-03,TJS,False,0.125,0.29591836734693877,wf_2022,catboost_abc,5
2022-06-04,TJS,False,0.125,0.29591836734693877,wf_2022,catboost_abc,5
2022-06-07,TJS,False,0.16831683168316833,0.29591836734693877,wf_2022,catboost_abc,5
2022-06-08,TJS,False,0.125,0.29591836734693877,wf_2022,catboost_abc,5
2022-06-09,TJS,False,0.14285714285714285,0.29591836734693877,wf_2022,catboost_abc,5
2022-06-10,TJS,False,0.16831683168316833,0.29591836734693877,wf_2022,catboost_abc,5
2022-06-11,TJS,False,0.16831683168316833,0.29591836734693877,wf_2022,catboost_abc,5
2022-06-15,TJS,False,0.2324621733149931,0.29591836734693877,wf_2022,catboost_abc,5
2022-06-16,TJS,False,0.2324621733149931,0.29591836734693877,wf_2022,catboost_abc,5
2022-06-17,TJS,False,0.2324621733149931,0.29591836734693877,wf_2022,catboost_abc,5
2022-06-18,TJS,False,0.2324621733149931,0.29591836734693877,wf_2022,catboost_abc,5
2022-06-21,TJS,False,0.2324621733149931,0.29591836734693877,wf_2022,catboost_abc,5
2022-06-22,TJS,False,0.2324621733149931,0.29591836734693877,wf_2022,catboost_abc,5
2022-06-23,TJS,True,0.29591836734693877,0.29591836734693877,wf_2022,catboost_abc,5
2022-06-24,TJS,False,0.2324621733149931,0.29591836734693877,wf_2022,catboost_abc,5
2022-06-25,TJS,False,0.2324621733149931,0.29591836734693877,wf_2022,catboost_abc,5
2022-06-28,TJS,False,0.2324621733149931,0.29591836734693877,wf_2022,catboost_abc,5
2022-06-29,TJS,False,0.2324621733149931,0.29591836734693877,wf_2022,catboost_abc,5
2022-06-30,TJS,False,0.2324621733149931,0.29591836734693877,wf_2022,catboost_abc,5
2022-07-01,TJS,False,0.0,0.29591836734693877,wf_2022,catboost_abc,5
2022-07-02,TJS,False,0.0,0.29591836734693877,wf_2022,catboost_abc,5
2022-07-05,TJS,False,0.0,0.29591836734693877,wf_2022,catboost_abc,5
2022-07-06,TJS,False,0.0,0.29591836734693877,wf_2022,catboost_abc,5
2022-07-07,TJS,False,0.0,0.29591836734693877,wf_2022,catboost_abc,5
2022-07-08,TJS,False,0.16831683168316833,0.29591836734693877,wf_2022,catboost_abc,5
2022-07-09,TJS,False,0.16831683168316833,0.29591836734693877,wf_2022,catboost_abc,5
2022-07-12,TJS,False,0.125,0.29591836734693877,wf_2022,catboost_abc,5
2022-07-13,TJS,False,0.16831683168316833,0.29591836734693877,wf_2022,catboost_abc,5
2022-07-14,TJS,False,0.14285714285714285,0.29591836734693877,wf_2022,catboost_abc,5
2022-07-15,TJS,False,0.14285714285714285,0.29591836734693877,wf_2022,catboost_abc,5
2022-07-16,TJS,False,0.16831683168316833,0.29591836734693877,wf_2022,catboost_abc,5
2022-07-19,TJS,False,0.16831683168316833,0.29591836734693877,wf_2022,catboost_abc,5
2022-07-20,TJS,False,0.2,0.29591836734693877,wf_2022,catboost_abc,5
2022-07-21,TJS,False,0.2,0.29591836734693877,wf_2022,catboost_abc,5
2022-07-22,TJS,False,0.16831683168316833,0.29591836734693877,wf_2022,catboost_abc,5
2022-07-23,TJS,False,0.0,0.29591836734693877,wf_2022,catboost_abc,5
2022-07-26,TJS,False,0.14285714285714285,0.29591836734693877,wf_2022,catboost_abc,5
2022-07-27,TJS,False,0.0,0.29591836734693877,wf_2022,catboost_abc,5
2022-07-28,TJS,False,0.0,0.29591836734693877,wf_2022,catboost_abc,5
2022-07-29,TJS,False,0.125,0.29591836734693877,wf_2022,catboost_abc,5
2022-07-30,TJS,False,0.0,0.29591836734693877,wf_2022,catboost_abc,5
2022-08-02,TJS,False,0.0,0.29591836734693877,wf_2022,catboost_abc,5
2022-08-03,TJS,False,0.14285714285714285,0.29591836734693877,wf_2022,catboost_abc,5
2022-08-04,TJS,False,0.14285714285714285,0.29591836734693877,wf_2022,catboost_abc,5
2022-08-05,TJS,False,0.125,0.29591836734693877,wf_2022,catboost_abc,5
2022-08-06,TJS,False,0.16831683168316833,0.29591836734693877,wf_2022,catboost_abc,5
2022-08-09,TJS,False,0.16831683168316833,0.29591836734693877,wf_2022,catboost_abc,5
2022-08-10,TJS,False,0.16831683168316833,0.29591836734693877,wf_2022,catboost_abc,5
2022-08-11,TJS,False,0.16831683168316833,0.29591836734693877,wf_2022,catboost_abc,5
2022-08-12,TJS,False,0.2,0.29591836734693877,wf_2022,catboost_abc,5
2022-08-13,TJS,False,0.2,0.29591836734693877,wf_2022,catboost_abc,5
2022-08-16,TJS,False,0.16831683168316833,0.29591836734693877,wf_2022,catboost_abc,5
2022-08-17,TJS,False,0.16831683168316833,0.29591836734693877,wf_2022,catboost_abc,5
2022-08-18,TJS,False,0.2,0.29591836734693877,wf_2022,catboost_abc,5
2022-08-19,TJS,False,0.2,0.29591836734693877,wf_2022,catboost_abc,5
2022-08-20,TJS,False,0.2324621733149931,0.29591836734693877,wf_2022,catboost_abc,5
2022-08-23,TJS,False,0.16831683168316833,0.29591836734693877,wf_2022,catboost_abc,5
2022-08-24,TJS,False,0.2,0.29591836734693877,wf_2022,catboost_abc,5
2022-08-25,TJS,False,0.2,0.29591836734693877,wf_2022,catboost_abc,5
2022-08-26,TJS,False,0.2324621733149931,0.29591836734693877,wf_2022,catboost_abc,5
2022-08-27,TJS,False,0.2,0.29591836734693877,wf_2022,catboost_abc,5
2022-08-30,TJS,False,0.2,0.29591836734693877,wf_2022,catboost_abc,5
2022-08-31,TJS,False,0.2324621733149931,0.29591836734693877,wf_2022,catboost_abc,5
2022-09-01,TJS,False,0.2324621733149931,0.29591836734693877,wf_2022,catboost_abc,5
2022-09-02,TJS,False,0.2324621733149931,0.29591836734693877,wf_2022,catboost_abc,5
2022-09-03,TJS,False,0.2324621733149931,0.29591836734693877,wf_2022,catboost_abc,5
2022-09-06,TJS,False,0.2324621733149931,0.29591836734693877,wf_2022,catboost_abc,5
2022-09-07,TJS,False,0.2324621733149931,0.29591836734693877,wf_2022,catboost_abc,5
2022-09-08,TJS,True,0.29591836734693877,0.29591836734693877,wf_2022,catboost_abc,5
2022-09-09,TJS,True,0.29591836734693877,0.29591836734693877,wf_2022,catboost_abc,5
2022-09-10,TJS,False,0.2324621733149931,0.29591836734693877,wf_2022,catboost_abc,5
2022-09-13,TJS,False,0.2324621733149931,0.29591836734693877,wf_2022,catboost_abc,5
2022-09-14,TJS,False,0.2324621733149931,0.29591836734693877,wf_2022,catboost_abc,5
2022-09-15,TJS,False,0.2324621733149931,0.29591836734693877,wf_2022,catboost_abc,5
2022-09-16,TJS,False,0.2324621733149931,0.29591836734693877,wf_2022,catboost_abc,5
2022-09-17,TJS,False,0.2324621733149931,0.29591836734693877,wf_2022,catboost_abc,5
2022-09-20,TJS,False,0.2324621733149931,0.29591836734693877,wf_2022,catboost_abc,5
2022-09-21,TJS,False,0.2324621733149931,0.29591836734693877,wf_2022,catboost_abc,5
2022-09-22,TJS,False,0.16831683168316833,0.29591836734693877,wf_2022,catboost_abc,5
2022-09-23,TJS,False,0.2324621733149931,0.29591836734693877,wf_2022,catboost_abc,5
2022-09-24,TJS,False,0.2324621733149931,0.29591836734693877,wf_2022,catboost_abc,5
2022-09-27,TJS,False,0.2324621733149931,0.29591836734693877,wf_2022,catboost_abc,5
2022-09-28,TJS,False,0.2324621733149931,0.29591836734693877,wf_2022,catboost_abc,5
2022-09-29,TJS,False,0.2324621733149931,0.29591836734693877,wf_2022,catboost_abc,5
2022-09-30,TJS,False,0.2324621733149931,0.29591836734693877,wf_2022,catboost_abc,5
2022-10-01,TJS,False,0.2324621733149931,0.29591836734693877,wf_2022,catboost_abc,5
2022-10-04,TJS,False,0.0,0.29591836734693877,wf_2022,catboost_abc,5
2022-10-05,TJS,False,0.0,0.29591836734693877,wf_2022,catboost_abc,5
2022-10-06,TJS,False,0.0,0.29591836734693877,wf_2022,catboost_abc,5
2022-10-07,TJS,False,0.0,0.29591836734693877,wf_2022,catboost_abc,5
2022-10-08,TJS,False,0.0,0.29591836734693877,wf_2022,catboost_abc,5
2022-10-11,TJS,False,0.0,0.29591836734693877,wf_2022,catboost_abc,5
2022-10-12,TJS,False,0.0,0.29591836734693877,wf_2022,catboost_abc,5
2022-10-13,TJS,False,0.0,0.29591836734693877,wf_2022,catboost_abc,5
2022-10-14,TJS,False,0.14285714285714285,0.29591836734693877,wf_2022,catboost_abc,5
2022-10-15,TJS,False,0.14285714285714285,0.29591836734693877,wf_2022,catboost_abc,5
2022-10-18,TJS,False,0.16831683168316833,0.29591836734693877,wf_2022,catboost_abc,5
2022-10-19,TJS,False,0.16831683168316833,0.29591836734693877,wf_2022,catboost_abc,5
2022-10-20,TJS,False,0.16831683168316833,0.29591836734693877,wf_2022,catboost_abc,5
2022-10-21,TJS,False,0.2,0.29591836734693877,wf_2022,catboost_abc,5
2022-10-22,TJS,False,0.2,0.29591836734693877,wf_2022,catboost_abc,5
2022-10-25,TJS,False,0.2324621733149931,0.29591836734693877,wf_2022,catboost_abc,5
2022-10-26,TJS,False,0.2324621733149931,0.29591836734693877,wf_2022,catboost_abc,5
2022-10-27,TJS,False,0.23333333333333334,0.29591836734693877,wf_2022,catboost_abc,5
2022-10-28,TJS,False,0.23333333333333334,0.29591836734693877,wf_2022,catboost_abc,5
2022-10-29,TJS,False,0.2324621733149931,0.29591836734693877,wf_2022,catboost_abc,5
2022-11-01,TJS,False,0.2324621733149931,0.29591836734693877,wf_2022,catboost_abc,5
2022-11-02,TJS,False,0.2324621733149931,0.29591836734693877,wf_2022,catboost_abc,5
2022-11-03,TJS,False,0.2324621733149931,0.29591836734693877,wf_2022,catboost_abc,5
2022-11-04,TJS,False,0.2324621733149931,0.29591836734693877,wf_2022,catboost_abc,5
2022-11-08,TJS,False,0.2324621733149931,0.29591836734693877,wf_2022,catboost_abc,5
2022-11-09,TJS,False,0.2324621733149931,0.29591836734693877,wf_2022,catboost_abc,5
2022-11-10,TJS,True,0.29591836734693877,0.29591836734693877,wf_2022,catboost_abc,5
2022-11-11,TJS,False,0.29591836734693877,0.29591836734693877,wf_2022,catboost_abc,5
2022-11-12,TJS,False,0.2324621733149931,0.29591836734693877,wf_2022,catboost_abc,5
2022-11-15,TJS,True,0.29591836734693877,0.29591836734693877,wf_2022,catboost_abc,5
2022-11-16,TJS,False,0.2324621733149931,0.29591836734693877,wf_2022,catboost_abc,5
2022-11-17,TJS,False,0.2324621733149931,0.29591836734693877,wf_2022,catboost_abc,5
2022-11-18,TJS,False,0.2324621733149931,0.29591836734693877,wf_2022,catboost_abc,5
2022-11-19,TJS,False,0.2324621733149931,0.29591836734693877,wf_2022,catboost_abc,5
2022-11-22,TJS,False,0.2324621733149931,0.29591836734693877,wf_2022,catboost_abc,5
2022-11-23,TJS,False,0.2324621733149931,0.29591836734693877,wf_2022,catboost_abc,5
2022-11-24,TJS,False,0.2324621733149931,0.29591836734693877,wf_2022,catboost_abc,5
2022-11-25,TJS,False,0.2324621733149931,0.29591836734693877,wf_2022,catboost_abc,5
2022-11-26,TJS,False,0.2324621733149931,0.29591836734693877,wf_2022,catboost_abc,5
2022-11-29,TJS,False,0.2324621733149931,0.29591836734693877,wf_2022,catboost_abc,5
2022-11-30,TJS,False,0.2324621733149931,0.29591836734693877,wf_2022,catboost_abc,5
2022-12-01,TJS,False,0.2324621733149931,0.29591836734693877,wf_2022,catboost_abc,5
2022-12-02,TJS,False,0.2324621733149931,0.29591836734693877,wf_2022,catboost_abc,5
2022-12-03,TJS,False,0.2324621733149931,0.29591836734693877,wf_2022,catboost_abc,5
2022-12-06,TJS,False,0.2324621733149931,0.29591836734693877,wf_2022,catboost_abc,5
2022-12-07,TJS,False,0.16831683168316833,0.29591836734693877,wf_2022,catboost_abc,5
2022-12-08,TJS,False,0.2324621733149931,0.29591836734693877,wf_2022,catboost_abc,5
2022-12-09,TJS,False,0.2324621733149931,0.29591836734693877,wf_2022,catboost_abc,5
2022-12-10,TJS,False,0.2324621733149931,0.29591836734693877,wf_2022,catboost_abc,5
2022-12-13,TJS,False,0.2324621733149931,0.29591836734693877,wf_2022,catboost_abc,5
2022-12-14,TJS,False,0.2324621733149931,0.29591836734693877,wf_2022,catboost_abc,5
2022-12-15,TJS,False,0.2324621733149931,0.29591836734693877,wf_2022,catboost_abc,5
2022-12-16,TJS,False,0.14285714285714285,0.29591836734693877,wf_2022,catboost_abc,5
2022-12-17,TJS,False,0.16831683168316833,0.29591836734693877,wf_2022,catboost_abc,5
2022-12-20,TJS,False,0.16831683168316833,0.29591836734693877,wf_2022,catboost_abc,5
2022-12-21,TJS,False,0.16831683168316833,0.29591836734693877,wf_2022,catboost_abc,5
2022-12-22,TJS,False,0.16831683168316833,0.29591836734693877,wf_2022,catboost_abc,5
2022-12-23,TJS,False,0.16831683168316833,0.29591836734693877,wf_2022,catboost_abc,5
2022-12-24,TJS,False,0.2324621733149931,0.29591836734693877,wf_2022,catboost_abc,5
2022-12-27,TJS,False,0.2324621733149931,0.29591836734693877,wf_2022,catboost_abc,5
2022-12-28,TJS,False,0.2,0.29591836734693877,wf_2022,catboost_abc,5
2022-12-29,TJS,False,0.2,0.29591836734693877,wf_2022,catboost_abc,5
2022-12-30,TJS,False,0.2324621733149931,0.29591836734693877,wf_2022,catboost_abc,5
2022-12-31,TJS,False,0.23333333333333334,0.29591836734693877,wf_2022,catboost_abc,5
2022-01-11,UZS,False,0.2,0.29591836734693877,wf_2022,catboost_abc,5
2022-01-12,UZS,False,0.2324621733149931,0.29591836734693877,wf_2022,catboost_abc,5
2022-01-13,UZS,False,0.2324621733149931,0.29591836734693877,wf_2022,catboost_abc,5
2022-01-14,UZS,False,0.2324621733149931,0.29591836734693877,wf_2022,catboost_abc,5
2022-01-15,UZS,False,0.16831683168316833,0.29591836734693877,wf_2022,catboost_abc,5
2022-01-18,UZS,False,0.2324621733149931,0.29591836734693877,wf_2022,catboost_abc,5
2022-01-19,UZS,False,0.2,0.29591836734693877,wf_2022,catboost_abc,5
2022-01-20,UZS,False,0.2,0.29591836734693877,wf_2022,catboost_abc,5
2022-01-21,UZS,False,0.2324621733149931,0.29591836734693877,wf_2022,catboost_abc,5
2022-01-22,UZS,False,0.2324621733149931,0.29591836734693877,wf_2022,catboost_abc,5
2022-01-25,UZS,False,0.2324621733149931,0.29591836734693877,wf_2022,catboost_abc,5
2022-01-26,UZS,False,0.125,0.29591836734693877,wf_2022,catboost_abc,5
2022-01-27,UZS,False,0.2,0.29591836734693877,wf_2022,catboost_abc,5
2022-01-28,UZS,False,0.2324621733149931,0.29591836734693877,wf_2022,catboost_abc,5
2022-01-29,UZS,False,0.2324621733149931,0.29591836734693877,wf_2022,catboost_abc,5
2022-02-01,UZS,False,0.2324621733149931,0.29591836734693877,wf_2022,catboost_abc,5
2022-02-02,UZS,False,0.2324621733149931,0.29591836734693877,wf_2022,catboost_abc,5
2022-02-03,UZS,False,0.23333333333333334,0.29591836734693877,wf_2022,catboost_abc,5
2022-02-04,UZS,False,0.23333333333333334,0.29591836734693877,wf_2022,catboost_abc,5
2022-02-05,UZS,False,0.2324621733149931,0.29591836734693877,wf_2022,catboost_abc,5
2022-02-08,UZS,False,0.2324621733149931,0.29591836734693877,wf_2022,catboost_abc,5
2022-02-09,UZS,False,0.2324621733149931,0.29591836734693877,wf_2022,catboost_abc,5
2022-02-10,UZS,False,0.2324621733149931,0.29591836734693877,wf_2022,catboost_abc,5
2022-02-11,UZS,False,0.2324621733149931,0.29591836734693877,wf_2022,catboost_abc,5
2022-02-12,UZS,True,0.29591836734693877,0.29591836734693877,wf_2022,catboost_abc,5
2022-02-15,UZS,False,0.14285714285714285,0.29591836734693877,wf_2022,catboost_abc,5
2022-02-16,UZS,False,0.2324621733149931,0.29591836734693877,wf_2022,catboost_abc,5
2022-02-17,UZS,False,0.2324621733149931,0.29591836734693877,wf_2022,catboost_abc,5
2022-02-18,UZS,False,0.16831683168316833,0.29591836734693877,wf_2022,catboost_abc,5
2022-02-19,UZS,False,0.2,0.29591836734693877,wf_2022,catboost_abc,5
2022-02-22,UZS,False,0.0,0.29591836734693877,wf_2022,catboost_abc,5
2022-02-23,UZS,False,0.0,0.29591836734693877,wf_2022,catboost_abc,5
2022-02-25,UZS,False,0.125,0.29591836734693877,wf_2022,catboost_abc,5
2022-02-26,UZS,False,0.2,0.29591836734693877,wf_2022,catboost_abc,5
2022-03-01,UZS,False,0.125,0.29591836734693877,wf_2022,catboost_abc,5
2022-03-02,UZS,False,0.16831683168316833,0.29591836734693877,wf_2022,catboost_abc,5
2022-03-03,UZS,False,0.125,0.29591836734693877,wf_2022,catboost_abc,5
2022-03-04,UZS,False,0.16831683168316833,0.29591836734693877,wf_2022,catboost_abc,5
2022-03-05,UZS,False,0.2324621733149931,0.29591836734693877,wf_2022,catboost_abc,5
2022-03-06,UZS,False,0.2324621733149931,0.29591836734693877,wf_2022,catboost_abc,5
2022-03-10,UZS,False,0.16831683168316833,0.29591836734693877,wf_2022,catboost_abc,5
2022-03-11,UZS,False,0.16831683168316833,0.29591836734693877,wf_2022,catboost_abc,5
2022-03-12,UZS,False,0.2324621733149931,0.29591836734693877,wf_2022,catboost_abc,5
2022-03-15,UZS,False,0.2324621733149931,0.29591836734693877,wf_2022,catboost_abc,5
2022-03-16,UZS,False,0.2324621733149931,0.29591836734693877,wf_2022,catboost_abc,5
2022-03-17,UZS,True,0.29591836734693877,0.29591836734693877,wf_2022,catboost_abc,5
2022-03-18,UZS,True,0.29591836734693877,0.29591836734693877,wf_2022,catboost_abc,5
2022-03-19,UZS,True,0.29591836734693877,0.29591836734693877,wf_2022,catboost_abc,5
2022-03-22,UZS,True,0.29591836734693877,0.29591836734693877,wf_2022,catboost_abc,5
2022-03-23,UZS,True,0.29591836734693877,0.29591836734693877,wf_2022,catboost_abc,5
2022-03-24,UZS,False,0.2,0.29591836734693877,wf_2022,catboost_abc,5
2022-03-25,UZS,False,0.2324621733149931,0.29591836734693877,wf_2022,catboost_abc,5
2022-03-26,UZS,False,0.2,0.29591836734693877,wf_2022,catboost_abc,5
2022-03-29,UZS,False,0.2324621733149931,0.29591836734693877,wf_2022,catboost_abc,5
2022-03-30,UZS,False,0.2,0.29591836734693877,wf_2022,catboost_abc,5
2022-03-31,UZS,False,0.2,0.29591836734693877,wf_2022,catboost_abc,5
2022-04-01,UZS,False,0.16831683168316833,0.29591836734693877,wf_2022,catboost_abc,5
2022-04-02,UZS,False,0.2,0.29591836734693877,wf_2022,catboost_abc,5
2022-04-05,UZS,False,0.2,0.29591836734693877,wf_2022,catboost_abc,5
2022-04-06,UZS,False,0.16831683168316833,0.29591836734693877,wf_2022,catboost_abc,5
2022-04-07,UZS,False,0.16831683168316833,0.29591836734693877,wf_2022,catboost_abc,5
2022-04-08,UZS,False,0.16831683168316833,0.29591836734693877,wf_2022,catboost_abc,5
2022-04-09,UZS,False,0.16831683168316833,0.29591836734693877,wf_2022,catboost_abc,5
2022-04-12,UZS,False,0.0,0.29591836734693877,wf_2022,catboost_abc,5
2022-04-13,UZS,False,0.125,0.29591836734693877,wf_2022,catboost_abc,5
2022-04-14,UZS,False,0.125,0.29591836734693877,wf_2022,catboost_abc,5
2022-04-15,UZS,False,0.0,0.29591836734693877,wf_2022,catboost_abc,5
2022-04-16,UZS,False,0.0,0.29591836734693877,wf_2022,catboost_abc,5
2022-04-19,UZS,False,0.14285714285714285,0.29591836734693877,wf_2022,catboost_abc,5
2022-04-20,UZS,False,0.16831683168316833,0.29591836734693877,wf_2022,catboost_abc,5
2022-04-21,UZS,False,0.2,0.29591836734693877,wf_2022,catboost_abc,5
2022-04-22,UZS,False,0.2,0.29591836734693877,wf_2022,catboost_abc,5
2022-04-23,UZS,False,0.2,0.29591836734693877,wf_2022,catboost_abc,5
2022-04-26,UZS,False,0.2324621733149931,0.29591836734693877,wf_2022,catboost_abc,5
2022-04-27,UZS,False,0.2,0.29591836734693877,wf_2022,catboost_abc,5
2022-04-28,UZS,False,0.2324621733149931,0.29591836734693877,wf_2022,catboost_abc,5
2022-04-29,UZS,False,0.16831683168316833,0.29591836734693877,wf_2022,catboost_abc,5
2022-04-30,UZS,False,0.2,0.29591836734693877,wf_2022,catboost_abc,5
2022-05-05,UZS,False,0.2,0.29591836734693877,wf_2022,catboost_abc,5
2022-05-06,UZS,False,0.16831683168316833,0.29591836734693877,wf_2022,catboost_abc,5
2022-05-07,UZS,False,0.0,0.29591836734693877,wf_2022,catboost_abc,5
2022-05-12,UZS,False,0.0,0.29591836734693877,wf_2022,catboost_abc,5
2022-05-13,UZS,False,0.16831683168316833,0.29591836734693877,wf_2022,catboost_abc,5
2022-05-14,UZS,False,0.16831683168316833,0.29591836734693877,wf_2022,catboost_abc,5
2022-05-17,UZS,False,0.14285714285714285,0.29591836734693877,wf_2022,catboost_abc,5
2022-05-18,UZS,False,0.16831683168316833,0.29591836734693877,wf_2022,catboost_abc,5
2022-05-19,UZS,False,0.16831683168316833,0.29591836734693877,wf_2022,catboost_abc,5
2022-05-20,UZS,False,0.16831683168316833,0.29591836734693877,wf_2022,catboost_abc,5
2022-05-21,UZS,False,0.16831683168316833,0.29591836734693877,wf_2022,catboost_abc,5
2022-05-24,UZS,False,0.14285714285714285,0.29591836734693877,wf_2022,catboost_abc,5
2022-05-25,UZS,False,0.16831683168316833,0.29591836734693877,wf_2022,catboost_abc,5
2022-05-26,UZS,False,0.14285714285714285,0.29591836734693877,wf_2022,catboost_abc,5
2022-05-27,UZS,False,0.0,0.29591836734693877,wf_2022,catboost_abc,5
2022-05-28,UZS,False,0.0,0.29591836734693877,wf_2022,catboost_abc,5
2022-05-31,UZS,False,0.0,0.29591836734693877,wf_2022,catboost_abc,5
2022-06-01,UZS,False,0.0,0.29591836734693877,wf_2022,catboost_abc,5
2022-06-02,UZS,False,0.0,0.29591836734693877,wf_2022,catboost_abc,5
2022-06-03,UZS,False,0.048935040622330506,0.29591836734693877,wf_2022,catboost_abc,5
2022-06-04,UZS,False,0.125,0.29591836734693877,wf_2022,catboost_abc,5
2022-06-07,UZS,False,0.0,0.29591836734693877,wf_2022,catboost_abc,5
2022-06-08,UZS,False,0.0,0.29591836734693877,wf_2022,catboost_abc,5
2022-06-09,UZS,False,0.0,0.29591836734693877,wf_2022,catboost_abc,5
2022-06-10,UZS,False,0.14285714285714285,0.29591836734693877,wf_2022,catboost_abc,5
2022-06-11,UZS,False,0.125,0.29591836734693877,wf_2022,catboost_abc,5
2022-06-15,UZS,False,0.125,0.29591836734693877,wf_2022,catboost_abc,5
2022-06-16,UZS,False,0.16831683168316833,0.29591836734693877,wf_2022,catboost_abc,5
2022-06-17,UZS,False,0.16831683168316833,0.29591836734693877,wf_2022,catboost_abc,5
2022-06-18,UZS,False,0.2324621733149931,0.29591836734693877,wf_2022,catboost_abc,5
2022-06-21,UZS,False,0.2,0.29591836734693877,wf_2022,catboost_abc,5
2022-06-22,UZS,False,0.16831683168316833,0.29591836734693877,wf_2022,catboost_abc,5
2022-06-23,UZS,False,0.16831683168316833,0.29591836734693877,wf_2022,catboost_abc,5
2022-06-24,UZS,False,0.2324621733149931,0.29591836734693877,wf_2022,catboost_abc,5
2022-06-25,UZS,False,0.2,0.29591836734693877,wf_2022,catboost_abc,5
2022-06-28,UZS,False,0.2324621733149931,0.29591836734693877,wf_2022,catboost_abc,5
2022-06-29,UZS,False,0.2324621733149931,0.29591836734693877,wf_2022,catboost_abc,5
2022-06-30,UZS,False,0.2324621733149931,0.29591836734693877,wf_2022,catboost_abc,5
2022-07-01,UZS,False,0.0,0.29591836734693877,wf_2022,catboost_abc,5
2022-07-02,UZS,False,0.0,0.29591836734693877,wf_2022,catboost_abc,5
2022-07-05,UZS,False,0.0,0.29591836734693877,wf_2022,catboost_abc,5
2022-07-06,UZS,False,0.0,0.29591836734693877,wf_2022,catboost_abc,5
2022-07-07,UZS,False,0.0,0.29591836734693877,wf_2022,catboost_abc,5
2022-07-08,UZS,False,0.16831683168316833,0.29591836734693877,wf_2022,catboost_abc,5
2022-07-09,UZS,False,0.16831683168316833,0.29591836734693877,wf_2022,catboost_abc,5
2022-07-12,UZS,False,0.16831683168316833,0.29591836734693877,wf_2022,catboost_abc,5
2022-07-13,UZS,False,0.16831683168316833,0.29591836734693877,wf_2022,catboost_abc,5
2022-07-14,UZS,False,0.14285714285714285,0.29591836734693877,wf_2022,catboost_abc,5
2022-07-15,UZS,False,0.14285714285714285,0.29591836734693877,wf_2022,catboost_abc,5
2022-07-16,UZS,False,0.14285714285714285,0.29591836734693877,wf_2022,catboost_abc,5
2022-07-19,UZS,False,0.14285714285714285,0.29591836734693877,wf_2022,catboost_abc,5
2022-07-20,UZS,False,0.16831683168316833,0.29591836734693877,wf_2022,catboost_abc,5
2022-07-21,UZS,False,0.16831683168316833,0.29591836734693877,wf_2022,catboost_abc,5
2022-07-22,UZS,False,0.125,0.29591836734693877,wf_2022,catboost_abc,5
2022-07-23,UZS,False,0.0,0.29591836734693877,wf_2022,catboost_abc,5
2022-07-26,UZS,False,0.14285714285714285,0.29591836734693877,wf_2022,catboost_abc,5
2022-07-27,UZS,False,0.0,0.29591836734693877,wf_2022,catboost_abc,5
2022-07-28,UZS,False,0.0,0.29591836734693877,wf_2022,catboost_abc,5
2022-07-29,UZS,False,0.0,0.29591836734693877,wf_2022,catboost_abc,5
2022-07-30,UZS,False,0.0,0.29591836734693877,wf_2022,catboost_abc,5
2022-08-02,UZS,False,0.0,0.29591836734693877,wf_2022,catboost_abc,5
2022-08-03,UZS,False,0.125,0.29591836734693877,wf_2022,catboost_abc,5
2022-08-04,UZS,False,0.14285714285714285,0.29591836734693877,wf_2022,catboost_abc,5
2022-08-05,UZS,False,0.125,0.29591836734693877,wf_2022,catboost_abc,5
2022-08-06,UZS,False,0.125,0.29591836734693877,wf_2022,catboost_abc,5
2022-08-09,UZS,False,0.125,0.29591836734693877,wf_2022,catboost_abc,5
2022-08-10,UZS,False,0.16831683168316833,0.29591836734693877,wf_2022,catboost_abc,5
2022-08-11,UZS,False,0.16831683168316833,0.29591836734693877,wf_2022,catboost_abc,5
2022-08-12,UZS,False,0.16831683168316833,0.29591836734693877,wf_2022,catboost_abc,5
2022-08-13,UZS,False,0.16831683168316833,0.29591836734693877,wf_2022,catboost_abc,5
2022-08-16,UZS,False,0.16831683168316833,0.29591836734693877,wf_2022,catboost_abc,5
2022-08-17,UZS,False,0.2,0.29591836734693877,wf_2022,catboost_abc,5
2022-08-18,UZS,False,0.2324621733149931,0.29591836734693877,wf_2022,catboost_abc,5
2022-08-19,UZS,False,0.2324621733149931,0.29591836734693877,wf_2022,catboost_abc,5
2022-08-20,UZS,False,0.2324621733149931,0.29591836734693877,wf_2022,catboost_abc,5
2022-08-23,UZS,False,0.2324621733149931,0.29591836734693877,wf_2022,catboost_abc,5
2022-08-24,UZS,False,0.2324621733149931,0.29591836734693877,wf_2022,catboost_abc,5
2022-08-25,UZS,False,0.2,0.29591836734693877,wf_2022,catboost_abc,5
2022-08-26,UZS,False,0.2324621733149931,0.29591836734693877,wf_2022,catboost_abc,5
2022-08-27,UZS,False,0.2,0.29591836734693877,wf_2022,catboost_abc,5
2022-08-30,UZS,False,0.2324621733149931,0.29591836734693877,wf_2022,catboost_abc,5
2022-08-31,UZS,False,0.2324621733149931,0.29591836734693877,wf_2022,catboost_abc,5
2022-09-01,UZS,False,0.2324621733149931,0.29591836734693877,wf_2022,catboost_abc,5
2022-09-02,UZS,False,0.2324621733149931,0.29591836734693877,wf_2022,catboost_abc,5
2022-09-03,UZS,False,0.2324621733149931,0.29591836734693877,wf_2022,catboost_abc,5
2022-09-06,UZS,False,0.2324621733149931,0.29591836734693877,wf_2022,catboost_abc,5
2022-09-07,UZS,False,0.2324621733149931,0.29591836734693877,wf_2022,catboost_abc,5
2022-09-08,UZS,False,0.2324621733149931,0.29591836734693877,wf_2022,catboost_abc,5
2022-09-09,UZS,False,0.2324621733149931,0.29591836734693877,wf_2022,catboost_abc,5
2022-09-10,UZS,False,0.2324621733149931,0.29591836734693877,wf_2022,catboost_abc,5
2022-09-13,UZS,False,0.2324621733149931,0.29591836734693877,wf_2022,catboost_abc,5
2022-09-14,UZS,False,0.2324621733149931,0.29591836734693877,wf_2022,catboost_abc,5
2022-09-15,UZS,False,0.2324621733149931,0.29591836734693877,wf_2022,catboost_abc,5
2022-09-16,UZS,False,0.2324621733149931,0.29591836734693877,wf_2022,catboost_abc,5
2022-09-17,UZS,False,0.2324621733149931,0.29591836734693877,wf_2022,catboost_abc,5
2022-09-20,UZS,False,0.23333333333333334,0.29591836734693877,wf_2022,catboost_abc,5
2022-09-21,UZS,False,0.2324621733149931,0.29591836734693877,wf_2022,catboost_abc,5
2022-09-22,UZS,False,0.16831683168316833,0.29591836734693877,wf_2022,catboost_abc,5
2022-09-23,UZS,False,0.2324621733149931,0.29591836734693877,wf_2022,catboost_abc,5
2022-09-24,UZS,False,0.2324621733149931,0.29591836734693877,wf_2022,catboost_abc,5
2022-09-27,UZS,False,0.2324621733149931,0.29591836734693877,wf_2022,catboost_abc,5
2022-09-28,UZS,False,0.2324621733149931,0.29591836734693877,wf_2022,catboost_abc,5
2022-09-29,UZS,False,0.2324621733149931,0.29591836734693877,wf_2022,catboost_abc,5
2022-09-30,UZS,False,0.2324621733149931,0.29591836734693877,wf_2022,catboost_abc,5
2022-10-01,UZS,False,0.2324621733149931,0.29591836734693877,wf_2022,catboost_abc,5
2022-10-04,UZS,False,0.0,0.29591836734693877,wf_2022,catboost_abc,5
2022-10-05,UZS,False,0.0,0.29591836734693877,wf_2022,catboost_abc,5
2022-10-06,UZS,False,0.0,0.29591836734693877,wf_2022,catboost_abc,5
2022-10-07,UZS,False,0.0,0.29591836734693877,wf_2022,catboost_abc,5
2022-10-08,UZS,False,0.0,0.29591836734693877,wf_2022,catboost_abc,5
2022-10-11,UZS,False,0.0,0.29591836734693877,wf_2022,catboost_abc,5
2022-10-12,UZS,False,0.0,0.29591836734693877,wf_2022,catboost_abc,5
2022-10-13,UZS,False,0.0,0.29591836734693877,wf_2022,catboost_abc,5
2022-10-14,UZS,False,0.125,0.29591836734693877,wf_2022,catboost_abc,5
2022-10-15,UZS,False,0.14285714285714285,0.29591836734693877,wf_2022,catboost_abc,5
2022-10-18,UZS,False,0.16831683168316833,0.29591836734693877,wf_2022,catboost_abc,5
2022-10-19,UZS,False,0.16831683168316833,0.29591836734693877,wf_2022,catboost_abc,5
2022-10-20,UZS,False,0.14285714285714285,0.29591836734693877,wf_2022,catboost_abc,5
2022-10-21,UZS,False,0.16831683168316833,0.29591836734693877,wf_2022,catboost_abc,5
2022-10-22,UZS,False,0.2,0.29591836734693877,wf_2022,catboost_abc,5
2022-10-25,UZS,False,0.2,0.29591836734693877,wf_2022,catboost_abc,5
2022-10-26,UZS,False,0.2,0.29591836734693877,wf_2022,catboost_abc,5
2022-10-27,UZS,False,0.2,0.29591836734693877,wf_2022,catboost_abc,5
2022-10-28,UZS,False,0.2,0.29591836734693877,wf_2022,catboost_abc,5
2022-10-29,UZS,False,0.2,0.29591836734693877,wf_2022,catboost_abc,5
2022-11-01,UZS,False,0.2,0.29591836734693877,wf_2022,catboost_abc,5
2022-11-02,UZS,False,0.2,0.29591836734693877,wf_2022,catboost_abc,5
2022-11-03,UZS,False,0.2324621733149931,0.29591836734693877,wf_2022,catboost_abc,5
2022-11-04,UZS,False,0.16831683168316833,0.29591836734693877,wf_2022,catboost_abc,5
2022-11-08,UZS,False,0.2,0.29591836734693877,wf_2022,catboost_abc,5
2022-11-09,UZS,False,0.2324621733149931,0.29591836734693877,wf_2022,catboost_abc,5
2022-11-10,UZS,True,0.29591836734693877,0.29591836734693877,wf_2022,catboost_abc,5
2022-11-11,UZS,False,0.2324621733149931,0.29591836734693877,wf_2022,catboost_abc,5
2022-11-12,UZS,False,0.2324621733149931,0.29591836734693877,wf_2022,catboost_abc,5
2022-11-15,UZS,False,0.25,0.29591836734693877,wf_2022,catboost_abc,5
2022-11-16,UZS,False,0.2324621733149931,0.29591836734693877,wf_2022,catboost_abc,5
2022-11-17,UZS,False,0.2324621733149931,0.29591836734693877,wf_2022,catboost_abc,5
2022-11-18,UZS,False,0.2324621733149931,0.29591836734693877,wf_2022,catboost_abc,5
2022-11-19,UZS,False,0.2324621733149931,0.29591836734693877,wf_2022,catboost_abc,5
2022-11-22,UZS,False,0.2324621733149931,0.29591836734693877,wf_2022,catboost_abc,5
2022-11-23,UZS,False,0.2324621733149931,0.29591836734693877,wf_2022,catboost_abc,5
2022-11-24,UZS,False,0.2324621733149931,0.29591836734693877,wf_2022,catboost_abc,5
2022-11-25,UZS,False,0.2324621733149931,0.29591836734693877,wf_2022,catboost_abc,5
2022-11-26,UZS,False,0.2324621733149931,0.29591836734693877,wf_2022,catboost_abc,5
2022-11-29,UZS,False,0.29591836734693877,0.29591836734693877,wf_2022,catboost_abc,5
2022-11-30,UZS,False,0.23333333333333334,0.29591836734693877,wf_2022,catboost_abc,5
2022-12-01,UZS,False,0.2324621733149931,0.29591836734693877,wf_2022,catboost_abc,5
2022-12-02,UZS,False,0.2692307692307692,0.29591836734693877,wf_2022,catboost_abc,5
2022-12-03,UZS,False,0.2324621733149931,0.29591836734693877,wf_2022,catboost_abc,5
2022-12-06,UZS,True,0.29591836734693877,0.29591836734693877,wf_2022,catboost_abc,5
2022-12-07,UZS,False,0.2692307692307692,0.29591836734693877,wf_2022,catboost_abc,5
2022-12-08,UZS,True,0.29591836734693877,0.29591836734693877,wf_2022,catboost_abc,5
2022-12-09,UZS,False,0.2324621733149931,0.29591836734693877,wf_2022,catboost_abc,5
2022-12-10,UZS,False,0.2324621733149931,0.29591836734693877,wf_2022,catboost_abc,5
2022-12-13,UZS,False,0.2324621733149931,0.29591836734693877,wf_2022,catboost_abc,5
2022-12-14,UZS,False,0.2324621733149931,0.29591836734693877,wf_2022,catboost_abc,5
2022-12-15,UZS,False,0.2324621733149931,0.29591836734693877,wf_2022,catboost_abc,5
2022-12-16,UZS,False,0.0,0.29591836734693877,wf_2022,catboost_abc,5
2022-12-17,UZS,False,0.16831683168316833,0.29591836734693877,wf_2022,catboost_abc,5
2022-12-20,UZS,False,0.14285714285714285,0.29591836734693877,wf_2022,catboost_abc,5
2022-12-21,UZS,False,0.16831683168316833,0.29591836734693877,wf_2022,catboost_abc,5
2022-12-22,UZS,False,0.16831683168316833,0.29591836734693877,wf_2022,catboost_abc,5
2022-12-23,UZS,False,0.16831683168316833,0.29591836734693877,wf_2022,catboost_abc,5
2022-12-24,UZS,False,0.2324621733149931,0.29591836734693877,wf_2022,catboost_abc,5
2022-12-27,UZS,False,0.2324621733149931,0.29591836734693877,wf_2022,catboost_abc,5
2022-12-28,UZS,False,0.2,0.29591836734693877,wf_2022,catboost_abc,5
2022-12-29,UZS,False,0.2,0.29591836734693877,wf_2022,catboost_abc,5
2022-12-30,UZS,False,0.2324621733149931,0.29591836734693877,wf_2022,catboost_abc,5
2022-12-31,UZS,False,0.23333333333333334,0.29591836734693877,wf_2022,catboost_abc,5
2023-01-10,AMD,False,0.2522026431718062,0.8,wf_2023,catboost_abc,5
2023-01-11,AMD,False,0.2522026431718062,0.8,wf_2023,catboost_abc,5
2023-01-12,AMD,False,0.2522026431718062,0.8,wf_2023,catboost_abc,5
2023-01-13,AMD,False,0.2522026431718062,0.8,wf_2023,catboost_abc,5
2023-01-14,AMD,False,0.2522026431718062,0.8,wf_2023,catboost_abc,5
2023-01-17,AMD,False,0.2522026431718062,0.8,wf_2023,catboost_abc,5
2023-01-18,AMD,False,0.2522026431718062,0.8,wf_2023,catboost_abc,5
2023-01-19,AMD,False,0.2522026431718062,0.8,wf_2023,catboost_abc,5
2023-01-20,AMD,False,0.2522026431718062,0.8,wf_2023,catboost_abc,5
2023-01-21,AMD,False,0.2522026431718062,0.8,wf_2023,catboost_abc,5
2023-01-24,AMD,False,0.2522026431718062,0.8,wf_2023,catboost_abc,5
2023-01-25,AMD,False,0.2522026431718062,0.8,wf_2023,catboost_abc,5
2023-01-26,AMD,False,0.2522026431718062,0.8,wf_2023,catboost_abc,5
2023-01-27,AMD,False,0.2522026431718062,0.8,wf_2023,catboost_abc,5
2023-01-28,AMD,False,0.2522026431718062,0.8,wf_2023,catboost_abc,5
2023-01-31,AMD,False,0.2522026431718062,0.8,wf_2023,catboost_abc,5
2023-02-01,AMD,False,0.2522026431718062,0.8,wf_2023,catboost_abc,5
2023-02-02,AMD,False,0.2522026431718062,0.8,wf_2023,catboost_abc,5
2023-02-03,AMD,False,0.3116883116883117,0.8,wf_2023,catboost_abc,5
2023-02-04,AMD,False,0.3116883116883117,0.8,wf_2023,catboost_abc,5
2023-02-07,AMD,False,0.2522026431718062,0.8,wf_2023,catboost_abc,5
2023-02-08,AMD,False,0.3090909090909091,0.8,wf_2023,catboost_abc,5
2023-02-09,AMD,False,0.3090909090909091,0.8,wf_2023,catboost_abc,5
2023-02-10,AMD,False,0.2522026431718062,0.8,wf_2023,catboost_abc,5
2023-02-11,AMD,False,0.2522026431718062,0.8,wf_2023,catboost_abc,5
2023-02-14,AMD,False,0.2522026431718062,0.8,wf_2023,catboost_abc,5
2023-02-15,AMD,False,0.2522026431718062,0.8,wf_2023,catboost_abc,5
2023-02-16,AMD,False,0.3709677419354839,0.8,wf_2023,catboost_abc,5
2023-02-17,AMD,False,0.3709677419354839,0.8,wf_2023,catboost_abc,5
2023-02-18,AMD,False,0.3709677419354839,0.8,wf_2023,catboost_abc,5
2023-02-21,AMD,False,0.3116883116883117,0.8,wf_2023,catboost_abc,5
2023-02-22,AMD,False,0.4,0.8,wf_2023,catboost_abc,5
2023-02-23,AMD,False,0.4,0.8,wf_2023,catboost_abc,5
2023-02-28,AMD,False,0.3709677419354839,0.8,wf_2023,catboost_abc,5
2023-03-01,AMD,False,0.4,0.8,wf_2023,catboost_abc,5
2023-03-02,AMD,False,0.5,0.8,wf_2023,catboost_abc,5
2023-03-03,AMD,False,0.5,0.8,wf_2023,catboost_abc,5
2023-03-04,AMD,False,0.5,0.8,wf_2023,catboost_abc,5
2023-03-07,AMD,True,1.0,0.8,wf_2023,catboost_abc,5
2023-03-08,AMD,True,1.0,0.8,wf_2023,catboost_abc,5
2023-03-10,AMD,False,0.3116883116883117,0.8,wf_2023,catboost_abc,5
2023-03-11,AMD,False,0.3709677419354839,0.8,wf_2023,catboost_abc,5
2023-03-14,AMD,False,0.3116883116883117,0.8,wf_2023,catboost_abc,5
2023-03-15,AMD,False,0.3116883116883117,0.8,wf_2023,catboost_abc,5
2023-03-16,AMD,False,0.3116883116883117,0.8,wf_2023,catboost_abc,5
2023-03-17,AMD,False,0.3709677419354839,0.8,wf_2023,catboost_abc,5
2023-03-18,AMD,False,0.3116883116883117,0.8,wf_2023,catboost_abc,5
2023-03-21,AMD,False,0.3116883116883117,0.8,wf_2023,catboost_abc,5
2023-03-22,AMD,False,0.3709677419354839,0.8,wf_2023,catboost_abc,5
2023-03-23,AMD,False,0.3709677419354839,0.8,wf_2023,catboost_abc,5
2023-03-24,AMD,False,0.3116883116883117,0.8,wf_2023,catboost_abc,5
2023-03-25,AMD,False,0.3116883116883117,0.8,wf_2023,catboost_abc,5
2023-03-28,AMD,False,0.3116883116883117,0.8,wf_2023,catboost_abc,5
2023-03-29,AMD,False,0.3116883116883117,0.8,wf_2023,catboost_abc,5
2023-03-30,AMD,False,0.2522026431718062,0.8,wf_2023,catboost_abc,5
2023-03-31,AMD,False,0.2522026431718062,0.8,wf_2023,catboost_abc,5
2023-04-01,AMD,False,0.3116883116883117,0.8,wf_2023,catboost_abc,5
2023-04-04,AMD,False,0.5,0.8,wf_2023,catboost_abc,5
2023-04-05,AMD,False,0.4,0.8,wf_2023,catboost_abc,5
2023-04-06,AMD,False,0.4,0.8,wf_2023,catboost_abc,5
2023-04-07,AMD,False,0.2522026431718062,0.8,wf_2023,catboost_abc,5
2023-04-08,AMD,False,0.2522026431718062,0.8,wf_2023,catboost_abc,5
2023-04-11,AMD,False,0.3116883116883117,0.8,wf_2023,catboost_abc,5
2023-04-12,AMD,False,0.3709677419354839,0.8,wf_2023,catboost_abc,5
2023-04-13,AMD,False,1.0,0.8,wf_2023,catboost_abc,5
2023-04-14,AMD,False,1.0,0.8,wf_2023,catboost_abc,5
2023-04-15,AMD,True,1.0,0.8,wf_2023,catboost_abc,5
2023-04-18,AMD,True,1.0,0.8,wf_2023,catboost_abc,5
2023-04-19,AMD,True,1.0,0.8,wf_2023,catboost_abc,5
2023-04-20,AMD,False,0.5,0.8,wf_2023,catboost_abc,5
2023-04-21,AMD,True,1.0,0.8,wf_2023,catboost_abc,5
2023-04-22,AMD,False,0.47058823529411764,0.8,wf_2023,catboost_abc,5
2023-04-25,AMD,False,0.47058823529411764,0.8,wf_2023,catboost_abc,5
2023-04-26,AMD,True,1.0,0.8,wf_2023,catboost_abc,5
2023-04-27,AMD,True,1.0,0.8,wf_2023,catboost_abc,5
2023-04-28,AMD,True,1.0,0.8,wf_2023,catboost_abc,5
2023-04-29,AMD,False,0.3709677419354839,0.8,wf_2023,catboost_abc,5
2023-05-03,AMD,False,0.42857142857142855,0.8,wf_2023,catboost_abc,5
2023-05-04,AMD,True,1.0,0.8,wf_2023,catboost_abc,5
2023-05-05,AMD,False,0.47058823529411764,0.8,wf_2023,catboost_abc,5
2023-05-06,AMD,True,1.0,0.8,wf_2023,catboost_abc,5
2023-05-11,AMD,False,0.49437665898337335,0.8,wf_2023,catboost_abc,5
2023-05-12,AMD,False,0.3116883116883117,0.8,wf_2023,catboost_abc,5
2023-05-13,AMD,False,0.3116883116883117,0.8,wf_2023,catboost_abc,5
2023-05-16,AMD,False,0.2522026431718062,0.8,wf_2023,catboost_abc,5
2023-05-17,AMD,False,0.2522026431718062,0.8,wf_2023,catboost_abc,5
2023-05-18,AMD,False,0.2522026431718062,0.8,wf_2023,catboost_abc,5
2023-05-19,AMD,False,0.2522026431718062,0.8,wf_2023,catboost_abc,5
2023-05-20,AMD,False,0.2522026431718062,0.8,wf_2023,catboost_abc,5
2023-05-23,AMD,False,0.2522026431718062,0.8,wf_2023,catboost_abc,5
2023-05-24,AMD,False,0.2522026431718062,0.8,wf_2023,catboost_abc,5
2023-05-25,AMD,False,0.2522026431718062,0.8,wf_2023,catboost_abc,5
2023-05-26,AMD,False,0.2522026431718062,0.8,wf_2023,catboost_abc,5
2023-05-27,AMD,False,0.2522026431718062,0.8,wf_2023,catboost_abc,5
2023-05-30,AMD,False,0.2522026431718062,0.8,wf_2023,catboost_abc,5
2023-05-31,AMD,False,0.2522026431718062,0.8,wf_2023,catboost_abc,5
2023-06-01,AMD,False,0.2522026431718062,0.8,wf_2023,catboost_abc,5
2023-06-02,AMD,False,0.2522026431718062,0.8,wf_2023,catboost_abc,5
2023-06-03,AMD,False,0.2522026431718062,0.8,wf_2023,catboost_abc,5
2023-06-06,AMD,False,0.2522026431718062,0.8,wf_2023,catboost_abc,5
2023-06-07,AMD,False,0.3116883116883117,0.8,wf_2023,catboost_abc,5
2023-06-08,AMD,False,0.3116883116883117,0.8,wf_2023,catboost_abc,5
2023-06-09,AMD,False,0.3709677419354839,0.8,wf_2023,catboost_abc,5
2023-06-10,AMD,False,0.3090909090909091,0.8,wf_2023,catboost_abc,5
2023-06-14,AMD,False,0.2522026431718062,0.8,wf_2023,catboost_abc,5
2023-06-15,AMD,False,0.3709677419354839,0.8,wf_2023,catboost_abc,5
2023-06-16,AMD,False,0.3709677419354839,0.8,wf_2023,catboost_abc,5
2023-06-17,AMD,False,0.4,0.8,wf_2023,catboost_abc,5
2023-06-20,AMD,False,0.8802523760460691,0.8,wf_2023,catboost_abc,5
2023-06-21,AMD,False,0.4,0.8,wf_2023,catboost_abc,5
2023-06-22,AMD,False,0.4,0.8,wf_2023,catboost_abc,5
2023-06-23,AMD,False,0.8316884962739785,0.8,wf_2023,catboost_abc,5
2023-06-24,AMD,False,1.0,0.8,wf_2023,catboost_abc,5
2023-06-27,AMD,False,0.5,0.8,wf_2023,catboost_abc,5
2023-06-28,AMD,True,0.8090070645539166,0.8,wf_2023,catboost_abc,5
2023-06-29,AMD,True,0.8090070645539166,0.8,wf_2023,catboost_abc,5
2023-06-30,AMD,False,0.47058823529411764,0.8,wf_2023,catboost_abc,5
2023-07-01,AMD,False,0.2522026431718062,0.8,wf_2023,catboost_abc,5
2023-07-04,AMD,False,0.2522026431718062,0.8,wf_2023,catboost_abc,5
2023-07-05,AMD,False,0.47058823529411764,0.8,wf_2023,catboost_abc,5
2023-07-06,AMD,False,0.2522026431718062,0.8,wf_2023,catboost_abc,5
2023-07-07,AMD,False,0.2522026431718062,0.8,wf_2023,catboost_abc,5
2023-07-08,AMD,False,0.2522026431718062,0.8,wf_2023,catboost_abc,5
2023-07-11,AMD,False,0.2522026431718062,0.8,wf_2023,catboost_abc,5
2023-07-12,AMD,False,0.2522026431718062,0.8,wf_2023,catboost_abc,5
2023-07-13,AMD,False,0.2522026431718062,0.8,wf_2023,catboost_abc,5
2023-07-14,AMD,False,0.2522026431718062,0.8,wf_2023,catboost_abc,5
2023-07-15,AMD,False,0.2522026431718062,0.8,wf_2023,catboost_abc,5
2023-07-18,AMD,False,0.2522026431718062,0.8,wf_2023,catboost_abc,5
2023-07-19,AMD,False,0.2522026431718062,0.8,wf_2023,catboost_abc,5
2023-07-20,AMD,False,0.2522026431718062,0.8,wf_2023,catboost_abc,5
2023-07-21,AMD,False,0.3116883116883117,0.8,wf_2023,catboost_abc,5
2023-07-22,AMD,False,0.2522026431718062,0.8,wf_2023,catboost_abc,5
2023-07-25,AMD,False,0.3090909090909091,0.8,wf_2023,catboost_abc,5
2023-07-26,AMD,False,0.2522026431718062,0.8,wf_2023,catboost_abc,5
2023-07-27,AMD,False,0.2522026431718062,0.8,wf_2023,catboost_abc,5
2023-07-28,AMD,False,0.3116883116883117,0.8,wf_2023,catboost_abc,5
2023-07-29,AMD,False,0.3709677419354839,0.8,wf_2023,catboost_abc,5
2023-08-01,AMD,False,0.3709677419354839,0.8,wf_2023,catboost_abc,5
2023-08-02,AMD,False,0.3709677419354839,0.8,wf_2023,catboost_abc,5
2023-08-03,AMD,False,0.3116883116883117,0.8,wf_2023,catboost_abc,5
2023-08-04,AMD,False,0.2522026431718062,0.8,wf_2023,catboost_abc,5
2023-08-05,AMD,False,0.2522026431718062,0.8,wf_2023,catboost_abc,5
2023-08-08,AMD,False,0.2522026431718062,0.8,wf_2023,catboost_abc,5
2023-08-09,AMD,False,0.2522026431718062,0.8,wf_2023,catboost_abc,5
2023-08-10,AMD,False,0.2522026431718062,0.8,wf_2023,catboost_abc,5
2023-08-11,AMD,False,0.2522026431718062,0.8,wf_2023,catboost_abc,5
2023-08-12,AMD,False,0.2522026431718062,0.8,wf_2023,catboost_abc,5
2023-08-15,AMD,False,0.2522026431718062,0.8,wf_2023,catboost_abc,5
2023-08-16,AMD,False,0.2522026431718062,0.8,wf_2023,catboost_abc,5
2023-08-17,AMD,False,0.2522026431718062,0.8,wf_2023,catboost_abc,5
2023-08-18,AMD,False,0.2522026431718062,0.8,wf_2023,catboost_abc,5
2023-08-19,AMD,False,0.2522026431718062,0.8,wf_2023,catboost_abc,5
2023-08-22,AMD,False,0.2522026431718062,0.8,wf_2023,catboost_abc,5
2023-08-23,AMD,False,0.2522026431718062,0.8,wf_2023,catboost_abc,5
2023-08-24,AMD,False,0.2522026431718062,0.8,wf_2023,catboost_abc,5
2023-08-25,AMD,False,0.2522026431718062,0.8,wf_2023,catboost_abc,5
2023-08-26,AMD,False,0.2522026431718062,0.8,wf_2023,catboost_abc,5
2023-08-29,AMD,False,0.2522026431718062,0.8,wf_2023,catboost_abc,5
2023-08-30,AMD,False,0.2522026431718062,0.8,wf_2023,catboost_abc,5
2023-08-31,AMD,False,0.2522026431718062,0.8,wf_2023,catboost_abc,5
2023-09-01,AMD,False,0.2522026431718062,0.8,wf_2023,catboost_abc,5
2023-09-02,AMD,False,0.2522026431718062,0.8,wf_2023,catboost_abc,5
2023-09-05,AMD,False,0.2522026431718062,0.8,wf_2023,catboost_abc,5
2023-09-06,AMD,False,0.2522026431718062,0.8,wf_2023,catboost_abc,5
2023-09-07,AMD,False,0.2522026431718062,0.8,wf_2023,catboost_abc,5
2023-09-08,AMD,False,0.2522026431718062,0.8,wf_2023,catboost_abc,5
2023-09-09,AMD,False,0.2522026431718062,0.8,wf_2023,catboost_abc,5
2023-09-12,AMD,False,0.2522026431718062,0.8,wf_2023,catboost_abc,5
2023-09-13,AMD,False,0.2522026431718062,0.8,wf_2023,catboost_abc,5
2023-09-14,AMD,False,0.2522026431718062,0.8,wf_2023,catboost_abc,5
2023-09-15,AMD,False,0.5,0.8,wf_2023,catboost_abc,5
2023-09-16,AMD,False,0.5,0.8,wf_2023,catboost_abc,5
2023-09-19,AMD,False,0.6029072449736739,0.8,wf_2023,catboost_abc,5
2023-09-20,AMD,False,0.47058823529411764,0.8,wf_2023,catboost_abc,5
2023-09-21,AMD,False,0.47058823529411764,0.8,wf_2023,catboost_abc,5
2023-09-22,AMD,False,0.2522026431718062,0.8,wf_2023,catboost_abc,5
2023-09-23,AMD,False,0.3116883116883117,0.8,wf_2023,catboost_abc,5
2023-09-26,AMD,False,0.3116883116883117,0.8,wf_2023,catboost_abc,5
2023-09-27,AMD,False,0.3116883116883117,0.8,wf_2023,catboost_abc,5
2023-09-28,AMD,False,0.3116883116883117,0.8,wf_2023,catboost_abc,5
2023-09-29,AMD,False,0.2522026431718062,0.8,wf_2023,catboost_abc,5
2023-09-30,AMD,False,0.2522026431718062,0.8,wf_2023,catboost_abc,5
2023-10-03,AMD,False,0.3116883116883117,0.8,wf_2023,catboost_abc,5
2023-10-04,AMD,False,0.3090909090909091,0.8,wf_2023,catboost_abc,5
2023-10-05,AMD,False,0.2522026431718062,0.8,wf_2023,catboost_abc,5
2023-10-06,AMD,False,0.2522026431718062,0.8,wf_2023,catboost_abc,5
2023-10-07,AMD,False,0.2522026431718062,0.8,wf_2023,catboost_abc,5
2023-10-10,AMD,False,0.2522026431718062,0.8,wf_2023,catboost_abc,5
2023-10-11,AMD,False,0.2522026431718062,0.8,wf_2023,catboost_abc,5
2023-10-12,AMD,False,0.2522026431718062,0.8,wf_2023,catboost_abc,5
2023-10-13,AMD,False,0.2522026431718062,0.8,wf_2023,catboost_abc,5
2023-10-14,AMD,False,0.2522026431718062,0.8,wf_2023,catboost_abc,5
2023-10-17,AMD,False,0.2522026431718062,0.8,wf_2023,catboost_abc,5
2023-10-18,AMD,False,0.2522026431718062,0.8,wf_2023,catboost_abc,5
2023-10-19,AMD,False,0.2522026431718062,0.8,wf_2023,catboost_abc,5
2023-10-20,AMD,False,0.2522026431718062,0.8,wf_2023,catboost_abc,5
2023-10-21,AMD,False,0.2522026431718062,0.8,wf_2023,catboost_abc,5
2023-10-24,AMD,False,0.2522026431718062,0.8,wf_2023,catboost_abc,5
2023-10-25,AMD,False,0.2522026431718062,0.8,wf_2023,catboost_abc,5
2023-10-26,AMD,False,0.2522026431718062,0.8,wf_2023,catboost_abc,5
2023-10-27,AMD,False,0.2522026431718062,0.8,wf_2023,catboost_abc,5
2023-10-28,AMD,False,0.2522026431718062,0.8,wf_2023,catboost_abc,5
2023-10-31,AMD,False,0.2522026431718062,0.8,wf_2023,catboost_abc,5
2023-11-01,AMD,False,0.2522026431718062,0.8,wf_2023,catboost_abc,5
2023-11-02,AMD,False,0.2522026431718062,0.8,wf_2023,catboost_abc,5
2023-11-03,AMD,False,0.2522026431718062,0.8,wf_2023,catboost_abc,5
2023-11-04,AMD,False,0.2522026431718062,0.8,wf_2023,catboost_abc,5
2023-11-08,AMD,False,0.3709677419354839,0.8,wf_2023,catboost_abc,5
2023-11-09,AMD,False,0.2522026431718062,0.8,wf_2023,catboost_abc,5
2023-11-10,AMD,False,0.2522026431718062,0.8,wf_2023,catboost_abc,5
2023-11-11,AMD,False,0.47058823529411764,0.8,wf_2023,catboost_abc,5
2023-11-14,AMD,False,0.47058823529411764,0.8,wf_2023,catboost_abc,5
2023-11-15,AMD,False,0.41504823281131364,0.8,wf_2023,catboost_abc,5
2023-11-16,AMD,False,0.3709677419354839,0.8,wf_2023,catboost_abc,5
2023-11-17,AMD,False,0.3116883116883117,0.8,wf_2023,catboost_abc,5
2023-11-18,AMD,False,0.3709677419354839,0.8,wf_2023,catboost_abc,5
2023-11-21,AMD,False,0.3116883116883117,0.8,wf_2023,catboost_abc,5
2023-11-22,AMD,False,0.3116883116883117,0.8,wf_2023,catboost_abc,5
2023-11-23,AMD,False,0.3709677419354839,0.8,wf_2023,catboost_abc,5
2023-11-24,AMD,False,0.3709677419354839,0.8,wf_2023,catboost_abc,5
2023-11-25,AMD,False,0.47058823529411764,0.8,wf_2023,catboost_abc,5
2023-11-28,AMD,False,0.47058823529411764,0.8,wf_2023,catboost_abc,5
2023-11-29,AMD,False,0.75,0.8,wf_2023,catboost_abc,5
2023-11-30,AMD,False,0.75,0.8,wf_2023,catboost_abc,5
2023-12-01,AMD,False,0.7036675594315488,0.8,wf_2023,catboost_abc,5
2023-12-02,AMD,False,0.6632381569069475,0.8,wf_2023,catboost_abc,5
2023-12-05,AMD,False,0.5,0.8,wf_2023,catboost_abc,5
2023-12-06,AMD,False,0.2522026431718062,0.8,wf_2023,catboost_abc,5
2023-12-07,AMD,False,0.2522026431718062,0.8,wf_2023,catboost_abc,5
2023-12-08,AMD,False,0.3116883116883117,0.8,wf_2023,catboost_abc,5
2023-12-09,AMD,False,0.3116883116883117,0.8,wf_2023,catboost_abc,5
2023-12-12,AMD,False,0.3709677419354839,0.8,wf_2023,catboost_abc,5
2023-12-13,AMD,False,0.3709677419354839,0.8,wf_2023,catboost_abc,5
2023-12-14,AMD,False,0.3116883116883117,0.8,wf_2023,catboost_abc,5
2023-12-15,AMD,False,0.3116883116883117,0.8,wf_2023,catboost_abc,5
2023-12-16,AMD,False,0.3116883116883117,0.8,wf_2023,catboost_abc,5
2023-12-19,AMD,False,0.3709677419354839,0.8,wf_2023,catboost_abc,5
2023-12-20,AMD,False,0.3709677419354839,0.8,wf_2023,catboost_abc,5
2023-12-21,AMD,False,0.3709677419354839,0.8,wf_2023,catboost_abc,5
2023-12-22,AMD,False,1.0,0.8,wf_2023,catboost_abc,5
2023-12-23,AMD,False,1.0,0.8,wf_2023,catboost_abc,5
2023-12-26,AMD,True,1.0,0.8,wf_2023,catboost_abc,5
2023-12-27,AMD,True,1.0,0.8,wf_2023,catboost_abc,5
2023-12-28,AMD,True,1.0,0.8,wf_2023,catboost_abc,5
2023-12-29,AMD,False,0.3090909090909091,0.8,wf_2023,catboost_abc,5
2023-12-30,AMD,False,0.45395227933305565,0.8,wf_2023,catboost_abc,5
2023-01-10,KGS,False,0.2522026431718062,0.8,wf_2023,catboost_abc,5
2023-01-11,KGS,False,0.2522026431718062,0.8,wf_2023,catboost_abc,5
2023-01-12,KGS,False,0.2522026431718062,0.8,wf_2023,catboost_abc,5
2023-01-13,KGS,False,0.2522026431718062,0.8,wf_2023,catboost_abc,5
2023-01-14,KGS,False,0.2522026431718062,0.8,wf_2023,catboost_abc,5
2023-01-17,KGS,False,0.2522026431718062,0.8,wf_2023,catboost_abc,5
2023-01-18,KGS,False,0.2522026431718062,0.8,wf_2023,catboost_abc,5
2023-01-19,KGS,False,0.2522026431718062,0.8,wf_2023,catboost_abc,5
2023-01-20,KGS,False,0.2522026431718062,0.8,wf_2023,catboost_abc,5
2023-01-21,KGS,False,0.2522026431718062,0.8,wf_2023,catboost_abc,5
2023-01-24,KGS,False,0.2522026431718062,0.8,wf_2023,catboost_abc,5
2023-01-25,KGS,False,0.2522026431718062,0.8,wf_2023,catboost_abc,5
2023-01-26,KGS,False,0.2522026431718062,0.8,wf_2023,catboost_abc,5
2023-01-27,KGS,False,0.2522026431718062,0.8,wf_2023,catboost_abc,5
2023-01-28,KGS,False,0.2522026431718062,0.8,wf_2023,catboost_abc,5
2023-01-31,KGS,False,0.2522026431718062,0.8,wf_2023,catboost_abc,5
2023-02-01,KGS,False,0.2522026431718062,0.8,wf_2023,catboost_abc,5
2023-02-02,KGS,False,0.3116883116883117,0.8,wf_2023,catboost_abc,5
2023-02-03,KGS,False,0.4,0.8,wf_2023,catboost_abc,5
2023-02-04,KGS,False,0.3116883116883117,0.8,wf_2023,catboost_abc,5
2023-02-07,KGS,False,0.42857142857142855,0.8,wf_2023,catboost_abc,5
2023-02-08,KGS,False,0.4,0.8,wf_2023,catboost_abc,5
2023-02-09,KGS,False,0.44781907992209696,0.8,wf_2023,catboost_abc,5
2023-02-10,KGS,False,0.3709677419354839,0.8,wf_2023,catboost_abc,5
2023-02-11,KGS,False,0.3709677419354839,0.8,wf_2023,catboost_abc,5
2023-02-14,KGS,False,0.3709677419354839,0.8,wf_2023,catboost_abc,5
2023-02-15,KGS,False,0.44781907992209696,0.8,wf_2023,catboost_abc,5
2023-02-16,KGS,False,0.47058823529411764,0.8,wf_2023,catboost_abc,5
2023-02-17,KGS,False,0.47058823529411764,0.8,wf_2023,catboost_abc,5
2023-02-18,KGS,False,0.47058823529411764,0.8,wf_2023,catboost_abc,5
2023-02-21,KGS,True,1.0,0.8,wf_2023,catboost_abc,5
2023-02-22,KGS,False,0.47058823529411764,0.8,wf_2023,catboost_abc,5
2023-02-23,KGS,True,1.0,0.8,wf_2023,catboost_abc,5
2023-02-28,KGS,False,0.5,0.8,wf_2023,catboost_abc,5
2023-03-01,KGS,False,0.5,0.8,wf_2023,catboost_abc,5
2023-03-02,KGS,True,1.0,0.8,wf_2023,catboost_abc,5
2023-03-03,KGS,True,1.0,0.8,wf_2023,catboost_abc,5
2023-03-04,KGS,True,1.0,0.8,wf_2023,catboost_abc,5
2023-03-07,KGS,True,1.0,0.8,wf_2023,catboost_abc,5
2023-03-08,KGS,True,1.0,0.8,wf_2023,catboost_abc,5
2023-03-10,KGS,False,0.8499948698580979,0.8,wf_2023,catboost_abc,5
2023-03-11,KGS,False,0.75,0.8,wf_2023,catboost_abc,5
2023-03-14,KGS,True,1.0,0.8,wf_2023,catboost_abc,5
2023-03-15,KGS,False,0.47058823529411764,0.8,wf_2023,catboost_abc,5
2023-03-16,KGS,True,1.0,0.8,wf_2023,catboost_abc,5
2023-03-17,KGS,True,1.0,0.8,wf_2023,catboost_abc,5
2023-03-18,KGS,True,1.0,0.8,wf_2023,catboost_abc,5
2023-03-21,KGS,True,1.0,0.8,wf_2023,catboost_abc,5
2023-03-22,KGS,False,0.75,0.8,wf_2023,catboost_abc,5
2023-03-23,KGS,False,0.75,0.8,wf_2023,catboost_abc,5
2023-03-24,KGS,False,0.47058823529411764,0.8,wf_2023,catboost_abc,5
2023-03-25,KGS,False,0.47058823529411764,0.8,wf_2023,catboost_abc,5
2023-03-28,KGS,False,0.5,0.8,wf_2023,catboost_abc,5
2023-03-29,KGS,False,0.47058823529411764,0.8,wf_2023,catboost_abc,5
2023-03-30,KGS,False,0.2522026431718062,0.8,wf_2023,catboost_abc,5
2023-03-31,KGS,False,0.2522026431718062,0.8,wf_2023,catboost_abc,5
2023-04-01,KGS,True,1.0,0.8,wf_2023,catboost_abc,5
2023-04-04,KGS,True,1.0,0.8,wf_2023,catboost_abc,5
2023-04-05,KGS,False,0.47058823529411764,0.8,wf_2023,catboost_abc,5
2023-04-06,KGS,False,0.47058823529411764,0.8,wf_2023,catboost_abc,5
2023-04-07,KGS,False,0.2522026431718062,0.8,wf_2023,catboost_abc,5
2023-04-08,KGS,False,0.2522026431718062,0.8,wf_2023,catboost_abc,5
2023-04-11,KGS,False,0.3116883116883117,0.8,wf_2023,catboost_abc,5
2023-04-12,KGS,False,0.3709677419354839,0.8,wf_2023,catboost_abc,5
2023-04-13,KGS,False,1.0,0.8,wf_2023,catboost_abc,5
2023-04-14,KGS,True,1.0,0.8,wf_2023,catboost_abc,5
2023-04-15,KGS,True,1.0,0.8,wf_2023,catboost_abc,5
2023-04-18,KGS,True,1.0,0.8,wf_2023,catboost_abc,5
2023-04-19,KGS,True,1.0,0.8,wf_2023,catboost_abc,5
2023-04-20,KGS,True,1.0,0.8,wf_2023,catboost_abc,5
2023-04-21,KGS,False,0.5,0.8,wf_2023,catboost_abc,5
2023-04-22,KGS,False,0.4,0.8,wf_2023,catboost_abc,5
2023-04-25,KGS,False,0.47058823529411764,0.8,wf_2023,catboost_abc,5
2023-04-26,KGS,False,0.47058823529411764,0.8,wf_2023,catboost_abc,5
2023-04-27,KGS,False,0.5,0.8,wf_2023,catboost_abc,5
2023-04-28,KGS,False,0.5,0.8,wf_2023,catboost_abc,5
2023-04-29,KGS,False,0.3709677419354839,0.8,wf_2023,catboost_abc,5
2023-05-03,KGS,False,0.47058823529411764,0.8,wf_2023,catboost_abc,5
2023-05-04,KGS,True,1.0,0.8,wf_2023,catboost_abc,5
2023-05-05,KGS,False,0.3709677419354839,0.8,wf_2023,catboost_abc,5
2023-05-06,KGS,True,1.0,0.8,wf_2023,catboost_abc,5
2023-05-11,KGS,False,0.47058823529411764,0.8,wf_2023,catboost_abc,5
2023-05-12,KGS,False,0.3116883116883117,0.8,wf_2023,catboost_abc,5
2023-05-13,KGS,False,0.3090909090909091,0.8,wf_2023,catboost_abc,5
2023-05-16,KGS,False,0.2522026431718062,0.8,wf_2023,catboost_abc,5
2023-05-17,KGS,False,0.2522026431718062,0.8,wf_2023,catboost_abc,5
2023-05-18,KGS,False,0.2522026431718062,0.8,wf_2023,catboost_abc,5
2023-05-19,KGS,False,0.2522026431718062,0.8,wf_2023,catboost_abc,5
2023-05-20,KGS,False,0.2522026431718062,0.8,wf_2023,catboost_abc,5
2023-05-23,KGS,False,0.2522026431718062,0.8,wf_2023,catboost_abc,5
2023-05-24,KGS,False,0.2522026431718062,0.8,wf_2023,catboost_abc,5
2023-05-25,KGS,False,0.2522026431718062,0.8,wf_2023,catboost_abc,5
2023-05-26,KGS,False,0.2522026431718062,0.8,wf_2023,catboost_abc,5
2023-05-27,KGS,False,0.2522026431718062,0.8,wf_2023,catboost_abc,5
2023-05-30,KGS,False,0.2522026431718062,0.8,wf_2023,catboost_abc,5
2023-05-31,KGS,False,0.2522026431718062,0.8,wf_2023,catboost_abc,5
2023-06-01,KGS,False,0.2522026431718062,0.8,wf_2023,catboost_abc,5
2023-06-02,KGS,False,0.2522026431718062,0.8,wf_2023,catboost_abc,5
2023-06-03,KGS,False,0.2522026431718062,0.8,wf_2023,catboost_abc,5
2023-06-06,KGS,False,0.2522026431718062,0.8,wf_2023,catboost_abc,5
2023-06-07,KGS,False,0.3116883116883117,0.8,wf_2023,catboost_abc,5
2023-06-08,KGS,False,0.47058823529411764,0.8,wf_2023,catboost_abc,5
2023-06-09,KGS,False,0.8499948698580979,0.8,wf_2023,catboost_abc,5
2023-06-10,KGS,False,0.4,0.8,wf_2023,catboost_abc,5
2023-06-14,KGS,False,0.2522026431718062,0.8,wf_2023,catboost_abc,5
2023-06-15,KGS,False,0.2522026431718062,0.8,wf_2023,catboost_abc,5
2023-06-16,KGS,False,0.3709677419354839,0.8,wf_2023,catboost_abc,5
2023-06-17,KGS,False,1.0,0.8,wf_2023,catboost_abc,5
2023-06-20,KGS,False,1.0,0.8,wf_2023,catboost_abc,5
2023-06-21,KGS,False,0.47058823529411764,0.8,wf_2023,catboost_abc,5
2023-06-22,KGS,False,0.47058823529411764,0.8,wf_2023,catboost_abc,5
2023-06-23,KGS,True,1.0,0.8,wf_2023,catboost_abc,5
2023-06-24,KGS,True,1.0,0.8,wf_2023,catboost_abc,5
2023-06-27,KGS,True,1.0,0.8,wf_2023,catboost_abc,5
2023-06-28,KGS,True,0.8090070645539166,0.8,wf_2023,catboost_abc,5
2023-06-29,KGS,False,0.3090909090909091,0.8,wf_2023,catboost_abc,5
2023-06-30,KGS,False,0.2522026431718062,0.8,wf_2023,catboost_abc,5
2023-07-01,KGS,False,0.2522026431718062,0.8,wf_2023,catboost_abc,5
2023-07-04,KGS,False,0.2522026431718062,0.8,wf_2023,catboost_abc,5
2023-07-05,KGS,False,0.2522026431718062,0.8,wf_2023,catboost_abc,5
2023-07-06,KGS,False,0.2522026431718062,0.8,wf_2023,catboost_abc,5
2023-07-07,KGS,False,0.2522026431718062,0.8,wf_2023,catboost_abc,5
2023-07-08,KGS,False,0.2522026431718062,0.8,wf_2023,catboost_abc,5
2023-07-11,KGS,False,0.3090909090909091,0.8,wf_2023,catboost_abc,5
2023-07-12,KGS,False,0.2522026431718062,0.8,wf_2023,catboost_abc,5
2023-07-13,KGS,False,0.2522026431718062,0.8,wf_2023,catboost_abc,5
2023-07-14,KGS,False,0.2522026431718062,0.8,wf_2023,catboost_abc,5
2023-07-15,KGS,False,0.2522026431718062,0.8,wf_2023,catboost_abc,5
2023-07-18,KGS,False,0.2522026431718062,0.8,wf_2023,catboost_abc,5
2023-07-19,KGS,False,0.2522026431718062,0.8,wf_2023,catboost_abc,5
2023-07-20,KGS,False,0.2522026431718062,0.8,wf_2023,catboost_abc,5
2023-07-21,KGS,False,0.3116883116883117,0.8,wf_2023,catboost_abc,5
2023-07-22,KGS,False,0.2522026431718062,0.8,wf_2023,catboost_abc,5
2023-07-25,KGS,False,0.2522026431718062,0.8,wf_2023,catboost_abc,5
2023-07-26,KGS,False,0.2522026431718062,0.8,wf_2023,catboost_abc,5
2023-07-27,KGS,False,0.2522026431718062,0.8,wf_2023,catboost_abc,5
2023-07-28,KGS,False,0.3116883116883117,0.8,wf_2023,catboost_abc,5
2023-07-29,KGS,False,0.3709677419354839,0.8,wf_2023,catboost_abc,5
2023-08-01,KGS,False,0.3116883116883117,0.8,wf_2023,catboost_abc,5
2023-08-02,KGS,False,0.2522026431718062,0.8,wf_2023,catboost_abc,5
2023-08-03,KGS,False,0.2522026431718062,0.8,wf_2023,catboost_abc,5
2023-08-04,KGS,False,0.2522026431718062,0.8,wf_2023,catboost_abc,5
2023-08-05,KGS,False,0.2522026431718062,0.8,wf_2023,catboost_abc,5
2023-08-08,KGS,False,0.2522026431718062,0.8,wf_2023,catboost_abc,5
2023-08-09,KGS,False,0.2522026431718062,0.8,wf_2023,catboost_abc,5
2023-08-10,KGS,False,0.2522026431718062,0.8,wf_2023,catboost_abc,5
2023-08-11,KGS,False,0.2522026431718062,0.8,wf_2023,catboost_abc,5
2023-08-12,KGS,False,0.3709677419354839,0.8,wf_2023,catboost_abc,5
2023-08-15,KGS,False,0.2522026431718062,0.8,wf_2023,catboost_abc,5
2023-08-16,KGS,False,0.2522026431718062,0.8,wf_2023,catboost_abc,5
2023-08-17,KGS,False,0.2522026431718062,0.8,wf_2023,catboost_abc,5
2023-08-18,KGS,False,0.2522026431718062,0.8,wf_2023,catboost_abc,5
2023-08-19,KGS,False,0.2522026431718062,0.8,wf_2023,catboost_abc,5
2023-08-22,KGS,False,0.2522026431718062,0.8,wf_2023,catboost_abc,5
2023-08-23,KGS,False,0.2522026431718062,0.8,wf_2023,catboost_abc,5
2023-08-24,KGS,False,0.2522026431718062,0.8,wf_2023,catboost_abc,5
2023-08-25,KGS,False,0.2522026431718062,0.8,wf_2023,catboost_abc,5
2023-08-26,KGS,False,0.2522026431718062,0.8,wf_2023,catboost_abc,5
2023-08-29,KGS,False,0.2522026431718062,0.8,wf_2023,catboost_abc,5
2023-08-30,KGS,False,0.2522026431718062,0.8,wf_2023,catboost_abc,5
2023-08-31,KGS,False,0.2522026431718062,0.8,wf_2023,catboost_abc,5
2023-09-01,KGS,False,0.2522026431718062,0.8,wf_2023,catboost_abc,5
2023-09-02,KGS,False,0.2522026431718062,0.8,wf_2023,catboost_abc,5
2023-09-05,KGS,False,0.2522026431718062,0.8,wf_2023,catboost_abc,5
2023-09-06,KGS,False,0.2522026431718062,0.8,wf_2023,catboost_abc,5
2023-09-07,KGS,False,0.2522026431718062,0.8,wf_2023,catboost_abc,5
2023-09-08,KGS,False,0.2522026431718062,0.8,wf_2023,catboost_abc,5
2023-09-09,KGS,False,0.2522026431718062,0.8,wf_2023,catboost_abc,5
2023-09-12,KGS,False,0.2522026431718062,0.8,wf_2023,catboost_abc,5
2023-09-13,KGS,False,0.2522026431718062,0.8,wf_2023,catboost_abc,5
2023-09-14,KGS,False,0.2522026431718062,0.8,wf_2023,catboost_abc,5
2023-09-15,KGS,False,0.3116883116883117,0.8,wf_2023,catboost_abc,5
2023-09-16,KGS,False,0.3116883116883117,0.8,wf_2023,catboost_abc,5
2023-09-19,KGS,False,0.3116883116883117,0.8,wf_2023,catboost_abc,5
2023-09-20,KGS,False,0.3090909090909091,0.8,wf_2023,catboost_abc,5
2023-09-21,KGS,False,0.3090909090909091,0.8,wf_2023,catboost_abc,5
2023-09-22,KGS,False,0.3116883116883117,0.8,wf_2023,catboost_abc,5
2023-09-23,KGS,False,0.3116883116883117,0.8,wf_2023,catboost_abc,5
2023-09-26,KGS,False,0.3116883116883117,0.8,wf_2023,catboost_abc,5
2023-09-27,KGS,False,0.3709677419354839,0.8,wf_2023,catboost_abc,5
2023-09-28,KGS,False,0.3709677419354839,0.8,wf_2023,catboost_abc,5
2023-09-29,KGS,False,0.3709677419354839,0.8,wf_2023,catboost_abc,5
2023-09-30,KGS,False,0.3116883116883117,0.8,wf_2023,catboost_abc,5
2023-10-03,KGS,False,0.3116883116883117,0.8,wf_2023,catboost_abc,5
2023-10-04,KGS,False,0.2522026431718062,0.8,wf_2023,catboost_abc,5
2023-10-05,KGS,False,0.2522026431718062,0.8,wf_2023,catboost_abc,5
2023-10-06,KGS,False,0.3090909090909091,0.8,wf_2023,catboost_abc,5
2023-10-07,KGS,False,0.3090909090909091,0.8,wf_2023,catboost_abc,5
2023-10-10,KGS,False,0.2522026431718062,0.8,wf_2023,catboost_abc,5
2023-10-11,KGS,False,0.2522026431718062,0.8,wf_2023,catboost_abc,5
2023-10-12,KGS,False,0.3709677419354839,0.8,wf_2023,catboost_abc,5
2023-10-13,KGS,False,0.2522026431718062,0.8,wf_2023,catboost_abc,5
2023-10-14,KGS,False,0.2522026431718062,0.8,wf_2023,catboost_abc,5
2023-10-17,KGS,False,0.2522026431718062,0.8,wf_2023,catboost_abc,5
2023-10-18,KGS,False,0.2522026431718062,0.8,wf_2023,catboost_abc,5
2023-10-19,KGS,False,0.2522026431718062,0.8,wf_2023,catboost_abc,5
2023-10-20,KGS,False,0.2522026431718062,0.8,wf_2023,catboost_abc,5
2023-10-21,KGS,False,0.2522026431718062,0.8,wf_2023,catboost_abc,5
2023-10-24,KGS,False,0.2522026431718062,0.8,wf_2023,catboost_abc,5
2023-10-25,KGS,False,0.2522026431718062,0.8,wf_2023,catboost_abc,5
2023-10-26,KGS,False,0.2522026431718062,0.8,wf_2023,catboost_abc,5
2023-10-27,KGS,False,0.2522026431718062,0.8,wf_2023,catboost_abc,5
2023-10-28,KGS,False,0.2522026431718062,0.8,wf_2023,catboost_abc,5
2023-10-31,KGS,False,0.2522026431718062,0.8,wf_2023,catboost_abc,5
2023-11-01,KGS,False,0.2522026431718062,0.8,wf_2023,catboost_abc,5
2023-11-02,KGS,False,0.2522026431718062,0.8,wf_2023,catboost_abc,5
2023-11-03,KGS,False,0.2522026431718062,0.8,wf_2023,catboost_abc,5
2023-11-04,KGS,False,0.2522026431718062,0.8,wf_2023,catboost_abc,5
2023-11-08,KGS,False,0.2522026431718062,0.8,wf_2023,catboost_abc,5
2023-11-09,KGS,False,0.2522026431718062,0.8,wf_2023,catboost_abc,5
2023-11-10,KGS,False,0.2522026431718062,0.8,wf_2023,catboost_abc,5
2023-11-11,KGS,False,0.4,0.8,wf_2023,catboost_abc,5
2023-11-14,KGS,False,0.4,0.8,wf_2023,catboost_abc,5
2023-11-15,KGS,False,0.75,0.8,wf_2023,catboost_abc,5
2023-11-16,KGS,False,0.47058823529411764,0.8,wf_2023,catboost_abc,5
2023-11-17,KGS,False,0.3709677419354839,0.8,wf_2023,catboost_abc,5
2023-11-18,KGS,False,0.5,0.8,wf_2023,catboost_abc,5
2023-11-21,KGS,False,0.4659666327148892,0.8,wf_2023,catboost_abc,5
2023-11-22,KGS,False,0.3709677419354839,0.8,wf_2023,catboost_abc,5
2023-11-23,KGS,False,0.5,0.8,wf_2023,catboost_abc,5
2023-11-24,KGS,False,0.3709677419354839,0.8,wf_2023,catboost_abc,5
2023-11-25,KGS,False,0.47058823529411764,0.8,wf_2023,catboost_abc,5
2023-11-28,KGS,False,0.42857142857142855,0.8,wf_2023,catboost_abc,5
2023-11-29,KGS,False,0.5,0.8,wf_2023,catboost_abc,5
2023-11-30,KGS,False,0.5,0.8,wf_2023,catboost_abc,5
2023-12-01,KGS,False,0.5,0.8,wf_2023,catboost_abc,5
2023-12-02,KGS,False,0.5,0.8,wf_2023,catboost_abc,5
2023-12-05,KGS,False,0.47058823529411764,0.8,wf_2023,catboost_abc,5
2023-12-06,KGS,False,0.2522026431718062,0.8,wf_2023,catboost_abc,5
2023-12-07,KGS,False,0.2522026431718062,0.8,wf_2023,catboost_abc,5
2023-12-08,KGS,False,0.3116883116883117,0.8,wf_2023,catboost_abc,5
2023-12-09,KGS,False,0.3116883116883117,0.8,wf_2023,catboost_abc,5
2023-12-12,KGS,False,0.3709677419354839,0.8,wf_2023,catboost_abc,5
2023-12-13,KGS,False,0.3709677419354839,0.8,wf_2023,catboost_abc,5
2023-12-14,KGS,False,0.3116883116883117,0.8,wf_2023,catboost_abc,5
2023-12-15,KGS,False,0.3116883116883117,0.8,wf_2023,catboost_abc,5
2023-12-16,KGS,False,0.33913703981095566,0.8,wf_2023,catboost_abc,5
2023-12-19,KGS,False,1.0,0.8,wf_2023,catboost_abc,5
2023-12-20,KGS,False,1.0,0.8,wf_2023,catboost_abc,5
2023-12-21,KGS,False,1.0,0.8,wf_2023,catboost_abc,5
2023-12-22,KGS,False,0.4,0.8,wf_2023,catboost_abc,5
2023-12-23,KGS,False,1.0,0.8,wf_2023,catboost_abc,5
2023-12-26,KGS,False,0.47058823529411764,0.8,wf_2023,catboost_abc,5
2023-12-27,KGS,True,1.0,0.8,wf_2023,catboost_abc,5
2023-12-28,KGS,True,1.0,0.8,wf_2023,catboost_abc,5
2023-12-29,KGS,True,1.0,0.8,wf_2023,catboost_abc,5
2023-12-30,KGS,False,0.2522026431718062,0.8,wf_2023,catboost_abc,5
2023-01-10,KZT,False,0.2522026431718062,0.8,wf_2023,catboost_abc,5
2023-01-11,KZT,False,0.2522026431718062,0.8,wf_2023,catboost_abc,5
2023-01-12,KZT,False,0.2522026431718062,0.8,wf_2023,catboost_abc,5
2023-01-13,KZT,False,0.2522026431718062,0.8,wf_2023,catboost_abc,5
2023-01-14,KZT,False,0.2522026431718062,0.8,wf_2023,catboost_abc,5
2023-01-17,KZT,False,0.2522026431718062,0.8,wf_2023,catboost_abc,5
2023-01-18,KZT,False,0.2522026431718062,0.8,wf_2023,catboost_abc,5
2023-01-19,KZT,False,0.2522026431718062,0.8,wf_2023,catboost_abc,5
2023-01-20,KZT,False,0.2522026431718062,0.8,wf_2023,catboost_abc,5
2023-01-21,KZT,False,0.2522026431718062,0.8,wf_2023,catboost_abc,5
2023-01-24,KZT,False,0.2522026431718062,0.8,wf_2023,catboost_abc,5
2023-01-25,KZT,False,0.2522026431718062,0.8,wf_2023,catboost_abc,5
2023-01-26,KZT,False,0.2522026431718062,0.8,wf_2023,catboost_abc,5
2023-01-27,KZT,False,0.2522026431718062,0.8,wf_2023,catboost_abc,5
2023-01-28,KZT,False,0.2522026431718062,0.8,wf_2023,catboost_abc,5
2023-01-31,KZT,False,0.2522026431718062,0.8,wf_2023,catboost_abc,5
2023-02-01,KZT,False,0.2522026431718062,0.8,wf_2023,catboost_abc,5
2023-02-02,KZT,False,0.3116883116883117,0.8,wf_2023,catboost_abc,5
2023-02-03,KZT,False,0.3116883116883117,0.8,wf_2023,catboost_abc,5
2023-02-04,KZT,False,0.3709677419354839,0.8,wf_2023,catboost_abc,5
2023-02-07,KZT,False,0.3090909090909091,0.8,wf_2023,catboost_abc,5
2023-02-08,KZT,False,0.2522026431718062,0.8,wf_2023,catboost_abc,5
2023-02-09,KZT,False,0.2522026431718062,0.8,wf_2023,catboost_abc,5
2023-02-10,KZT,False,0.2522026431718062,0.8,wf_2023,catboost_abc,5
2023-02-11,KZT,False,0.2522026431718062,0.8,wf_2023,catboost_abc,5
2023-02-14,KZT,False,0.2522026431718062,0.8,wf_2023,catboost_abc,5
2023-02-15,KZT,False,0.2522026431718062,0.8,wf_2023,catboost_abc,5
2023-02-16,KZT,False,0.3709677419354839,0.8,wf_2023,catboost_abc,5
2023-02-17,KZT,False,0.3709677419354839,0.8,wf_2023,catboost_abc,5
2023-02-18,KZT,False,0.2522026431718062,0.8,wf_2023,catboost_abc,5
2023-02-21,KZT,False,0.3116883116883117,0.8,wf_2023,catboost_abc,5
2023-02-22,KZT,False,1.0,0.8,wf_2023,catboost_abc,5
2023-02-23,KZT,False,1.0,0.8,wf_2023,catboost_abc,5
2023-02-28,KZT,False,0.4,0.8,wf_2023,catboost_abc,5
2023-03-01,KZT,True,1.0,0.8,wf_2023,catboost_abc,5
2023-03-02,KZT,False,0.5,0.8,wf_2023,catboost_abc,5
2023-03-03,KZT,False,0.47058823529411764,0.8,wf_2023,catboost_abc,5
2023-03-04,KZT,False,0.2522026431718062,0.8,wf_2023,catboost_abc,5
2023-03-07,KZT,False,0.2522026431718062,0.8,wf_2023,catboost_abc,5
2023-03-08,KZT,False,0.47058823529411764,0.8,wf_2023,catboost_abc,5
2023-03-10,KZT,False,0.7918119514349329,0.8,wf_2023,catboost_abc,5
2023-03-11,KZT,False,0.3090909090909091,0.8,wf_2023,catboost_abc,5
2023-03-14,KZT,False,0.2522026431718062,0.8,wf_2023,catboost_abc,5
2023-03-15,KZT,False,0.2522026431718062,0.8,wf_2023,catboost_abc,5
2023-03-16,KZT,False,0.2522026431718062,0.8,wf_2023,catboost_abc,5
2023-03-17,KZT,False,0.2522026431718062,0.8,wf_2023,catboost_abc,5
2023-03-18,KZT,False,0.2522026431718062,0.8,wf_2023,catboost_abc,5
2023-03-21,KZT,False,0.2522026431718062,0.8,wf_2023,catboost_abc,5
2023-03-22,KZT,False,0.2522026431718062,0.8,wf_2023,catboost_abc,5
2023-03-23,KZT,False,0.2522026431718062,0.8,wf_2023,catboost_abc,5
2023-03-24,KZT,False,0.2522026431718062,0.8,wf_2023,catboost_abc,5
2023-03-25,KZT,False,0.2522026431718062,0.8,wf_2023,catboost_abc,5
2023-03-28,KZT,False,0.2522026431718062,0.8,wf_2023,catboost_abc,5
2023-03-29,KZT,False,0.2522026431718062,0.8,wf_2023,catboost_abc,5
2023-03-30,KZT,False,0.2522026431718062,0.8,wf_2023,catboost_abc,5
2023-03-31,KZT,False,0.2522026431718062,0.8,wf_2023,catboost_abc,5
2023-04-01,KZT,False,0.2522026431718062,0.8,wf_2023,catboost_abc,5
2023-04-04,KZT,False,0.2522026431718062,0.8,wf_2023,catboost_abc,5
2023-04-05,KZT,False,0.2522026431718062,0.8,wf_2023,catboost_abc,5
2023-04-06,KZT,False,0.2522026431718062,0.8,wf_2023,catboost_abc,5
2023-04-07,KZT,False,0.2522026431718062,0.8,wf_2023,catboost_abc,5
2023-04-08,KZT,False,0.2522026431718062,0.8,wf_2023,catboost_abc,5
2023-04-11,KZT,False,0.2522026431718062,0.8,wf_2023,catboost_abc,5
2023-04-12,KZT,False,0.2522026431718062,0.8,wf_2023,catboost_abc,5
2023-04-13,KZT,False,0.2522026431718062,0.8,wf_2023,catboost_abc,5
2023-04-14,KZT,False,0.2522026431718062,0.8,wf_2023,catboost_abc,5
2023-04-15,KZT,False,0.2522026431718062,0.8,wf_2023,catboost_abc,5
2023-04-18,KZT,False,0.2522026431718062,0.8,wf_2023,catboost_abc,5
2023-04-19,KZT,False,0.2522026431718062,0.8,wf_2023,catboost_abc,5
2023-04-20,KZT,False,0.2522026431718062,0.8,wf_2023,catboost_abc,5
2023-04-21,KZT,False,0.2522026431718062,0.8,wf_2023,catboost_abc,5
2023-04-22,KZT,False,0.2522026431718062,0.8,wf_2023,catboost_abc,5
2023-04-25,KZT,False,0.2522026431718062,0.8,wf_2023,catboost_abc,5
2023-04-26,KZT,False,0.2522026431718062,0.8,wf_2023,catboost_abc,5
2023-04-27,KZT,False,0.2522026431718062,0.8,wf_2023,catboost_abc,5
2023-04-28,KZT,False,0.2522026431718062,0.8,wf_2023,catboost_abc,5
2023-04-29,KZT,False,0.2522026431718062,0.8,wf_2023,catboost_abc,5
2023-05-03,KZT,False,0.2522026431718062,0.8,wf_2023,catboost_abc,5
2023-05-04,KZT,False,0.2522026431718062,0.8,wf_2023,catboost_abc,5
2023-05-05,KZT,False,0.2522026431718062,0.8,wf_2023,catboost_abc,5
2023-05-06,KZT,False,0.2727272727272727,0.8,wf_2023,catboost_abc,5
2023-05-11,KZT,False,0.2522026431718062,0.8,wf_2023,catboost_abc,5
2023-05-12,KZT,False,0.2522026431718062,0.8,wf_2023,catboost_abc,5
2023-05-13,KZT,False,0.2522026431718062,0.8,wf_2023,catboost_abc,5
2023-05-16,KZT,False,0.2522026431718062,0.8,wf_2023,catboost_abc,5
2023-05-17,KZT,False,0.2522026431718062,0.8,wf_2023,catboost_abc,5
2023-05-18,KZT,False,0.2522026431718062,0.8,wf_2023,catboost_abc,5
2023-05-19,KZT,False,0.2522026431718062,0.8,wf_2023,catboost_abc,5
2023-05-20,KZT,False,0.2522026431718062,0.8,wf_2023,catboost_abc,5
2023-05-23,KZT,False,0.2522026431718062,0.8,wf_2023,catboost_abc,5
2023-05-24,KZT,False,0.2522026431718062,0.8,wf_2023,catboost_abc,5
2023-05-25,KZT,False,0.2522026431718062,0.8,wf_2023,catboost_abc,5
2023-05-26,KZT,False,0.2522026431718062,0.8,wf_2023,catboost_abc,5
2023-05-27,KZT,False,0.2522026431718062,0.8,wf_2023,catboost_abc,5
2023-05-30,KZT,False,0.2522026431718062,0.8,wf_2023,catboost_abc,5
2023-05-31,KZT,False,0.2522026431718062,0.8,wf_2023,catboost_abc,5
2023-06-01,KZT,False,0.2522026431718062,0.8,wf_2023,catboost_abc,5
2023-06-02,KZT,False,0.2522026431718062,0.8,wf_2023,catboost_abc,5
2023-06-03,KZT,False,0.2522026431718062,0.8,wf_2023,catboost_abc,5
2023-06-06,KZT,False,0.2522026431718062,0.8,wf_2023,catboost_abc,5
2023-06-07,KZT,False,0.3116883116883117,0.8,wf_2023,catboost_abc,5
2023-06-08,KZT,False,0.75,0.8,wf_2023,catboost_abc,5
2023-06-09,KZT,False,0.75,0.8,wf_2023,catboost_abc,5
2023-06-10,KZT,False,0.4,0.8,wf_2023,catboost_abc,5
2023-06-14,KZT,False,0.3709677419354839,0.8,wf_2023,catboost_abc,5
2023-06-15,KZT,False,0.4,0.8,wf_2023,catboost_abc,5
2023-06-16,KZT,False,0.3709677419354839,0.8,wf_2023,catboost_abc,5
2023-06-17,KZT,False,1.0,0.8,wf_2023,catboost_abc,5
2023-06-20,KZT,False,1.0,0.8,wf_2023,catboost_abc,5
2023-06-21,KZT,False,0.5,0.8,wf_2023,catboost_abc,5
2023-06-22,KZT,False,0.47058823529411764,0.8,wf_2023,catboost_abc,5
2023-06-23,KZT,True,1.0,0.8,wf_2023,catboost_abc,5
2023-06-24,KZT,True,1.0,0.8,wf_2023,catboost_abc,5
2023-06-27,KZT,True,1.0,0.8,wf_2023,catboost_abc,5
2023-06-28,KZT,True,1.0,0.8,wf_2023,catboost_abc,5
2023-06-29,KZT,True,1.0,0.8,wf_2023,catboost_abc,5
2023-06-30,KZT,False,0.47058823529411764,0.8,wf_2023,catboost_abc,5
2023-07-01,KZT,False,0.47058823529411764,0.8,wf_2023,catboost_abc,5
2023-07-04,KZT,False,0.2522026431718062,0.8,wf_2023,catboost_abc,5
2023-07-05,KZT,False,0.2522026431718062,0.8,wf_2023,catboost_abc,5
2023-07-06,KZT,False,0.2522026431718062,0.8,wf_2023,catboost_abc,5
2023-07-07,KZT,False,0.2522026431718062,0.8,wf_2023,catboost_abc,5
2023-07-08,KZT,False,0.2522026431718062,0.8,wf_2023,catboost_abc,5
2023-07-11,KZT,False,0.2522026431718062,0.8,wf_2023,catboost_abc,5
2023-07-12,KZT,False,0.2522026431718062,0.8,wf_2023,catboost_abc,5
2023-07-13,KZT,False,0.2522026431718062,0.8,wf_2023,catboost_abc,5
2023-07-14,KZT,False,0.2522026431718062,0.8,wf_2023,catboost_abc,5
2023-07-15,KZT,False,0.2522026431718062,0.8,wf_2023,catboost_abc,5
2023-07-18,KZT,False,0.2522026431718062,0.8,wf_2023,catboost_abc,5
2023-07-19,KZT,False,0.2522026431718062,0.8,wf_2023,catboost_abc,5
2023-07-20,KZT,False,0.2522026431718062,0.8,wf_2023,catboost_abc,5
2023-07-21,KZT,False,0.2522026431718062,0.8,wf_2023,catboost_abc,5
2023-07-22,KZT,False,0.2522026431718062,0.8,wf_2023,catboost_abc,5
2023-07-25,KZT,False,0.2522026431718062,0.8,wf_2023,catboost_abc,5
2023-07-26,KZT,False,0.2522026431718062,0.8,wf_2023,catboost_abc,5
2023-07-27,KZT,False,0.2522026431718062,0.8,wf_2023,catboost_abc,5
2023-07-28,KZT,False,0.2522026431718062,0.8,wf_2023,catboost_abc,5
2023-07-29,KZT,False,0.2522026431718062,0.8,wf_2023,catboost_abc,5
2023-08-01,KZT,False,0.2522026431718062,0.8,wf_2023,catboost_abc,5
2023-08-02,KZT,False,0.2522026431718062,0.8,wf_2023,catboost_abc,5
2023-08-03,KZT,False,0.2522026431718062,0.8,wf_2023,catboost_abc,5
2023-08-04,KZT,False,0.2522026431718062,0.8,wf_2023,catboost_abc,5
2023-08-05,KZT,False,0.2522026431718062,0.8,wf_2023,catboost_abc,5
2023-08-08,KZT,False,0.2522026431718062,0.8,wf_2023,catboost_abc,5
2023-08-09,KZT,False,0.2522026431718062,0.8,wf_2023,catboost_abc,5
2023-08-10,KZT,False,0.2522026431718062,0.8,wf_2023,catboost_abc,5
2023-08-11,KZT,False,0.2522026431718062,0.8,wf_2023,catboost_abc,5
2023-08-12,KZT,False,0.2522026431718062,0.8,wf_2023,catboost_abc,5
2023-08-15,KZT,False,0.2522026431718062,0.8,wf_2023,catboost_abc,5
2023-08-16,KZT,False,0.2522026431718062,0.8,wf_2023,catboost_abc,5
2023-08-17,KZT,False,0.2522026431718062,0.8,wf_2023,catboost_abc,5
2023-08-18,KZT,False,0.2522026431718062,0.8,wf_2023,catboost_abc,5
2023-08-19,KZT,False,0.2522026431718062,0.8,wf_2023,catboost_abc,5
2023-08-22,KZT,False,0.2522026431718062,0.8,wf_2023,catboost_abc,5
2023-08-23,KZT,False,0.2522026431718062,0.8,wf_2023,catboost_abc,5
2023-08-24,KZT,False,0.2522026431718062,0.8,wf_2023,catboost_abc,5
2023-08-25,KZT,False,0.2522026431718062,0.8,wf_2023,catboost_abc,5
2023-08-26,KZT,False,0.2522026431718062,0.8,wf_2023,catboost_abc,5
2023-08-29,KZT,False,0.2522026431718062,0.8,wf_2023,catboost_abc,5
2023-08-30,KZT,False,0.2522026431718062,0.8,wf_2023,catboost_abc,5
2023-08-31,KZT,False,0.2522026431718062,0.8,wf_2023,catboost_abc,5
2023-09-01,KZT,False,0.2522026431718062,0.8,wf_2023,catboost_abc,5
2023-09-02,KZT,False,0.2522026431718062,0.8,wf_2023,catboost_abc,5
2023-09-05,KZT,False,0.2522026431718062,0.8,wf_2023,catboost_abc,5
2023-09-06,KZT,False,0.2522026431718062,0.8,wf_2023,catboost_abc,5
2023-09-07,KZT,False,0.2522026431718062,0.8,wf_2023,catboost_abc,5
2023-09-08,KZT,False,0.2522026431718062,0.8,wf_2023,catboost_abc,5
2023-09-09,KZT,False,0.2522026431718062,0.8,wf_2023,catboost_abc,5
2023-09-12,KZT,False,0.2522026431718062,0.8,wf_2023,catboost_abc,5
2023-09-13,KZT,False,0.2522026431718062,0.8,wf_2023,catboost_abc,5
2023-09-14,KZT,False,0.2522026431718062,0.8,wf_2023,catboost_abc,5
2023-09-15,KZT,False,0.2522026431718062,0.8,wf_2023,catboost_abc,5
2023-09-16,KZT,False,0.2522026431718062,0.8,wf_2023,catboost_abc,5
2023-09-19,KZT,False,0.2522026431718062,0.8,wf_2023,catboost_abc,5
2023-09-20,KZT,False,0.2522026431718062,0.8,wf_2023,catboost_abc,5
2023-09-21,KZT,False,0.2522026431718062,0.8,wf_2023,catboost_abc,5
2023-09-22,KZT,False,0.3090909090909091,0.8,wf_2023,catboost_abc,5
2023-09-23,KZT,False,0.3116883116883117,0.8,wf_2023,catboost_abc,5
2023-09-26,KZT,False,0.3709677419354839,0.8,wf_2023,catboost_abc,5
2023-09-27,KZT,False,0.3090909090909091,0.8,wf_2023,catboost_abc,5
2023-09-28,KZT,False,0.3116883116883117,0.8,wf_2023,catboost_abc,5
2023-09-29,KZT,False,0.3116883116883117,0.8,wf_2023,catboost_abc,5
2023-09-30,KZT,False,0.3116883116883117,0.8,wf_2023,catboost_abc,5
2023-10-03,KZT,False,0.2522026431718062,0.8,wf_2023,catboost_abc,5
2023-10-04,KZT,False,0.2522026431718062,0.8,wf_2023,catboost_abc,5
2023-10-05,KZT,False,0.2522026431718062,0.8,wf_2023,catboost_abc,5
2023-10-06,KZT,False,0.2522026431718062,0.8,wf_2023,catboost_abc,5
2023-10-07,KZT,False,0.2522026431718062,0.8,wf_2023,catboost_abc,5
2023-10-10,KZT,False,0.3090909090909091,0.8,wf_2023,catboost_abc,5
2023-10-11,KZT,False,0.2522026431718062,0.8,wf_2023,catboost_abc,5
2023-10-12,KZT,False,0.4,0.8,wf_2023,catboost_abc,5
2023-10-13,KZT,False,0.2522026431718062,0.8,wf_2023,catboost_abc,5
2023-10-14,KZT,False,0.2522026431718062,0.8,wf_2023,catboost_abc,5
2023-10-17,KZT,False,0.2522026431718062,0.8,wf_2023,catboost_abc,5
2023-10-18,KZT,False,0.2522026431718062,0.8,wf_2023,catboost_abc,5
2023-10-19,KZT,False,0.2522026431718062,0.8,wf_2023,catboost_abc,5
2023-10-20,KZT,False,0.2522026431718062,0.8,wf_2023,catboost_abc,5
2023-10-21,KZT,False,0.2522026431718062,0.8,wf_2023,catboost_abc,5
2023-10-24,KZT,False,0.2522026431718062,0.8,wf_2023,catboost_abc,5
2023-10-25,KZT,False,0.2522026431718062,0.8,wf_2023,catboost_abc,5
2023-10-26,KZT,False,0.2522026431718062,0.8,wf_2023,catboost_abc,5
2023-10-27,KZT,False,0.2522026431718062,0.8,wf_2023,catboost_abc,5
2023-10-28,KZT,False,0.2522026431718062,0.8,wf_2023,catboost_abc,5
2023-10-31,KZT,False,0.2522026431718062,0.8,wf_2023,catboost_abc,5
2023-11-01,KZT,False,0.2522026431718062,0.8,wf_2023,catboost_abc,5
2023-11-02,KZT,False,0.2522026431718062,0.8,wf_2023,catboost_abc,5
2023-11-03,KZT,False,0.2522026431718062,0.8,wf_2023,catboost_abc,5
2023-11-04,KZT,False,0.2522026431718062,0.8,wf_2023,catboost_abc,5
2023-11-08,KZT,False,0.2522026431718062,0.8,wf_2023,catboost_abc,5
2023-11-09,KZT,False,0.2522026431718062,0.8,wf_2023,catboost_abc,5
2023-11-10,KZT,False,0.3116883116883117,0.8,wf_2023,catboost_abc,5
2023-11-11,KZT,False,0.4,0.8,wf_2023,catboost_abc,5
2023-11-14,KZT,True,0.8836669099809836,0.8,wf_2023,catboost_abc,5
2023-11-15,KZT,False,0.7075004693299831,0.8,wf_2023,catboost_abc,5
2023-11-16,KZT,False,0.2522026431718062,0.8,wf_2023,catboost_abc,5
2023-11-17,KZT,False,0.2522026431718062,0.8,wf_2023,catboost_abc,5
2023-11-18,KZT,False,0.2522026431718062,0.8,wf_2023,catboost_abc,5
2023-11-21,KZT,False,0.3090909090909091,0.8,wf_2023,catboost_abc,5
2023-11-22,KZT,False,0.3116883116883117,0.8,wf_2023,catboost_abc,5
2023-11-23,KZT,False,0.3709677419354839,0.8,wf_2023,catboost_abc,5
2023-11-24,KZT,False,0.4459904769098537,0.8,wf_2023,catboost_abc,5
2023-11-25,KZT,False,0.4,0.8,wf_2023,catboost_abc,5
2023-11-28,KZT,False,0.3709677419354839,0.8,wf_2023,catboost_abc,5
2023-11-29,KZT,False,0.5,0.8,wf_2023,catboost_abc,5
2023-11-30,KZT,False,0.4,0.8,wf_2023,catboost_abc,5
2023-12-01,KZT,False,0.5,0.8,wf_2023,catboost_abc,5
2023-12-02,KZT,False,0.3709677419354839,0.8,wf_2023,catboost_abc,5
2023-12-05,KZT,False,0.2522026431718062,0.8,wf_2023,catboost_abc,5
2023-12-06,KZT,False,0.2522026431718062,0.8,wf_2023,catboost_abc,5
2023-12-07,KZT,False,0.2522026431718062,0.8,wf_2023,catboost_abc,5
2023-12-08,KZT,False,0.3090909090909091,0.8,wf_2023,catboost_abc,5
2023-12-09,KZT,False,0.3116883116883117,0.8,wf_2023,catboost_abc,5
2023-12-12,KZT,True,0.8789172685057629,0.8,wf_2023,catboost_abc,5
2023-12-13,KZT,False,0.47058823529411764,0.8,wf_2023,catboost_abc,5
2023-12-14,KZT,True,1.0,0.8,wf_2023,catboost_abc,5
2023-12-15,KZT,True,1.0,0.8,wf_2023,catboost_abc,5
2023-12-16,KZT,True,1.0,0.8,wf_2023,catboost_abc,5
2023-12-19,KZT,False,1.0,0.8,wf_2023,catboost_abc,5
2023-12-20,KZT,False,1.0,0.8,wf_2023,catboost_abc,5
2023-12-21,KZT,False,0.42335702054630975,0.8,wf_2023,catboost_abc,5
2023-12-22,KZT,False,0.4,0.8,wf_2023,catboost_abc,5
2023-12-23,KZT,False,0.4,0.8,wf_2023,catboost_abc,5
2023-12-26,KZT,False,0.47058823529411764,0.8,wf_2023,catboost_abc,5
2023-12-27,KZT,False,0.47058823529411764,0.8,wf_2023,catboost_abc,5
2023-12-28,KZT,False,0.47058823529411764,0.8,wf_2023,catboost_abc,5
2023-12-29,KZT,False,0.3709677419354839,0.8,wf_2023,catboost_abc,5
2023-12-30,KZT,False,0.47058823529411764,0.8,wf_2023,catboost_abc,5
2023-01-10,TJS,False,0.2522026431718062,0.8,wf_2023,catboost_abc,5
2023-01-11,TJS,False,0.2522026431718062,0.8,wf_2023,catboost_abc,5
2023-01-12,TJS,False,0.2522026431718062,0.8,wf_2023,catboost_abc,5
2023-01-13,TJS,False,0.2522026431718062,0.8,wf_2023,catboost_abc,5
2023-01-14,TJS,False,0.2522026431718062,0.8,wf_2023,catboost_abc,5
2023-01-17,TJS,False,0.2522026431718062,0.8,wf_2023,catboost_abc,5
2023-01-18,TJS,False,0.2522026431718062,0.8,wf_2023,catboost_abc,5
2023-01-19,TJS,False,0.2522026431718062,0.8,wf_2023,catboost_abc,5
2023-01-20,TJS,False,0.2522026431718062,0.8,wf_2023,catboost_abc,5
2023-01-21,TJS,False,0.2522026431718062,0.8,wf_2023,catboost_abc,5
2023-01-24,TJS,False,0.2522026431718062,0.8,wf_2023,catboost_abc,5
2023-01-25,TJS,False,0.2522026431718062,0.8,wf_2023,catboost_abc,5
2023-01-26,TJS,False,0.2522026431718062,0.8,wf_2023,catboost_abc,5
2023-01-27,TJS,False,0.2522026431718062,0.8,wf_2023,catboost_abc,5
2023-01-28,TJS,False,0.2522026431718062,0.8,wf_2023,catboost_abc,5
2023-01-31,TJS,False,0.2522026431718062,0.8,wf_2023,catboost_abc,5
2023-02-01,TJS,False,0.2522026431718062,0.8,wf_2023,catboost_abc,5
2023-02-02,TJS,False,0.3116883116883117,0.8,wf_2023,catboost_abc,5
2023-02-03,TJS,False,0.3116883116883117,0.8,wf_2023,catboost_abc,5
2023-02-04,TJS,False,0.2522026431718062,0.8,wf_2023,catboost_abc,5
2023-02-07,TJS,False,0.2522026431718062,0.8,wf_2023,catboost_abc,5
2023-02-08,TJS,False,0.3116883116883117,0.8,wf_2023,catboost_abc,5
2023-02-09,TJS,False,0.3090909090909091,0.8,wf_2023,catboost_abc,5
2023-02-10,TJS,False,0.2522026431718062,0.8,wf_2023,catboost_abc,5
2023-02-11,TJS,False,0.2522026431718062,0.8,wf_2023,catboost_abc,5
2023-02-14,TJS,False,0.2522026431718062,0.8,wf_2023,catboost_abc,5
2023-02-15,TJS,False,0.3090909090909091,0.8,wf_2023,catboost_abc,5
2023-02-16,TJS,False,0.3709677419354839,0.8,wf_2023,catboost_abc,5
2023-02-17,TJS,False,0.3709677419354839,0.8,wf_2023,catboost_abc,5
2023-02-18,TJS,False,0.3709677419354839,0.8,wf_2023,catboost_abc,5
2023-02-21,TJS,False,0.3116883116883117,0.8,wf_2023,catboost_abc,5
2023-02-22,TJS,False,0.47058823529411764,0.8,wf_2023,catboost_abc,5
2023-02-23,TJS,False,0.3116883116883117,0.8,wf_2023,catboost_abc,5
2023-02-28,TJS,False,0.42857142857142855,0.8,wf_2023,catboost_abc,5
2023-03-01,TJS,False,0.3709677419354839,0.8,wf_2023,catboost_abc,5
2023-03-02,TJS,False,0.47058823529411764,0.8,wf_2023,catboost_abc,5
2023-03-03,TJS,False,0.47058823529411764,0.8,wf_2023,catboost_abc,5
2023-03-04,TJS,False,0.47058823529411764,0.8,wf_2023,catboost_abc,5
2023-03-07,TJS,False,0.3116883116883117,0.8,wf_2023,catboost_abc,5
2023-03-08,TJS,False,0.42857142857142855,0.8,wf_2023,catboost_abc,5
2023-03-10,TJS,False,0.3116883116883117,0.8,wf_2023,catboost_abc,5
2023-03-11,TJS,False,0.3116883116883117,0.8,wf_2023,catboost_abc,5
2023-03-14,TJS,False,0.3709677419354839,0.8,wf_2023,catboost_abc,5
2023-03-15,TJS,False,0.3116883116883117,0.8,wf_2023,catboost_abc,5
2023-03-16,TJS,False,0.3116883116883117,0.8,wf_2023,catboost_abc,5
2023-03-17,TJS,False,0.3116883116883117,0.8,wf_2023,catboost_abc,5
2023-03-18,TJS,False,0.3116883116883117,0.8,wf_2023,catboost_abc,5
2023-03-21,TJS,False,0.43071686448181984,0.8,wf_2023,catboost_abc,5
2023-03-22,TJS,False,0.3709677419354839,0.8,wf_2023,catboost_abc,5
2023-03-23,TJS,False,0.3709677419354839,0.8,wf_2023,catboost_abc,5
2023-03-24,TJS,False,0.3709677419354839,0.8,wf_2023,catboost_abc,5
2023-03-25,TJS,False,0.3116883116883117,0.8,wf_2023,catboost_abc,5
2023-03-28,TJS,False,0.3090909090909091,0.8,wf_2023,catboost_abc,5
2023-03-29,TJS,False,0.3090909090909091,0.8,wf_2023,catboost_abc,5
2023-03-30,TJS,False,0.3709677419354839,0.8,wf_2023,catboost_abc,5
2023-03-31,TJS,False,0.3709677419354839,0.8,wf_2023,catboost_abc,5
2023-04-01,TJS,False,0.3116883116883117,0.8,wf_2023,catboost_abc,5
2023-04-04,TJS,False,0.5,0.8,wf_2023,catboost_abc,5
2023-04-05,TJS,False,0.4,0.8,wf_2023,catboost_abc,5
2023-04-06,TJS,False,0.4,0.8,wf_2023,catboost_abc,5
2023-04-07,TJS,False,0.2522026431718062,0.8,wf_2023,catboost_abc,5
2023-04-08,TJS,False,0.2522026431718062,0.8,wf_2023,catboost_abc,5
2023-04-11,TJS,False,0.3116883116883117,0.8,wf_2023,catboost_abc,5
2023-04-12,TJS,False,0.3709677419354839,0.8,wf_2023,catboost_abc,5
2023-04-13,TJS,False,1.0,0.8,wf_2023,catboost_abc,5
2023-04-14,TJS,False,1.0,0.8,wf_2023,catboost_abc,5
2023-04-15,TJS,True,1.0,0.8,wf_2023,catboost_abc,5
2023-04-18,TJS,True,1.0,0.8,wf_2023,catboost_abc,5
2023-04-19,TJS,True,1.0,0.8,wf_2023,catboost_abc,5
2023-04-20,TJS,True,1.0,0.8,wf_2023,catboost_abc,5
2023-04-21,TJS,False,0.5,0.8,wf_2023,catboost_abc,5
2023-04-22,TJS,False,0.47058823529411764,0.8,wf_2023,catboost_abc,5
2023-04-25,TJS,False,0.42857142857142855,0.8,wf_2023,catboost_abc,5
2023-04-26,TJS,False,0.4,0.8,wf_2023,catboost_abc,5
2023-04-27,TJS,False,0.47058823529411764,0.8,wf_2023,catboost_abc,5
2023-04-28,TJS,False,0.47058823529411764,0.8,wf_2023,catboost_abc,5
2023-04-29,TJS,False,0.3116883116883117,0.8,wf_2023,catboost_abc,5
2023-05-03,TJS,False,0.47058823529411764,0.8,wf_2023,catboost_abc,5
2023-05-04,TJS,True,1.0,0.8,wf_2023,catboost_abc,5
2023-05-05,TJS,False,0.4690344445810787,0.8,wf_2023,catboost_abc,5
2023-05-06,TJS,False,0.3709677419354839,0.8,wf_2023,catboost_abc,5
2023-05-11,TJS,False,0.3116883116883117,0.8,wf_2023,catboost_abc,5
2023-05-12,TJS,False,0.3116883116883117,0.8,wf_2023,catboost_abc,5
2023-05-13,TJS,False,0.3090909090909091,0.8,wf_2023,catboost_abc,5
2023-05-16,TJS,False,0.2522026431718062,0.8,wf_2023,catboost_abc,5
2023-05-17,TJS,False,0.2522026431718062,0.8,wf_2023,catboost_abc,5
2023-05-18,TJS,False,0.2522026431718062,0.8,wf_2023,catboost_abc,5
2023-05-19,TJS,False,0.2522026431718062,0.8,wf_2023,catboost_abc,5
2023-05-20,TJS,False,0.2522026431718062,0.8,wf_2023,catboost_abc,5
2023-05-23,TJS,False,0.2522026431718062,0.8,wf_2023,catboost_abc,5
2023-05-24,TJS,False,0.2522026431718062,0.8,wf_2023,catboost_abc,5
2023-05-25,TJS,False,0.2522026431718062,0.8,wf_2023,catboost_abc,5
2023-05-26,TJS,False,0.2522026431718062,0.8,wf_2023,catboost_abc,5
2023-05-27,TJS,False,0.2522026431718062,0.8,wf_2023,catboost_abc,5
2023-05-30,TJS,False,0.2522026431718062,0.8,wf_2023,catboost_abc,5
2023-05-31,TJS,False,0.2522026431718062,0.8,wf_2023,catboost_abc,5
2023-06-01,TJS,False,0.2522026431718062,0.8,wf_2023,catboost_abc,5
2023-06-02,TJS,False,0.2522026431718062,0.8,wf_2023,catboost_abc,5
2023-06-03,TJS,False,0.2522026431718062,0.8,wf_2023,catboost_abc,5
2023-06-06,TJS,False,0.2522026431718062,0.8,wf_2023,catboost_abc,5
2023-06-07,TJS,False,0.47058823529411764,0.8,wf_2023,catboost_abc,5
2023-06-08,TJS,False,0.47058823529411764,0.8,wf_2023,catboost_abc,5
2023-06-09,TJS,False,0.8499948698580979,0.8,wf_2023,catboost_abc,5
2023-06-10,TJS,False,0.4,0.8,wf_2023,catboost_abc,5
2023-06-14,TJS,False,0.3709677419354839,0.8,wf_2023,catboost_abc,5
2023-06-15,TJS,False,0.3709677419354839,0.8,wf_2023,catboost_abc,5
2023-06-16,TJS,False,0.3709677419354839,0.8,wf_2023,catboost_abc,5
2023-06-17,TJS,False,1.0,0.8,wf_2023,catboost_abc,5
2023-06-20,TJS,True,1.0,0.8,wf_2023,catboost_abc,5
2023-06-21,TJS,False,0.47058823529411764,0.8,wf_2023,catboost_abc,5
2023-06-22,TJS,False,0.47058823529411764,0.8,wf_2023,catboost_abc,5
2023-06-23,TJS,False,0.75,0.8,wf_2023,catboost_abc,5
2023-06-24,TJS,True,1.0,0.8,wf_2023,catboost_abc,5
2023-06-27,TJS,True,1.0,0.8,wf_2023,catboost_abc,5
2023-06-28,TJS,True,0.8090070645539166,0.8,wf_2023,catboost_abc,5
2023-06-29,TJS,False,0.3090909090909091,0.8,wf_2023,catboost_abc,5
2023-06-30,TJS,False,0.2522026431718062,0.8,wf_2023,catboost_abc,5
2023-07-01,TJS,False,0.2522026431718062,0.8,wf_2023,catboost_abc,5
2023-07-04,TJS,False,0.2522026431718062,0.8,wf_2023,catboost_abc,5
2023-07-05,TJS,False,0.2522026431718062,0.8,wf_2023,catboost_abc,5
2023-07-06,TJS,False,0.2522026431718062,0.8,wf_2023,catboost_abc,5
2023-07-07,TJS,False,0.2522026431718062,0.8,wf_2023,catboost_abc,5
2023-07-08,TJS,False,0.2522026431718062,0.8,wf_2023,catboost_abc,5
2023-07-11,TJS,False,0.2522026431718062,0.8,wf_2023,catboost_abc,5
2023-07-12,TJS,False,0.3090909090909091,0.8,wf_2023,catboost_abc,5
2023-07-13,TJS,False,0.3116883116883117,0.8,wf_2023,catboost_abc,5
2023-07-14,TJS,False,0.3709677419354839,0.8,wf_2023,catboost_abc,5
2023-07-15,TJS,False,0.3116883116883117,0.8,wf_2023,catboost_abc,5
2023-07-18,TJS,False,0.3116883116883117,0.8,wf_2023,catboost_abc,5
2023-07-19,TJS,False,0.3709677419354839,0.8,wf_2023,catboost_abc,5
2023-07-20,TJS,False,0.3709677419354839,0.8,wf_2023,catboost_abc,5
2023-07-21,TJS,False,0.3116883116883117,0.8,wf_2023,catboost_abc,5
2023-07-22,TJS,False,0.3116883116883117,0.8,wf_2023,catboost_abc,5
2023-07-25,TJS,False,0.3116883116883117,0.8,wf_2023,catboost_abc,5
2023-07-26,TJS,False,0.2522026431718062,0.8,wf_2023,catboost_abc,5
2023-07-27,TJS,False,0.3116883116883117,0.8,wf_2023,catboost_abc,5
2023-07-28,TJS,False,0.3116883116883117,0.8,wf_2023,catboost_abc,5
2023-07-29,TJS,False,0.3709677419354839,0.8,wf_2023,catboost_abc,5
2023-08-01,TJS,False,0.3116883116883117,0.8,wf_2023,catboost_abc,5
2023-08-02,TJS,False,0.2522026431718062,0.8,wf_2023,catboost_abc,5
2023-08-03,TJS,False,0.2522026431718062,0.8,wf_2023,catboost_abc,5
2023-08-04,TJS,False,0.2522026431718062,0.8,wf_2023,catboost_abc,5
2023-08-05,TJS,False,0.2522026431718062,0.8,wf_2023,catboost_abc,5
2023-08-08,TJS,False,0.2522026431718062,0.8,wf_2023,catboost_abc,5
2023-08-09,TJS,False,0.2522026431718062,0.8,wf_2023,catboost_abc,5
2023-08-10,TJS,False,0.2522026431718062,0.8,wf_2023,catboost_abc,5
2023-08-11,TJS,False,0.2522026431718062,0.8,wf_2023,catboost_abc,5
2023-08-12,TJS,False,0.2522026431718062,0.8,wf_2023,catboost_abc,5
2023-08-15,TJS,False,0.2522026431718062,0.8,wf_2023,catboost_abc,5
2023-08-16,TJS,False,0.2522026431718062,0.8,wf_2023,catboost_abc,5
2023-08-17,TJS,False,0.2522026431718062,0.8,wf_2023,catboost_abc,5
2023-08-18,TJS,False,0.2522026431718062,0.8,wf_2023,catboost_abc,5
2023-08-19,TJS,False,0.2522026431718062,0.8,wf_2023,catboost_abc,5
2023-08-22,TJS,False,0.2522026431718062,0.8,wf_2023,catboost_abc,5
2023-08-23,TJS,False,0.2522026431718062,0.8,wf_2023,catboost_abc,5
2023-08-24,TJS,False,0.2522026431718062,0.8,wf_2023,catboost_abc,5
2023-08-25,TJS,False,0.2522026431718062,0.8,wf_2023,catboost_abc,5
2023-08-26,TJS,False,0.2522026431718062,0.8,wf_2023,catboost_abc,5
2023-08-29,TJS,False,0.2522026431718062,0.8,wf_2023,catboost_abc,5
2023-08-30,TJS,False,0.2522026431718062,0.8,wf_2023,catboost_abc,5
2023-08-31,TJS,False,0.2522026431718062,0.8,wf_2023,catboost_abc,5
2023-09-01,TJS,False,0.2522026431718062,0.8,wf_2023,catboost_abc,5
2023-09-02,TJS,False,0.2522026431718062,0.8,wf_2023,catboost_abc,5
2023-09-05,TJS,False,0.2522026431718062,0.8,wf_2023,catboost_abc,5
2023-09-06,TJS,False,0.2522026431718062,0.8,wf_2023,catboost_abc,5
2023-09-07,TJS,False,0.2522026431718062,0.8,wf_2023,catboost_abc,5
2023-09-08,TJS,False,0.2522026431718062,0.8,wf_2023,catboost_abc,5
2023-09-09,TJS,False,0.2522026431718062,0.8,wf_2023,catboost_abc,5
2023-09-12,TJS,False,0.2522026431718062,0.8,wf_2023,catboost_abc,5
2023-09-13,TJS,False,0.2522026431718062,0.8,wf_2023,catboost_abc,5
2023-09-14,TJS,False,0.2522026431718062,0.8,wf_2023,catboost_abc,5
2023-09-15,TJS,False,0.3116883116883117,0.8,wf_2023,catboost_abc,5
2023-09-16,TJS,False,0.3116883116883117,0.8,wf_2023,catboost_abc,5
2023-09-19,TJS,False,0.3116883116883117,0.8,wf_2023,catboost_abc,5
2023-09-20,TJS,False,0.3116883116883117,0.8,wf_2023,catboost_abc,5
2023-09-21,TJS,False,0.3116883116883117,0.8,wf_2023,catboost_abc,5
2023-09-22,TJS,False,0.3116883116883117,0.8,wf_2023,catboost_abc,5
2023-09-23,TJS,False,0.3116883116883117,0.8,wf_2023,catboost_abc,5
2023-09-26,TJS,False,0.3116883116883117,0.8,wf_2023,catboost_abc,5
2023-09-27,TJS,False,0.3116883116883117,0.8,wf_2023,catboost_abc,5
2023-09-28,TJS,False,0.3116883116883117,0.8,wf_2023,catboost_abc,5
2023-09-29,TJS,False,0.3116883116883117,0.8,wf_2023,catboost_abc,5
2023-09-30,TJS,False,0.3116883116883117,0.8,wf_2023,catboost_abc,5
2023-10-03,TJS,False,0.3116883116883117,0.8,wf_2023,catboost_abc,5
2023-10-04,TJS,False,0.2522026431718062,0.8,wf_2023,catboost_abc,5
2023-10-05,TJS,False,0.2522026431718062,0.8,wf_2023,catboost_abc,5
2023-10-06,TJS,False,0.3090909090909091,0.8,wf_2023,catboost_abc,5
2023-10-07,TJS,False,0.3090909090909091,0.8,wf_2023,catboost_abc,5
2023-10-10,TJS,False,0.2522026431718062,0.8,wf_2023,catboost_abc,5
2023-10-11,TJS,False,0.2522026431718062,0.8,wf_2023,catboost_abc,5
2023-10-12,TJS,False,0.42857142857142855,0.8,wf_2023,catboost_abc,5
2023-10-13,TJS,False,0.2522026431718062,0.8,wf_2023,catboost_abc,5
2023-10-14,TJS,False,0.2522026431718062,0.8,wf_2023,catboost_abc,5
2023-10-17,TJS,False,0.2522026431718062,0.8,wf_2023,catboost_abc,5
2023-10-18,TJS,False,0.4,0.8,wf_2023,catboost_abc,5
2023-10-19,TJS,False,0.4,0.8,wf_2023,catboost_abc,5
2023-10-20,TJS,False,0.3709677419354839,0.8,wf_2023,catboost_abc,5
2023-10-21,TJS,False,0.2522026431718062,0.8,wf_2023,catboost_abc,5
2023-10-24,TJS,False,0.2522026431718062,0.8,wf_2023,catboost_abc,5
2023-10-25,TJS,False,0.2522026431718062,0.8,wf_2023,catboost_abc,5
2023-10-26,TJS,False,0.2522026431718062,0.8,wf_2023,catboost_abc,5
2023-10-27,TJS,False,0.2522026431718062,0.8,wf_2023,catboost_abc,5
2023-10-28,TJS,False,0.2522026431718062,0.8,wf_2023,catboost_abc,5
2023-10-31,TJS,False,0.2522026431718062,0.8,wf_2023,catboost_abc,5
2023-11-01,TJS,False,0.2522026431718062,0.8,wf_2023,catboost_abc,5
2023-11-02,TJS,False,0.2522026431718062,0.8,wf_2023,catboost_abc,5
2023-11-03,TJS,False,0.2522026431718062,0.8,wf_2023,catboost_abc,5
2023-11-04,TJS,False,0.2522026431718062,0.8,wf_2023,catboost_abc,5
2023-11-08,TJS,False,0.2522026431718062,0.8,wf_2023,catboost_abc,5
2023-11-09,TJS,False,0.2522026431718062,0.8,wf_2023,catboost_abc,5
2023-11-10,TJS,False,0.3090909090909091,0.8,wf_2023,catboost_abc,5
2023-11-11,TJS,False,0.3709677419354839,0.8,wf_2023,catboost_abc,5
2023-11-14,TJS,False,0.4,0.8,wf_2023,catboost_abc,5
2023-11-15,TJS,False,0.3709677419354839,0.8,wf_2023,catboost_abc,5
2023-11-16,TJS,False,0.47058823529411764,0.8,wf_2023,catboost_abc,5
2023-11-17,TJS,False,0.3709677419354839,0.8,wf_2023,catboost_abc,5
2023-11-18,TJS,False,0.5,0.8,wf_2023,catboost_abc,5
2023-11-21,TJS,False,0.4659666327148892,0.8,wf_2023,catboost_abc,5
2023-11-22,TJS,False,0.4659666327148892,0.8,wf_2023,catboost_abc,5
2023-11-23,TJS,False,0.5,0.8,wf_2023,catboost_abc,5
2023-11-24,TJS,False,0.5,0.8,wf_2023,catboost_abc,5
2023-11-25,TJS,False,0.42857142857142855,0.8,wf_2023,catboost_abc,5
2023-11-28,TJS,False,0.42857142857142855,0.8,wf_2023,catboost_abc,5
2023-11-29,TJS,False,0.42857142857142855,0.8,wf_2023,catboost_abc,5
2023-11-30,TJS,False,0.5,0.8,wf_2023,catboost_abc,5
2023-12-01,TJS,False,0.5,0.8,wf_2023,catboost_abc,5
2023-12-02,TJS,False,0.5,0.8,wf_2023,catboost_abc,5
2023-12-05,TJS,False,0.47058823529411764,0.8,wf_2023,catboost_abc,5
2023-12-06,TJS,False,0.2522026431718062,0.8,wf_2023,catboost_abc,5
2023-12-07,TJS,False,0.2522026431718062,0.8,wf_2023,catboost_abc,5
2023-12-08,TJS,False,0.3116883116883117,0.8,wf_2023,catboost_abc,5
2023-12-09,TJS,False,0.3116883116883117,0.8,wf_2023,catboost_abc,5
2023-12-12,TJS,True,1.0,0.8,wf_2023,catboost_abc,5
2023-12-13,TJS,False,0.3709677419354839,0.8,wf_2023,catboost_abc,5
2023-12-14,TJS,False,0.3116883116883117,0.8,wf_2023,catboost_abc,5
2023-12-15,TJS,False,0.3116883116883117,0.8,wf_2023,catboost_abc,5
2023-12-16,TJS,False,0.33913703981095566,0.8,wf_2023,catboost_abc,5
2023-12-19,TJS,False,1.0,0.8,wf_2023,catboost_abc,5
2023-12-20,TJS,False,1.0,0.8,wf_2023,catboost_abc,5
2023-12-21,TJS,False,1.0,0.8,wf_2023,catboost_abc,5
2023-12-22,TJS,False,1.0,0.8,wf_2023,catboost_abc,5
2023-12-23,TJS,False,1.0,0.8,wf_2023,catboost_abc,5
2023-12-26,TJS,False,0.47058823529411764,0.8,wf_2023,catboost_abc,5
2023-12-27,TJS,True,1.0,0.8,wf_2023,catboost_abc,5
2023-12-28,TJS,True,1.0,0.8,wf_2023,catboost_abc,5
2023-12-29,TJS,False,0.2727272727272727,0.8,wf_2023,catboost_abc,5
2023-12-30,TJS,False,0.3116883116883117,0.8,wf_2023,catboost_abc,5
2023-01-10,UZS,False,0.2522026431718062,0.8,wf_2023,catboost_abc,5
2023-01-11,UZS,False,0.2522026431718062,0.8,wf_2023,catboost_abc,5
2023-01-12,UZS,False,0.2522026431718062,0.8,wf_2023,catboost_abc,5
2023-01-13,UZS,False,0.2522026431718062,0.8,wf_2023,catboost_abc,5
2023-01-14,UZS,False,0.2522026431718062,0.8,wf_2023,catboost_abc,5
2023-01-17,UZS,False,0.2522026431718062,0.8,wf_2023,catboost_abc,5
2023-01-18,UZS,False,0.2522026431718062,0.8,wf_2023,catboost_abc,5
2023-01-19,UZS,False,0.2522026431718062,0.8,wf_2023,catboost_abc,5
2023-01-20,UZS,False,0.2522026431718062,0.8,wf_2023,catboost_abc,5
2023-01-21,UZS,False,0.2522026431718062,0.8,wf_2023,catboost_abc,5
2023-01-24,UZS,False,0.2522026431718062,0.8,wf_2023,catboost_abc,5
2023-01-25,UZS,False,0.2522026431718062,0.8,wf_2023,catboost_abc,5
2023-01-26,UZS,False,0.2522026431718062,0.8,wf_2023,catboost_abc,5
2023-01-27,UZS,False,0.2522026431718062,0.8,wf_2023,catboost_abc,5
2023-01-28,UZS,False,0.2522026431718062,0.8,wf_2023,catboost_abc,5
2023-01-31,UZS,False,0.2522026431718062,0.8,wf_2023,catboost_abc,5
2023-02-01,UZS,False,0.2522026431718062,0.8,wf_2023,catboost_abc,5
2023-02-02,UZS,False,0.2522026431718062,0.8,wf_2023,catboost_abc,5
2023-02-03,UZS,False,0.2522026431718062,0.8,wf_2023,catboost_abc,5
2023-02-04,UZS,False,0.3116883116883117,0.8,wf_2023,catboost_abc,5
2023-02-07,UZS,False,0.3116883116883117,0.8,wf_2023,catboost_abc,5
2023-02-08,UZS,False,0.3116883116883117,0.8,wf_2023,catboost_abc,5
2023-02-09,UZS,False,0.3116883116883117,0.8,wf_2023,catboost_abc,5
2023-02-10,UZS,False,0.2522026431718062,0.8,wf_2023,catboost_abc,5
2023-02-11,UZS,False,0.2522026431718062,0.8,wf_2023,catboost_abc,5
2023-02-14,UZS,False,0.2522026431718062,0.8,wf_2023,catboost_abc,5
2023-02-15,UZS,False,0.2522026431718062,0.8,wf_2023,catboost_abc,5
2023-02-16,UZS,False,0.3709677419354839,0.8,wf_2023,catboost_abc,5
2023-02-17,UZS,False,0.4,0.8,wf_2023,catboost_abc,5
2023-02-18,UZS,False,0.4,0.8,wf_2023,catboost_abc,5
2023-02-21,UZS,False,0.5,0.8,wf_2023,catboost_abc,5
2023-02-22,UZS,False,0.4,0.8,wf_2023,catboost_abc,5
2023-02-23,UZS,False,0.4,0.8,wf_2023,catboost_abc,5
2023-02-28,UZS,False,0.4,0.8,wf_2023,catboost_abc,5
2023-03-01,UZS,True,1.0,0.8,wf_2023,catboost_abc,5
2023-03-02,UZS,True,1.0,0.8,wf_2023,catboost_abc,5
2023-03-03,UZS,True,1.0,0.8,wf_2023,catboost_abc,5
2023-03-04,UZS,True,1.0,0.8,wf_2023,catboost_abc,5
2023-03-07,UZS,True,1.0,0.8,wf_2023,catboost_abc,5
2023-03-08,UZS,True,1.0,0.8,wf_2023,catboost_abc,5
2023-03-10,UZS,False,0.75,0.8,wf_2023,catboost_abc,5
2023-03-11,UZS,False,0.75,0.8,wf_2023,catboost_abc,5
2023-03-14,UZS,False,0.5,0.8,wf_2023,catboost_abc,5
2023-03-15,UZS,False,0.47058823529411764,0.8,wf_2023,catboost_abc,5
2023-03-16,UZS,False,0.47058823529411764,0.8,wf_2023,catboost_abc,5
2023-03-17,UZS,True,1.0,0.8,wf_2023,catboost_abc,5
2023-03-18,UZS,True,0.8090070645539166,0.8,wf_2023,catboost_abc,5
2023-03-21,UZS,True,0.8090070645539166,0.8,wf_2023,catboost_abc,5
2023-03-22,UZS,True,1.0,0.8,wf_2023,catboost_abc,5
2023-03-23,UZS,False,0.3116883116883117,0.8,wf_2023,catboost_abc,5
2023-03-24,UZS,False,0.2522026431718062,0.8,wf_2023,catboost_abc,5
2023-03-25,UZS,False,0.2522026431718062,0.8,wf_2023,catboost_abc,5
2023-03-28,UZS,False,0.3116883116883117,0.8,wf_2023,catboost_abc,5
2023-03-29,UZS,False,0.2522026431718062,0.8,wf_2023,catboost_abc,5
2023-03-30,UZS,False,0.2522026431718062,0.8,wf_2023,catboost_abc,5
2023-03-31,UZS,False,0.2522026431718062,0.8,wf_2023,catboost_abc,5
2023-04-01,UZS,False,0.47058823529411764,0.8,wf_2023,catboost_abc,5
2023-04-04,UZS,False,0.5,0.8,wf_2023,catboost_abc,5
2023-04-05,UZS,False,0.2522026431718062,0.8,wf_2023,catboost_abc,5
2023-04-06,UZS,False,0.2522026431718062,0.8,wf_2023,catboost_abc,5
2023-04-07,UZS,False,0.2522026431718062,0.8,wf_2023,catboost_abc,5
2023-04-08,UZS,False,0.2522026431718062,0.8,wf_2023,catboost_abc,5
2023-04-11,UZS,False,0.3116883116883117,0.8,wf_2023,catboost_abc,5
2023-04-12,UZS,False,0.3709677419354839,0.8,wf_2023,catboost_abc,5
2023-04-13,UZS,False,1.0,0.8,wf_2023,catboost_abc,5
2023-04-14,UZS,True,1.0,0.8,wf_2023,catboost_abc,5
2023-04-15,UZS,True,1.0,0.8,wf_2023,catboost_abc,5
2023-04-18,UZS,True,1.0,0.8,wf_2023,catboost_abc,5
2023-04-19,UZS,False,0.5,0.8,wf_2023,catboost_abc,5
2023-04-20,UZS,True,1.0,0.8,wf_2023,catboost_abc,5
2023-04-21,UZS,True,1.0,0.8,wf_2023,catboost_abc,5
2023-04-22,UZS,False,0.5,0.8,wf_2023,catboost_abc,5
2023-04-25,UZS,False,0.4,0.8,wf_2023,catboost_abc,5
2023-04-26,UZS,False,0.4,0.8,wf_2023,catboost_abc,5
2023-04-27,UZS,False,0.75,0.8,wf_2023,catboost_abc,5
2023-04-28,UZS,False,0.75,0.8,wf_2023,catboost_abc,5
2023-04-29,UZS,False,0.3116883116883117,0.8,wf_2023,catboost_abc,5
2023-05-03,UZS,False,0.42857142857142855,0.8,wf_2023,catboost_abc,5
2023-05-04,UZS,False,0.5,0.8,wf_2023,catboost_abc,5
2023-05-05,UZS,False,0.3709677419354839,0.8,wf_2023,catboost_abc,5
2023-05-06,UZS,False,0.75,0.8,wf_2023,catboost_abc,5
2023-05-11,UZS,False,0.3116883116883117,0.8,wf_2023,catboost_abc,5
2023-05-12,UZS,False,0.2522026431718062,0.8,wf_2023,catboost_abc,5
2023-05-13,UZS,False,0.3116883116883117,0.8,wf_2023,catboost_abc,5
2023-05-16,UZS,False,0.2522026431718062,0.8,wf_2023,catboost_abc,5
2023-05-17,UZS,False,0.2522026431718062,0.8,wf_2023,catboost_abc,5
2023-05-18,UZS,False,0.2522026431718062,0.8,wf_2023,catboost_abc,5
2023-05-19,UZS,False,0.2522026431718062,0.8,wf_2023,catboost_abc,5
2023-05-20,UZS,False,0.2522026431718062,0.8,wf_2023,catboost_abc,5
2023-05-23,UZS,False,0.2522026431718062,0.8,wf_2023,catboost_abc,5
2023-05-24,UZS,False,0.2522026431718062,0.8,wf_2023,catboost_abc,5
2023-05-25,UZS,False,0.2522026431718062,0.8,wf_2023,catboost_abc,5
2023-05-26,UZS,False,0.2522026431718062,0.8,wf_2023,catboost_abc,5
2023-05-27,UZS,False,0.2522026431718062,0.8,wf_2023,catboost_abc,5
2023-05-30,UZS,False,0.2522026431718062,0.8,wf_2023,catboost_abc,5
2023-05-31,UZS,False,0.2522026431718062,0.8,wf_2023,catboost_abc,5
2023-06-01,UZS,False,0.2522026431718062,0.8,wf_2023,catboost_abc,5
2023-06-02,UZS,False,0.2522026431718062,0.8,wf_2023,catboost_abc,5
2023-06-03,UZS,False,0.2522026431718062,0.8,wf_2023,catboost_abc,5
2023-06-06,UZS,False,0.2522026431718062,0.8,wf_2023,catboost_abc,5
2023-06-07,UZS,False,0.2522026431718062,0.8,wf_2023,catboost_abc,5
2023-06-08,UZS,False,0.2522026431718062,0.8,wf_2023,catboost_abc,5
2023-06-09,UZS,False,0.75,0.8,wf_2023,catboost_abc,5
2023-06-10,UZS,False,0.4,0.8,wf_2023,catboost_abc,5
2023-06-14,UZS,False,0.3709677419354839,0.8,wf_2023,catboost_abc,5
2023-06-15,UZS,False,0.3709677419354839,0.8,wf_2023,catboost_abc,5
2023-06-16,UZS,False,0.44781907992209696,0.8,wf_2023,catboost_abc,5
2023-06-17,UZS,False,1.0,0.8,wf_2023,catboost_abc,5
2023-06-20,UZS,False,1.0,0.8,wf_2023,catboost_abc,5
2023-06-21,UZS,False,0.47058823529411764,0.8,wf_2023,catboost_abc,5
2023-06-22,UZS,False,0.47058823529411764,0.8,wf_2023,catboost_abc,5
2023-06-23,UZS,False,0.3709677419354839,0.8,wf_2023,catboost_abc,5
2023-06-24,UZS,True,0.8655731236594115,0.8,wf_2023,catboost_abc,5
2023-06-27,UZS,True,1.0,0.8,wf_2023,catboost_abc,5
2023-06-28,UZS,True,0.8090070645539166,0.8,wf_2023,catboost_abc,5
2023-06-29,UZS,True,0.8090070645539166,0.8,wf_2023,catboost_abc,5
2023-06-30,UZS,False,0.47058823529411764,0.8,wf_2023,catboost_abc,5
2023-07-01,UZS,False,0.2522026431718062,0.8,wf_2023,catboost_abc,5
2023-07-04,UZS,False,0.2522026431718062,0.8,wf_2023,catboost_abc,5
2023-07-05,UZS,False,0.2522026431718062,0.8,wf_2023,catboost_abc,5
2023-07-06,UZS,False,0.2522026431718062,0.8,wf_2023,catboost_abc,5
2023-07-07,UZS,False,0.2522026431718062,0.8,wf_2023,catboost_abc,5
2023-07-08,UZS,False,0.2522026431718062,0.8,wf_2023,catboost_abc,5
2023-07-11,UZS,False,0.2522026431718062,0.8,wf_2023,catboost_abc,5
2023-07-12,UZS,False,0.2522026431718062,0.8,wf_2023,catboost_abc,5
2023-07-13,UZS,False,0.2522026431718062,0.8,wf_2023,catboost_abc,5
2023-07-14,UZS,False,0.2522026431718062,0.8,wf_2023,catboost_abc,5
2023-07-15,UZS,False,0.2522026431718062,0.8,wf_2023,catboost_abc,5
2023-07-18,UZS,False,0.2522026431718062,0.8,wf_2023,catboost_abc,5
2023-07-19,UZS,False,0.2522026431718062,0.8,wf_2023,catboost_abc,5
2023-07-20,UZS,False,0.2522026431718062,0.8,wf_2023,catboost_abc,5
2023-07-21,UZS,False,0.3116883116883117,0.8,wf_2023,catboost_abc,5
2023-07-22,UZS,False,0.2522026431718062,0.8,wf_2023,catboost_abc,5
2023-07-25,UZS,False,0.2522026431718062,0.8,wf_2023,catboost_abc,5
2023-07-26,UZS,False,0.2522026431718062,0.8,wf_2023,catboost_abc,5
2023-07-27,UZS,False,0.2522026431718062,0.8,wf_2023,catboost_abc,5
2023-07-28,UZS,False,0.3116883116883117,0.8,wf_2023,catboost_abc,5
2023-07-29,UZS,False,0.2522026431718062,0.8,wf_2023,catboost_abc,5
2023-08-01,UZS,False,0.2522026431718062,0.8,wf_2023,catboost_abc,5
2023-08-02,UZS,False,0.2522026431718062,0.8,wf_2023,catboost_abc,5
2023-08-03,UZS,False,0.2522026431718062,0.8,wf_2023,catboost_abc,5
2023-08-04,UZS,False,0.2522026431718062,0.8,wf_2023,catboost_abc,5
2023-08-05,UZS,False,0.2522026431718062,0.8,wf_2023,catboost_abc,5
2023-08-08,UZS,False,0.2522026431718062,0.8,wf_2023,catboost_abc,5
2023-08-09,UZS,False,0.2522026431718062,0.8,wf_2023,catboost_abc,5
2023-08-10,UZS,False,0.2522026431718062,0.8,wf_2023,catboost_abc,5
2023-08-11,UZS,False,0.2522026431718062,0.8,wf_2023,catboost_abc,5
2023-08-12,UZS,False,0.2522026431718062,0.8,wf_2023,catboost_abc,5
2023-08-15,UZS,False,0.2522026431718062,0.8,wf_2023,catboost_abc,5
2023-08-16,UZS,False,0.2522026431718062,0.8,wf_2023,catboost_abc,5
2023-08-17,UZS,False,0.2522026431718062,0.8,wf_2023,catboost_abc,5
2023-08-18,UZS,False,0.2522026431718062,0.8,wf_2023,catboost_abc,5
2023-08-19,UZS,False,0.2522026431718062,0.8,wf_2023,catboost_abc,5
2023-08-22,UZS,False,0.2522026431718062,0.8,wf_2023,catboost_abc,5
2023-08-23,UZS,False,0.2522026431718062,0.8,wf_2023,catboost_abc,5
2023-08-24,UZS,False,0.2522026431718062,0.8,wf_2023,catboost_abc,5
2023-08-25,UZS,False,0.2522026431718062,0.8,wf_2023,catboost_abc,5
2023-08-26,UZS,False,0.2522026431718062,0.8,wf_2023,catboost_abc,5
2023-08-29,UZS,False,0.2522026431718062,0.8,wf_2023,catboost_abc,5
2023-08-30,UZS,False,0.2522026431718062,0.8,wf_2023,catboost_abc,5
2023-08-31,UZS,False,0.2522026431718062,0.8,wf_2023,catboost_abc,5
2023-09-01,UZS,False,0.2522026431718062,0.8,wf_2023,catboost_abc,5
2023-09-02,UZS,False,0.2522026431718062,0.8,wf_2023,catboost_abc,5
2023-09-05,UZS,False,0.2522026431718062,0.8,wf_2023,catboost_abc,5
2023-09-06,UZS,False,0.2522026431718062,0.8,wf_2023,catboost_abc,5
2023-09-07,UZS,False,0.2522026431718062,0.8,wf_2023,catboost_abc,5
2023-09-08,UZS,False,0.2522026431718062,0.8,wf_2023,catboost_abc,5
2023-09-09,UZS,False,0.2522026431718062,0.8,wf_2023,catboost_abc,5
2023-09-12,UZS,False,0.2522026431718062,0.8,wf_2023,catboost_abc,5
2023-09-13,UZS,False,0.2522026431718062,0.8,wf_2023,catboost_abc,5
2023-09-14,UZS,False,0.2522026431718062,0.8,wf_2023,catboost_abc,5
2023-09-15,UZS,False,0.42857142857142855,0.8,wf_2023,catboost_abc,5
2023-09-16,UZS,False,0.43561427872195807,0.8,wf_2023,catboost_abc,5
2023-09-19,UZS,False,0.4,0.8,wf_2023,catboost_abc,5
2023-09-20,UZS,False,0.3116883116883117,0.8,wf_2023,catboost_abc,5
2023-09-21,UZS,False,0.3116883116883117,0.8,wf_2023,catboost_abc,5
2023-09-22,UZS,False,0.3116883116883117,0.8,wf_2023,catboost_abc,5
2023-09-23,UZS,False,0.3116883116883117,0.8,wf_2023,catboost_abc,5
2023-09-26,UZS,False,0.3116883116883117,0.8,wf_2023,catboost_abc,5
2023-09-27,UZS,False,0.3709677419354839,0.8,wf_2023,catboost_abc,5
2023-09-28,UZS,False,0.3116883116883117,0.8,wf_2023,catboost_abc,5
2023-09-29,UZS,False,0.4400713395510956,0.8,wf_2023,catboost_abc,5
2023-09-30,UZS,False,0.47058823529411764,0.8,wf_2023,catboost_abc,5
2023-10-03,UZS,False,0.3090909090909091,0.8,wf_2023,catboost_abc,5
2023-10-04,UZS,False,0.3090909090909091,0.8,wf_2023,catboost_abc,5
2023-10-05,UZS,False,0.3090909090909091,0.8,wf_2023,catboost_abc,5
2023-10-06,UZS,False,0.2522026431718062,0.8,wf_2023,catboost_abc,5
2023-10-07,UZS,False,0.2522026431718062,0.8,wf_2023,catboost_abc,5
2023-10-10,UZS,False,0.2522026431718062,0.8,wf_2023,catboost_abc,5
2023-10-11,UZS,False,0.2522026431718062,0.8,wf_2023,catboost_abc,5
2023-10-12,UZS,False,0.4,0.8,wf_2023,catboost_abc,5
2023-10-13,UZS,False,0.2522026431718062,0.8,wf_2023,catboost_abc,5
2023-10-14,UZS,False,0.2522026431718062,0.8,wf_2023,catboost_abc,5
2023-10-17,UZS,False,0.2522026431718062,0.8,wf_2023,catboost_abc,5
2023-10-18,UZS,False,0.2522026431718062,0.8,wf_2023,catboost_abc,5
2023-10-19,UZS,False,0.2522026431718062,0.8,wf_2023,catboost_abc,5
2023-10-20,UZS,False,0.2522026431718062,0.8,wf_2023,catboost_abc,5
2023-10-21,UZS,False,0.2522026431718062,0.8,wf_2023,catboost_abc,5
2023-10-24,UZS,False,0.2522026431718062,0.8,wf_2023,catboost_abc,5
2023-10-25,UZS,False,0.2522026431718062,0.8,wf_2023,catboost_abc,5
2023-10-26,UZS,False,0.2522026431718062,0.8,wf_2023,catboost_abc,5
2023-10-27,UZS,False,0.2522026431718062,0.8,wf_2023,catboost_abc,5
2023-10-28,UZS,False,0.2522026431718062,0.8,wf_2023,catboost_abc,5
2023-10-31,UZS,False,0.2522026431718062,0.8,wf_2023,catboost_abc,5
2023-11-01,UZS,False,0.2522026431718062,0.8,wf_2023,catboost_abc,5
2023-11-02,UZS,False,0.2522026431718062,0.8,wf_2023,catboost_abc,5
2023-11-03,UZS,False,0.2522026431718062,0.8,wf_2023,catboost_abc,5
2023-11-04,UZS,False,0.2522026431718062,0.8,wf_2023,catboost_abc,5
2023-11-08,UZS,False,0.2522026431718062,0.8,wf_2023,catboost_abc,5
2023-11-09,UZS,False,0.2522026431718062,0.8,wf_2023,catboost_abc,5
2023-11-10,UZS,False,0.2522026431718062,0.8,wf_2023,catboost_abc,5
2023-11-11,UZS,False,0.5,0.8,wf_2023,catboost_abc,5
2023-11-14,UZS,True,0.8533170501709091,0.8,wf_2023,catboost_abc,5
2023-11-15,UZS,False,0.3116883116883117,0.8,wf_2023,catboost_abc,5
2023-11-16,UZS,False,0.2522026431718062,0.8,wf_2023,catboost_abc,5
2023-11-17,UZS,False,0.3116883116883117,0.8,wf_2023,catboost_abc,5
2023-11-18,UZS,False,0.3709677419354839,0.8,wf_2023,catboost_abc,5
2023-11-21,UZS,False,0.3090909090909091,0.8,wf_2023,catboost_abc,5
2023-11-22,UZS,False,0.3116883116883117,0.8,wf_2023,catboost_abc,5
2023-11-23,UZS,False,0.3709677419354839,0.8,wf_2023,catboost_abc,5
2023-11-24,UZS,False,0.3709677419354839,0.8,wf_2023,catboost_abc,5
2023-11-25,UZS,False,0.47058823529411764,0.8,wf_2023,catboost_abc,5
2023-11-28,UZS,False,0.47058823529411764,0.8,wf_2023,catboost_abc,5
2023-11-29,UZS,False,0.47058823529411764,0.8,wf_2023,catboost_abc,5
2023-11-30,UZS,False,0.5538059993438299,0.8,wf_2023,catboost_abc,5
2023-12-01,UZS,False,0.3116883116883117,0.8,wf_2023,catboost_abc,5
2023-12-02,UZS,False,0.3116883116883117,0.8,wf_2023,catboost_abc,5
2023-12-05,UZS,False,0.3116883116883117,0.8,wf_2023,catboost_abc,5
2023-12-06,UZS,False,0.2522026431718062,0.8,wf_2023,catboost_abc,5
2023-12-07,UZS,False,0.2522026431718062,0.8,wf_2023,catboost_abc,5
2023-12-08,UZS,False,0.3116883116883117,0.8,wf_2023,catboost_abc,5
2023-12-09,UZS,False,0.3116883116883117,0.8,wf_2023,catboost_abc,5
2023-12-12,UZS,False,0.5,0.8,wf_2023,catboost_abc,5
2023-12-13,UZS,False,0.3709677419354839,0.8,wf_2023,catboost_abc,5
2023-12-14,UZS,False,0.3116883116883117,0.8,wf_2023,catboost_abc,5
2023-12-15,UZS,False,0.3116883116883117,0.8,wf_2023,catboost_abc,5
2023-12-16,UZS,False,0.3116883116883117,0.8,wf_2023,catboost_abc,5
2023-12-19,UZS,False,0.3709677419354839,0.8,wf_2023,catboost_abc,5
2023-12-20,UZS,False,0.3709677419354839,0.8,wf_2023,catboost_abc,5
2023-12-21,UZS,False,0.3709677419354839,0.8,wf_2023,catboost_abc,5
2023-12-22,UZS,False,1.0,0.8,wf_2023,catboost_abc,5
2023-12-23,UZS,False,1.0,0.8,wf_2023,catboost_abc,5
2023-12-26,UZS,True,1.0,0.8,wf_2023,catboost_abc,5
2023-12-27,UZS,True,1.0,0.8,wf_2023,catboost_abc,5
2023-12-28,UZS,True,1.0,0.8,wf_2023,catboost_abc,5
2023-12-29,UZS,False,0.3709677419354839,0.8,wf_2023,catboost_abc,5
2023-12-30,UZS,False,0.47058823529411764,0.8,wf_2023,catboost_abc,5
2024-01-10,AMD,False,0.375,0.6,wf_2024,catboost_abc,5
2024-01-11,AMD,False,0.375,0.6,wf_2024,catboost_abc,5
2024-01-12,AMD,False,0.375,0.6,wf_2024,catboost_abc,5
2024-01-13,AMD,False,0.375,0.6,wf_2024,catboost_abc,5
2024-01-16,AMD,False,0.375,0.6,wf_2024,catboost_abc,5
2024-01-17,AMD,False,0.375,0.6,wf_2024,catboost_abc,5
2024-01-18,AMD,False,0.375,0.6,wf_2024,catboost_abc,5
2024-01-19,AMD,False,0.375,0.6,wf_2024,catboost_abc,5
2024-01-20,AMD,False,0.375,0.6,wf_2024,catboost_abc,5
2024-01-23,AMD,False,0.375,0.6,wf_2024,catboost_abc,5
2024-01-24,AMD,False,0.375,0.6,wf_2024,catboost_abc,5
2024-01-25,AMD,False,0.375,0.6,wf_2024,catboost_abc,5
2024-01-26,AMD,False,0.375,0.6,wf_2024,catboost_abc,5
2024-01-27,AMD,False,0.375,0.6,wf_2024,catboost_abc,5
2024-01-30,AMD,False,0.375,0.6,wf_2024,catboost_abc,5
2024-01-31,AMD,False,0.375,0.6,wf_2024,catboost_abc,5
2024-02-01,AMD,False,0.375,0.6,wf_2024,catboost_abc,5
2024-02-02,AMD,False,0.375,0.6,wf_2024,catboost_abc,5
2024-02-03,AMD,False,0.375,0.6,wf_2024,catboost_abc,5
2024-02-06,AMD,False,0.375,0.6,wf_2024,catboost_abc,5
2024-02-07,AMD,False,0.37987987987987987,0.6,wf_2024,catboost_abc,5
2024-02-08,AMD,False,0.37987987987987987,0.6,wf_2024,catboost_abc,5
2024-02-09,AMD,False,0.37987987987987987,0.6,wf_2024,catboost_abc,5
2024-02-10,AMD,False,0.37987987987987987,0.6,wf_2024,catboost_abc,5
2024-02-13,AMD,False,0.37987987987987987,0.6,wf_2024,catboost_abc,5
2024-02-14,AMD,False,0.37987987987987987,0.6,wf_2024,catboost_abc,5
2024-02-15,AMD,False,0.37987987987987987,0.6,wf_2024,catboost_abc,5
2024-02-16,AMD,False,0.37987987987987987,0.6,wf_2024,catboost_abc,5
2024-02-17,AMD,False,0.37987987987987987,0.6,wf_2024,catboost_abc,5
2024-02-20,AMD,False,0.37987987987987987,0.6,wf_2024,catboost_abc,5
2024-02-21,AMD,False,0.37987987987987987,0.6,wf_2024,catboost_abc,5
2024-02-22,AMD,False,0.37987987987987987,0.6,wf_2024,catboost_abc,5
2024-02-23,AMD,False,0.37987987987987987,0.6,wf_2024,catboost_abc,5
2024-02-27,AMD,False,0.37987987987987987,0.6,wf_2024,catboost_abc,5
2024-02-28,AMD,False,0.37987987987987987,0.6,wf_2024,catboost_abc,5
2024-02-29,AMD,False,0.37987987987987987,0.6,wf_2024,catboost_abc,5
2024-03-01,AMD,False,0.37987987987987987,0.6,wf_2024,catboost_abc,5
2024-03-02,AMD,False,0.37987987987987987,0.6,wf_2024,catboost_abc,5
2024-03-05,AMD,False,0.37987987987987987,0.6,wf_2024,catboost_abc,5
2024-03-06,AMD,False,0.37987987987987987,0.6,wf_2024,catboost_abc,5
2024-03-07,AMD,False,0.375,0.6,wf_2024,catboost_abc,5
2024-03-08,AMD,False,0.375,0.6,wf_2024,catboost_abc,5
2024-03-12,AMD,False,0.375,0.6,wf_2024,catboost_abc,5
2024-03-13,AMD,False,0.375,0.6,wf_2024,catboost_abc,5
2024-03-14,AMD,False,0.375,0.6,wf_2024,catboost_abc,5
2024-03-15,AMD,False,0.375,0.6,wf_2024,catboost_abc,5
2024-03-16,AMD,False,0.375,0.6,wf_2024,catboost_abc,5
2024-03-19,AMD,False,0.375,0.6,wf_2024,catboost_abc,5
2024-03-20,AMD,False,0.375,0.6,wf_2024,catboost_abc,5
2024-03-21,AMD,False,0.375,0.6,wf_2024,catboost_abc,5
2024-03-22,AMD,False,0.375,0.6,wf_2024,catboost_abc,5
2024-03-23,AMD,False,0.375,0.6,wf_2024,catboost_abc,5
2024-03-26,AMD,False,0.375,0.6,wf_2024,catboost_abc,5
2024-03-27,AMD,False,0.375,0.6,wf_2024,catboost_abc,5
2024-03-28,AMD,False,0.375,0.6,wf_2024,catboost_abc,5
2024-03-29,AMD,False,0.37987987987987987,0.6,wf_2024,catboost_abc,5
2024-03-30,AMD,False,0.37987987987987987,0.6,wf_2024,catboost_abc,5
2024-04-02,AMD,False,0.37987987987987987,0.6,wf_2024,catboost_abc,5
2024-04-03,AMD,False,0.37987987987987987,0.6,wf_2024,catboost_abc,5
2024-04-04,AMD,False,0.37987987987987987,0.6,wf_2024,catboost_abc,5
2024-04-05,AMD,False,0.37987987987987987,0.6,wf_2024,catboost_abc,5
2024-04-06,AMD,False,0.37987987987987987,0.6,wf_2024,catboost_abc,5
2024-04-09,AMD,False,0.37987987987987987,0.6,wf_2024,catboost_abc,5
2024-04-10,AMD,False,0.37987987987987987,0.6,wf_2024,catboost_abc,5
2024-04-11,AMD,False,0.37987987987987987,0.6,wf_2024,catboost_abc,5
2024-04-12,AMD,False,0.37987987987987987,0.6,wf_2024,catboost_abc,5
2024-04-13,AMD,False,0.37987987987987987,0.6,wf_2024,catboost_abc,5
2024-04-16,AMD,False,0.37987987987987987,0.6,wf_2024,catboost_abc,5
2024-04-17,AMD,False,0.37987987987987987,0.6,wf_2024,catboost_abc,5
2024-04-18,AMD,False,0.37987987987987987,0.6,wf_2024,catboost_abc,5
2024-04-19,AMD,False,0.37987987987987987,0.6,wf_2024,catboost_abc,5
2024-04-20,AMD,False,0.37987987987987987,0.6,wf_2024,catboost_abc,5
2024-04-23,AMD,False,0.37987987987987987,0.6,wf_2024,catboost_abc,5
2024-04-24,AMD,False,0.37987987987987987,0.6,wf_2024,catboost_abc,5
2024-04-25,AMD,False,0.37987987987987987,0.6,wf_2024,catboost_abc,5
2024-04-26,AMD,False,0.37987987987987987,0.6,wf_2024,catboost_abc,5
2024-04-27,AMD,False,0.37987987987987987,0.6,wf_2024,catboost_abc,5
2024-04-28,AMD,False,0.375,0.6,wf_2024,catboost_abc,5
2024-05-03,AMD,False,0.375,0.6,wf_2024,catboost_abc,5
2024-05-04,AMD,False,0.375,0.6,wf_2024,catboost_abc,5
2024-05-07,AMD,False,0.375,0.6,wf_2024,catboost_abc,5
2024-05-08,AMD,False,0.375,0.6,wf_2024,catboost_abc,5
2024-05-09,AMD,False,0.375,0.6,wf_2024,catboost_abc,5
2024-05-14,AMD,False,0.375,0.6,wf_2024,catboost_abc,5
2024-05-15,AMD,False,0.375,0.6,wf_2024,catboost_abc,5
2024-05-16,AMD,False,0.375,0.6,wf_2024,catboost_abc,5
2024-05-17,AMD,False,0.375,0.6,wf_2024,catboost_abc,5
2024-05-18,AMD,False,0.375,0.6,wf_2024,catboost_abc,5
2024-05-21,AMD,False,0.375,0.6,wf_2024,catboost_abc,5
2024-05-22,AMD,False,0.375,0.6,wf_2024,catboost_abc,5
2024-05-23,AMD,False,0.375,0.6,wf_2024,catboost_abc,5
2024-05-24,AMD,False,0.375,0.6,wf_2024,catboost_abc,5
2024-05-25,AMD,False,0.375,0.6,wf_2024,catboost_abc,5
2024-05-28,AMD,False,0.375,0.6,wf_2024,catboost_abc,5
2024-05-29,AMD,False,0.375,0.6,wf_2024,catboost_abc,5
2024-05-30,AMD,False,0.375,0.6,wf_2024,catboost_abc,5
2024-05-31,AMD,False,0.375,0.6,wf_2024,catboost_abc,5
2024-06-01,AMD,False,0.375,0.6,wf_2024,catboost_abc,5
2024-06-04,AMD,False,0.375,0.6,wf_2024,catboost_abc,5
2024-06-05,AMD,False,0.375,0.6,wf_2024,catboost_abc,5
2024-06-06,AMD,False,0.375,0.6,wf_2024,catboost_abc,5
2024-06-07,AMD,False,0.375,0.6,wf_2024,catboost_abc,5
2024-06-08,AMD,False,0.375,0.6,wf_2024,catboost_abc,5
2024-06-11,AMD,False,0.375,0.6,wf_2024,catboost_abc,5
2024-06-12,AMD,False,0.375,0.6,wf_2024,catboost_abc,5
2024-06-14,AMD,False,0.375,0.6,wf_2024,catboost_abc,5
2024-06-15,AMD,False,0.375,0.6,wf_2024,catboost_abc,5
2024-06-18,AMD,False,0.375,0.6,wf_2024,catboost_abc,5
2024-06-19,AMD,False,0.375,0.6,wf_2024,catboost_abc,5
2024-06-20,AMD,False,0.375,0.6,wf_2024,catboost_abc,5
2024-06-21,AMD,False,0.375,0.6,wf_2024,catboost_abc,5
2024-06-22,AMD,False,0.375,0.6,wf_2024,catboost_abc,5
2024-06-25,AMD,False,0.375,0.6,wf_2024,catboost_abc,5
2024-06-26,AMD,False,0.375,0.6,wf_2024,catboost_abc,5
2024-06-27,AMD,False,0.375,0.6,wf_2024,catboost_abc,5
2024-06-28,AMD,False,0.375,0.6,wf_2024,catboost_abc,5
2024-06-29,AMD,False,0.375,0.6,wf_2024,catboost_abc,5
2024-07-02,AMD,False,0.375,0.6,wf_2024,catboost_abc,5
2024-07-03,AMD,False,0.375,0.6,wf_2024,catboost_abc,5
2024-07-04,AMD,False,0.375,0.6,wf_2024,catboost_abc,5
2024-07-05,AMD,False,0.375,0.6,wf_2024,catboost_abc,5
2024-07-06,AMD,False,0.375,0.6,wf_2024,catboost_abc,5
2024-07-09,AMD,False,0.375,0.6,wf_2024,catboost_abc,5
2024-07-10,AMD,False,0.375,0.6,wf_2024,catboost_abc,5
2024-07-11,AMD,False,0.37987987987987987,0.6,wf_2024,catboost_abc,5
2024-07-12,AMD,False,0.37987987987987987,0.6,wf_2024,catboost_abc,5
2024-07-13,AMD,False,0.37987987987987987,0.6,wf_2024,catboost_abc,5
2024-07-16,AMD,False,0.37987987987987987,0.6,wf_2024,catboost_abc,5
2024-07-17,AMD,False,0.37987987987987987,0.6,wf_2024,catboost_abc,5
2024-07-18,AMD,False,0.375,0.6,wf_2024,catboost_abc,5
2024-07-19,AMD,False,0.37987987987987987,0.6,wf_2024,catboost_abc,5
2024-07-20,AMD,False,0.37987987987987987,0.6,wf_2024,catboost_abc,5
2024-07-23,AMD,False,0.37987987987987987,0.6,wf_2024,catboost_abc,5
2024-07-24,AMD,False,0.37987987987987987,0.6,wf_2024,catboost_abc,5
2024-07-25,AMD,False,0.37987987987987987,0.6,wf_2024,catboost_abc,5
2024-07-26,AMD,False,0.375,0.6,wf_2024,catboost_abc,5
2024-07-27,AMD,False,0.375,0.6,wf_2024,catboost_abc,5
2024-07-30,AMD,False,0.375,0.6,wf_2024,catboost_abc,5
2024-07-31,AMD,False,0.375,0.6,wf_2024,catboost_abc,5
2024-08-01,AMD,False,0.375,0.6,wf_2024,catboost_abc,5
2024-08-02,AMD,False,0.375,0.6,wf_2024,catboost_abc,5
2024-08-03,AMD,False,0.375,0.6,wf_2024,catboost_abc,5
2024-08-06,AMD,False,0.375,0.6,wf_2024,catboost_abc,5
2024-08-07,AMD,False,0.375,0.6,wf_2024,catboost_abc,5
2024-08-08,AMD,False,0.375,0.6,wf_2024,catboost_abc,5
2024-08-09,AMD,False,0.375,0.6,wf_2024,catboost_abc,5
2024-08-10,AMD,False,0.375,0.6,wf_2024,catboost_abc,5
2024-08-13,AMD,False,0.375,0.6,wf_2024,catboost_abc,5
2024-08-14,AMD,False,0.375,0.6,wf_2024,catboost_abc,5
2024-08-15,AMD,False,0.375,0.6,wf_2024,catboost_abc,5
2024-08-16,AMD,False,0.375,0.6,wf_2024,catboost_abc,5
2024-08-17,AMD,False,0.375,0.6,wf_2024,catboost_abc,5
2024-08-20,AMD,False,0.375,0.6,wf_2024,catboost_abc,5
2024-08-21,AMD,False,0.375,0.6,wf_2024,catboost_abc,5
2024-08-22,AMD,False,0.375,0.6,wf_2024,catboost_abc,5
2024-08-23,AMD,False,0.375,0.6,wf_2024,catboost_abc,5
2024-08-24,AMD,False,0.375,0.6,wf_2024,catboost_abc,5
2024-08-27,AMD,False,0.37987987987987987,0.6,wf_2024,catboost_abc,5
2024-08-28,AMD,False,0.37987987987987987,0.6,wf_2024,catboost_abc,5
2024-08-29,AMD,False,0.37987987987987987,0.6,wf_2024,catboost_abc,5
2024-08-30,AMD,False,0.37987987987987987,0.6,wf_2024,catboost_abc,5
2024-08-31,AMD,False,0.37987987987987987,0.6,wf_2024,catboost_abc,5
2024-09-03,AMD,False,0.37987987987987987,0.6,wf_2024,catboost_abc,5
2024-09-04,AMD,False,0.37987987987987987,0.6,wf_2024,catboost_abc,5
2024-09-05,AMD,False,0.37987987987987987,0.6,wf_2024,catboost_abc,5
2024-09-06,AMD,False,0.37987987987987987,0.6,wf_2024,catboost_abc,5
2024-09-07,AMD,False,0.37987987987987987,0.6,wf_2024,catboost_abc,5
2024-09-10,AMD,False,0.37987987987987987,0.6,wf_2024,catboost_abc,5
2024-09-11,AMD,False,0.37987987987987987,0.6,wf_2024,catboost_abc,5
2024-09-12,AMD,False,0.37987987987987987,0.6,wf_2024,catboost_abc,5
2024-09-13,AMD,False,0.375,0.6,wf_2024,catboost_abc,5
2024-09-14,AMD,False,0.375,0.6,wf_2024,catboost_abc,5
2024-09-17,AMD,False,0.375,0.6,wf_2024,catboost_abc,5
2024-09-18,AMD,False,0.375,0.6,wf_2024,catboost_abc,5
2024-09-19,AMD,False,0.375,0.6,wf_2024,catboost_abc,5
2024-09-20,AMD,False,0.375,0.6,wf_2024,catboost_abc,5
2024-09-21,AMD,False,0.375,0.6,wf_2024,catboost_abc,5
2024-09-24,AMD,False,0.375,0.6,wf_2024,catboost_abc,5
2024-09-25,AMD,False,0.37987987987987987,0.6,wf_2024,catboost_abc,5
2024-09-26,AMD,False,0.37987987987987987,0.6,wf_2024,catboost_abc,5
2024-09-27,AMD,False,0.37987987987987987,0.6,wf_2024,catboost_abc,5
2024-09-28,AMD,False,0.37987987987987987,0.6,wf_2024,catboost_abc,5
2024-10-01,AMD,False,0.37987987987987987,0.6,wf_2024,catboost_abc,5
2024-10-02,AMD,False,0.37987987987987987,0.6,wf_2024,catboost_abc,5
2024-10-03,AMD,False,0.37987987987987987,0.6,wf_2024,catboost_abc,5
2024-10-04,AMD,False,0.37987987987987987,0.6,wf_2024,catboost_abc,5
2024-10-05,AMD,False,0.37987987987987987,0.6,wf_2024,catboost_abc,5
2024-10-08,AMD,False,0.37987987987987987,0.6,wf_2024,catboost_abc,5
2024-10-09,AMD,False,0.37987987987987987,0.6,wf_2024,catboost_abc,5
2024-10-10,AMD,False,0.37987987987987987,0.6,wf_2024,catboost_abc,5
2024-10-11,AMD,False,0.37987987987987987,0.6,wf_2024,catboost_abc,5
2024-10-12,AMD,False,0.37987987987987987,0.6,wf_2024,catboost_abc,5
2024-10-15,AMD,False,0.37987987987987987,0.6,wf_2024,catboost_abc,5
2024-10-16,AMD,False,0.37987987987987987,0.6,wf_2024,catboost_abc,5
2024-10-17,AMD,False,0.37987987987987987,0.6,wf_2024,catboost_abc,5
2024-10-18,AMD,False,0.37987987987987987,0.6,wf_2024,catboost_abc,5
2024-10-19,AMD,False,0.37987987987987987,0.6,wf_2024,catboost_abc,5
2024-10-22,AMD,False,0.37987987987987987,0.6,wf_2024,catboost_abc,5
2024-10-23,AMD,False,0.37987987987987987,0.6,wf_2024,catboost_abc,5
2024-10-24,AMD,False,0.37987987987987987,0.6,wf_2024,catboost_abc,5
2024-10-25,AMD,False,0.37987987987987987,0.6,wf_2024,catboost_abc,5
2024-10-26,AMD,False,0.37987987987987987,0.6,wf_2024,catboost_abc,5
2024-10-29,AMD,False,0.37987987987987987,0.6,wf_2024,catboost_abc,5
2024-10-30,AMD,False,0.37987987987987987,0.6,wf_2024,catboost_abc,5
2024-10-31,AMD,False,0.37987987987987987,0.6,wf_2024,catboost_abc,5
2024-11-01,AMD,False,0.37987987987987987,0.6,wf_2024,catboost_abc,5
2024-11-02,AMD,False,0.37987987987987987,0.6,wf_2024,catboost_abc,5
2024-11-03,AMD,False,0.37987987987987987,0.6,wf_2024,catboost_abc,5
2024-11-06,AMD,False,0.37987987987987987,0.6,wf_2024,catboost_abc,5
2024-11-07,AMD,False,0.37987987987987987,0.6,wf_2024,catboost_abc,5
2024-11-08,AMD,False,0.37987987987987987,0.6,wf_2024,catboost_abc,5
2024-11-09,AMD,False,0.375,0.6,wf_2024,catboost_abc,5
2024-11-12,AMD,False,0.37987987987987987,0.6,wf_2024,catboost_abc,5
2024-11-13,AMD,False,0.37987987987987987,0.6,wf_2024,catboost_abc,5
2024-11-14,AMD,False,0.37987987987987987,0.6,wf_2024,catboost_abc,5
2024-11-15,AMD,False,0.37987987987987987,0.6,wf_2024,catboost_abc,5
2024-11-16,AMD,False,0.37987987987987987,0.6,wf_2024,catboost_abc,5
2024-11-19,AMD,False,0.37987987987987987,0.6,wf_2024,catboost_abc,5
2024-11-20,AMD,False,0.37987987987987987,0.6,wf_2024,catboost_abc,5
2024-11-21,AMD,False,0.37987987987987987,0.6,wf_2024,catboost_abc,5
2024-11-22,AMD,False,0.37987987987987987,0.6,wf_2024,catboost_abc,5
2024-11-23,AMD,False,0.37987987987987987,0.6,wf_2024,catboost_abc,5
2024-11-26,AMD,False,0.37987987987987987,0.6,wf_2024,catboost_abc,5
2024-11-27,AMD,False,0.37987987987987987,0.6,wf_2024,catboost_abc,5
2024-11-28,AMD,False,0.37987987987987987,0.6,wf_2024,catboost_abc,5
2024-11-29,AMD,False,0.37987987987987987,0.6,wf_2024,catboost_abc,5
2024-11-30,AMD,False,0.37987987987987987,0.6,wf_2024,catboost_abc,5
2024-12-03,AMD,False,0.37987987987987987,0.6,wf_2024,catboost_abc,5
2024-12-04,AMD,False,0.37987987987987987,0.6,wf_2024,catboost_abc,5
2024-12-05,AMD,False,0.37987987987987987,0.6,wf_2024,catboost_abc,5
2024-12-06,AMD,False,0.37987987987987987,0.6,wf_2024,catboost_abc,5
2024-12-07,AMD,False,0.375,0.6,wf_2024,catboost_abc,5
2024-12-10,AMD,False,0.375,0.6,wf_2024,catboost_abc,5
2024-12-11,AMD,False,0.375,0.6,wf_2024,catboost_abc,5
2024-12-12,AMD,False,0.375,0.6,wf_2024,catboost_abc,5
2024-12-13,AMD,False,0.375,0.6,wf_2024,catboost_abc,5
2024-12-14,AMD,False,0.375,0.6,wf_2024,catboost_abc,5
2024-12-17,AMD,False,0.375,0.6,wf_2024,catboost_abc,5
2024-12-18,AMD,False,0.375,0.6,wf_2024,catboost_abc,5
2024-12-19,AMD,False,0.375,0.6,wf_2024,catboost_abc,5
2024-12-20,AMD,False,0.375,0.6,wf_2024,catboost_abc,5
2024-12-21,AMD,False,0.375,0.6,wf_2024,catboost_abc,5
2024-12-24,AMD,False,0.375,0.6,wf_2024,catboost_abc,5
2024-12-25,AMD,False,0.375,0.6,wf_2024,catboost_abc,5
2024-12-26,AMD,False,0.375,0.6,wf_2024,catboost_abc,5
2024-12-27,AMD,False,0.375,0.6,wf_2024,catboost_abc,5
2024-12-28,AMD,False,0.37987987987987987,0.6,wf_2024,catboost_abc,5
2024-12-29,AMD,False,0.37987987987987987,0.6,wf_2024,catboost_abc,5
2024-01-10,KGS,False,0.375,0.6,wf_2024,catboost_abc,5
2024-01-11,KGS,False,0.375,0.6,wf_2024,catboost_abc,5
2024-01-12,KGS,False,0.375,0.6,wf_2024,catboost_abc,5
2024-01-13,KGS,False,0.375,0.6,wf_2024,catboost_abc,5
2024-01-16,KGS,False,0.375,0.6,wf_2024,catboost_abc,5
2024-01-17,KGS,False,0.375,0.6,wf_2024,catboost_abc,5
2024-01-18,KGS,False,0.375,0.6,wf_2024,catboost_abc,5
2024-01-19,KGS,False,0.375,0.6,wf_2024,catboost_abc,5
2024-01-20,KGS,False,0.375,0.6,wf_2024,catboost_abc,5
2024-01-23,KGS,False,0.375,0.6,wf_2024,catboost_abc,5
2024-01-24,KGS,False,0.375,0.6,wf_2024,catboost_abc,5
2024-01-25,KGS,False,0.375,0.6,wf_2024,catboost_abc,5
2024-01-26,KGS,False,0.375,0.6,wf_2024,catboost_abc,5
2024-01-27,KGS,False,0.375,0.6,wf_2024,catboost_abc,5
2024-01-30,KGS,False,0.375,0.6,wf_2024,catboost_abc,5
2024-01-31,KGS,False,0.375,0.6,wf_2024,catboost_abc,5
2024-02-01,KGS,False,0.375,0.6,wf_2024,catboost_abc,5
2024-02-02,KGS,False,0.375,0.6,wf_2024,catboost_abc,5
2024-02-03,KGS,False,0.375,0.6,wf_2024,catboost_abc,5
2024-02-06,KGS,False,0.375,0.6,wf_2024,catboost_abc,5
2024-02-07,KGS,False,0.37987987987987987,0.6,wf_2024,catboost_abc,5
2024-02-08,KGS,False,0.37987987987987987,0.6,wf_2024,catboost_abc,5
2024-02-09,KGS,False,0.37987987987987987,0.6,wf_2024,catboost_abc,5
2024-02-10,KGS,False,0.37987987987987987,0.6,wf_2024,catboost_abc,5
2024-02-13,KGS,False,0.37987987987987987,0.6,wf_2024,catboost_abc,5
2024-02-14,KGS,False,0.37987987987987987,0.6,wf_2024,catboost_abc,5
2024-02-15,KGS,False,0.37987987987987987,0.6,wf_2024,catboost_abc,5
2024-02-16,KGS,False,0.37987987987987987,0.6,wf_2024,catboost_abc,5
2024-02-17,KGS,False,0.37987987987987987,0.6,wf_2024,catboost_abc,5
2024-02-20,KGS,False,0.37987987987987987,0.6,wf_2024,catboost_abc,5
2024-02-21,KGS,False,0.37987987987987987,0.6,wf_2024,catboost_abc,5
2024-02-22,KGS,False,0.37987987987987987,0.6,wf_2024,catboost_abc,5
2024-02-23,KGS,False,0.37987987987987987,0.6,wf_2024,catboost_abc,5
2024-02-27,KGS,False,0.37987987987987987,0.6,wf_2024,catboost_abc,5
2024-02-28,KGS,False,0.37987987987987987,0.6,wf_2024,catboost_abc,5
2024-02-29,KGS,False,0.37987987987987987,0.6,wf_2024,catboost_abc,5
2024-03-01,KGS,False,0.37987987987987987,0.6,wf_2024,catboost_abc,5
2024-03-02,KGS,False,0.37987987987987987,0.6,wf_2024,catboost_abc,5
2024-03-05,KGS,False,0.37987987987987987,0.6,wf_2024,catboost_abc,5
2024-03-06,KGS,False,0.37987987987987987,0.6,wf_2024,catboost_abc,5
2024-03-07,KGS,False,0.375,0.6,wf_2024,catboost_abc,5
2024-03-08,KGS,False,0.375,0.6,wf_2024,catboost_abc,5
2024-03-12,KGS,False,0.375,0.6,wf_2024,catboost_abc,5
2024-03-13,KGS,False,0.375,0.6,wf_2024,catboost_abc,5
2024-03-14,KGS,False,0.375,0.6,wf_2024,catboost_abc,5
2024-03-15,KGS,False,0.375,0.6,wf_2024,catboost_abc,5
2024-03-16,KGS,False,0.375,0.6,wf_2024,catboost_abc,5
2024-03-19,KGS,False,0.375,0.6,wf_2024,catboost_abc,5
2024-03-20,KGS,False,0.375,0.6,wf_2024,catboost_abc,5
2024-03-21,KGS,False,0.375,0.6,wf_2024,catboost_abc,5
2024-03-22,KGS,False,0.375,0.6,wf_2024,catboost_abc,5
2024-03-23,KGS,False,0.375,0.6,wf_2024,catboost_abc,5
2024-03-26,KGS,False,0.375,0.6,wf_2024,catboost_abc,5
2024-03-27,KGS,False,0.375,0.6,wf_2024,catboost_abc,5
2024-03-28,KGS,False,0.375,0.6,wf_2024,catboost_abc,5
2024-03-29,KGS,False,0.37987987987987987,0.6,wf_2024,catboost_abc,5
2024-03-30,KGS,False,0.37987987987987987,0.6,wf_2024,catboost_abc,5
2024-04-02,KGS,False,0.37987987987987987,0.6,wf_2024,catboost_abc,5
2024-04-03,KGS,False,0.37987987987987987,0.6,wf_2024,catboost_abc,5
2024-04-04,KGS,False,0.37987987987987987,0.6,wf_2024,catboost_abc,5
2024-04-05,KGS,False,0.37987987987987987,0.6,wf_2024,catboost_abc,5
2024-04-06,KGS,False,0.37987987987987987,0.6,wf_2024,catboost_abc,5
2024-04-09,KGS,False,0.37987987987987987,0.6,wf_2024,catboost_abc,5
2024-04-10,KGS,False,0.37987987987987987,0.6,wf_2024,catboost_abc,5
2024-04-11,KGS,False,0.37987987987987987,0.6,wf_2024,catboost_abc,5
2024-04-12,KGS,False,0.37987987987987987,0.6,wf_2024,catboost_abc,5
2024-04-13,KGS,False,0.37987987987987987,0.6,wf_2024,catboost_abc,5
2024-04-16,KGS,False,0.37987987987987987,0.6,wf_2024,catboost_abc,5
2024-04-17,KGS,False,0.37987987987987987,0.6,wf_2024,catboost_abc,5
2024-04-18,KGS,False,0.37987987987987987,0.6,wf_2024,catboost_abc,5
2024-04-19,KGS,False,0.37987987987987987,0.6,wf_2024,catboost_abc,5
2024-04-20,KGS,False,0.37987987987987987,0.6,wf_2024,catboost_abc,5
2024-04-23,KGS,False,0.37987987987987987,0.6,wf_2024,catboost_abc,5
2024-04-24,KGS,False,0.37987987987987987,0.6,wf_2024,catboost_abc,5
2024-04-25,KGS,False,0.37987987987987987,0.6,wf_2024,catboost_abc,5
2024-04-26,KGS,False,0.37987987987987987,0.6,wf_2024,catboost_abc,5
2024-04-27,KGS,False,0.37987987987987987,0.6,wf_2024,catboost_abc,5
2024-04-28,KGS,False,0.37987987987987987,0.6,wf_2024,catboost_abc,5
2024-05-03,KGS,False,0.37987987987987987,0.6,wf_2024,catboost_abc,5
2024-05-04,KGS,False,0.37987987987987987,0.6,wf_2024,catboost_abc,5
2024-05-07,KGS,False,0.375,0.6,wf_2024,catboost_abc,5
2024-05-08,KGS,False,0.375,0.6,wf_2024,catboost_abc,5
2024-05-09,KGS,False,0.375,0.6,wf_2024,catboost_abc,5
2024-05-14,KGS,False,0.375,0.6,wf_2024,catboost_abc,5
2024-05-15,KGS,False,0.375,0.6,wf_2024,catboost_abc,5
2024-05-16,KGS,False,0.375,0.6,wf_2024,catboost_abc,5
2024-05-17,KGS,False,0.375,0.6,wf_2024,catboost_abc,5
2024-05-18,KGS,False,0.375,0.6,wf_2024,catboost_abc,5
2024-05-21,KGS,False,0.375,0.6,wf_2024,catboost_abc,5
2024-05-22,KGS,False,0.375,0.6,wf_2024,catboost_abc,5
2024-05-23,KGS,False,0.375,0.6,wf_2024,catboost_abc,5
2024-05-24,KGS,False,0.375,0.6,wf_2024,catboost_abc,5
2024-05-25,KGS,False,0.375,0.6,wf_2024,catboost_abc,5
2024-05-28,KGS,False,0.375,0.6,wf_2024,catboost_abc,5
2024-05-29,KGS,False,0.375,0.6,wf_2024,catboost_abc,5
2024-05-30,KGS,False,0.375,0.6,wf_2024,catboost_abc,5
2024-05-31,KGS,False,0.375,0.6,wf_2024,catboost_abc,5
2024-06-01,KGS,False,0.375,0.6,wf_2024,catboost_abc,5
2024-06-04,KGS,False,0.375,0.6,wf_2024,catboost_abc,5
2024-06-05,KGS,False,0.375,0.6,wf_2024,catboost_abc,5
2024-06-06,KGS,False,0.375,0.6,wf_2024,catboost_abc,5
2024-06-07,KGS,False,0.375,0.6,wf_2024,catboost_abc,5
2024-06-08,KGS,False,0.375,0.6,wf_2024,catboost_abc,5
2024-06-11,KGS,False,0.375,0.6,wf_2024,catboost_abc,5
2024-06-12,KGS,False,0.375,0.6,wf_2024,catboost_abc,5
2024-06-14,KGS,False,0.375,0.6,wf_2024,catboost_abc,5
2024-06-15,KGS,False,0.375,0.6,wf_2024,catboost_abc,5
2024-06-18,KGS,False,0.375,0.6,wf_2024,catboost_abc,5
2024-06-19,KGS,False,0.375,0.6,wf_2024,catboost_abc,5
2024-06-20,KGS,False,0.375,0.6,wf_2024,catboost_abc,5
2024-06-21,KGS,False,0.375,0.6,wf_2024,catboost_abc,5
2024-06-22,KGS,False,0.375,0.6,wf_2024,catboost_abc,5
2024-06-25,KGS,False,0.375,0.6,wf_2024,catboost_abc,5
2024-06-26,KGS,False,0.375,0.6,wf_2024,catboost_abc,5
2024-06-27,KGS,False,0.375,0.6,wf_2024,catboost_abc,5
2024-06-28,KGS,False,0.375,0.6,wf_2024,catboost_abc,5
2024-06-29,KGS,False,0.375,0.6,wf_2024,catboost_abc,5
2024-07-02,KGS,False,0.375,0.6,wf_2024,catboost_abc,5
2024-07-03,KGS,False,0.375,0.6,wf_2024,catboost_abc,5
2024-07-04,KGS,False,0.375,0.6,wf_2024,catboost_abc,5
2024-07-05,KGS,False,0.375,0.6,wf_2024,catboost_abc,5
2024-07-06,KGS,False,0.375,0.6,wf_2024,catboost_abc,5
2024-07-09,KGS,False,0.375,0.6,wf_2024,catboost_abc,5
2024-07-10,KGS,False,0.375,0.6,wf_2024,catboost_abc,5
2024-07-11,KGS,False,0.37987987987987987,0.6,wf_2024,catboost_abc,5
2024-07-12,KGS,False,0.37987987987987987,0.6,wf_2024,catboost_abc,5
2024-07-13,KGS,False,0.37987987987987987,0.6,wf_2024,catboost_abc,5
2024-07-16,KGS,False,0.37987987987987987,0.6,wf_2024,catboost_abc,5
2024-07-17,KGS,False,0.37987987987987987,0.6,wf_2024,catboost_abc,5
2024-07-18,KGS,False,0.375,0.6,wf_2024,catboost_abc,5
2024-07-19,KGS,False,0.37987987987987987,0.6,wf_2024,catboost_abc,5
2024-07-20,KGS,False,0.37987987987987987,0.6,wf_2024,catboost_abc,5
2024-07-23,KGS,False,0.37987987987987987,0.6,wf_2024,catboost_abc,5
2024-07-24,KGS,False,0.37987987987987987,0.6,wf_2024,catboost_abc,5
2024-07-25,KGS,False,0.37987987987987987,0.6,wf_2024,catboost_abc,5
2024-07-26,KGS,False,0.37987987987987987,0.6,wf_2024,catboost_abc,5
2024-07-27,KGS,False,0.37987987987987987,0.6,wf_2024,catboost_abc,5
2024-07-30,KGS,False,0.375,0.6,wf_2024,catboost_abc,5
2024-07-31,KGS,False,0.375,0.6,wf_2024,catboost_abc,5
2024-08-01,KGS,False,0.375,0.6,wf_2024,catboost_abc,5
2024-08-02,KGS,False,0.375,0.6,wf_2024,catboost_abc,5
2024-08-03,KGS,False,0.375,0.6,wf_2024,catboost_abc,5
2024-08-06,KGS,False,0.375,0.6,wf_2024,catboost_abc,5
2024-08-07,KGS,False,0.375,0.6,wf_2024,catboost_abc,5
2024-08-08,KGS,False,0.375,0.6,wf_2024,catboost_abc,5
2024-08-09,KGS,False,0.375,0.6,wf_2024,catboost_abc,5
2024-08-10,KGS,False,0.375,0.6,wf_2024,catboost_abc,5
2024-08-13,KGS,False,0.375,0.6,wf_2024,catboost_abc,5
2024-08-14,KGS,False,0.375,0.6,wf_2024,catboost_abc,5
2024-08-15,KGS,False,0.375,0.6,wf_2024,catboost_abc,5
2024-08-16,KGS,False,0.375,0.6,wf_2024,catboost_abc,5
2024-08-17,KGS,False,0.375,0.6,wf_2024,catboost_abc,5
2024-08-20,KGS,False,0.375,0.6,wf_2024,catboost_abc,5
2024-08-21,KGS,False,0.375,0.6,wf_2024,catboost_abc,5
2024-08-22,KGS,False,0.375,0.6,wf_2024,catboost_abc,5
2024-08-23,KGS,False,0.375,0.6,wf_2024,catboost_abc,5
2024-08-24,KGS,False,0.375,0.6,wf_2024,catboost_abc,5
2024-08-27,KGS,False,0.37987987987987987,0.6,wf_2024,catboost_abc,5
2024-08-28,KGS,False,0.37987987987987987,0.6,wf_2024,catboost_abc,5
2024-08-29,KGS,False,0.37987987987987987,0.6,wf_2024,catboost_abc,5
2024-08-30,KGS,False,0.37987987987987987,0.6,wf_2024,catboost_abc,5
2024-08-31,KGS,False,0.37987987987987987,0.6,wf_2024,catboost_abc,5
2024-09-03,KGS,False,0.37987987987987987,0.6,wf_2024,catboost_abc,5
2024-09-04,KGS,False,0.37987987987987987,0.6,wf_2024,catboost_abc,5
2024-09-05,KGS,False,0.37987987987987987,0.6,wf_2024,catboost_abc,5
2024-09-06,KGS,False,0.37987987987987987,0.6,wf_2024,catboost_abc,5
2024-09-07,KGS,False,0.37987987987987987,0.6,wf_2024,catboost_abc,5
2024-09-10,KGS,False,0.37987987987987987,0.6,wf_2024,catboost_abc,5
2024-09-11,KGS,False,0.37987987987987987,0.6,wf_2024,catboost_abc,5
2024-09-12,KGS,False,0.37987987987987987,0.6,wf_2024,catboost_abc,5
2024-09-13,KGS,False,0.37987987987987987,0.6,wf_2024,catboost_abc,5
2024-09-14,KGS,False,0.37987987987987987,0.6,wf_2024,catboost_abc,5
2024-09-17,KGS,False,0.375,0.6,wf_2024,catboost_abc,5
2024-09-18,KGS,False,0.375,0.6,wf_2024,catboost_abc,5
2024-09-19,KGS,False,0.375,0.6,wf_2024,catboost_abc,5
2024-09-20,KGS,False,0.375,0.6,wf_2024,catboost_abc,5
2024-09-21,KGS,False,0.375,0.6,wf_2024,catboost_abc,5
2024-09-24,KGS,False,0.375,0.6,wf_2024,catboost_abc,5
2024-09-25,KGS,False,0.37987987987987987,0.6,wf_2024,catboost_abc,5
2024-09-26,KGS,False,0.37987987987987987,0.6,wf_2024,catboost_abc,5
2024-09-27,KGS,False,0.37987987987987987,0.6,wf_2024,catboost_abc,5
2024-09-28,KGS,False,0.37987987987987987,0.6,wf_2024,catboost_abc,5
2024-10-01,KGS,False,0.37987987987987987,0.6,wf_2024,catboost_abc,5
2024-10-02,KGS,False,0.37987987987987987,0.6,wf_2024,catboost_abc,5
2024-10-03,KGS,False,0.37987987987987987,0.6,wf_2024,catboost_abc,5
2024-10-04,KGS,False,0.37987987987987987,0.6,wf_2024,catboost_abc,5
2024-10-05,KGS,False,0.37987987987987987,0.6,wf_2024,catboost_abc,5
2024-10-08,KGS,False,0.37987987987987987,0.6,wf_2024,catboost_abc,5
2024-10-09,KGS,False,0.37987987987987987,0.6,wf_2024,catboost_abc,5
2024-10-10,KGS,False,0.37987987987987987,0.6,wf_2024,catboost_abc,5
2024-10-11,KGS,False,0.37987987987987987,0.6,wf_2024,catboost_abc,5
2024-10-12,KGS,False,0.37987987987987987,0.6,wf_2024,catboost_abc,5
2024-10-15,KGS,False,0.37987987987987987,0.6,wf_2024,catboost_abc,5
2024-10-16,KGS,False,0.37987987987987987,0.6,wf_2024,catboost_abc,5
2024-10-17,KGS,False,0.37987987987987987,0.6,wf_2024,catboost_abc,5
2024-10-18,KGS,False,0.37987987987987987,0.6,wf_2024,catboost_abc,5
2024-10-19,KGS,False,0.37987987987987987,0.6,wf_2024,catboost_abc,5
2024-10-22,KGS,False,0.37987987987987987,0.6,wf_2024,catboost_abc,5
2024-10-23,KGS,False,0.37987987987987987,0.6,wf_2024,catboost_abc,5
2024-10-24,KGS,False,0.37987987987987987,0.6,wf_2024,catboost_abc,5
2024-10-25,KGS,False,0.37987987987987987,0.6,wf_2024,catboost_abc,5
2024-10-26,KGS,False,0.37987987987987987,0.6,wf_2024,catboost_abc,5
2024-10-29,KGS,False,0.37987987987987987,0.6,wf_2024,catboost_abc,5
2024-10-30,KGS,False,0.37987987987987987,0.6,wf_2024,catboost_abc,5
2024-10-31,KGS,False,0.37987987987987987,0.6,wf_2024,catboost_abc,5
2024-11-01,KGS,False,0.37987987987987987,0.6,wf_2024,catboost_abc,5
2024-11-02,KGS,False,0.37987987987987987,0.6,wf_2024,catboost_abc,5
2024-11-03,KGS,False,0.37987987987987987,0.6,wf_2024,catboost_abc,5
2024-11-06,KGS,False,0.37987987987987987,0.6,wf_2024,catboost_abc,5
2024-11-07,KGS,False,0.37987987987987987,0.6,wf_2024,catboost_abc,5
2024-11-08,KGS,False,0.37987987987987987,0.6,wf_2024,catboost_abc,5
2024-11-09,KGS,False,0.375,0.6,wf_2024,catboost_abc,5
2024-11-12,KGS,False,0.37987987987987987,0.6,wf_2024,catboost_abc,5
2024-11-13,KGS,False,0.37987987987987987,0.6,wf_2024,catboost_abc,5
2024-11-14,KGS,False,0.37987987987987987,0.6,wf_2024,catboost_abc,5
2024-11-15,KGS,False,0.37987987987987987,0.6,wf_2024,catboost_abc,5
2024-11-16,KGS,False,0.37987987987987987,0.6,wf_2024,catboost_abc,5
2024-11-19,KGS,False,0.37987987987987987,0.6,wf_2024,catboost_abc,5
2024-11-20,KGS,False,0.37987987987987987,0.6,wf_2024,catboost_abc,5
2024-11-21,KGS,False,0.37987987987987987,0.6,wf_2024,catboost_abc,5
2024-11-22,KGS,False,0.37987987987987987,0.6,wf_2024,catboost_abc,5
2024-11-23,KGS,False,0.37987987987987987,0.6,wf_2024,catboost_abc,5
2024-11-26,KGS,False,0.37987987987987987,0.6,wf_2024,catboost_abc,5
2024-11-27,KGS,False,0.37987987987987987,0.6,wf_2024,catboost_abc,5
2024-11-28,KGS,False,0.37987987987987987,0.6,wf_2024,catboost_abc,5
2024-11-29,KGS,False,0.375,0.6,wf_2024,catboost_abc,5
2024-11-30,KGS,False,0.37987987987987987,0.6,wf_2024,catboost_abc,5
2024-12-03,KGS,False,0.37987987987987987,0.6,wf_2024,catboost_abc,5
2024-12-04,KGS,False,0.37987987987987987,0.6,wf_2024,catboost_abc,5
2024-12-05,KGS,False,0.37987987987987987,0.6,wf_2024,catboost_abc,5
2024-12-06,KGS,False,0.37987987987987987,0.6,wf_2024,catboost_abc,5
2024-12-07,KGS,False,0.37987987987987987,0.6,wf_2024,catboost_abc,5
2024-12-10,KGS,True,1.0,0.6,wf_2024,catboost_abc,5
2024-12-11,KGS,False,0.37987987987987987,0.6,wf_2024,catboost_abc,5
2024-12-12,KGS,False,0.375,0.6,wf_2024,catboost_abc,5
2024-12-13,KGS,False,0.375,0.6,wf_2024,catboost_abc,5
2024-12-14,KGS,False,0.375,0.6,wf_2024,catboost_abc,5
2024-12-17,KGS,False,0.375,0.6,wf_2024,catboost_abc,5
2024-12-18,KGS,False,0.375,0.6,wf_2024,catboost_abc,5
2024-12-19,KGS,False,0.375,0.6,wf_2024,catboost_abc,5
2024-12-20,KGS,False,0.375,0.6,wf_2024,catboost_abc,5
2024-12-21,KGS,False,0.375,0.6,wf_2024,catboost_abc,5
2024-12-24,KGS,False,0.375,0.6,wf_2024,catboost_abc,5
2024-12-25,KGS,False,0.375,0.6,wf_2024,catboost_abc,5
2024-12-26,KGS,False,0.375,0.6,wf_2024,catboost_abc,5
2024-12-27,KGS,False,0.375,0.6,wf_2024,catboost_abc,5
2024-12-28,KGS,False,0.375,0.6,wf_2024,catboost_abc,5
2024-12-29,KGS,False,0.375,0.6,wf_2024,catboost_abc,5
2024-01-10,KZT,False,0.375,0.6,wf_2024,catboost_abc,5
2024-01-11,KZT,False,0.37987987987987987,0.6,wf_2024,catboost_abc,5
2024-01-12,KZT,False,0.375,0.6,wf_2024,catboost_abc,5
2024-01-13,KZT,False,0.375,0.6,wf_2024,catboost_abc,5
2024-01-16,KZT,False,0.375,0.6,wf_2024,catboost_abc,5
2024-01-17,KZT,False,0.375,0.6,wf_2024,catboost_abc,5
2024-01-18,KZT,False,0.375,0.6,wf_2024,catboost_abc,5
2024-01-19,KZT,False,0.375,0.6,wf_2024,catboost_abc,5
2024-01-20,KZT,False,0.375,0.6,wf_2024,catboost_abc,5
2024-01-23,KZT,False,0.375,0.6,wf_2024,catboost_abc,5
2024-01-24,KZT,False,0.375,0.6,wf_2024,catboost_abc,5
2024-01-25,KZT,False,0.375,0.6,wf_2024,catboost_abc,5
2024-01-26,KZT,False,0.375,0.6,wf_2024,catboost_abc,5
2024-01-27,KZT,False,0.375,0.6,wf_2024,catboost_abc,5
2024-01-30,KZT,False,0.375,0.6,wf_2024,catboost_abc,5
2024-01-31,KZT,False,0.375,0.6,wf_2024,catboost_abc,5
2024-02-01,KZT,False,0.375,0.6,wf_2024,catboost_abc,5
2024-02-02,KZT,False,0.375,0.6,wf_2024,catboost_abc,5
2024-02-03,KZT,False,0.375,0.6,wf_2024,catboost_abc,5
2024-02-06,KZT,False,0.375,0.6,wf_2024,catboost_abc,5
2024-02-07,KZT,False,0.37987987987987987,0.6,wf_2024,catboost_abc,5
2024-02-08,KZT,False,0.37987987987987987,0.6,wf_2024,catboost_abc,5
2024-02-09,KZT,False,0.37987987987987987,0.6,wf_2024,catboost_abc,5
2024-02-10,KZT,False,0.37987987987987987,0.6,wf_2024,catboost_abc,5
2024-02-13,KZT,False,0.37987987987987987,0.6,wf_2024,catboost_abc,5
2024-02-14,KZT,False,0.37987987987987987,0.6,wf_2024,catboost_abc,5
2024-02-15,KZT,False,0.37987987987987987,0.6,wf_2024,catboost_abc,5
2024-02-16,KZT,False,0.37987987987987987,0.6,wf_2024,catboost_abc,5
2024-02-17,KZT,False,0.37987987987987987,0.6,wf_2024,catboost_abc,5
2024-02-20,KZT,False,0.37987987987987987,0.6,wf_2024,catboost_abc,5
2024-02-21,KZT,False,0.37987987987987987,0.6,wf_2024,catboost_abc,5
2024-02-22,KZT,False,0.37987987987987987,0.6,wf_2024,catboost_abc,5
2024-02-23,KZT,False,0.37987987987987987,0.6,wf_2024,catboost_abc,5
2024-02-27,KZT,False,0.37987987987987987,0.6,wf_2024,catboost_abc,5
2024-02-28,KZT,False,0.37987987987987987,0.6,wf_2024,catboost_abc,5
2024-02-29,KZT,False,0.37987987987987987,0.6,wf_2024,catboost_abc,5
2024-03-01,KZT,False,0.37987987987987987,0.6,wf_2024,catboost_abc,5
2024-03-02,KZT,False,0.37987987987987987,0.6,wf_2024,catboost_abc,5
2024-03-05,KZT,False,0.37987987987987987,0.6,wf_2024,catboost_abc,5
2024-03-06,KZT,False,0.37987987987987987,0.6,wf_2024,catboost_abc,5
2024-03-07,KZT,False,0.37987987987987987,0.6,wf_2024,catboost_abc,5
2024-03-08,KZT,False,0.375,0.6,wf_2024,catboost_abc,5
2024-03-12,KZT,False,0.375,0.6,wf_2024,catboost_abc,5
2024-03-13,KZT,False,0.375,0.6,wf_2024,catboost_abc,5
2024-03-14,KZT,False,0.375,0.6,wf_2024,catboost_abc,5
2024-03-15,KZT,False,0.375,0.6,wf_2024,catboost_abc,5
2024-03-16,KZT,False,0.375,0.6,wf_2024,catboost_abc,5
2024-03-19,KZT,False,0.375,0.6,wf_2024,catboost_abc,5
2024-03-20,KZT,False,0.375,0.6,wf_2024,catboost_abc,5
2024-03-21,KZT,False,0.375,0.6,wf_2024,catboost_abc,5
2024-03-22,KZT,False,0.375,0.6,wf_2024,catboost_abc,5
2024-03-23,KZT,False,0.375,0.6,wf_2024,catboost_abc,5
2024-03-26,KZT,False,0.375,0.6,wf_2024,catboost_abc,5
2024-03-27,KZT,False,0.375,0.6,wf_2024,catboost_abc,5
2024-03-28,KZT,False,0.375,0.6,wf_2024,catboost_abc,5
2024-03-29,KZT,False,0.37987987987987987,0.6,wf_2024,catboost_abc,5
2024-03-30,KZT,False,0.37987987987987987,0.6,wf_2024,catboost_abc,5
2024-04-02,KZT,False,0.37987987987987987,0.6,wf_2024,catboost_abc,5
2024-04-03,KZT,False,0.37987987987987987,0.6,wf_2024,catboost_abc,5
2024-04-04,KZT,False,0.37987987987987987,0.6,wf_2024,catboost_abc,5
2024-04-05,KZT,False,0.37987987987987987,0.6,wf_2024,catboost_abc,5
2024-04-06,KZT,False,0.37987987987987987,0.6,wf_2024,catboost_abc,5
2024-04-09,KZT,False,0.37987987987987987,0.6,wf_2024,catboost_abc,5
2024-04-10,KZT,False,0.37987987987987987,0.6,wf_2024,catboost_abc,5
2024-04-11,KZT,False,0.37987987987987987,0.6,wf_2024,catboost_abc,5
2024-04-12,KZT,False,0.37987987987987987,0.6,wf_2024,catboost_abc,5
2024-04-13,KZT,False,0.37987987987987987,0.6,wf_2024,catboost_abc,5
2024-04-16,KZT,False,0.37987987987987987,0.6,wf_2024,catboost_abc,5
2024-04-17,KZT,False,0.37987987987987987,0.6,wf_2024,catboost_abc,5
2024-04-18,KZT,False,0.37987987987987987,0.6,wf_2024,catboost_abc,5
2024-04-19,KZT,False,0.37987987987987987,0.6,wf_2024,catboost_abc,5
2024-04-20,KZT,False,0.37987987987987987,0.6,wf_2024,catboost_abc,5
2024-04-23,KZT,False,0.37987987987987987,0.6,wf_2024,catboost_abc,5
2024-04-24,KZT,False,0.37987987987987987,0.6,wf_2024,catboost_abc,5
2024-04-25,KZT,False,0.37987987987987987,0.6,wf_2024,catboost_abc,5
2024-04-26,KZT,False,0.37987987987987987,0.6,wf_2024,catboost_abc,5
2024-04-27,KZT,False,0.37987987987987987,0.6,wf_2024,catboost_abc,5
2024-04-28,KZT,False,0.37987987987987987,0.6,wf_2024,catboost_abc,5
2024-05-03,KZT,False,0.37987987987987987,0.6,wf_2024,catboost_abc,5
2024-05-04,KZT,False,0.37987987987987987,0.6,wf_2024,catboost_abc,5
2024-05-07,KZT,False,0.375,0.6,wf_2024,catboost_abc,5
2024-05-08,KZT,False,0.375,0.6,wf_2024,catboost_abc,5
2024-05-09,KZT,False,0.375,0.6,wf_2024,catboost_abc,5
2024-05-14,KZT,False,0.375,0.6,wf_2024,catboost_abc,5
2024-05-15,KZT,False,0.375,0.6,wf_2024,catboost_abc,5
2024-05-16,KZT,False,0.375,0.6,wf_2024,catboost_abc,5
2024-05-17,KZT,False,0.375,0.6,wf_2024,catboost_abc,5
2024-05-18,KZT,False,0.375,0.6,wf_2024,catboost_abc,5
2024-05-21,KZT,False,0.375,0.6,wf_2024,catboost_abc,5
2024-05-22,KZT,False,0.375,0.6,wf_2024,catboost_abc,5
2024-05-23,KZT,False,0.375,0.6,wf_2024,catboost_abc,5
2024-05-24,KZT,False,0.375,0.6,wf_2024,catboost_abc,5
2024-05-25,KZT,False,0.375,0.6,wf_2024,catboost_abc,5
2024-05-28,KZT,False,0.375,0.6,wf_2024,catboost_abc,5
2024-05-29,KZT,False,0.375,0.6,wf_2024,catboost_abc,5
2024-05-30,KZT,False,0.375,0.6,wf_2024,catboost_abc,5
2024-05-31,KZT,False,0.375,0.6,wf_2024,catboost_abc,5
2024-06-01,KZT,False,0.375,0.6,wf_2024,catboost_abc,5
2024-06-04,KZT,False,0.375,0.6,wf_2024,catboost_abc,5
2024-06-05,KZT,False,0.375,0.6,wf_2024,catboost_abc,5
2024-06-06,KZT,False,0.375,0.6,wf_2024,catboost_abc,5
2024-06-07,KZT,False,0.375,0.6,wf_2024,catboost_abc,5
2024-06-08,KZT,False,0.375,0.6,wf_2024,catboost_abc,5
2024-06-11,KZT,False,0.375,0.6,wf_2024,catboost_abc,5
2024-06-12,KZT,False,0.375,0.6,wf_2024,catboost_abc,5
2024-06-14,KZT,False,0.375,0.6,wf_2024,catboost_abc,5
2024-06-15,KZT,False,0.375,0.6,wf_2024,catboost_abc,5
2024-06-18,KZT,False,0.375,0.6,wf_2024,catboost_abc,5
2024-06-19,KZT,False,0.375,0.6,wf_2024,catboost_abc,5
2024-06-20,KZT,False,0.375,0.6,wf_2024,catboost_abc,5
2024-06-21,KZT,False,0.375,0.6,wf_2024,catboost_abc,5
2024-06-22,KZT,False,0.375,0.6,wf_2024,catboost_abc,5
2024-06-25,KZT,False,0.375,0.6,wf_2024,catboost_abc,5
2024-06-26,KZT,False,0.375,0.6,wf_2024,catboost_abc,5
2024-06-27,KZT,False,0.375,0.6,wf_2024,catboost_abc,5
2024-06-28,KZT,False,0.375,0.6,wf_2024,catboost_abc,5
2024-06-29,KZT,False,0.375,0.6,wf_2024,catboost_abc,5
2024-07-02,KZT,False,0.375,0.6,wf_2024,catboost_abc,5
2024-07-03,KZT,False,0.375,0.6,wf_2024,catboost_abc,5
2024-07-04,KZT,False,0.375,0.6,wf_2024,catboost_abc,5
2024-07-05,KZT,False,0.375,0.6,wf_2024,catboost_abc,5
2024-07-06,KZT,False,0.375,0.6,wf_2024,catboost_abc,5
2024-07-09,KZT,False,0.375,0.6,wf_2024,catboost_abc,5
2024-07-10,KZT,False,0.375,0.6,wf_2024,catboost_abc,5
2024-07-11,KZT,False,0.37987987987987987,0.6,wf_2024,catboost_abc,5
2024-07-12,KZT,False,0.37987987987987987,0.6,wf_2024,catboost_abc,5
2024-07-13,KZT,False,0.37987987987987987,0.6,wf_2024,catboost_abc,5
2024-07-16,KZT,False,0.37987987987987987,0.6,wf_2024,catboost_abc,5
2024-07-17,KZT,False,0.37987987987987987,0.6,wf_2024,catboost_abc,5
2024-07-18,KZT,False,0.375,0.6,wf_2024,catboost_abc,5
2024-07-19,KZT,False,0.375,0.6,wf_2024,catboost_abc,5
2024-07-20,KZT,False,0.375,0.6,wf_2024,catboost_abc,5
2024-07-23,KZT,False,0.375,0.6,wf_2024,catboost_abc,5
2024-07-24,KZT,False,0.375,0.6,wf_2024,catboost_abc,5
2024-07-25,KZT,False,0.375,0.6,wf_2024,catboost_abc,5
2024-07-26,KZT,False,0.375,0.6,wf_2024,catboost_abc,5
2024-07-27,KZT,False,0.375,0.6,wf_2024,catboost_abc,5
2024-07-30,KZT,False,0.375,0.6,wf_2024,catboost_abc,5
2024-07-31,KZT,False,0.375,0.6,wf_2024,catboost_abc,5
2024-08-01,KZT,False,0.375,0.6,wf_2024,catboost_abc,5
2024-08-02,KZT,False,0.375,0.6,wf_2024,catboost_abc,5
2024-08-03,KZT,False,0.375,0.6,wf_2024,catboost_abc,5
2024-08-06,KZT,False,0.375,0.6,wf_2024,catboost_abc,5
2024-08-07,KZT,False,0.375,0.6,wf_2024,catboost_abc,5
2024-08-08,KZT,False,0.375,0.6,wf_2024,catboost_abc,5
2024-08-09,KZT,False,0.375,0.6,wf_2024,catboost_abc,5
2024-08-10,KZT,False,0.375,0.6,wf_2024,catboost_abc,5
2024-08-13,KZT,False,0.375,0.6,wf_2024,catboost_abc,5
2024-08-14,KZT,False,0.375,0.6,wf_2024,catboost_abc,5
2024-08-15,KZT,False,0.375,0.6,wf_2024,catboost_abc,5
2024-08-16,KZT,False,0.375,0.6,wf_2024,catboost_abc,5
2024-08-17,KZT,False,0.375,0.6,wf_2024,catboost_abc,5
2024-08-20,KZT,False,0.375,0.6,wf_2024,catboost_abc,5
2024-08-21,KZT,False,0.375,0.6,wf_2024,catboost_abc,5
2024-08-22,KZT,False,0.375,0.6,wf_2024,catboost_abc,5
2024-08-23,KZT,False,0.375,0.6,wf_2024,catboost_abc,5
2024-08-24,KZT,False,0.375,0.6,wf_2024,catboost_abc,5
2024-08-27,KZT,False,0.375,0.6,wf_2024,catboost_abc,5
2024-08-28,KZT,False,0.37987987987987987,0.6,wf_2024,catboost_abc,5
2024-08-29,KZT,False,0.37987987987987987,0.6,wf_2024,catboost_abc,5
2024-08-30,KZT,False,0.37987987987987987,0.6,wf_2024,catboost_abc,5
2024-08-31,KZT,False,0.37987987987987987,0.6,wf_2024,catboost_abc,5
2024-09-03,KZT,False,0.37987987987987987,0.6,wf_2024,catboost_abc,5
2024-09-04,KZT,False,0.37987987987987987,0.6,wf_2024,catboost_abc,5
2024-09-05,KZT,False,0.37987987987987987,0.6,wf_2024,catboost_abc,5
2024-09-06,KZT,False,0.375,0.6,wf_2024,catboost_abc,5
2024-09-07,KZT,False,0.375,0.6,wf_2024,catboost_abc,5
2024-09-10,KZT,False,0.375,0.6,wf_2024,catboost_abc,5
2024-09-11,KZT,False,0.375,0.6,wf_2024,catboost_abc,5
2024-09-12,KZT,False,0.375,0.6,wf_2024,catboost_abc,5
2024-09-13,KZT,False,0.375,0.6,wf_2024,catboost_abc,5
2024-09-14,KZT,False,0.375,0.6,wf_2024,catboost_abc,5
2024-09-17,KZT,False,0.375,0.6,wf_2024,catboost_abc,5
2024-09-18,KZT,False,0.375,0.6,wf_2024,catboost_abc,5
2024-09-19,KZT,False,0.375,0.6,wf_2024,catboost_abc,5
2024-09-20,KZT,False,0.375,0.6,wf_2024,catboost_abc,5
2024-09-21,KZT,False,0.375,0.6,wf_2024,catboost_abc,5
2024-09-24,KZT,False,0.375,0.6,wf_2024,catboost_abc,5
2024-09-25,KZT,False,0.37987987987987987,0.6,wf_2024,catboost_abc,5
2024-09-26,KZT,False,0.37987987987987987,0.6,wf_2024,catboost_abc,5
2024-09-27,KZT,False,0.37987987987987987,0.6,wf_2024,catboost_abc,5
2024-09-28,KZT,False,0.37987987987987987,0.6,wf_2024,catboost_abc,5
2024-10-01,KZT,False,0.37987987987987987,0.6,wf_2024,catboost_abc,5
2024-10-02,KZT,False,0.37987987987987987,0.6,wf_2024,catboost_abc,5
2024-10-03,KZT,False,0.37987987987987987,0.6,wf_2024,catboost_abc,5
2024-10-04,KZT,False,0.37987987987987987,0.6,wf_2024,catboost_abc,5
2024-10-05,KZT,False,0.37987987987987987,0.6,wf_2024,catboost_abc,5
2024-10-08,KZT,False,0.37987987987987987,0.6,wf_2024,catboost_abc,5
2024-10-09,KZT,False,0.37987987987987987,0.6,wf_2024,catboost_abc,5
2024-10-10,KZT,False,0.37987987987987987,0.6,wf_2024,catboost_abc,5
2024-10-11,KZT,False,0.37987987987987987,0.6,wf_2024,catboost_abc,5
2024-10-12,KZT,False,0.37987987987987987,0.6,wf_2024,catboost_abc,5
2024-10-15,KZT,False,0.37987987987987987,0.6,wf_2024,catboost_abc,5
2024-10-16,KZT,False,0.37987987987987987,0.6,wf_2024,catboost_abc,5
2024-10-17,KZT,False,0.37987987987987987,0.6,wf_2024,catboost_abc,5
2024-10-18,KZT,False,0.37987987987987987,0.6,wf_2024,catboost_abc,5
2024-10-19,KZT,False,0.37987987987987987,0.6,wf_2024,catboost_abc,5
2024-10-22,KZT,False,0.37987987987987987,0.6,wf_2024,catboost_abc,5
2024-10-23,KZT,False,0.37987987987987987,0.6,wf_2024,catboost_abc,5
2024-10-24,KZT,False,0.37987987987987987,0.6,wf_2024,catboost_abc,5
2024-10-25,KZT,False,0.37987987987987987,0.6,wf_2024,catboost_abc,5
2024-10-26,KZT,False,0.37987987987987987,0.6,wf_2024,catboost_abc,5
2024-10-29,KZT,False,0.37987987987987987,0.6,wf_2024,catboost_abc,5
2024-10-30,KZT,False,0.375,0.6,wf_2024,catboost_abc,5
2024-10-31,KZT,False,0.375,0.6,wf_2024,catboost_abc,5
2024-11-01,KZT,False,0.375,0.6,wf_2024,catboost_abc,5
2024-11-02,KZT,False,0.37987987987987987,0.6,wf_2024,catboost_abc,5
2024-11-03,KZT,False,0.37987987987987987,0.6,wf_2024,catboost_abc,5
2024-11-06,KZT,False,0.37987987987987987,0.6,wf_2024,catboost_abc,5
2024-11-07,KZT,False,0.37987987987987987,0.6,wf_2024,catboost_abc,5
2024-11-08,KZT,False,0.37987987987987987,0.6,wf_2024,catboost_abc,5
2024-11-09,KZT,False,0.37987987987987987,0.6,wf_2024,catboost_abc,5
2024-11-12,KZT,False,0.375,0.6,wf_2024,catboost_abc,5
2024-11-13,KZT,False,0.375,0.6,wf_2024,catboost_abc,5
2024-11-14,KZT,False,0.375,0.6,wf_2024,catboost_abc,5
2024-11-15,KZT,False,0.375,0.6,wf_2024,catboost_abc,5
2024-11-16,KZT,False,0.375,0.6,wf_2024,catboost_abc,5
2024-11-19,KZT,False,0.375,0.6,wf_2024,catboost_abc,5
2024-11-20,KZT,False,0.375,0.6,wf_2024,catboost_abc,5
2024-11-21,KZT,False,0.37987987987987987,0.6,wf_2024,catboost_abc,5
2024-11-22,KZT,False,0.37987987987987987,0.6,wf_2024,catboost_abc,5
2024-11-23,KZT,False,0.37987987987987987,0.6,wf_2024,catboost_abc,5
2024-11-26,KZT,False,0.37987987987987987,0.6,wf_2024,catboost_abc,5
2024-11-27,KZT,False,0.37987987987987987,0.6,wf_2024,catboost_abc,5
2024-11-28,KZT,False,0.37987987987987987,0.6,wf_2024,catboost_abc,5
2024-11-29,KZT,False,0.375,0.6,wf_2024,catboost_abc,5
2024-11-30,KZT,False,0.375,0.6,wf_2024,catboost_abc,5
2024-12-03,KZT,False,0.375,0.6,wf_2024,catboost_abc,5
2024-12-04,KZT,False,0.375,0.6,wf_2024,catboost_abc,5
2024-12-05,KZT,False,0.37987987987987987,0.6,wf_2024,catboost_abc,5
2024-12-06,KZT,False,0.375,0.6,wf_2024,catboost_abc,5
2024-12-07,KZT,False,0.375,0.6,wf_2024,catboost_abc,5
2024-12-10,KZT,False,0.375,0.6,wf_2024,catboost_abc,5
2024-12-11,KZT,False,0.375,0.6,wf_2024,catboost_abc,5
2024-12-12,KZT,False,0.375,0.6,wf_2024,catboost_abc,5
2024-12-13,KZT,False,0.375,0.6,wf_2024,catboost_abc,5
2024-12-14,KZT,False,0.375,0.6,wf_2024,catboost_abc,5
2024-12-17,KZT,False,0.375,0.6,wf_2024,catboost_abc,5
2024-12-18,KZT,False,0.375,0.6,wf_2024,catboost_abc,5
2024-12-19,KZT,False,0.375,0.6,wf_2024,catboost_abc,5
2024-12-20,KZT,False,0.375,0.6,wf_2024,catboost_abc,5
2024-12-21,KZT,False,0.375,0.6,wf_2024,catboost_abc,5
2024-12-24,KZT,False,0.375,0.6,wf_2024,catboost_abc,5
2024-12-25,KZT,False,0.375,0.6,wf_2024,catboost_abc,5
2024-12-26,KZT,False,0.375,0.6,wf_2024,catboost_abc,5
2024-12-27,KZT,False,0.375,0.6,wf_2024,catboost_abc,5
2024-12-28,KZT,False,0.37987987987987987,0.6,wf_2024,catboost_abc,5
2024-12-29,KZT,False,0.37987987987987987,0.6,wf_2024,catboost_abc,5
2024-01-10,TJS,False,0.375,0.6,wf_2024,catboost_abc,5
2024-01-11,TJS,False,0.375,0.6,wf_2024,catboost_abc,5
2024-01-12,TJS,False,0.375,0.6,wf_2024,catboost_abc,5
2024-01-13,TJS,False,0.375,0.6,wf_2024,catboost_abc,5
2024-01-16,TJS,False,0.375,0.6,wf_2024,catboost_abc,5
2024-01-17,TJS,False,0.375,0.6,wf_2024,catboost_abc,5
2024-01-18,TJS,False,0.375,0.6,wf_2024,catboost_abc,5
2024-01-19,TJS,False,0.375,0.6,wf_2024,catboost_abc,5
2024-01-20,TJS,False,0.375,0.6,wf_2024,catboost_abc,5
2024-01-23,TJS,False,0.375,0.6,wf_2024,catboost_abc,5
2024-01-24,TJS,False,0.375,0.6,wf_2024,catboost_abc,5
2024-01-25,TJS,False,0.375,0.6,wf_2024,catboost_abc,5
2024-01-26,TJS,False,0.375,0.6,wf_2024,catboost_abc,5
2024-01-27,TJS,False,0.375,0.6,wf_2024,catboost_abc,5
2024-01-30,TJS,False,0.375,0.6,wf_2024,catboost_abc,5
2024-01-31,TJS,False,0.375,0.6,wf_2024,catboost_abc,5
2024-02-01,TJS,False,0.375,0.6,wf_2024,catboost_abc,5
2024-02-02,TJS,False,0.375,0.6,wf_2024,catboost_abc,5
2024-02-03,TJS,False,0.375,0.6,wf_2024,catboost_abc,5
2024-02-06,TJS,False,0.375,0.6,wf_2024,catboost_abc,5
2024-02-07,TJS,False,0.37987987987987987,0.6,wf_2024,catboost_abc,5
2024-02-08,TJS,False,0.37987987987987987,0.6,wf_2024,catboost_abc,5
2024-02-09,TJS,False,0.37987987987987987,0.6,wf_2024,catboost_abc,5
2024-02-10,TJS,False,0.37987987987987987,0.6,wf_2024,catboost_abc,5
2024-02-13,TJS,False,0.37987987987987987,0.6,wf_2024,catboost_abc,5
2024-02-14,TJS,False,0.37987987987987987,0.6,wf_2024,catboost_abc,5
2024-02-15,TJS,False,0.37987987987987987,0.6,wf_2024,catboost_abc,5
2024-02-16,TJS,False,0.37987987987987987,0.6,wf_2024,catboost_abc,5
2024-02-17,TJS,False,0.37987987987987987,0.6,wf_2024,catboost_abc,5
2024-02-20,TJS,False,0.37987987987987987,0.6,wf_2024,catboost_abc,5
2024-02-21,TJS,False,0.37987987987987987,0.6,wf_2024,catboost_abc,5
2024-02-22,TJS,False,0.37987987987987987,0.6,wf_2024,catboost_abc,5
2024-02-23,TJS,False,0.37987987987987987,0.6,wf_2024,catboost_abc,5
2024-02-27,TJS,False,0.37987987987987987,0.6,wf_2024,catboost_abc,5
2024-02-28,TJS,False,0.37987987987987987,0.6,wf_2024,catboost_abc,5
2024-02-29,TJS,False,0.37987987987987987,0.6,wf_2024,catboost_abc,5
2024-03-01,TJS,False,0.37987987987987987,0.6,wf_2024,catboost_abc,5
2024-03-02,TJS,False,0.37987987987987987,0.6,wf_2024,catboost_abc,5
2024-03-05,TJS,False,0.37987987987987987,0.6,wf_2024,catboost_abc,5
2024-03-06,TJS,False,0.37987987987987987,0.6,wf_2024,catboost_abc,5
2024-03-07,TJS,False,0.375,0.6,wf_2024,catboost_abc,5
2024-03-08,TJS,False,0.375,0.6,wf_2024,catboost_abc,5
2024-03-12,TJS,False,0.375,0.6,wf_2024,catboost_abc,5
2024-03-13,TJS,False,0.375,0.6,wf_2024,catboost_abc,5
2024-03-14,TJS,False,0.375,0.6,wf_2024,catboost_abc,5
2024-03-15,TJS,False,0.375,0.6,wf_2024,catboost_abc,5
2024-03-16,TJS,False,0.375,0.6,wf_2024,catboost_abc,5
2024-03-19,TJS,False,0.375,0.6,wf_2024,catboost_abc,5
2024-03-20,TJS,False,0.375,0.6,wf_2024,catboost_abc,5
2024-03-21,TJS,False,0.375,0.6,wf_2024,catboost_abc,5
2024-03-22,TJS,False,0.375,0.6,wf_2024,catboost_abc,5
2024-03-23,TJS,False,0.375,0.6,wf_2024,catboost_abc,5
2024-03-26,TJS,False,0.375,0.6,wf_2024,catboost_abc,5
2024-03-27,TJS,False,0.375,0.6,wf_2024,catboost_abc,5
2024-03-28,TJS,False,0.375,0.6,wf_2024,catboost_abc,5
2024-03-29,TJS,False,0.37987987987987987,0.6,wf_2024,catboost_abc,5
2024-03-30,TJS,False,0.37987987987987987,0.6,wf_2024,catboost_abc,5
2024-04-02,TJS,False,0.37987987987987987,0.6,wf_2024,catboost_abc,5
2024-04-03,TJS,False,0.37987987987987987,0.6,wf_2024,catboost_abc,5
2024-04-04,TJS,False,0.37987987987987987,0.6,wf_2024,catboost_abc,5
2024-04-05,TJS,False,0.37987987987987987,0.6,wf_2024,catboost_abc,5
2024-04-06,TJS,False,0.37987987987987987,0.6,wf_2024,catboost_abc,5
2024-04-09,TJS,False,0.37987987987987987,0.6,wf_2024,catboost_abc,5
2024-04-10,TJS,False,0.37987987987987987,0.6,wf_2024,catboost_abc,5
2024-04-11,TJS,False,0.37987987987987987,0.6,wf_2024,catboost_abc,5
2024-04-12,TJS,False,0.37987987987987987,0.6,wf_2024,catboost_abc,5
2024-04-13,TJS,False,0.37987987987987987,0.6,wf_2024,catboost_abc,5
2024-04-16,TJS,False,0.37987987987987987,0.6,wf_2024,catboost_abc,5
2024-04-17,TJS,False,0.37987987987987987,0.6,wf_2024,catboost_abc,5
2024-04-18,TJS,False,0.37987987987987987,0.6,wf_2024,catboost_abc,5
2024-04-19,TJS,False,0.37987987987987987,0.6,wf_2024,catboost_abc,5
2024-04-20,TJS,False,0.37987987987987987,0.6,wf_2024,catboost_abc,5
2024-04-23,TJS,False,0.37987987987987987,0.6,wf_2024,catboost_abc,5
2024-04-24,TJS,False,0.37987987987987987,0.6,wf_2024,catboost_abc,5
2024-04-25,TJS,False,0.37987987987987987,0.6,wf_2024,catboost_abc,5
2024-04-26,TJS,False,0.375,0.6,wf_2024,catboost_abc,5
2024-04-27,TJS,False,0.375,0.6,wf_2024,catboost_abc,5
2024-04-28,TJS,False,0.375,0.6,wf_2024,catboost_abc,5
2024-05-03,TJS,False,0.375,0.6,wf_2024,catboost_abc,5
2024-05-04,TJS,False,0.375,0.6,wf_2024,catboost_abc,5
2024-05-07,TJS,False,0.375,0.6,wf_2024,catboost_abc,5
2024-05-08,TJS,False,0.375,0.6,wf_2024,catboost_abc,5
2024-05-09,TJS,False,0.375,0.6,wf_2024,catboost_abc,5
2024-05-14,TJS,False,0.375,0.6,wf_2024,catboost_abc,5
2024-05-15,TJS,False,0.375,0.6,wf_2024,catboost_abc,5
2024-05-16,TJS,False,0.375,0.6,wf_2024,catboost_abc,5
2024-05-17,TJS,False,0.375,0.6,wf_2024,catboost_abc,5
2024-05-18,TJS,False,0.375,0.6,wf_2024,catboost_abc,5
2024-05-21,TJS,False,0.375,0.6,wf_2024,catboost_abc,5
2024-05-22,TJS,False,0.375,0.6,wf_2024,catboost_abc,5
2024-05-23,TJS,False,0.375,0.6,wf_2024,catboost_abc,5
2024-05-24,TJS,False,0.375,0.6,wf_2024,catboost_abc,5
2024-05-25,TJS,False,0.375,0.6,wf_2024,catboost_abc,5
2024-05-28,TJS,False,0.375,0.6,wf_2024,catboost_abc,5
2024-05-29,TJS,False,0.375,0.6,wf_2024,catboost_abc,5
2024-05-30,TJS,False,0.375,0.6,wf_2024,catboost_abc,5
2024-05-31,TJS,False,0.375,0.6,wf_2024,catboost_abc,5
2024-06-01,TJS,False,0.375,0.6,wf_2024,catboost_abc,5
2024-06-04,TJS,False,0.375,0.6,wf_2024,catboost_abc,5
2024-06-05,TJS,False,0.375,0.6,wf_2024,catboost_abc,5
2024-06-06,TJS,False,0.375,0.6,wf_2024,catboost_abc,5
2024-06-07,TJS,False,0.375,0.6,wf_2024,catboost_abc,5
2024-06-08,TJS,False,0.375,0.6,wf_2024,catboost_abc,5
2024-06-11,TJS,False,0.375,0.6,wf_2024,catboost_abc,5
2024-06-12,TJS,False,0.375,0.6,wf_2024,catboost_abc,5
2024-06-14,TJS,False,0.375,0.6,wf_2024,catboost_abc,5
2024-06-15,TJS,False,0.375,0.6,wf_2024,catboost_abc,5
2024-06-18,TJS,False,0.375,0.6,wf_2024,catboost_abc,5
2024-06-19,TJS,False,0.375,0.6,wf_2024,catboost_abc,5
2024-06-20,TJS,False,0.375,0.6,wf_2024,catboost_abc,5
2024-06-21,TJS,False,0.375,0.6,wf_2024,catboost_abc,5
2024-06-22,TJS,False,0.375,0.6,wf_2024,catboost_abc,5
2024-06-25,TJS,False,0.375,0.6,wf_2024,catboost_abc,5
2024-06-26,TJS,False,0.375,0.6,wf_2024,catboost_abc,5
2024-06-27,TJS,False,0.375,0.6,wf_2024,catboost_abc,5
2024-06-28,TJS,False,0.375,0.6,wf_2024,catboost_abc,5
2024-06-29,TJS,False,0.375,0.6,wf_2024,catboost_abc,5
2024-07-02,TJS,False,0.375,0.6,wf_2024,catboost_abc,5
2024-07-03,TJS,False,0.375,0.6,wf_2024,catboost_abc,5
2024-07-04,TJS,False,0.375,0.6,wf_2024,catboost_abc,5
2024-07-05,TJS,False,0.375,0.6,wf_2024,catboost_abc,5
2024-07-06,TJS,False,0.375,0.6,wf_2024,catboost_abc,5
2024-07-09,TJS,False,0.375,0.6,wf_2024,catboost_abc,5
2024-07-10,TJS,False,0.375,0.6,wf_2024,catboost_abc,5
2024-07-11,TJS,False,0.37987987987987987,0.6,wf_2024,catboost_abc,5
2024-07-12,TJS,False,0.37987987987987987,0.6,wf_2024,catboost_abc,5
2024-07-13,TJS,False,0.37987987987987987,0.6,wf_2024,catboost_abc,5
2024-07-16,TJS,False,0.37987987987987987,0.6,wf_2024,catboost_abc,5
2024-07-17,TJS,False,0.37987987987987987,0.6,wf_2024,catboost_abc,5
2024-07-18,TJS,False,0.375,0.6,wf_2024,catboost_abc,5
2024-07-19,TJS,False,0.37987987987987987,0.6,wf_2024,catboost_abc,5
2024-07-20,TJS,False,0.37987987987987987,0.6,wf_2024,catboost_abc,5
2024-07-23,TJS,False,0.37987987987987987,0.6,wf_2024,catboost_abc,5
2024-07-24,TJS,False,0.37987987987987987,0.6,wf_2024,catboost_abc,5
2024-07-25,TJS,False,0.37987987987987987,0.6,wf_2024,catboost_abc,5
2024-07-26,TJS,False,0.375,0.6,wf_2024,catboost_abc,5
2024-07-27,TJS,False,0.375,0.6,wf_2024,catboost_abc,5
2024-07-30,TJS,False,0.375,0.6,wf_2024,catboost_abc,5
2024-07-31,TJS,False,0.375,0.6,wf_2024,catboost_abc,5
2024-08-01,TJS,False,0.375,0.6,wf_2024,catboost_abc,5
2024-08-02,TJS,False,0.375,0.6,wf_2024,catboost_abc,5
2024-08-03,TJS,False,0.375,0.6,wf_2024,catboost_abc,5
2024-08-06,TJS,False,0.375,0.6,wf_2024,catboost_abc,5
2024-08-07,TJS,False,0.375,0.6,wf_2024,catboost_abc,5
2024-08-08,TJS,False,0.375,0.6,wf_2024,catboost_abc,5
2024-08-09,TJS,False,0.375,0.6,wf_2024,catboost_abc,5
2024-08-10,TJS,False,0.375,0.6,wf_2024,catboost_abc,5
2024-08-13,TJS,False,0.375,0.6,wf_2024,catboost_abc,5
2024-08-14,TJS,False,0.375,0.6,wf_2024,catboost_abc,5
2024-08-15,TJS,False,0.375,0.6,wf_2024,catboost_abc,5
2024-08-16,TJS,False,0.375,0.6,wf_2024,catboost_abc,5
2024-08-17,TJS,False,0.375,0.6,wf_2024,catboost_abc,5
2024-08-20,TJS,False,0.375,0.6,wf_2024,catboost_abc,5
2024-08-21,TJS,False,0.375,0.6,wf_2024,catboost_abc,5
2024-08-22,TJS,False,0.375,0.6,wf_2024,catboost_abc,5
2024-08-23,TJS,False,0.375,0.6,wf_2024,catboost_abc,5
2024-08-24,TJS,False,0.375,0.6,wf_2024,catboost_abc,5
2024-08-27,TJS,False,0.37987987987987987,0.6,wf_2024,catboost_abc,5
2024-08-28,TJS,False,0.37987987987987987,0.6,wf_2024,catboost_abc,5
2024-08-29,TJS,False,0.37987987987987987,0.6,wf_2024,catboost_abc,5
2024-08-30,TJS,False,0.37987987987987987,0.6,wf_2024,catboost_abc,5
2024-08-31,TJS,False,0.37987987987987987,0.6,wf_2024,catboost_abc,5
2024-09-03,TJS,False,0.37987987987987987,0.6,wf_2024,catboost_abc,5
2024-09-04,TJS,False,0.37987987987987987,0.6,wf_2024,catboost_abc,5
2024-09-05,TJS,False,0.37987987987987987,0.6,wf_2024,catboost_abc,5
2024-09-06,TJS,False,0.375,0.6,wf_2024,catboost_abc,5
2024-09-07,TJS,False,0.375,0.6,wf_2024,catboost_abc,5
2024-09-10,TJS,False,0.375,0.6,wf_2024,catboost_abc,5
2024-09-11,TJS,False,0.375,0.6,wf_2024,catboost_abc,5
2024-09-12,TJS,False,0.375,0.6,wf_2024,catboost_abc,5
2024-09-13,TJS,False,0.375,0.6,wf_2024,catboost_abc,5
2024-09-14,TJS,False,0.375,0.6,wf_2024,catboost_abc,5
2024-09-17,TJS,False,0.375,0.6,wf_2024,catboost_abc,5
2024-09-18,TJS,False,0.375,0.6,wf_2024,catboost_abc,5
2024-09-19,TJS,False,0.375,0.6,wf_2024,catboost_abc,5
2024-09-20,TJS,False,0.375,0.6,wf_2024,catboost_abc,5
2024-09-21,TJS,False,0.375,0.6,wf_2024,catboost_abc,5
2024-09-24,TJS,False,0.375,0.6,wf_2024,catboost_abc,5
2024-09-25,TJS,False,0.37987987987987987,0.6,wf_2024,catboost_abc,5
2024-09-26,TJS,False,0.37987987987987987,0.6,wf_2024,catboost_abc,5
2024-09-27,TJS,False,0.37987987987987987,0.6,wf_2024,catboost_abc,5
2024-09-28,TJS,False,0.37987987987987987,0.6,wf_2024,catboost_abc,5
2024-10-01,TJS,False,0.37987987987987987,0.6,wf_2024,catboost_abc,5
2024-10-02,TJS,False,0.37987987987987987,0.6,wf_2024,catboost_abc,5
2024-10-03,TJS,False,0.37987987987987987,0.6,wf_2024,catboost_abc,5
2024-10-04,TJS,False,0.37987987987987987,0.6,wf_2024,catboost_abc,5
2024-10-05,TJS,False,0.37987987987987987,0.6,wf_2024,catboost_abc,5
2024-10-08,TJS,False,0.37987987987987987,0.6,wf_2024,catboost_abc,5
2024-10-09,TJS,False,0.37987987987987987,0.6,wf_2024,catboost_abc,5
2024-10-10,TJS,False,0.37987987987987987,0.6,wf_2024,catboost_abc,5
2024-10-11,TJS,False,0.37987987987987987,0.6,wf_2024,catboost_abc,5
2024-10-12,TJS,False,0.37987987987987987,0.6,wf_2024,catboost_abc,5
2024-10-15,TJS,False,0.37987987987987987,0.6,wf_2024,catboost_abc,5
2024-10-16,TJS,False,0.37987987987987987,0.6,wf_2024,catboost_abc,5
2024-10-17,TJS,False,0.37987987987987987,0.6,wf_2024,catboost_abc,5
2024-10-18,TJS,False,0.37987987987987987,0.6,wf_2024,catboost_abc,5
2024-10-19,TJS,False,0.37987987987987987,0.6,wf_2024,catboost_abc,5
2024-10-22,TJS,False,0.37987987987987987,0.6,wf_2024,catboost_abc,5
2024-10-23,TJS,False,0.37987987987987987,0.6,wf_2024,catboost_abc,5
2024-10-24,TJS,False,0.37987987987987987,0.6,wf_2024,catboost_abc,5
2024-10-25,TJS,False,0.37987987987987987,0.6,wf_2024,catboost_abc,5
2024-10-26,TJS,False,0.37987987987987987,0.6,wf_2024,catboost_abc,5
2024-10-29,TJS,False,0.37987987987987987,0.6,wf_2024,catboost_abc,5
2024-10-30,TJS,False,0.37987987987987987,0.6,wf_2024,catboost_abc,5
2024-10-31,TJS,False,0.37987987987987987,0.6,wf_2024,catboost_abc,5
2024-11-01,TJS,False,0.37987987987987987,0.6,wf_2024,catboost_abc,5
2024-11-02,TJS,False,0.37987987987987987,0.6,wf_2024,catboost_abc,5
2024-11-03,TJS,False,0.37987987987987987,0.6,wf_2024,catboost_abc,5
2024-11-06,TJS,False,0.37987987987987987,0.6,wf_2024,catboost_abc,5
2024-11-07,TJS,False,0.37987987987987987,0.6,wf_2024,catboost_abc,5
2024-11-08,TJS,False,0.37987987987987987,0.6,wf_2024,catboost_abc,5
2024-11-09,TJS,False,0.375,0.6,wf_2024,catboost_abc,5
2024-11-12,TJS,False,0.37987987987987987,0.6,wf_2024,catboost_abc,5
2024-11-13,TJS,False,0.37987987987987987,0.6,wf_2024,catboost_abc,5
2024-11-14,TJS,False,0.37987987987987987,0.6,wf_2024,catboost_abc,5
2024-11-15,TJS,False,0.37987987987987987,0.6,wf_2024,catboost_abc,5
2024-11-16,TJS,False,0.37987987987987987,0.6,wf_2024,catboost_abc,5
2024-11-19,TJS,False,0.37987987987987987,0.6,wf_2024,catboost_abc,5
2024-11-20,TJS,False,0.37987987987987987,0.6,wf_2024,catboost_abc,5
2024-11-21,TJS,False,0.37987987987987987,0.6,wf_2024,catboost_abc,5
2024-11-22,TJS,False,0.37987987987987987,0.6,wf_2024,catboost_abc,5
2024-11-23,TJS,False,0.37987987987987987,0.6,wf_2024,catboost_abc,5
2024-11-26,TJS,False,0.37987987987987987,0.6,wf_2024,catboost_abc,5
2024-11-27,TJS,False,0.37987987987987987,0.6,wf_2024,catboost_abc,5
2024-11-28,TJS,False,0.37987987987987987,0.6,wf_2024,catboost_abc,5
2024-11-29,TJS,False,0.37987987987987987,0.6,wf_2024,catboost_abc,5
2024-11-30,TJS,False,0.37987987987987987,0.6,wf_2024,catboost_abc,5
2024-12-03,TJS,False,0.37987987987987987,0.6,wf_2024,catboost_abc,5
2024-12-04,TJS,False,0.37987987987987987,0.6,wf_2024,catboost_abc,5
2024-12-05,TJS,False,0.37987987987987987,0.6,wf_2024,catboost_abc,5
2024-12-06,TJS,False,0.37987987987987987,0.6,wf_2024,catboost_abc,5
2024-12-07,TJS,False,0.375,0.6,wf_2024,catboost_abc,5
2024-12-10,TJS,False,0.375,0.6,wf_2024,catboost_abc,5
2024-12-11,TJS,False,0.375,0.6,wf_2024,catboost_abc,5
2024-12-12,TJS,False,0.375,0.6,wf_2024,catboost_abc,5
2024-12-13,TJS,False,0.375,0.6,wf_2024,catboost_abc,5
2024-12-14,TJS,False,0.375,0.6,wf_2024,catboost_abc,5
2024-12-17,TJS,False,0.375,0.6,wf_2024,catboost_abc,5
2024-12-18,TJS,False,0.375,0.6,wf_2024,catboost_abc,5
2024-12-19,TJS,False,0.375,0.6,wf_2024,catboost_abc,5
2024-12-20,TJS,False,0.375,0.6,wf_2024,catboost_abc,5
2024-12-21,TJS,False,0.375,0.6,wf_2024,catboost_abc,5
2024-12-24,TJS,False,0.375,0.6,wf_2024,catboost_abc,5
2024-12-25,TJS,False,0.375,0.6,wf_2024,catboost_abc,5
2024-12-26,TJS,False,0.375,0.6,wf_2024,catboost_abc,5
2024-12-27,TJS,False,0.375,0.6,wf_2024,catboost_abc,5
2024-12-28,TJS,False,0.375,0.6,wf_2024,catboost_abc,5
2024-12-29,TJS,False,0.375,0.6,wf_2024,catboost_abc,5
2024-01-10,UZS,False,0.375,0.6,wf_2024,catboost_abc,5
2024-01-11,UZS,False,0.375,0.6,wf_2024,catboost_abc,5
2024-01-12,UZS,False,0.375,0.6,wf_2024,catboost_abc,5
2024-01-13,UZS,False,0.375,0.6,wf_2024,catboost_abc,5
2024-01-16,UZS,False,0.375,0.6,wf_2024,catboost_abc,5
2024-01-17,UZS,False,0.375,0.6,wf_2024,catboost_abc,5
2024-01-18,UZS,False,0.375,0.6,wf_2024,catboost_abc,5
2024-01-19,UZS,False,0.375,0.6,wf_2024,catboost_abc,5
2024-01-20,UZS,False,0.375,0.6,wf_2024,catboost_abc,5
2024-01-23,UZS,False,0.375,0.6,wf_2024,catboost_abc,5
2024-01-24,UZS,False,0.375,0.6,wf_2024,catboost_abc,5
2024-01-25,UZS,False,0.375,0.6,wf_2024,catboost_abc,5
2024-01-26,UZS,False,0.375,0.6,wf_2024,catboost_abc,5
2024-01-27,UZS,False,0.375,0.6,wf_2024,catboost_abc,5
2024-01-30,UZS,False,0.375,0.6,wf_2024,catboost_abc,5
2024-01-31,UZS,False,0.375,0.6,wf_2024,catboost_abc,5
2024-02-01,UZS,False,0.375,0.6,wf_2024,catboost_abc,5
2024-02-02,UZS,False,0.375,0.6,wf_2024,catboost_abc,5
2024-02-03,UZS,False,0.375,0.6,wf_2024,catboost_abc,5
2024-02-06,UZS,False,0.375,0.6,wf_2024,catboost_abc,5
2024-02-07,UZS,False,0.37987987987987987,0.6,wf_2024,catboost_abc,5
2024-02-08,UZS,False,0.37987987987987987,0.6,wf_2024,catboost_abc,5
2024-02-09,UZS,False,0.37987987987987987,0.6,wf_2024,catboost_abc,5
2024-02-10,UZS,False,0.37987987987987987,0.6,wf_2024,catboost_abc,5
2024-02-13,UZS,False,0.37987987987987987,0.6,wf_2024,catboost_abc,5
2024-02-14,UZS,False,0.37987987987987987,0.6,wf_2024,catboost_abc,5
2024-02-15,UZS,False,0.37987987987987987,0.6,wf_2024,catboost_abc,5
2024-02-16,UZS,False,0.37987987987987987,0.6,wf_2024,catboost_abc,5
2024-02-17,UZS,False,0.37987987987987987,0.6,wf_2024,catboost_abc,5
2024-02-20,UZS,False,0.37987987987987987,0.6,wf_2024,catboost_abc,5
2024-02-21,UZS,False,0.37987987987987987,0.6,wf_2024,catboost_abc,5
2024-02-22,UZS,False,0.37987987987987987,0.6,wf_2024,catboost_abc,5
2024-02-23,UZS,False,0.37987987987987987,0.6,wf_2024,catboost_abc,5
2024-02-27,UZS,False,0.37987987987987987,0.6,wf_2024,catboost_abc,5
2024-02-28,UZS,False,0.37987987987987987,0.6,wf_2024,catboost_abc,5
2024-02-29,UZS,False,0.37987987987987987,0.6,wf_2024,catboost_abc,5
2024-03-01,UZS,False,0.37987987987987987,0.6,wf_2024,catboost_abc,5
2024-03-02,UZS,False,0.37987987987987987,0.6,wf_2024,catboost_abc,5
2024-03-05,UZS,False,0.37987987987987987,0.6,wf_2024,catboost_abc,5
2024-03-06,UZS,False,0.37987987987987987,0.6,wf_2024,catboost_abc,5
2024-03-07,UZS,False,0.375,0.6,wf_2024,catboost_abc,5
2024-03-08,UZS,False,0.375,0.6,wf_2024,catboost_abc,5
2024-03-12,UZS,False,0.375,0.6,wf_2024,catboost_abc,5
2024-03-13,UZS,False,0.375,0.6,wf_2024,catboost_abc,5
2024-03-14,UZS,False,0.375,0.6,wf_2024,catboost_abc,5
2024-03-15,UZS,False,0.375,0.6,wf_2024,catboost_abc,5
2024-03-16,UZS,False,0.375,0.6,wf_2024,catboost_abc,5
2024-03-19,UZS,False,0.375,0.6,wf_2024,catboost_abc,5
2024-03-20,UZS,False,0.375,0.6,wf_2024,catboost_abc,5
2024-03-21,UZS,False,0.375,0.6,wf_2024,catboost_abc,5
2024-03-22,UZS,False,0.375,0.6,wf_2024,catboost_abc,5
2024-03-23,UZS,False,0.375,0.6,wf_2024,catboost_abc,5
2024-03-26,UZS,False,0.375,0.6,wf_2024,catboost_abc,5
2024-03-27,UZS,False,0.375,0.6,wf_2024,catboost_abc,5
2024-03-28,UZS,False,0.375,0.6,wf_2024,catboost_abc,5
2024-03-29,UZS,False,0.37987987987987987,0.6,wf_2024,catboost_abc,5
2024-03-30,UZS,False,0.37987987987987987,0.6,wf_2024,catboost_abc,5
2024-04-02,UZS,False,0.37987987987987987,0.6,wf_2024,catboost_abc,5
2024-04-03,UZS,False,0.37987987987987987,0.6,wf_2024,catboost_abc,5
2024-04-04,UZS,False,0.37987987987987987,0.6,wf_2024,catboost_abc,5
2024-04-05,UZS,False,0.37987987987987987,0.6,wf_2024,catboost_abc,5
2024-04-06,UZS,False,0.37987987987987987,0.6,wf_2024,catboost_abc,5
2024-04-09,UZS,False,0.37987987987987987,0.6,wf_2024,catboost_abc,5
2024-04-10,UZS,False,0.375,0.6,wf_2024,catboost_abc,5
2024-04-11,UZS,False,0.375,0.6,wf_2024,catboost_abc,5
2024-04-12,UZS,False,0.375,0.6,wf_2024,catboost_abc,5
2024-04-13,UZS,False,0.375,0.6,wf_2024,catboost_abc,5
2024-04-16,UZS,False,0.375,0.6,wf_2024,catboost_abc,5
2024-04-17,UZS,False,0.375,0.6,wf_2024,catboost_abc,5
2024-04-18,UZS,False,0.375,0.6,wf_2024,catboost_abc,5
2024-04-19,UZS,False,0.375,0.6,wf_2024,catboost_abc,5
2024-04-20,UZS,False,0.375,0.6,wf_2024,catboost_abc,5
2024-04-23,UZS,False,0.375,0.6,wf_2024,catboost_abc,5
2024-04-24,UZS,False,0.375,0.6,wf_2024,catboost_abc,5
2024-04-25,UZS,False,0.375,0.6,wf_2024,catboost_abc,5
2024-04-26,UZS,False,0.375,0.6,wf_2024,catboost_abc,5
2024-04-27,UZS,False,0.375,0.6,wf_2024,catboost_abc,5
2024-04-28,UZS,False,0.375,0.6,wf_2024,catboost_abc,5
2024-05-03,UZS,False,0.375,0.6,wf_2024,catboost_abc,5
2024-05-04,UZS,False,0.375,0.6,wf_2024,catboost_abc,5
2024-05-07,UZS,False,0.375,0.6,wf_2024,catboost_abc,5
2024-05-08,UZS,False,0.375,0.6,wf_2024,catboost_abc,5
2024-05-09,UZS,False,0.375,0.6,wf_2024,catboost_abc,5
2024-05-14,UZS,False,0.375,0.6,wf_2024,catboost_abc,5
2024-05-15,UZS,False,0.375,0.6,wf_2024,catboost_abc,5
2024-05-16,UZS,False,0.375,0.6,wf_2024,catboost_abc,5
2024-05-17,UZS,False,0.375,0.6,wf_2024,catboost_abc,5
2024-05-18,UZS,False,0.375,0.6,wf_2024,catboost_abc,5
2024-05-21,UZS,False,0.375,0.6,wf_2024,catboost_abc,5
2024-05-22,UZS,False,0.375,0.6,wf_2024,catboost_abc,5
2024-05-23,UZS,False,0.375,0.6,wf_2024,catboost_abc,5
2024-05-24,UZS,False,0.375,0.6,wf_2024,catboost_abc,5
2024-05-25,UZS,False,0.375,0.6,wf_2024,catboost_abc,5
2024-05-28,UZS,False,0.375,0.6,wf_2024,catboost_abc,5
2024-05-29,UZS,False,0.375,0.6,wf_2024,catboost_abc,5
2024-05-30,UZS,False,0.375,0.6,wf_2024,catboost_abc,5
2024-05-31,UZS,False,0.375,0.6,wf_2024,catboost_abc,5
2024-06-01,UZS,False,0.375,0.6,wf_2024,catboost_abc,5
2024-06-04,UZS,False,0.375,0.6,wf_2024,catboost_abc,5
2024-06-05,UZS,False,0.375,0.6,wf_2024,catboost_abc,5
2024-06-06,UZS,False,0.375,0.6,wf_2024,catboost_abc,5
2024-06-07,UZS,False,0.375,0.6,wf_2024,catboost_abc,5
2024-06-08,UZS,False,0.375,0.6,wf_2024,catboost_abc,5
2024-06-11,UZS,False,0.375,0.6,wf_2024,catboost_abc,5
2024-06-12,UZS,False,0.375,0.6,wf_2024,catboost_abc,5
2024-06-14,UZS,False,0.375,0.6,wf_2024,catboost_abc,5
2024-06-15,UZS,False,0.375,0.6,wf_2024,catboost_abc,5
2024-06-18,UZS,False,0.375,0.6,wf_2024,catboost_abc,5
2024-06-19,UZS,False,0.375,0.6,wf_2024,catboost_abc,5
2024-06-20,UZS,False,0.375,0.6,wf_2024,catboost_abc,5
2024-06-21,UZS,False,0.375,0.6,wf_2024,catboost_abc,5
2024-06-22,UZS,False,0.375,0.6,wf_2024,catboost_abc,5
2024-06-25,UZS,False,0.375,0.6,wf_2024,catboost_abc,5
2024-06-26,UZS,False,0.375,0.6,wf_2024,catboost_abc,5
2024-06-27,UZS,False,0.375,0.6,wf_2024,catboost_abc,5
2024-06-28,UZS,False,0.375,0.6,wf_2024,catboost_abc,5
2024-06-29,UZS,False,0.375,0.6,wf_2024,catboost_abc,5
2024-07-02,UZS,False,0.375,0.6,wf_2024,catboost_abc,5
2024-07-03,UZS,False,0.375,0.6,wf_2024,catboost_abc,5
2024-07-04,UZS,False,0.375,0.6,wf_2024,catboost_abc,5
2024-07-05,UZS,False,0.375,0.6,wf_2024,catboost_abc,5
2024-07-06,UZS,False,0.375,0.6,wf_2024,catboost_abc,5
2024-07-09,UZS,False,0.375,0.6,wf_2024,catboost_abc,5
2024-07-10,UZS,False,0.375,0.6,wf_2024,catboost_abc,5
2024-07-11,UZS,False,0.37987987987987987,0.6,wf_2024,catboost_abc,5
2024-07-12,UZS,False,0.37987987987987987,0.6,wf_2024,catboost_abc,5
2024-07-13,UZS,False,0.37987987987987987,0.6,wf_2024,catboost_abc,5
2024-07-16,UZS,False,0.37987987987987987,0.6,wf_2024,catboost_abc,5
2024-07-17,UZS,False,0.37987987987987987,0.6,wf_2024,catboost_abc,5
2024-07-18,UZS,False,0.375,0.6,wf_2024,catboost_abc,5
2024-07-19,UZS,False,0.37987987987987987,0.6,wf_2024,catboost_abc,5
2024-07-20,UZS,False,0.37987987987987987,0.6,wf_2024,catboost_abc,5
2024-07-23,UZS,False,0.37987987987987987,0.6,wf_2024,catboost_abc,5
2024-07-24,UZS,False,0.37987987987987987,0.6,wf_2024,catboost_abc,5
2024-07-25,UZS,False,0.37987987987987987,0.6,wf_2024,catboost_abc,5
2024-07-26,UZS,False,0.375,0.6,wf_2024,catboost_abc,5
2024-07-27,UZS,False,0.375,0.6,wf_2024,catboost_abc,5
2024-07-30,UZS,False,0.375,0.6,wf_2024,catboost_abc,5
2024-07-31,UZS,False,0.375,0.6,wf_2024,catboost_abc,5
2024-08-01,UZS,False,0.375,0.6,wf_2024,catboost_abc,5
2024-08-02,UZS,False,0.375,0.6,wf_2024,catboost_abc,5
2024-08-03,UZS,False,0.375,0.6,wf_2024,catboost_abc,5
2024-08-06,UZS,False,0.375,0.6,wf_2024,catboost_abc,5
2024-08-07,UZS,False,0.375,0.6,wf_2024,catboost_abc,5
2024-08-08,UZS,False,0.375,0.6,wf_2024,catboost_abc,5
2024-08-09,UZS,False,0.375,0.6,wf_2024,catboost_abc,5
2024-08-10,UZS,False,0.375,0.6,wf_2024,catboost_abc,5
2024-08-13,UZS,False,0.375,0.6,wf_2024,catboost_abc,5
2024-08-14,UZS,False,0.375,0.6,wf_2024,catboost_abc,5
2024-08-15,UZS,False,0.375,0.6,wf_2024,catboost_abc,5
2024-08-16,UZS,False,0.375,0.6,wf_2024,catboost_abc,5
2024-08-17,UZS,False,0.375,0.6,wf_2024,catboost_abc,5
2024-08-20,UZS,False,0.375,0.6,wf_2024,catboost_abc,5
2024-08-21,UZS,False,0.375,0.6,wf_2024,catboost_abc,5
2024-08-22,UZS,False,0.375,0.6,wf_2024,catboost_abc,5
2024-08-23,UZS,False,0.375,0.6,wf_2024,catboost_abc,5
2024-08-24,UZS,False,0.375,0.6,wf_2024,catboost_abc,5
2024-08-27,UZS,False,0.37987987987987987,0.6,wf_2024,catboost_abc,5
2024-08-28,UZS,False,0.37987987987987987,0.6,wf_2024,catboost_abc,5
2024-08-29,UZS,False,0.37987987987987987,0.6,wf_2024,catboost_abc,5
2024-08-30,UZS,False,0.37987987987987987,0.6,wf_2024,catboost_abc,5
2024-08-31,UZS,False,0.37987987987987987,0.6,wf_2024,catboost_abc,5
2024-09-03,UZS,False,0.37987987987987987,0.6,wf_2024,catboost_abc,5
2024-09-04,UZS,False,0.37987987987987987,0.6,wf_2024,catboost_abc,5
2024-09-05,UZS,False,0.37987987987987987,0.6,wf_2024,catboost_abc,5
2024-09-06,UZS,False,0.37987987987987987,0.6,wf_2024,catboost_abc,5
2024-09-07,UZS,False,0.375,0.6,wf_2024,catboost_abc,5
2024-09-10,UZS,False,0.375,0.6,wf_2024,catboost_abc,5
2024-09-11,UZS,False,0.375,0.6,wf_2024,catboost_abc,5
2024-09-12,UZS,False,0.375,0.6,wf_2024,catboost_abc,5
2024-09-13,UZS,False,0.375,0.6,wf_2024,catboost_abc,5
2024-09-14,UZS,False,0.375,0.6,wf_2024,catboost_abc,5
2024-09-17,UZS,False,0.375,0.6,wf_2024,catboost_abc,5
2024-09-18,UZS,False,0.375,0.6,wf_2024,catboost_abc,5
2024-09-19,UZS,False,0.375,0.6,wf_2024,catboost_abc,5
2024-09-20,UZS,False,0.375,0.6,wf_2024,catboost_abc,5
2024-09-21,UZS,False,0.375,0.6,wf_2024,catboost_abc,5
2024-09-24,UZS,False,0.375,0.6,wf_2024,catboost_abc,5
2024-09-25,UZS,False,0.37987987987987987,0.6,wf_2024,catboost_abc,5
2024-09-26,UZS,False,0.37987987987987987,0.6,wf_2024,catboost_abc,5
2024-09-27,UZS,False,0.37987987987987987,0.6,wf_2024,catboost_abc,5
2024-09-28,UZS,False,0.37987987987987987,0.6,wf_2024,catboost_abc,5
2024-10-01,UZS,False,0.37987987987987987,0.6,wf_2024,catboost_abc,5
2024-10-02,UZS,False,0.37987987987987987,0.6,wf_2024,catboost_abc,5
2024-10-03,UZS,False,0.37987987987987987,0.6,wf_2024,catboost_abc,5
2024-10-04,UZS,False,0.37987987987987987,0.6,wf_2024,catboost_abc,5
2024-10-05,UZS,False,0.37987987987987987,0.6,wf_2024,catboost_abc,5
2024-10-08,UZS,False,0.37987987987987987,0.6,wf_2024,catboost_abc,5
2024-10-09,UZS,False,0.37987987987987987,0.6,wf_2024,catboost_abc,5
2024-10-10,UZS,False,0.37987987987987987,0.6,wf_2024,catboost_abc,5
2024-10-11,UZS,False,0.37987987987987987,0.6,wf_2024,catboost_abc,5
2024-10-12,UZS,False,0.37987987987987987,0.6,wf_2024,catboost_abc,5
2024-10-15,UZS,False,0.37987987987987987,0.6,wf_2024,catboost_abc,5
2024-10-16,UZS,False,0.37987987987987987,0.6,wf_2024,catboost_abc,5
2024-10-17,UZS,False,0.375,0.6,wf_2024,catboost_abc,5
2024-10-18,UZS,False,0.37987987987987987,0.6,wf_2024,catboost_abc,5
2024-10-19,UZS,False,0.37987987987987987,0.6,wf_2024,catboost_abc,5
2024-10-22,UZS,False,0.37987987987987987,0.6,wf_2024,catboost_abc,5
2024-10-23,UZS,False,0.37987987987987987,0.6,wf_2024,catboost_abc,5
2024-10-24,UZS,False,0.37987987987987987,0.6,wf_2024,catboost_abc,5
2024-10-25,UZS,False,0.37987987987987987,0.6,wf_2024,catboost_abc,5
2024-10-26,UZS,False,0.37987987987987987,0.6,wf_2024,catboost_abc,5
2024-10-29,UZS,False,0.37987987987987987,0.6,wf_2024,catboost_abc,5
2024-10-30,UZS,False,0.37987987987987987,0.6,wf_2024,catboost_abc,5
2024-10-31,UZS,False,0.37987987987987987,0.6,wf_2024,catboost_abc,5
2024-11-01,UZS,False,0.37987987987987987,0.6,wf_2024,catboost_abc,5
2024-11-02,UZS,False,0.375,0.6,wf_2024,catboost_abc,5
2024-11-03,UZS,False,0.375,0.6,wf_2024,catboost_abc,5
2024-11-06,UZS,False,0.375,0.6,wf_2024,catboost_abc,5
2024-11-07,UZS,False,0.375,0.6,wf_2024,catboost_abc,5
2024-11-08,UZS,False,0.375,0.6,wf_2024,catboost_abc,5
2024-11-09,UZS,False,0.375,0.6,wf_2024,catboost_abc,5
2024-11-12,UZS,False,0.37987987987987987,0.6,wf_2024,catboost_abc,5
2024-11-13,UZS,False,0.37987987987987987,0.6,wf_2024,catboost_abc,5
2024-11-14,UZS,False,0.37987987987987987,0.6,wf_2024,catboost_abc,5
2024-11-15,UZS,False,0.37987987987987987,0.6,wf_2024,catboost_abc,5
2024-11-16,UZS,False,0.37987987987987987,0.6,wf_2024,catboost_abc,5
2024-11-19,UZS,False,0.37987987987987987,0.6,wf_2024,catboost_abc,5
2024-11-20,UZS,False,0.37987987987987987,0.6,wf_2024,catboost_abc,5
2024-11-21,UZS,False,0.37987987987987987,0.6,wf_2024,catboost_abc,5
2024-11-22,UZS,False,0.37987987987987987,0.6,wf_2024,catboost_abc,5
2024-11-23,UZS,False,0.37987987987987987,0.6,wf_2024,catboost_abc,5
2024-11-26,UZS,False,0.37987987987987987,0.6,wf_2024,catboost_abc,5
2024-11-27,UZS,False,0.37987987987987987,0.6,wf_2024,catboost_abc,5
2024-11-28,UZS,False,0.37987987987987987,0.6,wf_2024,catboost_abc,5
2024-11-29,UZS,False,0.37987987987987987,0.6,wf_2024,catboost_abc,5
2024-11-30,UZS,False,0.37987987987987987,0.6,wf_2024,catboost_abc,5
2024-12-03,UZS,False,0.37987987987987987,0.6,wf_2024,catboost_abc,5
2024-12-04,UZS,False,0.37987987987987987,0.6,wf_2024,catboost_abc,5
2024-12-05,UZS,False,0.37987987987987987,0.6,wf_2024,catboost_abc,5
2024-12-06,UZS,False,0.37987987987987987,0.6,wf_2024,catboost_abc,5
2024-12-07,UZS,False,0.37987987987987987,0.6,wf_2024,catboost_abc,5
2024-12-10,UZS,True,1.0,0.6,wf_2024,catboost_abc,5
2024-12-11,UZS,False,0.37987987987987987,0.6,wf_2024,catboost_abc,5
2024-12-12,UZS,False,0.37987987987987987,0.6,wf_2024,catboost_abc,5
2024-12-13,UZS,False,0.375,0.6,wf_2024,catboost_abc,5
2024-12-14,UZS,False,0.375,0.6,wf_2024,catboost_abc,5
2024-12-17,UZS,False,0.375,0.6,wf_2024,catboost_abc,5
2024-12-18,UZS,False,0.375,0.6,wf_2024,catboost_abc,5
2024-12-19,UZS,False,0.375,0.6,wf_2024,catboost_abc,5
2024-12-20,UZS,False,0.375,0.6,wf_2024,catboost_abc,5
2024-12-21,UZS,False,0.375,0.6,wf_2024,catboost_abc,5
2024-12-24,UZS,False,0.375,0.6,wf_2024,catboost_abc,5
2024-12-25,UZS,False,0.375,0.6,wf_2024,catboost_abc,5
2024-12-26,UZS,False,0.375,0.6,wf_2024,catboost_abc,5
2024-12-27,UZS,False,0.375,0.6,wf_2024,catboost_abc,5
2024-12-28,UZS,False,0.375,0.6,wf_2024,catboost_abc,5
2024-12-29,UZS,False,0.375,0.6,wf_2024,catboost_abc,5
2025-01-10,AMD,False,0.4107883817427386,0.4107883817427386,wf_2025,catboost_abc,5
2025-01-11,AMD,False,0.3340857787810384,0.4107883817427386,wf_2025,catboost_abc,5
2025-01-14,AMD,False,0.4107883817427386,0.4107883817427386,wf_2025,catboost_abc,5
2025-01-15,AMD,False,0.4107883817427386,0.4107883817427386,wf_2025,catboost_abc,5
2025-01-16,AMD,False,0.21825396825396826,0.4107883817427386,wf_2025,catboost_abc,5
2025-01-17,AMD,False,0.21825396825396826,0.4107883817427386,wf_2025,catboost_abc,5
2025-01-18,AMD,False,0.3340857787810384,0.4107883817427386,wf_2025,catboost_abc,5
2025-01-21,AMD,False,0.21825396825396826,0.4107883817427386,wf_2025,catboost_abc,5
2025-01-22,AMD,False,0.21825396825396826,0.4107883817427386,wf_2025,catboost_abc,5
2025-01-23,AMD,False,0.21825396825396826,0.4107883817427386,wf_2025,catboost_abc,5
2025-01-24,AMD,False,0.3340857787810384,0.4107883817427386,wf_2025,catboost_abc,5
2025-01-25,AMD,False,0.21825396825396826,0.4107883817427386,wf_2025,catboost_abc,5
2025-01-28,AMD,False,0.21825396825396826,0.4107883817427386,wf_2025,catboost_abc,5
2025-01-29,AMD,False,0.3340857787810384,0.4107883817427386,wf_2025,catboost_abc,5
2025-01-30,AMD,False,0.3340857787810384,0.4107883817427386,wf_2025,catboost_abc,5
2025-01-31,AMD,False,0.3340857787810384,0.4107883817427386,wf_2025,catboost_abc,5
2025-02-01,AMD,False,0.3340857787810384,0.4107883817427386,wf_2025,catboost_abc,5
2025-02-04,AMD,False,0.3340857787810384,0.4107883817427386,wf_2025,catboost_abc,5
2025-02-05,AMD,False,0.21825396825396826,0.4107883817427386,wf_2025,catboost_abc,5
2025-02-06,AMD,False,0.21825396825396826,0.4107883817427386,wf_2025,catboost_abc,5
2025-02-07,AMD,False,0.21825396825396826,0.4107883817427386,wf_2025,catboost_abc,5
2025-02-08,AMD,False,0.3340857787810384,0.4107883817427386,wf_2025,catboost_abc,5
2025-02-11,AMD,False,0.21825396825396826,0.4107883817427386,wf_2025,catboost_abc,5
2025-02-12,AMD,False,0.21825396825396826,0.4107883817427386,wf_2025,catboost_abc,5
2025-02-13,AMD,False,0.21825396825396826,0.4107883817427386,wf_2025,catboost_abc,5
2025-02-14,AMD,False,0.21825396825396826,0.4107883817427386,wf_2025,catboost_abc,5
2025-02-15,AMD,False,0.21825396825396826,0.4107883817427386,wf_2025,catboost_abc,5
2025-02-18,AMD,False,0.2857142857142857,0.4107883817427386,wf_2025,catboost_abc,5
2025-02-19,AMD,False,0.2857142857142857,0.4107883817427386,wf_2025,catboost_abc,5
2025-02-20,AMD,False,0.21825396825396826,0.4107883817427386,wf_2025,catboost_abc,5
2025-02-21,AMD,False,0.21825396825396826,0.4107883817427386,wf_2025,catboost_abc,5
2025-02-22,AMD,False,0.21825396825396826,0.4107883817427386,wf_2025,catboost_abc,5
2025-02-25,AMD,False,0.2857142857142857,0.4107883817427386,wf_2025,catboost_abc,5
2025-02-26,AMD,False,0.21825396825396826,0.4107883817427386,wf_2025,catboost_abc,5
2025-02-27,AMD,False,0.21825396825396826,0.4107883817427386,wf_2025,catboost_abc,5
2025-02-28,AMD,False,0.3340857787810384,0.4107883817427386,wf_2025,catboost_abc,5
2025-03-01,AMD,False,0.3340857787810384,0.4107883817427386,wf_2025,catboost_abc,5
2025-03-04,AMD,False,0.3340857787810384,0.4107883817427386,wf_2025,catboost_abc,5
2025-03-05,AMD,False,0.3340857787810384,0.4107883817427386,wf_2025,catboost_abc,5
2025-03-06,AMD,False,0.3340857787810384,0.4107883817427386,wf_2025,catboost_abc,5
2025-03-07,AMD,False,0.21825396825396826,0.4107883817427386,wf_2025,catboost_abc,5
2025-03-08,AMD,False,0.21825396825396826,0.4107883817427386,wf_2025,catboost_abc,5
2025-03-11,AMD,False,0.21825396825396826,0.4107883817427386,wf_2025,catboost_abc,5
2025-03-12,AMD,False,0.21825396825396826,0.4107883817427386,wf_2025,catboost_abc,5
2025-03-13,AMD,False,0.21825396825396826,0.4107883817427386,wf_2025,catboost_abc,5
2025-03-14,AMD,False,0.3340857787810384,0.4107883817427386,wf_2025,catboost_abc,5
2025-03-15,AMD,False,0.21825396825396826,0.4107883817427386,wf_2025,catboost_abc,5
2025-03-18,AMD,False,0.21825396825396826,0.4107883817427386,wf_2025,catboost_abc,5
2025-03-19,AMD,False,0.21825396825396826,0.4107883817427386,wf_2025,catboost_abc,5
2025-03-20,AMD,False,0.2857142857142857,0.4107883817427386,wf_2025,catboost_abc,5
2025-03-21,AMD,False,0.3340857787810384,0.4107883817427386,wf_2025,catboost_abc,5
2025-03-22,AMD,False,0.3340857787810384,0.4107883817427386,wf_2025,catboost_abc,5
2025-03-25,AMD,False,0.21825396825396826,0.4107883817427386,wf_2025,catboost_abc,5
2025-03-26,AMD,False,0.3340857787810384,0.4107883817427386,wf_2025,catboost_abc,5
2025-03-27,AMD,False,0.3340857787810384,0.4107883817427386,wf_2025,catboost_abc,5
2025-03-28,AMD,False,0.21825396825396826,0.4107883817427386,wf_2025,catboost_abc,5
2025-03-29,AMD,False,0.3340857787810384,0.4107883817427386,wf_2025,catboost_abc,5
2025-04-01,AMD,False,0.3340857787810384,0.4107883817427386,wf_2025,catboost_abc,5
2025-04-02,AMD,False,0.21825396825396826,0.4107883817427386,wf_2025,catboost_abc,5
2025-04-03,AMD,False,0.21825396825396826,0.4107883817427386,wf_2025,catboost_abc,5
2025-04-04,AMD,False,0.21825396825396826,0.4107883817427386,wf_2025,catboost_abc,5
2025-04-05,AMD,False,0.3340857787810384,0.4107883817427386,wf_2025,catboost_abc,5
2025-04-08,AMD,False,0.3340857787810384,0.4107883817427386,wf_2025,catboost_abc,5
2025-04-09,AMD,False,0.21825396825396826,0.4107883817427386,wf_2025,catboost_abc,5
2025-04-10,AMD,False,0.3340857787810384,0.4107883817427386,wf_2025,catboost_abc,5
2025-04-11,AMD,False,0.21825396825396826,0.4107883817427386,wf_2025,catboost_abc,5
2025-04-12,AMD,False,0.21825396825396826,0.4107883817427386,wf_2025,catboost_abc,5
2025-04-15,AMD,False,0.21825396825396826,0.4107883817427386,wf_2025,catboost_abc,5
2025-04-16,AMD,False,0.21825396825396826,0.4107883817427386,wf_2025,catboost_abc,5
2025-04-17,AMD,False,0.3340857787810384,0.4107883817427386,wf_2025,catboost_abc,5
2025-04-18,AMD,False,0.21825396825396826,0.4107883817427386,wf_2025,catboost_abc,5
2025-04-19,AMD,False,0.21825396825396826,0.4107883817427386,wf_2025,catboost_abc,5
2025-04-22,AMD,False,0.21825396825396826,0.4107883817427386,wf_2025,catboost_abc,5
2025-04-23,AMD,False,0.3340857787810384,0.4107883817427386,wf_2025,catboost_abc,5
2025-04-24,AMD,False,0.3340857787810384,0.4107883817427386,wf_2025,catboost_abc,5
2025-04-25,AMD,False,0.3340857787810384,0.4107883817427386,wf_2025,catboost_abc,5
2025-04-26,AMD,False,0.21825396825396826,0.4107883817427386,wf_2025,catboost_abc,5
2025-04-29,AMD,False,0.3340857787810384,0.4107883817427386,wf_2025,catboost_abc,5
2025-04-30,AMD,False,0.21825396825396826,0.4107883817427386,wf_2025,catboost_abc,5
2025-05-01,AMD,False,0.3340857787810384,0.4107883817427386,wf_2025,catboost_abc,5
2025-05-06,AMD,False,0.3340857787810384,0.4107883817427386,wf_2025,catboost_abc,5
2025-05-07,AMD,False,0.21825396825396826,0.4107883817427386,wf_2025,catboost_abc,5
2025-05-08,AMD,False,0.3340857787810384,0.4107883817427386,wf_2025,catboost_abc,5
2025-05-13,AMD,False,0.3340857787810384,0.4107883817427386,wf_2025,catboost_abc,5
2025-05-14,AMD,False,0.2857142857142857,0.4107883817427386,wf_2025,catboost_abc,5
2025-05-15,AMD,False,0.21825396825396826,0.4107883817427386,wf_2025,catboost_abc,5
2025-05-16,AMD,False,0.3340857787810384,0.4107883817427386,wf_2025,catboost_abc,5
2025-05-17,AMD,False,0.3340857787810384,0.4107883817427386,wf_2025,catboost_abc,5
2025-05-20,AMD,False,0.3340857787810384,0.4107883817427386,wf_2025,catboost_abc,5
2025-05-21,AMD,False,0.3340857787810384,0.4107883817427386,wf_2025,catboost_abc,5
2025-05-22,AMD,False,0.21825396825396826,0.4107883817427386,wf_2025,catboost_abc,5
2025-05-23,AMD,False,0.3340857787810384,0.4107883817427386,wf_2025,catboost_abc,5
2025-05-24,AMD,False,0.3340857787810384,0.4107883817427386,wf_2025,catboost_abc,5
2025-05-27,AMD,False,0.3340857787810384,0.4107883817427386,wf_2025,catboost_abc,5
2025-05-28,AMD,False,0.3340857787810384,0.4107883817427386,wf_2025,catboost_abc,5
2025-05-29,AMD,False,0.3340857787810384,0.4107883817427386,wf_2025,catboost_abc,5
2025-05-30,AMD,False,0.21825396825396826,0.4107883817427386,wf_2025,catboost_abc,5
2025-05-31,AMD,False,0.3340857787810384,0.4107883817427386,wf_2025,catboost_abc,5
2025-06-03,AMD,False,0.3340857787810384,0.4107883817427386,wf_2025,catboost_abc,5
2025-06-04,AMD,False,0.2857142857142857,0.4107883817427386,wf_2025,catboost_abc,5
2025-06-05,AMD,False,0.21825396825396826,0.4107883817427386,wf_2025,catboost_abc,5
2025-06-06,AMD,False,0.3340857787810384,0.4107883817427386,wf_2025,catboost_abc,5
2025-06-07,AMD,False,0.3340857787810384,0.4107883817427386,wf_2025,catboost_abc,5
2025-06-10,AMD,False,0.3340857787810384,0.4107883817427386,wf_2025,catboost_abc,5
2025-06-11,AMD,False,0.21825396825396826,0.4107883817427386,wf_2025,catboost_abc,5
2025-06-12,AMD,False,0.3340857787810384,0.4107883817427386,wf_2025,catboost_abc,5
2025-06-17,AMD,False,0.21825396825396826,0.4107883817427386,wf_2025,catboost_abc,5
2025-06-18,AMD,False,0.3340857787810384,0.4107883817427386,wf_2025,catboost_abc,5
2025-06-19,AMD,False,0.3340857787810384,0.4107883817427386,wf_2025,catboost_abc,5
2025-06-20,AMD,False,0.21825396825396826,0.4107883817427386,wf_2025,catboost_abc,5
2025-06-21,AMD,False,0.3340857787810384,0.4107883817427386,wf_2025,catboost_abc,5
2025-06-24,AMD,False,0.21825396825396826,0.4107883817427386,wf_2025,catboost_abc,5
2025-06-25,AMD,False,0.3340857787810384,0.4107883817427386,wf_2025,catboost_abc,5
2025-06-26,AMD,False,0.3340857787810384,0.4107883817427386,wf_2025,catboost_abc,5
2025-06-27,AMD,False,0.3340857787810384,0.4107883817427386,wf_2025,catboost_abc,5
2025-06-28,AMD,False,0.3340857787810384,0.4107883817427386,wf_2025,catboost_abc,5
2025-07-01,AMD,False,0.3340857787810384,0.4107883817427386,wf_2025,catboost_abc,5
2025-07-02,AMD,False,0.2857142857142857,0.4107883817427386,wf_2025,catboost_abc,5
2025-07-03,AMD,False,0.3340857787810384,0.4107883817427386,wf_2025,catboost_abc,5
2025-07-04,AMD,False,0.3340857787810384,0.4107883817427386,wf_2025,catboost_abc,5
2025-07-05,AMD,False,0.3340857787810384,0.4107883817427386,wf_2025,catboost_abc,5
2025-07-08,AMD,False,0.2857142857142857,0.4107883817427386,wf_2025,catboost_abc,5
2025-07-09,AMD,False,0.21825396825396826,0.4107883817427386,wf_2025,catboost_abc,5
2025-07-10,AMD,False,0.3340857787810384,0.4107883817427386,wf_2025,catboost_abc,5
2025-07-11,AMD,False,0.21825396825396826,0.4107883817427386,wf_2025,catboost_abc,5
2025-07-12,AMD,False,0.21825396825396826,0.4107883817427386,wf_2025,catboost_abc,5
2025-07-15,AMD,False,0.2857142857142857,0.4107883817427386,wf_2025,catboost_abc,5
2025-07-16,AMD,False,0.21825396825396826,0.4107883817427386,wf_2025,catboost_abc,5
2025-07-17,AMD,False,0.2857142857142857,0.4107883817427386,wf_2025,catboost_abc,5
2025-07-18,AMD,False,0.3340857787810384,0.4107883817427386,wf_2025,catboost_abc,5
2025-07-19,AMD,False,0.3340857787810384,0.4107883817427386,wf_2025,catboost_abc,5
2025-07-22,AMD,False,0.3340857787810384,0.4107883817427386,wf_2025,catboost_abc,5
2025-07-23,AMD,False,0.21825396825396826,0.4107883817427386,wf_2025,catboost_abc,5
2025-07-24,AMD,False,0.3340857787810384,0.4107883817427386,wf_2025,catboost_abc,5
2025-07-25,AMD,False,0.3340857787810384,0.4107883817427386,wf_2025,catboost_abc,5
2025-07-26,AMD,False,0.3340857787810384,0.4107883817427386,wf_2025,catboost_abc,5
2025-07-29,AMD,False,0.3340857787810384,0.4107883817427386,wf_2025,catboost_abc,5
2025-07-30,AMD,False,0.4107883817427386,0.4107883817427386,wf_2025,catboost_abc,5
2025-07-31,AMD,False,0.3340857787810384,0.4107883817427386,wf_2025,catboost_abc,5
2025-08-01,AMD,False,0.21825396825396826,0.4107883817427386,wf_2025,catboost_abc,5
2025-08-02,AMD,False,0.4107883817427386,0.4107883817427386,wf_2025,catboost_abc,5
2025-08-05,AMD,False,0.21825396825396826,0.4107883817427386,wf_2025,catboost_abc,5
2025-08-06,AMD,False,0.3340857787810384,0.4107883817427386,wf_2025,catboost_abc,5
2025-08-07,AMD,False,0.3340857787810384,0.4107883817427386,wf_2025,catboost_abc,5
2025-08-08,AMD,False,0.21825396825396826,0.4107883817427386,wf_2025,catboost_abc,5
2025-08-09,AMD,False,0.3340857787810384,0.4107883817427386,wf_2025,catboost_abc,5
2025-08-12,AMD,False,0.3340857787810384,0.4107883817427386,wf_2025,catboost_abc,5
2025-08-13,AMD,False,0.3340857787810384,0.4107883817427386,wf_2025,catboost_abc,5
2025-08-14,AMD,False,0.2857142857142857,0.4107883817427386,wf_2025,catboost_abc,5
2025-08-15,AMD,False,0.3340857787810384,0.4107883817427386,wf_2025,catboost_abc,5
2025-08-16,AMD,False,0.4107883817427386,0.4107883817427386,wf_2025,catboost_abc,5
2025-08-19,AMD,False,0.4107883817427386,0.4107883817427386,wf_2025,catboost_abc,5
2025-08-20,AMD,False,0.4107883817427386,0.4107883817427386,wf_2025,catboost_abc,5
2025-08-21,AMD,False,0.3340857787810384,0.4107883817427386,wf_2025,catboost_abc,5
2025-08-22,AMD,False,0.4107883817427386,0.4107883817427386,wf_2025,catboost_abc,5
2025-08-23,AMD,False,0.4107883817427386,0.4107883817427386,wf_2025,catboost_abc,5
2025-08-26,AMD,False,0.4107883817427386,0.4107883817427386,wf_2025,catboost_abc,5
2025-08-27,AMD,False,0.4107883817427386,0.4107883817427386,wf_2025,catboost_abc,5
2025-08-28,AMD,True,0.4107883817427386,0.4107883817427386,wf_2025,catboost_abc,5
2025-08-29,AMD,False,0.3340857787810384,0.4107883817427386,wf_2025,catboost_abc,5
2025-08-30,AMD,False,0.4107883817427386,0.4107883817427386,wf_2025,catboost_abc,5
2025-01-10,KGS,False,0.4107883817427386,0.4107883817427386,wf_2025,catboost_abc,5
2025-01-11,KGS,False,0.3340857787810384,0.4107883817427386,wf_2025,catboost_abc,5
2025-01-14,KGS,False,0.4107883817427386,0.4107883817427386,wf_2025,catboost_abc,5
2025-01-15,KGS,False,0.4107883817427386,0.4107883817427386,wf_2025,catboost_abc,5
2025-01-16,KGS,False,0.21825396825396826,0.4107883817427386,wf_2025,catboost_abc,5
2025-01-17,KGS,False,0.21825396825396826,0.4107883817427386,wf_2025,catboost_abc,5
2025-01-18,KGS,False,0.4107883817427386,0.4107883817427386,wf_2025,catboost_abc,5
2025-01-21,KGS,False,0.2857142857142857,0.4107883817427386,wf_2025,catboost_abc,5
2025-01-22,KGS,False,0.21825396825396826,0.4107883817427386,wf_2025,catboost_abc,5
2025-01-23,KGS,False,0.21825396825396826,0.4107883817427386,wf_2025,catboost_abc,5
2025-01-24,KGS,False,0.3340857787810384,0.4107883817427386,wf_2025,catboost_abc,5
2025-01-25,KGS,False,0.21825396825396826,0.4107883817427386,wf_2025,catboost_abc,5
2025-01-28,KGS,False,0.21825396825396826,0.4107883817427386,wf_2025,catboost_abc,5
2025-01-29,KGS,False,0.3340857787810384,0.4107883817427386,wf_2025,catboost_abc,5
2025-01-30,KGS,False,0.3340857787810384,0.4107883817427386,wf_2025,catboost_abc,5
2025-01-31,KGS,False,0.3340857787810384,0.4107883817427386,wf_2025,catboost_abc,5
2025-02-01,KGS,False,0.3340857787810384,0.4107883817427386,wf_2025,catboost_abc,5
2025-02-04,KGS,False,0.3340857787810384,0.4107883817427386,wf_2025,catboost_abc,5
2025-02-05,KGS,False,0.21825396825396826,0.4107883817427386,wf_2025,catboost_abc,5
2025-02-06,KGS,False,0.21825396825396826,0.4107883817427386,wf_2025,catboost_abc,5
2025-02-07,KGS,False,0.21825396825396826,0.4107883817427386,wf_2025,catboost_abc,5
2025-02-08,KGS,False,0.3340857787810384,0.4107883817427386,wf_2025,catboost_abc,5
2025-02-11,KGS,False,0.21825396825396826,0.4107883817427386,wf_2025,catboost_abc,5
2025-02-12,KGS,False,0.21825396825396826,0.4107883817427386,wf_2025,catboost_abc,5
2025-02-13,KGS,False,0.21825396825396826,0.4107883817427386,wf_2025,catboost_abc,5
2025-02-14,KGS,False,0.21825396825396826,0.4107883817427386,wf_2025,catboost_abc,5
2025-02-15,KGS,False,0.21825396825396826,0.4107883817427386,wf_2025,catboost_abc,5
2025-02-18,KGS,False,0.2857142857142857,0.4107883817427386,wf_2025,catboost_abc,5
2025-02-19,KGS,False,0.2857142857142857,0.4107883817427386,wf_2025,catboost_abc,5
2025-02-20,KGS,False,0.21825396825396826,0.4107883817427386,wf_2025,catboost_abc,5
2025-02-21,KGS,False,0.21825396825396826,0.4107883817427386,wf_2025,catboost_abc,5
2025-02-22,KGS,False,0.21825396825396826,0.4107883817427386,wf_2025,catboost_abc,5
2025-02-25,KGS,False,0.21825396825396826,0.4107883817427386,wf_2025,catboost_abc,5
2025-02-26,KGS,False,0.21825396825396826,0.4107883817427386,wf_2025,catboost_abc,5
2025-02-27,KGS,False,0.21825396825396826,0.4107883817427386,wf_2025,catboost_abc,5
2025-02-28,KGS,False,0.3340857787810384,0.4107883817427386,wf_2025,catboost_abc,5
2025-03-01,KGS,False,0.3340857787810384,0.4107883817427386,wf_2025,catboost_abc,5
2025-03-04,KGS,False,0.3340857787810384,0.4107883817427386,wf_2025,catboost_abc,5
2025-03-05,KGS,False,0.3340857787810384,0.4107883817427386,wf_2025,catboost_abc,5
2025-03-06,KGS,False,0.3340857787810384,0.4107883817427386,wf_2025,catboost_abc,5
2025-03-07,KGS,False,0.2857142857142857,0.4107883817427386,wf_2025,catboost_abc,5
2025-03-08,KGS,False,0.21825396825396826,0.4107883817427386,wf_2025,catboost_abc,5
2025-03-11,KGS,False,0.21825396825396826,0.4107883817427386,wf_2025,catboost_abc,5
2025-03-12,KGS,False,0.21825396825396826,0.4107883817427386,wf_2025,catboost_abc,5
2025-03-13,KGS,False,0.21825396825396826,0.4107883817427386,wf_2025,catboost_abc,5
2025-03-14,KGS,False,0.3340857787810384,0.4107883817427386,wf_2025,catboost_abc,5
2025-03-15,KGS,False,0.21825396825396826,0.4107883817427386,wf_2025,catboost_abc,5
2025-03-18,KGS,False,0.21825396825396826,0.4107883817427386,wf_2025,catboost_abc,5
2025-03-19,KGS,False,0.21825396825396826,0.4107883817427386,wf_2025,catboost_abc,5
2025-03-20,KGS,False,0.3340857787810384,0.4107883817427386,wf_2025,catboost_abc,5
2025-03-21,KGS,False,0.3340857787810384,0.4107883817427386,wf_2025,catboost_abc,5
2025-03-22,KGS,False,0.3340857787810384,0.4107883817427386,wf_2025,catboost_abc,5
2025-03-25,KGS,False,0.21825396825396826,0.4107883817427386,wf_2025,catboost_abc,5
2025-03-26,KGS,False,0.3340857787810384,0.4107883817427386,wf_2025,catboost_abc,5
2025-03-27,KGS,False,0.3340857787810384,0.4107883817427386,wf_2025,catboost_abc,5
2025-03-28,KGS,False,0.21825396825396826,0.4107883817427386,wf_2025,catboost_abc,5
2025-03-29,KGS,False,0.3340857787810384,0.4107883817427386,wf_2025,catboost_abc,5
2025-04-01,KGS,False,0.3340857787810384,0.4107883817427386,wf_2025,catboost_abc,5
2025-04-02,KGS,False,0.21825396825396826,0.4107883817427386,wf_2025,catboost_abc,5
2025-04-03,KGS,False,0.21825396825396826,0.4107883817427386,wf_2025,catboost_abc,5
2025-04-04,KGS,False,0.2857142857142857,0.4107883817427386,wf_2025,catboost_abc,5
2025-04-05,KGS,False,0.2857142857142857,0.4107883817427386,wf_2025,catboost_abc,5
2025-04-08,KGS,False,0.3340857787810384,0.4107883817427386,wf_2025,catboost_abc,5
2025-04-09,KGS,False,0.21825396825396826,0.4107883817427386,wf_2025,catboost_abc,5
2025-04-10,KGS,False,0.3340857787810384,0.4107883817427386,wf_2025,catboost_abc,5
2025-04-11,KGS,False,0.21825396825396826,0.4107883817427386,wf_2025,catboost_abc,5
2025-04-12,KGS,False,0.21825396825396826,0.4107883817427386,wf_2025,catboost_abc,5
2025-04-15,KGS,False,0.21825396825396826,0.4107883817427386,wf_2025,catboost_abc,5
2025-04-16,KGS,False,0.21825396825396826,0.4107883817427386,wf_2025,catboost_abc,5
2025-04-17,KGS,False,0.3340857787810384,0.4107883817427386,wf_2025,catboost_abc,5
2025-04-18,KGS,False,0.21825396825396826,0.4107883817427386,wf_2025,catboost_abc,5
2025-04-19,KGS,False,0.21825396825396826,0.4107883817427386,wf_2025,catboost_abc,5
2025-04-22,KGS,False,0.21825396825396826,0.4107883817427386,wf_2025,catboost_abc,5
2025-04-23,KGS,False,0.3340857787810384,0.4107883817427386,wf_2025,catboost_abc,5
2025-04-24,KGS,False,0.3340857787810384,0.4107883817427386,wf_2025,catboost_abc,5
2025-04-25,KGS,False,0.3340857787810384,0.4107883817427386,wf_2025,catboost_abc,5
2025-04-26,KGS,False,0.21825396825396826,0.4107883817427386,wf_2025,catboost_abc,5
2025-04-29,KGS,False,0.3340857787810384,0.4107883817427386,wf_2025,catboost_abc,5
2025-04-30,KGS,False,0.21825396825396826,0.4107883817427386,wf_2025,catboost_abc,5
2025-05-01,KGS,False,0.2857142857142857,0.4107883817427386,wf_2025,catboost_abc,5
2025-05-06,KGS,False,0.3340857787810384,0.4107883817427386,wf_2025,catboost_abc,5
2025-05-07,KGS,False,0.21825396825396826,0.4107883817427386,wf_2025,catboost_abc,5
2025-05-08,KGS,False,0.2857142857142857,0.4107883817427386,wf_2025,catboost_abc,5
2025-05-13,KGS,False,0.3340857787810384,0.4107883817427386,wf_2025,catboost_abc,5
2025-05-14,KGS,False,0.21825396825396826,0.4107883817427386,wf_2025,catboost_abc,5
2025-05-15,KGS,False,0.21825396825396826,0.4107883817427386,wf_2025,catboost_abc,5
2025-05-16,KGS,False,0.3340857787810384,0.4107883817427386,wf_2025,catboost_abc,5
2025-05-17,KGS,False,0.3340857787810384,0.4107883817427386,wf_2025,catboost_abc,5
2025-05-20,KGS,False,0.2857142857142857,0.4107883817427386,wf_2025,catboost_abc,5
2025-05-21,KGS,False,0.3340857787810384,0.4107883817427386,wf_2025,catboost_abc,5
2025-05-22,KGS,False,0.21825396825396826,0.4107883817427386,wf_2025,catboost_abc,5
2025-05-23,KGS,False,0.3340857787810384,0.4107883817427386,wf_2025,catboost_abc,5
2025-05-24,KGS,False,0.3340857787810384,0.4107883817427386,wf_2025,catboost_abc,5
2025-05-27,KGS,False,0.3340857787810384,0.4107883817427386,wf_2025,catboost_abc,5
2025-05-28,KGS,False,0.3340857787810384,0.4107883817427386,wf_2025,catboost_abc,5
2025-05-29,KGS,False,0.3340857787810384,0.4107883817427386,wf_2025,catboost_abc,5
2025-05-30,KGS,False,0.21825396825396826,0.4107883817427386,wf_2025,catboost_abc,5
2025-05-31,KGS,False,0.3340857787810384,0.4107883817427386,wf_2025,catboost_abc,5
2025-06-03,KGS,False,0.3340857787810384,0.4107883817427386,wf_2025,catboost_abc,5
2025-06-04,KGS,False,0.3340857787810384,0.4107883817427386,wf_2025,catboost_abc,5
2025-06-05,KGS,False,0.23739502500338988,0.4107883817427386,wf_2025,catboost_abc,5
2025-06-06,KGS,False,0.3340857787810384,0.4107883817427386,wf_2025,catboost_abc,5
2025-06-07,KGS,False,0.3340857787810384,0.4107883817427386,wf_2025,catboost_abc,5
2025-06-10,KGS,False,0.3340857787810384,0.4107883817427386,wf_2025,catboost_abc,5
2025-06-11,KGS,False,0.21825396825396826,0.4107883817427386,wf_2025,catboost_abc,5
2025-06-12,KGS,False,0.3340857787810384,0.4107883817427386,wf_2025,catboost_abc,5
2025-06-17,KGS,False,0.21825396825396826,0.4107883817427386,wf_2025,catboost_abc,5
2025-06-18,KGS,False,0.3340857787810384,0.4107883817427386,wf_2025,catboost_abc,5
2025-06-19,KGS,False,0.3340857787810384,0.4107883817427386,wf_2025,catboost_abc,5
2025-06-20,KGS,False,0.3340857787810384,0.4107883817427386,wf_2025,catboost_abc,5
2025-06-21,KGS,False,0.3340857787810384,0.4107883817427386,wf_2025,catboost_abc,5
2025-06-24,KGS,False,0.3340857787810384,0.4107883817427386,wf_2025,catboost_abc,5
2025-06-25,KGS,False,0.3340857787810384,0.4107883817427386,wf_2025,catboost_abc,5
2025-06-26,KGS,False,0.3340857787810384,0.4107883817427386,wf_2025,catboost_abc,5
2025-06-27,KGS,False,0.3340857787810384,0.4107883817427386,wf_2025,catboost_abc,5
2025-06-28,KGS,False,0.3340857787810384,0.4107883817427386,wf_2025,catboost_abc,5
2025-07-01,KGS,False,0.3340857787810384,0.4107883817427386,wf_2025,catboost_abc,5
2025-07-02,KGS,False,0.3340857787810384,0.4107883817427386,wf_2025,catboost_abc,5
2025-07-03,KGS,False,0.3340857787810384,0.4107883817427386,wf_2025,catboost_abc,5
2025-07-04,KGS,False,0.3340857787810384,0.4107883817427386,wf_2025,catboost_abc,5
2025-07-05,KGS,False,0.3340857787810384,0.4107883817427386,wf_2025,catboost_abc,5
2025-07-08,KGS,False,0.21825396825396826,0.4107883817427386,wf_2025,catboost_abc,5
2025-07-09,KGS,False,0.21825396825396826,0.4107883817427386,wf_2025,catboost_abc,5
2025-07-10,KGS,False,0.2857142857142857,0.4107883817427386,wf_2025,catboost_abc,5
2025-07-11,KGS,False,0.21825396825396826,0.4107883817427386,wf_2025,catboost_abc,5
2025-07-12,KGS,False,0.2857142857142857,0.4107883817427386,wf_2025,catboost_abc,5
2025-07-15,KGS,False,0.3340857787810384,0.4107883817427386,wf_2025,catboost_abc,5
2025-07-16,KGS,False,0.21825396825396826,0.4107883817427386,wf_2025,catboost_abc,5
2025-07-17,KGS,False,0.2857142857142857,0.4107883817427386,wf_2025,catboost_abc,5
2025-07-18,KGS,False,0.3340857787810384,0.4107883817427386,wf_2025,catboost_abc,5
2025-07-19,KGS,False,0.3340857787810384,0.4107883817427386,wf_2025,catboost_abc,5
2025-07-22,KGS,False,0.3340857787810384,0.4107883817427386,wf_2025,catboost_abc,5
2025-07-23,KGS,False,0.21825396825396826,0.4107883817427386,wf_2025,catboost_abc,5
2025-07-24,KGS,False,0.3340857787810384,0.4107883817427386,wf_2025,catboost_abc,5
2025-07-25,KGS,False,0.3340857787810384,0.4107883817427386,wf_2025,catboost_abc,5
2025-07-26,KGS,False,0.3340857787810384,0.4107883817427386,wf_2025,catboost_abc,5
2025-07-29,KGS,False,0.3340857787810384,0.4107883817427386,wf_2025,catboost_abc,5
2025-07-30,KGS,False,0.4107883817427386,0.4107883817427386,wf_2025,catboost_abc,5
2025-07-31,KGS,False,0.21825396825396826,0.4107883817427386,wf_2025,catboost_abc,5
2025-08-01,KGS,False,0.21825396825396826,0.4107883817427386,wf_2025,catboost_abc,5
2025-08-02,KGS,False,0.3340857787810384,0.4107883817427386,wf_2025,catboost_abc,5
2025-08-05,KGS,False,0.21825396825396826,0.4107883817427386,wf_2025,catboost_abc,5
2025-08-06,KGS,False,0.3340857787810384,0.4107883817427386,wf_2025,catboost_abc,5
2025-08-07,KGS,False,0.3340857787810384,0.4107883817427386,wf_2025,catboost_abc,5
2025-08-08,KGS,False,0.21825396825396826,0.4107883817427386,wf_2025,catboost_abc,5
2025-08-09,KGS,False,0.3340857787810384,0.4107883817427386,wf_2025,catboost_abc,5
2025-08-12,KGS,False,0.3340857787810384,0.4107883817427386,wf_2025,catboost_abc,5
2025-08-13,KGS,False,0.3340857787810384,0.4107883817427386,wf_2025,catboost_abc,5
2025-08-14,KGS,False,0.21825396825396826,0.4107883817427386,wf_2025,catboost_abc,5
2025-08-15,KGS,False,0.3340857787810384,0.4107883817427386,wf_2025,catboost_abc,5
2025-08-16,KGS,False,0.3340857787810384,0.4107883817427386,wf_2025,catboost_abc,5
2025-08-19,KGS,False,0.4107883817427386,0.4107883817427386,wf_2025,catboost_abc,5
2025-08-20,KGS,False,0.4107883817427386,0.4107883817427386,wf_2025,catboost_abc,5
2025-08-21,KGS,False,0.2857142857142857,0.4107883817427386,wf_2025,catboost_abc,5
2025-08-22,KGS,False,0.3340857787810384,0.4107883817427386,wf_2025,catboost_abc,5
2025-08-23,KGS,False,0.4107883817427386,0.4107883817427386,wf_2025,catboost_abc,5
2025-08-26,KGS,True,0.4107883817427386,0.4107883817427386,wf_2025,catboost_abc,5
2025-08-27,KGS,True,0.4107883817427386,0.4107883817427386,wf_2025,catboost_abc,5
2025-08-28,KGS,True,0.4107883817427386,0.4107883817427386,wf_2025,catboost_abc,5
2025-08-29,KGS,False,0.3340857787810384,0.4107883817427386,wf_2025,catboost_abc,5
2025-08-30,KGS,True,0.4107883817427386,0.4107883817427386,wf_2025,catboost_abc,5
2025-01-10,KZT,False,0.21825396825396826,0.4107883817427386,wf_2025,catboost_abc,5
2025-01-11,KZT,False,0.3340857787810384,0.4107883817427386,wf_2025,catboost_abc,5
2025-01-14,KZT,False,0.3340857787810384,0.4107883817427386,wf_2025,catboost_abc,5
2025-01-15,KZT,False,0.3340857787810384,0.4107883817427386,wf_2025,catboost_abc,5
2025-01-16,KZT,False,0.21825396825396826,0.4107883817427386,wf_2025,catboost_abc,5
2025-01-17,KZT,False,0.21825396825396826,0.4107883817427386,wf_2025,catboost_abc,5
2025-01-18,KZT,False,0.3340857787810384,0.4107883817427386,wf_2025,catboost_abc,5
2025-01-21,KZT,False,0.21825396825396826,0.4107883817427386,wf_2025,catboost_abc,5
2025-01-22,KZT,False,0.21825396825396826,0.4107883817427386,wf_2025,catboost_abc,5
2025-01-23,KZT,False,0.21825396825396826,0.4107883817427386,wf_2025,catboost_abc,5
2025-01-24,KZT,False,0.3340857787810384,0.4107883817427386,wf_2025,catboost_abc,5
2025-01-25,KZT,False,0.21825396825396826,0.4107883817427386,wf_2025,catboost_abc,5
2025-01-28,KZT,False,0.21825396825396826,0.4107883817427386,wf_2025,catboost_abc,5
2025-01-29,KZT,False,0.3340857787810384,0.4107883817427386,wf_2025,catboost_abc,5
2025-01-30,KZT,False,0.3340857787810384,0.4107883817427386,wf_2025,catboost_abc,5
2025-01-31,KZT,False,0.3340857787810384,0.4107883817427386,wf_2025,catboost_abc,5
2025-02-01,KZT,False,0.21825396825396826,0.4107883817427386,wf_2025,catboost_abc,5
2025-02-04,KZT,False,0.3340857787810384,0.4107883817427386,wf_2025,catboost_abc,5
2025-02-05,KZT,False,0.21825396825396826,0.4107883817427386,wf_2025,catboost_abc,5
2025-02-06,KZT,False,0.3340857787810384,0.4107883817427386,wf_2025,catboost_abc,5
2025-02-07,KZT,False,0.21825396825396826,0.4107883817427386,wf_2025,catboost_abc,5
2025-02-08,KZT,False,0.3340857787810384,0.4107883817427386,wf_2025,catboost_abc,5
2025-02-11,KZT,False,0.3340857787810384,0.4107883817427386,wf_2025,catboost_abc,5
2025-02-12,KZT,False,0.21825396825396826,0.4107883817427386,wf_2025,catboost_abc,5
2025-02-13,KZT,False,0.21825396825396826,0.4107883817427386,wf_2025,catboost_abc,5
2025-02-14,KZT,False,0.21825396825396826,0.4107883817427386,wf_2025,catboost_abc,5
2025-02-15,KZT,False,0.21825396825396826,0.4107883817427386,wf_2025,catboost_abc,5
2025-02-18,KZT,False,0.3340857787810384,0.4107883817427386,wf_2025,catboost_abc,5
2025-02-19,KZT,False,0.21825396825396826,0.4107883817427386,wf_2025,catboost_abc,5
2025-02-20,KZT,False,0.21825396825396826,0.4107883817427386,wf_2025,catboost_abc,5
2025-02-21,KZT,False,0.21825396825396826,0.4107883817427386,wf_2025,catboost_abc,5
2025-02-22,KZT,False,0.2857142857142857,0.4107883817427386,wf_2025,catboost_abc,5
2025-02-25,KZT,False,0.21825396825396826,0.4107883817427386,wf_2025,catboost_abc,5
2025-02-26,KZT,False,0.21825396825396826,0.4107883817427386,wf_2025,catboost_abc,5
2025-02-27,KZT,False,0.21825396825396826,0.4107883817427386,wf_2025,catboost_abc,5
2025-02-28,KZT,False,0.3340857787810384,0.4107883817427386,wf_2025,catboost_abc,5
2025-03-01,KZT,False,0.3340857787810384,0.4107883817427386,wf_2025,catboost_abc,5
2025-03-04,KZT,False,0.3340857787810384,0.4107883817427386,wf_2025,catboost_abc,5
2025-03-05,KZT,False,0.3340857787810384,0.4107883817427386,wf_2025,catboost_abc,5
2025-03-06,KZT,False,0.3340857787810384,0.4107883817427386,wf_2025,catboost_abc,5
2025-03-07,KZT,False,0.3340857787810384,0.4107883817427386,wf_2025,catboost_abc,5
2025-03-08,KZT,False,0.21825396825396826,0.4107883817427386,wf_2025,catboost_abc,5
2025-03-11,KZT,False,0.21825396825396826,0.4107883817427386,wf_2025,catboost_abc,5
2025-03-12,KZT,False,0.21825396825396826,0.4107883817427386,wf_2025,catboost_abc,5
2025-03-13,KZT,False,0.3340857787810384,0.4107883817427386,wf_2025,catboost_abc,5
2025-03-14,KZT,False,0.3340857787810384,0.4107883817427386,wf_2025,catboost_abc,5
2025-03-15,KZT,False,0.21825396825396826,0.4107883817427386,wf_2025,catboost_abc,5
2025-03-18,KZT,False,0.21825396825396826,0.4107883817427386,wf_2025,catboost_abc,5
2025-03-19,KZT,False,0.21825396825396826,0.4107883817427386,wf_2025,catboost_abc,5
2025-03-20,KZT,False,0.2857142857142857,0.4107883817427386,wf_2025,catboost_abc,5
2025-03-21,KZT,False,0.3340857787810384,0.4107883817427386,wf_2025,catboost_abc,5
2025-03-22,KZT,False,0.3340857787810384,0.4107883817427386,wf_2025,catboost_abc,5
2025-03-25,KZT,False,0.21825396825396826,0.4107883817427386,wf_2025,catboost_abc,5
2025-03-26,KZT,False,0.3340857787810384,0.4107883817427386,wf_2025,catboost_abc,5
2025-03-27,KZT,False,0.3340857787810384,0.4107883817427386,wf_2025,catboost_abc,5
2025-03-28,KZT,False,0.3340857787810384,0.4107883817427386,wf_2025,catboost_abc,5
2025-03-29,KZT,False,0.3340857787810384,0.4107883817427386,wf_2025,catboost_abc,5
2025-04-01,KZT,False,0.3340857787810384,0.4107883817427386,wf_2025,catboost_abc,5
2025-04-02,KZT,False,0.21825396825396826,0.4107883817427386,wf_2025,catboost_abc,5
2025-04-03,KZT,False,0.3340857787810384,0.4107883817427386,wf_2025,catboost_abc,5
2025-04-04,KZT,False,0.21825396825396826,0.4107883817427386,wf_2025,catboost_abc,5
2025-04-05,KZT,False,0.3340857787810384,0.4107883817427386,wf_2025,catboost_abc,5
2025-04-08,KZT,False,0.3340857787810384,0.4107883817427386,wf_2025,catboost_abc,5
2025-04-09,KZT,False,0.21825396825396826,0.4107883817427386,wf_2025,catboost_abc,5
2025-04-10,KZT,False,0.2857142857142857,0.4107883817427386,wf_2025,catboost_abc,5
2025-04-11,KZT,False,0.21825396825396826,0.4107883817427386,wf_2025,catboost_abc,5
2025-04-12,KZT,False,0.21825396825396826,0.4107883817427386,wf_2025,catboost_abc,5
2025-04-15,KZT,False,0.21825396825396826,0.4107883817427386,wf_2025,catboost_abc,5
2025-04-16,KZT,False,0.21825396825396826,0.4107883817427386,wf_2025,catboost_abc,5
2025-04-17,KZT,False,0.3340857787810384,0.4107883817427386,wf_2025,catboost_abc,5
2025-04-18,KZT,False,0.21825396825396826,0.4107883817427386,wf_2025,catboost_abc,5
2025-04-19,KZT,False,0.21825396825396826,0.4107883817427386,wf_2025,catboost_abc,5
2025-04-22,KZT,False,0.21825396825396826,0.4107883817427386,wf_2025,catboost_abc,5
2025-04-23,KZT,False,0.3340857787810384,0.4107883817427386,wf_2025,catboost_abc,5
2025-04-24,KZT,False,0.3340857787810384,0.4107883817427386,wf_2025,catboost_abc,5
2025-04-25,KZT,False,0.3340857787810384,0.4107883817427386,wf_2025,catboost_abc,5
2025-04-26,KZT,False,0.3340857787810384,0.4107883817427386,wf_2025,catboost_abc,5
2025-04-29,KZT,False,0.3340857787810384,0.4107883817427386,wf_2025,catboost_abc,5
2025-04-30,KZT,False,0.21825396825396826,0.4107883817427386,wf_2025,catboost_abc,5
2025-05-01,KZT,False,0.3340857787810384,0.4107883817427386,wf_2025,catboost_abc,5
2025-05-06,KZT,False,0.21825396825396826,0.4107883817427386,wf_2025,catboost_abc,5
2025-05-07,KZT,False,0.21825396825396826,0.4107883817427386,wf_2025,catboost_abc,5
2025-05-08,KZT,False,0.2857142857142857,0.4107883817427386,wf_2025,catboost_abc,5
2025-05-13,KZT,False,0.21825396825396826,0.4107883817427386,wf_2025,catboost_abc,5
2025-05-14,KZT,False,0.3340857787810384,0.4107883817427386,wf_2025,catboost_abc,5
2025-05-15,KZT,False,0.3340857787810384,0.4107883817427386,wf_2025,catboost_abc,5
2025-05-16,KZT,False,0.3340857787810384,0.4107883817427386,wf_2025,catboost_abc,5
2025-05-17,KZT,False,0.3340857787810384,0.4107883817427386,wf_2025,catboost_abc,5
2025-05-20,KZT,False,0.3340857787810384,0.4107883817427386,wf_2025,catboost_abc,5
2025-05-21,KZT,False,0.21825396825396826,0.4107883817427386,wf_2025,catboost_abc,5
2025-05-22,KZT,False,0.21825396825396826,0.4107883817427386,wf_2025,catboost_abc,5
2025-05-23,KZT,False,0.3340857787810384,0.4107883817427386,wf_2025,catboost_abc,5
2025-05-24,KZT,False,0.3340857787810384,0.4107883817427386,wf_2025,catboost_abc,5
2025-05-27,KZT,False,0.21825396825396826,0.4107883817427386,wf_2025,catboost_abc,5
2025-05-28,KZT,False,0.3340857787810384,0.4107883817427386,wf_2025,catboost_abc,5
2025-05-29,KZT,False,0.2857142857142857,0.4107883817427386,wf_2025,catboost_abc,5
2025-05-30,KZT,False,0.21825396825396826,0.4107883817427386,wf_2025,catboost_abc,5
2025-05-31,KZT,False,0.3340857787810384,0.4107883817427386,wf_2025,catboost_abc,5
2025-06-03,KZT,False,0.3340857787810384,0.4107883817427386,wf_2025,catboost_abc,5
2025-06-04,KZT,False,0.2857142857142857,0.4107883817427386,wf_2025,catboost_abc,5
2025-06-05,KZT,False,0.21825396825396826,0.4107883817427386,wf_2025,catboost_abc,5
2025-06-06,KZT,False,0.3340857787810384,0.4107883817427386,wf_2025,catboost_abc,5
2025-06-07,KZT,False,0.3340857787810384,0.4107883817427386,wf_2025,catboost_abc,5
2025-06-10,KZT,False,0.3340857787810384,0.4107883817427386,wf_2025,catboost_abc,5
2025-06-11,KZT,False,0.2857142857142857,0.4107883817427386,wf_2025,catboost_abc,5
2025-06-12,KZT,False,0.3340857787810384,0.4107883817427386,wf_2025,catboost_abc,5
2025-06-17,KZT,False,0.21825396825396826,0.4107883817427386,wf_2025,catboost_abc,5
2025-06-18,KZT,False,0.3340857787810384,0.4107883817427386,wf_2025,catboost_abc,5
2025-06-19,KZT,False,0.21825396825396826,0.4107883817427386,wf_2025,catboost_abc,5
2025-06-20,KZT,False,0.21825396825396826,0.4107883817427386,wf_2025,catboost_abc,5
2025-06-21,KZT,False,0.3340857787810384,0.4107883817427386,wf_2025,catboost_abc,5
2025-06-24,KZT,False,0.21825396825396826,0.4107883817427386,wf_2025,catboost_abc,5
2025-06-25,KZT,False,0.2857142857142857,0.4107883817427386,wf_2025,catboost_abc,5
2025-06-26,KZT,False,0.3340857787810384,0.4107883817427386,wf_2025,catboost_abc,5
2025-06-27,KZT,False,0.3340857787810384,0.4107883817427386,wf_2025,catboost_abc,5
2025-06-28,KZT,False,0.3340857787810384,0.4107883817427386,wf_2025,catboost_abc,5
2025-07-01,KZT,False,0.3340857787810384,0.4107883817427386,wf_2025,catboost_abc,5
2025-07-02,KZT,False,0.3340857787810384,0.4107883817427386,wf_2025,catboost_abc,5
2025-07-03,KZT,False,0.3340857787810384,0.4107883817427386,wf_2025,catboost_abc,5
2025-07-04,KZT,False,0.3340857787810384,0.4107883817427386,wf_2025,catboost_abc,5
2025-07-05,KZT,False,0.3340857787810384,0.4107883817427386,wf_2025,catboost_abc,5
2025-07-08,KZT,False,0.3340857787810384,0.4107883817427386,wf_2025,catboost_abc,5
2025-07-09,KZT,False,0.21825396825396826,0.4107883817427386,wf_2025,catboost_abc,5
2025-07-10,KZT,False,0.3340857787810384,0.4107883817427386,wf_2025,catboost_abc,5
2025-07-11,KZT,False,0.2857142857142857,0.4107883817427386,wf_2025,catboost_abc,5
2025-07-12,KZT,False,0.3340857787810384,0.4107883817427386,wf_2025,catboost_abc,5
2025-07-15,KZT,False,0.3340857787810384,0.4107883817427386,wf_2025,catboost_abc,5
2025-07-16,KZT,False,0.21825396825396826,0.4107883817427386,wf_2025,catboost_abc,5
2025-07-17,KZT,False,0.2857142857142857,0.4107883817427386,wf_2025,catboost_abc,5
2025-07-18,KZT,False,0.3340857787810384,0.4107883817427386,wf_2025,catboost_abc,5
2025-07-19,KZT,False,0.21825396825396826,0.4107883817427386,wf_2025,catboost_abc,5
2025-07-22,KZT,False,0.2857142857142857,0.4107883817427386,wf_2025,catboost_abc,5
2025-07-23,KZT,False,0.3340857787810384,0.4107883817427386,wf_2025,catboost_abc,5
2025-07-24,KZT,False,0.3340857787810384,0.4107883817427386,wf_2025,catboost_abc,5
2025-07-25,KZT,False,0.21825396825396826,0.4107883817427386,wf_2025,catboost_abc,5
2025-07-26,KZT,False,0.3340857787810384,0.4107883817427386,wf_2025,catboost_abc,5
2025-07-29,KZT,False,0.21825396825396826,0.4107883817427386,wf_2025,catboost_abc,5
2025-07-30,KZT,False,0.3340857787810384,0.4107883817427386,wf_2025,catboost_abc,5
2025-07-31,KZT,False,0.21825396825396826,0.4107883817427386,wf_2025,catboost_abc,5
2025-08-01,KZT,False,0.21825396825396826,0.4107883817427386,wf_2025,catboost_abc,5
2025-08-02,KZT,False,0.3340857787810384,0.4107883817427386,wf_2025,catboost_abc,5
2025-08-05,KZT,False,0.21825396825396826,0.4107883817427386,wf_2025,catboost_abc,5
2025-08-06,KZT,False,0.3340857787810384,0.4107883817427386,wf_2025,catboost_abc,5
2025-08-07,KZT,False,0.3340857787810384,0.4107883817427386,wf_2025,catboost_abc,5
2025-08-08,KZT,False,0.21825396825396826,0.4107883817427386,wf_2025,catboost_abc,5
2025-08-09,KZT,False,0.3340857787810384,0.4107883817427386,wf_2025,catboost_abc,5
2025-08-12,KZT,False,0.3340857787810384,0.4107883817427386,wf_2025,catboost_abc,5
2025-08-13,KZT,False,0.21825396825396826,0.4107883817427386,wf_2025,catboost_abc,5
2025-08-14,KZT,False,0.21825396825396826,0.4107883817427386,wf_2025,catboost_abc,5
2025-08-15,KZT,False,0.3340857787810384,0.4107883817427386,wf_2025,catboost_abc,5
2025-08-16,KZT,False,0.3340857787810384,0.4107883817427386,wf_2025,catboost_abc,5
2025-08-19,KZT,False,0.3340857787810384,0.4107883817427386,wf_2025,catboost_abc,5
2025-08-20,KZT,False,0.3340857787810384,0.4107883817427386,wf_2025,catboost_abc,5
2025-08-21,KZT,False,0.3340857787810384,0.4107883817427386,wf_2025,catboost_abc,5
2025-08-22,KZT,False,0.3340857787810384,0.4107883817427386,wf_2025,catboost_abc,5
2025-08-23,KZT,False,0.3340857787810384,0.4107883817427386,wf_2025,catboost_abc,5
2025-08-26,KZT,False,0.3340857787810384,0.4107883817427386,wf_2025,catboost_abc,5
2025-08-27,KZT,False,0.3340857787810384,0.4107883817427386,wf_2025,catboost_abc,5
2025-08-28,KZT,False,0.3340857787810384,0.4107883817427386,wf_2025,catboost_abc,5
2025-08-29,KZT,False,0.21825396825396826,0.4107883817427386,wf_2025,catboost_abc,5
2025-08-30,KZT,False,0.3340857787810384,0.4107883817427386,wf_2025,catboost_abc,5
2025-01-10,TJS,False,0.4107883817427386,0.4107883817427386,wf_2025,catboost_abc,5
2025-01-11,TJS,False,0.2857142857142857,0.4107883817427386,wf_2025,catboost_abc,5
2025-01-14,TJS,False,0.4107883817427386,0.4107883817427386,wf_2025,catboost_abc,5
2025-01-15,TJS,False,0.4107883817427386,0.4107883817427386,wf_2025,catboost_abc,5
2025-01-16,TJS,False,0.21825396825396826,0.4107883817427386,wf_2025,catboost_abc,5
2025-01-17,TJS,False,0.21825396825396826,0.4107883817427386,wf_2025,catboost_abc,5
2025-01-18,TJS,False,0.4107883817427386,0.4107883817427386,wf_2025,catboost_abc,5
2025-01-21,TJS,False,0.2857142857142857,0.4107883817427386,wf_2025,catboost_abc,5
2025-01-22,TJS,False,0.21825396825396826,0.4107883817427386,wf_2025,catboost_abc,5
2025-01-23,TJS,False,0.21825396825396826,0.4107883817427386,wf_2025,catboost_abc,5
2025-01-24,TJS,False,0.3340857787810384,0.4107883817427386,wf_2025,catboost_abc,5
2025-01-25,TJS,False,0.21825396825396826,0.4107883817427386,wf_2025,catboost_abc,5
2025-01-28,TJS,False,0.21825396825396826,0.4107883817427386,wf_2025,catboost_abc,5
2025-01-29,TJS,False,0.3340857787810384,0.4107883817427386,wf_2025,catboost_abc,5
2025-01-30,TJS,False,0.3340857787810384,0.4107883817427386,wf_2025,catboost_abc,5
2025-01-31,TJS,False,0.3340857787810384,0.4107883817427386,wf_2025,catboost_abc,5
2025-02-01,TJS,False,0.21825396825396826,0.4107883817427386,wf_2025,catboost_abc,5
2025-02-04,TJS,False,0.3340857787810384,0.4107883817427386,wf_2025,catboost_abc,5
2025-02-05,TJS,False,0.21825396825396826,0.4107883817427386,wf_2025,catboost_abc,5
2025-02-06,TJS,False,0.21825396825396826,0.4107883817427386,wf_2025,catboost_abc,5
2025-02-07,TJS,False,0.21825396825396826,0.4107883817427386,wf_2025,catboost_abc,5
2025-02-08,TJS,False,0.3340857787810384,0.4107883817427386,wf_2025,catboost_abc,5
2025-02-11,TJS,False,0.21825396825396826,0.4107883817427386,wf_2025,catboost_abc,5
2025-02-12,TJS,False,0.21825396825396826,0.4107883817427386,wf_2025,catboost_abc,5
2025-02-13,TJS,False,0.21825396825396826,0.4107883817427386,wf_2025,catboost_abc,5
2025-02-14,TJS,False,0.21825396825396826,0.4107883817427386,wf_2025,catboost_abc,5
2025-02-15,TJS,False,0.21825396825396826,0.4107883817427386,wf_2025,catboost_abc,5
2025-02-18,TJS,False,0.2857142857142857,0.4107883817427386,wf_2025,catboost_abc,5
2025-02-19,TJS,False,0.2857142857142857,0.4107883817427386,wf_2025,catboost_abc,5
2025-02-20,TJS,False,0.21825396825396826,0.4107883817427386,wf_2025,catboost_abc,5
2025-02-21,TJS,False,0.21825396825396826,0.4107883817427386,wf_2025,catboost_abc,5
2025-02-22,TJS,False,0.21825396825396826,0.4107883817427386,wf_2025,catboost_abc,5
2025-02-25,TJS,False,0.21825396825396826,0.4107883817427386,wf_2025,catboost_abc,5
2025-02-26,TJS,False,0.21825396825396826,0.4107883817427386,wf_2025,catboost_abc,5
2025-02-27,TJS,False,0.21825396825396826,0.4107883817427386,wf_2025,catboost_abc,5
2025-02-28,TJS,False,0.3340857787810384,0.4107883817427386,wf_2025,catboost_abc,5
2025-03-01,TJS,False,0.3340857787810384,0.4107883817427386,wf_2025,catboost_abc,5
2025-03-04,TJS,False,0.3340857787810384,0.4107883817427386,wf_2025,catboost_abc,5
2025-03-05,TJS,False,0.2857142857142857,0.4107883817427386,wf_2025,catboost_abc,5
2025-03-06,TJS,False,0.3340857787810384,0.4107883817427386,wf_2025,catboost_abc,5
2025-03-07,TJS,False,0.2857142857142857,0.4107883817427386,wf_2025,catboost_abc,5
2025-03-08,TJS,False,0.21825396825396826,0.4107883817427386,wf_2025,catboost_abc,5
2025-03-11,TJS,False,0.21825396825396826,0.4107883817427386,wf_2025,catboost_abc,5
2025-03-12,TJS,False,0.21825396825396826,0.4107883817427386,wf_2025,catboost_abc,5
2025-03-13,TJS,False,0.21825396825396826,0.4107883817427386,wf_2025,catboost_abc,5
2025-03-14,TJS,False,0.3340857787810384,0.4107883817427386,wf_2025,catboost_abc,5
2025-03-15,TJS,False,0.21825396825396826,0.4107883817427386,wf_2025,catboost_abc,5
2025-03-18,TJS,False,0.21825396825396826,0.4107883817427386,wf_2025,catboost_abc,5
2025-03-19,TJS,False,0.21825396825396826,0.4107883817427386,wf_2025,catboost_abc,5
2025-03-20,TJS,False,0.2857142857142857,0.4107883817427386,wf_2025,catboost_abc,5
2025-03-21,TJS,False,0.3340857787810384,0.4107883817427386,wf_2025,catboost_abc,5
2025-03-22,TJS,False,0.3340857787810384,0.4107883817427386,wf_2025,catboost_abc,5
2025-03-25,TJS,False,0.21825396825396826,0.4107883817427386,wf_2025,catboost_abc,5
2025-03-26,TJS,False,0.3340857787810384,0.4107883817427386,wf_2025,catboost_abc,5
2025-03-27,TJS,False,0.3340857787810384,0.4107883817427386,wf_2025,catboost_abc,5
2025-03-28,TJS,False,0.21825396825396826,0.4107883817427386,wf_2025,catboost_abc,5
2025-03-29,TJS,False,0.3340857787810384,0.4107883817427386,wf_2025,catboost_abc,5
2025-04-01,TJS,False,0.3340857787810384,0.4107883817427386,wf_2025,catboost_abc,5
2025-04-02,TJS,False,0.21825396825396826,0.4107883817427386,wf_2025,catboost_abc,5
2025-04-03,TJS,False,0.21825396825396826,0.4107883817427386,wf_2025,catboost_abc,5
2025-04-04,TJS,False,0.3340857787810384,0.4107883817427386,wf_2025,catboost_abc,5
2025-04-05,TJS,False,0.3340857787810384,0.4107883817427386,wf_2025,catboost_abc,5
2025-04-08,TJS,False,0.3340857787810384,0.4107883817427386,wf_2025,catboost_abc,5
2025-04-09,TJS,False,0.21825396825396826,0.4107883817427386,wf_2025,catboost_abc,5
2025-04-10,TJS,False,0.3340857787810384,0.4107883817427386,wf_2025,catboost_abc,5
2025-04-11,TJS,False,0.21825396825396826,0.4107883817427386,wf_2025,catboost_abc,5
2025-04-12,TJS,False,0.21825396825396826,0.4107883817427386,wf_2025,catboost_abc,5
2025-04-15,TJS,False,0.21825396825396826,0.4107883817427386,wf_2025,catboost_abc,5
2025-04-16,TJS,False,0.21825396825396826,0.4107883817427386,wf_2025,catboost_abc,5
2025-04-17,TJS,False,0.3340857787810384,0.4107883817427386,wf_2025,catboost_abc,5
2025-04-18,TJS,False,0.21825396825396826,0.4107883817427386,wf_2025,catboost_abc,5
2025-04-19,TJS,False,0.21825396825396826,0.4107883817427386,wf_2025,catboost_abc,5
2025-04-22,TJS,False,0.3340857787810384,0.4107883817427386,wf_2025,catboost_abc,5
2025-04-23,TJS,False,0.3340857787810384,0.4107883817427386,wf_2025,catboost_abc,5
2025-04-24,TJS,False,0.3340857787810384,0.4107883817427386,wf_2025,catboost_abc,5
2025-04-25,TJS,False,0.3340857787810384,0.4107883817427386,wf_2025,catboost_abc,5
2025-04-26,TJS,False,0.3340857787810384,0.4107883817427386,wf_2025,catboost_abc,5
2025-04-29,TJS,False,0.3340857787810384,0.4107883817427386,wf_2025,catboost_abc,5
2025-04-30,TJS,False,0.21825396825396826,0.4107883817427386,wf_2025,catboost_abc,5
2025-05-01,TJS,False,0.3340857787810384,0.4107883817427386,wf_2025,catboost_abc,5
2025-05-06,TJS,False,0.3340857787810384,0.4107883817427386,wf_2025,catboost_abc,5
2025-05-07,TJS,False,0.21825396825396826,0.4107883817427386,wf_2025,catboost_abc,5
2025-05-08,TJS,False,0.3340857787810384,0.4107883817427386,wf_2025,catboost_abc,5
2025-05-13,TJS,False,0.3340857787810384,0.4107883817427386,wf_2025,catboost_abc,5
2025-05-14,TJS,False,0.21825396825396826,0.4107883817427386,wf_2025,catboost_abc,5
2025-05-15,TJS,False,0.2857142857142857,0.4107883817427386,wf_2025,catboost_abc,5
2025-05-16,TJS,False,0.3340857787810384,0.4107883817427386,wf_2025,catboost_abc,5
2025-05-17,TJS,False,0.3340857787810384,0.4107883817427386,wf_2025,catboost_abc,5
2025-05-20,TJS,False,0.21825396825396826,0.4107883817427386,wf_2025,catboost_abc,5
2025-05-21,TJS,False,0.3340857787810384,0.4107883817427386,wf_2025,catboost_abc,5
2025-05-22,TJS,False,0.21825396825396826,0.4107883817427386,wf_2025,catboost_abc,5
2025-05-23,TJS,False,0.3340857787810384,0.4107883817427386,wf_2025,catboost_abc,5
2025-05-24,TJS,False,0.3340857787810384,0.4107883817427386,wf_2025,catboost_abc,5
2025-05-27,TJS,False,0.3340857787810384,0.4107883817427386,wf_2025,catboost_abc,5
2025-05-28,TJS,False,0.3340857787810384,0.4107883817427386,wf_2025,catboost_abc,5
2025-05-29,TJS,False,0.3340857787810384,0.4107883817427386,wf_2025,catboost_abc,5
2025-05-30,TJS,False,0.3340857787810384,0.4107883817427386,wf_2025,catboost_abc,5
2025-05-31,TJS,False,0.3340857787810384,0.4107883817427386,wf_2025,catboost_abc,5
2025-06-03,TJS,False,0.3340857787810384,0.4107883817427386,wf_2025,catboost_abc,5
2025-06-04,TJS,True,0.4107883817427386,0.4107883817427386,wf_2025,catboost_abc,5
2025-06-05,TJS,False,0.2857142857142857,0.4107883817427386,wf_2025,catboost_abc,5
2025-06-06,TJS,True,0.4107883817427386,0.4107883817427386,wf_2025,catboost_abc,5
2025-06-07,TJS,False,0.4107883817427386,0.4107883817427386,wf_2025,catboost_abc,5
2025-06-10,TJS,False,0.3340857787810384,0.4107883817427386,wf_2025,catboost_abc,5
2025-06-11,TJS,False,0.21825396825396826,0.4107883817427386,wf_2025,catboost_abc,5
2025-06-12,TJS,False,0.4107883817427386,0.4107883817427386,wf_2025,catboost_abc,5
2025-06-17,TJS,False,0.21825396825396826,0.4107883817427386,wf_2025,catboost_abc,5
2025-06-18,TJS,False,0.3340857787810384,0.4107883817427386,wf_2025,catboost_abc,5
2025-06-19,TJS,False,0.3340857787810384,0.4107883817427386,wf_2025,catboost_abc,5
2025-06-20,TJS,True,0.4107883817427386,0.4107883817427386,wf_2025,catboost_abc,5
2025-06-21,TJS,True,0.4107883817427386,0.4107883817427386,wf_2025,catboost_abc,5
2025-06-24,TJS,False,0.3340857787810384,0.4107883817427386,wf_2025,catboost_abc,5
2025-06-25,TJS,False,0.3340857787810384,0.4107883817427386,wf_2025,catboost_abc,5
2025-06-26,TJS,False,0.3340857787810384,0.4107883817427386,wf_2025,catboost_abc,5
2025-06-27,TJS,False,0.3340857787810384,0.4107883817427386,wf_2025,catboost_abc,5
2025-06-28,TJS,False,0.4107883817427386,0.4107883817427386,wf_2025,catboost_abc,5
2025-07-01,TJS,False,0.4107883817427386,0.4107883817427386,wf_2025,catboost_abc,5
2025-07-02,TJS,False,0.4107883817427386,0.4107883817427386,wf_2025,catboost_abc,5
2025-07-03,TJS,False,0.4107883817427386,0.4107883817427386,wf_2025,catboost_abc,5
2025-07-04,TJS,False,0.4107883817427386,0.4107883817427386,wf_2025,catboost_abc,5
2025-07-05,TJS,False,0.4107883817427386,0.4107883817427386,wf_2025,catboost_abc,5
2025-07-08,TJS,False,0.4107883817427386,0.4107883817427386,wf_2025,catboost_abc,5
2025-07-09,TJS,False,0.4107883817427386,0.4107883817427386,wf_2025,catboost_abc,5
2025-07-10,TJS,False,0.4107883817427386,0.4107883817427386,wf_2025,catboost_abc,5
2025-07-11,TJS,False,0.3340857787810384,0.4107883817427386,wf_2025,catboost_abc,5
2025-07-12,TJS,False,0.3340857787810384,0.4107883817427386,wf_2025,catboost_abc,5
2025-07-15,TJS,False,0.4107883817427386,0.4107883817427386,wf_2025,catboost_abc,5
2025-07-16,TJS,False,0.4107883817427386,0.4107883817427386,wf_2025,catboost_abc,5
2025-07-17,TJS,False,0.4107883817427386,0.4107883817427386,wf_2025,catboost_abc,5
2025-07-18,TJS,False,0.4107883817427386,0.4107883817427386,wf_2025,catboost_abc,5
2025-07-19,TJS,False,0.4107883817427386,0.4107883817427386,wf_2025,catboost_abc,5
2025-07-22,TJS,False,0.4107883817427386,0.4107883817427386,wf_2025,catboost_abc,5
2025-07-23,TJS,False,0.3340857787810384,0.4107883817427386,wf_2025,catboost_abc,5
2025-07-24,TJS,False,0.4107883817427386,0.4107883817427386,wf_2025,catboost_abc,5
2025-07-25,TJS,False,0.4107883817427386,0.4107883817427386,wf_2025,catboost_abc,5
2025-07-26,TJS,False,0.4107883817427386,0.4107883817427386,wf_2025,catboost_abc,5
2025-07-29,TJS,False,0.4107883817427386,0.4107883817427386,wf_2025,catboost_abc,5
2025-07-30,TJS,False,0.4107883817427386,0.4107883817427386,wf_2025,catboost_abc,5
2025-07-31,TJS,False,0.3340857787810384,0.4107883817427386,wf_2025,catboost_abc,5
2025-08-01,TJS,False,0.3340857787810384,0.4107883817427386,wf_2025,catboost_abc,5
2025-08-02,TJS,False,0.4107883817427386,0.4107883817427386,wf_2025,catboost_abc,5
2025-08-05,TJS,False,0.2857142857142857,0.4107883817427386,wf_2025,catboost_abc,5
2025-08-06,TJS,False,0.4107883817427386,0.4107883817427386,wf_2025,catboost_abc,5
2025-08-07,TJS,False,0.4107883817427386,0.4107883817427386,wf_2025,catboost_abc,5
2025-08-08,TJS,False,0.21825396825396826,0.4107883817427386,wf_2025,catboost_abc,5
2025-08-09,TJS,False,0.4107883817427386,0.4107883817427386,wf_2025,catboost_abc,5
2025-08-12,TJS,False,0.4107883817427386,0.4107883817427386,wf_2025,catboost_abc,5
2025-08-13,TJS,False,0.4107883817427386,0.4107883817427386,wf_2025,catboost_abc,5
2025-08-14,TJS,False,0.4107883817427386,0.4107883817427386,wf_2025,catboost_abc,5
2025-08-15,TJS,False,0.4107883817427386,0.4107883817427386,wf_2025,catboost_abc,5
2025-08-16,TJS,False,0.4107883817427386,0.4107883817427386,wf_2025,catboost_abc,5
2025-08-19,TJS,False,0.4107883817427386,0.4107883817427386,wf_2025,catboost_abc,5
2025-08-20,TJS,False,0.4107883817427386,0.4107883817427386,wf_2025,catboost_abc,5
2025-08-21,TJS,False,0.3340857787810384,0.4107883817427386,wf_2025,catboost_abc,5
2025-08-22,TJS,False,0.3340857787810384,0.4107883817427386,wf_2025,catboost_abc,5
2025-08-23,TJS,False,0.4107883817427386,0.4107883817427386,wf_2025,catboost_abc,5
2025-08-26,TJS,False,0.21825396825396826,0.4107883817427386,wf_2025,catboost_abc,5
2025-08-27,TJS,False,0.21825396825396826,0.4107883817427386,wf_2025,catboost_abc,5
2025-08-28,TJS,False,0.3340857787810384,0.4107883817427386,wf_2025,catboost_abc,5
2025-08-29,TJS,True,0.4107883817427386,0.4107883817427386,wf_2025,catboost_abc,5
2025-08-30,TJS,True,0.4107883817427386,0.4107883817427386,wf_2025,catboost_abc,5
2025-01-10,UZS,False,0.4107883817427386,0.4107883817427386,wf_2025,catboost_abc,5
2025-01-11,UZS,False,0.4107883817427386,0.4107883817427386,wf_2025,catboost_abc,5
2025-01-14,UZS,False,0.4107883817427386,0.4107883817427386,wf_2025,catboost_abc,5
2025-01-15,UZS,False,0.4107883817427386,0.4107883817427386,wf_2025,catboost_abc,5
2025-01-16,UZS,False,0.21825396825396826,0.4107883817427386,wf_2025,catboost_abc,5
2025-01-17,UZS,False,0.3340857787810384,0.4107883817427386,wf_2025,catboost_abc,5
2025-01-18,UZS,False,0.4107883817427386,0.4107883817427386,wf_2025,catboost_abc,5
2025-01-21,UZS,False,0.21825396825396826,0.4107883817427386,wf_2025,catboost_abc,5
2025-01-22,UZS,False,0.21825396825396826,0.4107883817427386,wf_2025,catboost_abc,5
2025-01-23,UZS,False,0.21825396825396826,0.4107883817427386,wf_2025,catboost_abc,5
2025-01-24,UZS,False,0.3340857787810384,0.4107883817427386,wf_2025,catboost_abc,5
2025-01-25,UZS,False,0.21825396825396826,0.4107883817427386,wf_2025,catboost_abc,5
2025-01-28,UZS,False,0.21825396825396826,0.4107883817427386,wf_2025,catboost_abc,5
2025-01-29,UZS,False,0.3340857787810384,0.4107883817427386,wf_2025,catboost_abc,5
2025-01-30,UZS,False,0.3340857787810384,0.4107883817427386,wf_2025,catboost_abc,5
2025-01-31,UZS,False,0.3340857787810384,0.4107883817427386,wf_2025,catboost_abc,5
2025-02-01,UZS,False,0.3340857787810384,0.4107883817427386,wf_2025,catboost_abc,5
2025-02-04,UZS,False,0.3340857787810384,0.4107883817427386,wf_2025,catboost_abc,5
2025-02-05,UZS,False,0.21825396825396826,0.4107883817427386,wf_2025,catboost_abc,5
2025-02-06,UZS,False,0.21825396825396826,0.4107883817427386,wf_2025,catboost_abc,5
2025-02-07,UZS,False,0.21825396825396826,0.4107883817427386,wf_2025,catboost_abc,5
2025-02-08,UZS,False,0.3340857787810384,0.4107883817427386,wf_2025,catboost_abc,5
2025-02-11,UZS,False,0.21825396825396826,0.4107883817427386,wf_2025,catboost_abc,5
2025-02-12,UZS,False,0.21825396825396826,0.4107883817427386,wf_2025,catboost_abc,5
2025-02-13,UZS,False,0.21825396825396826,0.4107883817427386,wf_2025,catboost_abc,5
2025-02-14,UZS,False,0.21825396825396826,0.4107883817427386,wf_2025,catboost_abc,5
2025-02-15,UZS,False,0.21825396825396826,0.4107883817427386,wf_2025,catboost_abc,5
2025-02-18,UZS,False,0.2857142857142857,0.4107883817427386,wf_2025,catboost_abc,5
2025-02-19,UZS,False,0.3340857787810384,0.4107883817427386,wf_2025,catboost_abc,5
2025-02-20,UZS,False,0.21825396825396826,0.4107883817427386,wf_2025,catboost_abc,5
2025-02-21,UZS,False,0.21825396825396826,0.4107883817427386,wf_2025,catboost_abc,5
2025-02-22,UZS,False,0.21825396825396826,0.4107883817427386,wf_2025,catboost_abc,5
2025-02-25,UZS,False,0.2857142857142857,0.4107883817427386,wf_2025,catboost_abc,5
2025-02-26,UZS,False,0.21825396825396826,0.4107883817427386,wf_2025,catboost_abc,5
2025-02-27,UZS,False,0.21825396825396826,0.4107883817427386,wf_2025,catboost_abc,5
2025-02-28,UZS,False,0.3340857787810384,0.4107883817427386,wf_2025,catboost_abc,5
2025-03-01,UZS,False,0.3340857787810384,0.4107883817427386,wf_2025,catboost_abc,5
2025-03-04,UZS,False,0.3340857787810384,0.4107883817427386,wf_2025,catboost_abc,5
2025-03-05,UZS,False,0.3340857787810384,0.4107883817427386,wf_2025,catboost_abc,5
2025-03-06,UZS,False,0.3340857787810384,0.4107883817427386,wf_2025,catboost_abc,5
2025-03-07,UZS,False,0.2857142857142857,0.4107883817427386,wf_2025,catboost_abc,5
2025-03-08,UZS,False,0.21825396825396826,0.4107883817427386,wf_2025,catboost_abc,5
2025-03-11,UZS,False,0.21825396825396826,0.4107883817427386,wf_2025,catboost_abc,5
2025-03-12,UZS,False,0.21825396825396826,0.4107883817427386,wf_2025,catboost_abc,5
2025-03-13,UZS,False,0.21825396825396826,0.4107883817427386,wf_2025,catboost_abc,5
2025-03-14,UZS,False,0.3340857787810384,0.4107883817427386,wf_2025,catboost_abc,5
2025-03-15,UZS,False,0.21825396825396826,0.4107883817427386,wf_2025,catboost_abc,5
2025-03-18,UZS,False,0.21825396825396826,0.4107883817427386,wf_2025,catboost_abc,5
2025-03-19,UZS,False,0.21825396825396826,0.4107883817427386,wf_2025,catboost_abc,5
2025-03-20,UZS,False,0.2857142857142857,0.4107883817427386,wf_2025,catboost_abc,5
2025-03-21,UZS,False,0.3340857787810384,0.4107883817427386,wf_2025,catboost_abc,5
2025-03-22,UZS,False,0.3340857787810384,0.4107883817427386,wf_2025,catboost_abc,5
2025-03-25,UZS,False,0.21825396825396826,0.4107883817427386,wf_2025,catboost_abc,5
2025-03-26,UZS,False,0.3340857787810384,0.4107883817427386,wf_2025,catboost_abc,5
2025-03-27,UZS,False,0.3340857787810384,0.4107883817427386,wf_2025,catboost_abc,5
2025-03-28,UZS,False,0.2857142857142857,0.4107883817427386,wf_2025,catboost_abc,5
2025-03-29,UZS,False,0.2857142857142857,0.4107883817427386,wf_2025,catboost_abc,5
2025-04-01,UZS,False,0.3340857787810384,0.4107883817427386,wf_2025,catboost_abc,5
2025-04-02,UZS,False,0.21825396825396826,0.4107883817427386,wf_2025,catboost_abc,5
2025-04-03,UZS,False,0.2857142857142857,0.4107883817427386,wf_2025,catboost_abc,5
2025-04-04,UZS,False,0.2857142857142857,0.4107883817427386,wf_2025,catboost_abc,5
2025-04-05,UZS,False,0.3340857787810384,0.4107883817427386,wf_2025,catboost_abc,5
2025-04-08,UZS,False,0.3340857787810384,0.4107883817427386,wf_2025,catboost_abc,5
2025-04-09,UZS,False,0.21825396825396826,0.4107883817427386,wf_2025,catboost_abc,5
2025-04-10,UZS,False,0.3340857787810384,0.4107883817427386,wf_2025,catboost_abc,5
2025-04-11,UZS,False,0.21825396825396826,0.4107883817427386,wf_2025,catboost_abc,5
2025-04-12,UZS,False,0.21825396825396826,0.4107883817427386,wf_2025,catboost_abc,5
2025-04-15,UZS,False,0.21825396825396826,0.4107883817427386,wf_2025,catboost_abc,5
2025-04-16,UZS,False,0.21825396825396826,0.4107883817427386,wf_2025,catboost_abc,5
2025-04-17,UZS,False,0.3340857787810384,0.4107883817427386,wf_2025,catboost_abc,5
2025-04-18,UZS,False,0.21825396825396826,0.4107883817427386,wf_2025,catboost_abc,5
2025-04-19,UZS,False,0.21825396825396826,0.4107883817427386,wf_2025,catboost_abc,5
2025-04-22,UZS,False,0.21825396825396826,0.4107883817427386,wf_2025,catboost_abc,5
2025-04-23,UZS,False,0.3340857787810384,0.4107883817427386,wf_2025,catboost_abc,5
2025-04-24,UZS,False,0.3340857787810384,0.4107883817427386,wf_2025,catboost_abc,5
2025-04-25,UZS,False,0.3340857787810384,0.4107883817427386,wf_2025,catboost_abc,5
2025-04-26,UZS,False,0.21825396825396826,0.4107883817427386,wf_2025,catboost_abc,5
2025-04-29,UZS,False,0.21825396825396826,0.4107883817427386,wf_2025,catboost_abc,5
2025-04-30,UZS,False,0.21825396825396826,0.4107883817427386,wf_2025,catboost_abc,5
2025-05-01,UZS,False,0.3340857787810384,0.4107883817427386,wf_2025,catboost_abc,5
2025-05-06,UZS,False,0.3340857787810384,0.4107883817427386,wf_2025,catboost_abc,5
2025-05-07,UZS,False,0.21825396825396826,0.4107883817427386,wf_2025,catboost_abc,5
2025-05-08,UZS,False,0.3340857787810384,0.4107883817427386,wf_2025,catboost_abc,5
2025-05-13,UZS,False,0.3340857787810384,0.4107883817427386,wf_2025,catboost_abc,5
2025-05-14,UZS,False,0.21825396825396826,0.4107883817427386,wf_2025,catboost_abc,5
2025-05-15,UZS,False,0.21825396825396826,0.4107883817427386,wf_2025,catboost_abc,5
2025-05-16,UZS,False,0.2857142857142857,0.4107883817427386,wf_2025,catboost_abc,5
2025-05-17,UZS,False,0.3340857787810384,0.4107883817427386,wf_2025,catboost_abc,5
2025-05-20,UZS,False,0.3340857787810384,0.4107883817427386,wf_2025,catboost_abc,5
2025-05-21,UZS,False,0.3340857787810384,0.4107883817427386,wf_2025,catboost_abc,5
2025-05-22,UZS,False,0.21825396825396826,0.4107883817427386,wf_2025,catboost_abc,5
2025-05-23,UZS,False,0.2857142857142857,0.4107883817427386,wf_2025,catboost_abc,5
2025-05-24,UZS,False,0.3340857787810384,0.4107883817427386,wf_2025,catboost_abc,5
2025-05-27,UZS,False,0.3340857787810384,0.4107883817427386,wf_2025,catboost_abc,5
2025-05-28,UZS,False,0.3340857787810384,0.4107883817427386,wf_2025,catboost_abc,5
2025-05-29,UZS,False,0.3340857787810384,0.4107883817427386,wf_2025,catboost_abc,5
2025-05-30,UZS,False,0.21825396825396826,0.4107883817427386,wf_2025,catboost_abc,5
2025-05-31,UZS,False,0.3340857787810384,0.4107883817427386,wf_2025,catboost_abc,5
2025-06-03,UZS,False,0.3340857787810384,0.4107883817427386,wf_2025,catboost_abc,5
2025-06-04,UZS,False,0.21825396825396826,0.4107883817427386,wf_2025,catboost_abc,5
2025-06-05,UZS,False,0.21825396825396826,0.4107883817427386,wf_2025,catboost_abc,5
2025-06-06,UZS,False,0.3340857787810384,0.4107883817427386,wf_2025,catboost_abc,5
2025-06-07,UZS,False,0.3340857787810384,0.4107883817427386,wf_2025,catboost_abc,5
2025-06-10,UZS,False,0.3340857787810384,0.4107883817427386,wf_2025,catboost_abc,5
2025-06-11,UZS,False,0.3340857787810384,0.4107883817427386,wf_2025,catboost_abc,5
2025-06-12,UZS,False,0.3340857787810384,0.4107883817427386,wf_2025,catboost_abc,5
2025-06-17,UZS,False,0.21825396825396826,0.4107883817427386,wf_2025,catboost_abc,5
2025-06-18,UZS,False,0.3340857787810384,0.4107883817427386,wf_2025,catboost_abc,5
2025-06-19,UZS,False,0.3340857787810384,0.4107883817427386,wf_2025,catboost_abc,5
2025-06-20,UZS,False,0.3340857787810384,0.4107883817427386,wf_2025,catboost_abc,5
2025-06-21,UZS,False,0.3340857787810384,0.4107883817427386,wf_2025,catboost_abc,5
2025-06-24,UZS,False,0.3340857787810384,0.4107883817427386,wf_2025,catboost_abc,5
2025-06-25,UZS,False,0.3340857787810384,0.4107883817427386,wf_2025,catboost_abc,5
2025-06-26,UZS,False,0.2857142857142857,0.4107883817427386,wf_2025,catboost_abc,5
2025-06-27,UZS,False,0.21825396825396826,0.4107883817427386,wf_2025,catboost_abc,5
2025-06-28,UZS,False,0.3340857787810384,0.4107883817427386,wf_2025,catboost_abc,5
2025-07-01,UZS,False,0.21825396825396826,0.4107883817427386,wf_2025,catboost_abc,5
2025-07-02,UZS,False,0.21825396825396826,0.4107883817427386,wf_2025,catboost_abc,5
2025-07-03,UZS,False,0.3340857787810384,0.4107883817427386,wf_2025,catboost_abc,5
2025-07-04,UZS,False,0.3340857787810384,0.4107883817427386,wf_2025,catboost_abc,5
2025-07-05,UZS,False,0.3340857787810384,0.4107883817427386,wf_2025,catboost_abc,5
2025-07-08,UZS,False,0.2857142857142857,0.4107883817427386,wf_2025,catboost_abc,5
2025-07-09,UZS,False,0.21825396825396826,0.4107883817427386,wf_2025,catboost_abc,5
2025-07-10,UZS,False,0.21825396825396826,0.4107883817427386,wf_2025,catboost_abc,5
2025-07-11,UZS,False,0.3340857787810384,0.4107883817427386,wf_2025,catboost_abc,5
2025-07-12,UZS,False,0.3340857787810384,0.4107883817427386,wf_2025,catboost_abc,5
2025-07-15,UZS,False,0.3340857787810384,0.4107883817427386,wf_2025,catboost_abc,5
2025-07-16,UZS,False,0.21825396825396826,0.4107883817427386,wf_2025,catboost_abc,5
2025-07-17,UZS,False,0.21825396825396826,0.4107883817427386,wf_2025,catboost_abc,5
2025-07-18,UZS,False,0.3340857787810384,0.4107883817427386,wf_2025,catboost_abc,5
2025-07-19,UZS,False,0.3340857787810384,0.4107883817427386,wf_2025,catboost_abc,5
2025-07-22,UZS,False,0.3340857787810384,0.4107883817427386,wf_2025,catboost_abc,5
2025-07-23,UZS,False,0.2857142857142857,0.4107883817427386,wf_2025,catboost_abc,5
2025-07-24,UZS,False,0.2857142857142857,0.4107883817427386,wf_2025,catboost_abc,5
2025-07-25,UZS,False,0.3340857787810384,0.4107883817427386,wf_2025,catboost_abc,5
2025-07-26,UZS,False,0.3340857787810384,0.4107883817427386,wf_2025,catboost_abc,5
2025-07-29,UZS,False,0.4107883817427386,0.4107883817427386,wf_2025,catboost_abc,5
2025-07-30,UZS,False,0.4107883817427386,0.4107883817427386,wf_2025,catboost_abc,5
2025-07-31,UZS,False,0.3340857787810384,0.4107883817427386,wf_2025,catboost_abc,5
2025-08-01,UZS,False,0.2857142857142857,0.4107883817427386,wf_2025,catboost_abc,5
2025-08-02,UZS,False,0.21825396825396826,0.4107883817427386,wf_2025,catboost_abc,5
2025-08-05,UZS,False,0.21825396825396826,0.4107883817427386,wf_2025,catboost_abc,5
2025-08-06,UZS,False,0.4107883817427386,0.4107883817427386,wf_2025,catboost_abc,5
2025-08-07,UZS,False,0.4107883817427386,0.4107883817427386,wf_2025,catboost_abc,5
2025-08-08,UZS,False,0.21825396825396826,0.4107883817427386,wf_2025,catboost_abc,5
2025-08-09,UZS,False,0.3340857787810384,0.4107883817427386,wf_2025,catboost_abc,5
2025-08-12,UZS,False,0.21825396825396826,0.4107883817427386,wf_2025,catboost_abc,5
2025-08-13,UZS,False,0.4107883817427386,0.4107883817427386,wf_2025,catboost_abc,5
2025-08-14,UZS,False,0.4107883817427386,0.4107883817427386,wf_2025,catboost_abc,5
2025-08-15,UZS,False,0.4107883817427386,0.4107883817427386,wf_2025,catboost_abc,5
2025-08-16,UZS,False,0.3340857787810384,0.4107883817427386,wf_2025,catboost_abc,5
2025-08-19,UZS,False,0.4107883817427386,0.4107883817427386,wf_2025,catboost_abc,5
2025-08-20,UZS,False,0.4107883817427386,0.4107883817427386,wf_2025,catboost_abc,5
2025-08-21,UZS,False,0.21825396825396826,0.4107883817427386,wf_2025,catboost_abc,5
2025-08-22,UZS,False,0.4107883817427386,0.4107883817427386,wf_2025,catboost_abc,5
2025-08-23,UZS,False,0.4107883817427386,0.4107883817427386,wf_2025,catboost_abc,5
2025-08-26,UZS,True,0.4107883817427386,0.4107883817427386,wf_2025,catboost_abc,5
2025-08-27,UZS,True,0.4107883817427386,0.4107883817427386,wf_2025,catboost_abc,5
2025-08-28,UZS,False,0.3340857787810384,0.4107883817427386,wf_2025,catboost_abc,5
2025-08-29,UZS,False,0.3340857787810384,0.4107883817427386,wf_2025,catboost_abc,5
2025-08-30,UZS,False,0.2857142857142857,0.4107883817427386,wf_2025,catboost_abc,5
2025-09-02,AMD,False,0.2924901185770751,0.34357541899441346,oot,catboost_abc,5
2025-09-03,AMD,False,0.2924901185770751,0.34357541899441346,oot,catboost_abc,5
2025-09-04,AMD,False,0.34357541899441346,0.34357541899441346,oot,catboost_abc,5
2025-09-05,AMD,False,0.34357541899441346,0.34357541899441346,oot,catboost_abc,5
2025-09-06,AMD,False,0.34357541899441346,0.34357541899441346,oot,catboost_abc,5
2025-09-09,AMD,False,0.34357541899441346,0.34357541899441346,oot,catboost_abc,5
2025-09-10,AMD,False,0.34357541899441346,0.34357541899441346,oot,catboost_abc,5
2025-09-11,AMD,False,0.6666666666666666,0.34357541899441346,oot,catboost_abc,5
2025-09-12,AMD,False,0.5122503915420333,0.34357541899441346,oot,catboost_abc,5
2025-09-13,AMD,False,0.2924901185770751,0.34357541899441346,oot,catboost_abc,5
2025-09-16,AMD,False,0.2328042328042328,0.34357541899441346,oot,catboost_abc,5
2025-09-17,AMD,False,0.2328042328042328,0.34357541899441346,oot,catboost_abc,5
2025-09-18,AMD,True,0.34357541899441346,0.34357541899441346,oot,catboost_abc,5
2025-09-19,AMD,True,0.34357541899441346,0.34357541899441346,oot,catboost_abc,5
2025-09-20,AMD,True,0.34357541899441346,0.34357541899441346,oot,catboost_abc,5
2025-09-23,AMD,False,0.34357541899441346,0.34357541899441346,oot,catboost_abc,5
2025-09-24,AMD,False,0.21428571428571427,0.34357541899441346,oot,catboost_abc,5
2025-09-25,AMD,False,0.34357541899441346,0.34357541899441346,oot,catboost_abc,5
2025-09-26,AMD,False,0.16161616161616163,0.34357541899441346,oot,catboost_abc,5
2025-09-27,AMD,False,0.2924901185770751,0.34357541899441346,oot,catboost_abc,5
2025-09-30,AMD,False,0.16161616161616163,0.34357541899441346,oot,catboost_abc,5
2025-10-01,AMD,False,0.2328042328042328,0.34357541899441346,oot,catboost_abc,5
2025-10-02,AMD,False,0.16161616161616163,0.34357541899441346,oot,catboost_abc,5
2025-10-03,AMD,False,0.16161616161616163,0.34357541899441346,oot,catboost_abc,5
2025-10-04,AMD,False,0.2924901185770751,0.34357541899441346,oot,catboost_abc,5
2025-10-07,AMD,False,0.34357541899441346,0.34357541899441346,oot,catboost_abc,5
2025-10-08,AMD,False,0.18181818181818182,0.34357541899441346,oot,catboost_abc,5
2025-10-09,AMD,False,0.21428571428571427,0.34357541899441346,oot,catboost_abc,5
2025-10-10,AMD,False,0.2328042328042328,0.34357541899441346,oot,catboost_abc,5
2025-10-11,AMD,False,0.21428571428571427,0.34357541899441346,oot,catboost_abc,5
2025-10-14,AMD,False,0.16161616161616163,0.34357541899441346,oot,catboost_abc,5
2025-10-15,AMD,False,0.16161616161616163,0.34357541899441346,oot,catboost_abc,5
2025-10-16,AMD,False,0.18181818181818182,0.34357541899441346,oot,catboost_abc,5
2025-10-17,AMD,False,0.2328042328042328,0.34357541899441346,oot,catboost_abc,5
2025-10-18,AMD,False,0.34357541899441346,0.34357541899441346,oot,catboost_abc,5
2025-10-21,AMD,False,0.34357541899441346,0.34357541899441346,oot,catboost_abc,5
2025-10-22,AMD,False,0.2924901185770751,0.34357541899441346,oot,catboost_abc,5
2025-10-23,AMD,False,0.2924901185770751,0.34357541899441346,oot,catboost_abc,5
2025-10-24,AMD,False,0.21428571428571427,0.34357541899441346,oot,catboost_abc,5
2025-10-25,AMD,False,0.21428571428571427,0.34357541899441346,oot,catboost_abc,5
2025-10-28,AMD,False,0.16161616161616163,0.34357541899441346,oot,catboost_abc,5
2025-10-29,AMD,False,0.2328042328042328,0.34357541899441346,oot,catboost_abc,5
2025-10-30,AMD,False,0.18181818181818182,0.34357541899441346,oot,catboost_abc,5
2025-10-31,AMD,False,0.2924901185770751,0.34357541899441346,oot,catboost_abc,5
2025-11-01,AMD,False,0.2924901185770751,0.34357541899441346,oot,catboost_abc,5
2025-11-02,AMD,False,0.21428571428571427,0.34357541899441346,oot,catboost_abc,5
2025-11-06,AMD,False,0.2924901185770751,0.34357541899441346,oot,catboost_abc,5
2025-11-07,AMD,False,0.2924901185770751,0.34357541899441346,oot,catboost_abc,5
2025-11-08,AMD,False,0.2328042328042328,0.34357541899441346,oot,catboost_abc,5
2025-11-11,AMD,False,0.2328042328042328,0.34357541899441346,oot,catboost_abc,5
2025-11-12,AMD,False,0.34357541899441346,0.34357541899441346,oot,catboost_abc,5
2025-11-13,AMD,False,0.34357541899441346,0.34357541899441346,oot,catboost_abc,5
2025-11-14,AMD,False,0.21428571428571427,0.34357541899441346,oot,catboost_abc,5
2025-11-15,AMD,False,0.34357541899441346,0.34357541899441346,oot,catboost_abc,5
2025-11-18,AMD,False,0.2924901185770751,0.34357541899441346,oot,catboost_abc,5
2025-11-19,AMD,False,0.2328042328042328,0.34357541899441346,oot,catboost_abc,5
2025-11-20,AMD,False,0.2924901185770751,0.34357541899441346,oot,catboost_abc,5
2025-11-21,AMD,False,0.21428571428571427,0.34357541899441346,oot,catboost_abc,5
2025-11-22,AMD,False,0.16161616161616163,0.34357541899441346,oot,catboost_abc,5
2025-11-25,AMD,False,0.21428571428571427,0.34357541899441346,oot,catboost_abc,5
2025-11-26,AMD,False,0.2924901185770751,0.34357541899441346,oot,catboost_abc,5
2025-11-27,AMD,False,0.2328042328042328,0.34357541899441346,oot,catboost_abc,5
2025-11-28,AMD,False,0.2328042328042328,0.34357541899441346,oot,catboost_abc,5
2025-11-29,AMD,False,0.2924901185770751,0.34357541899441346,oot,catboost_abc,5
2025-12-02,AMD,False,0.2328042328042328,0.34357541899441346,oot,catboost_abc,5
2025-12-03,AMD,False,0.2328042328042328,0.34357541899441346,oot,catboost_abc,5
2025-12-04,AMD,True,0.34357541899441346,0.34357541899441346,oot,catboost_abc,5
2025-12-05,AMD,False,0.2328042328042328,0.34357541899441346,oot,catboost_abc,5
2025-12-06,AMD,False,0.2328042328042328,0.34357541899441346,oot,catboost_abc,5
2025-12-09,AMD,False,0.2924901185770751,0.34357541899441346,oot,catboost_abc,5
2025-12-10,AMD,False,0.16161616161616163,0.34357541899441346,oot,catboost_abc,5
2025-12-11,AMD,False,0.2924901185770751,0.34357541899441346,oot,catboost_abc,5
2025-12-12,AMD,False,0.2924901185770751,0.34357541899441346,oot,catboost_abc,5
2025-12-13,AMD,False,0.2328042328042328,0.34357541899441346,oot,catboost_abc,5
2025-12-16,AMD,False,0.2328042328042328,0.34357541899441346,oot,catboost_abc,5
2025-12-17,AMD,False,0.2328042328042328,0.34357541899441346,oot,catboost_abc,5
2025-12-18,AMD,False,0.2924901185770751,0.34357541899441346,oot,catboost_abc,5
2025-12-19,AMD,False,0.21428571428571427,0.34357541899441346,oot,catboost_abc,5
2025-12-20,AMD,False,0.34357541899441346,0.34357541899441346,oot,catboost_abc,5
2025-12-23,AMD,False,0.21428571428571427,0.34357541899441346,oot,catboost_abc,5
2025-12-24,AMD,False,0.21428571428571427,0.34357541899441346,oot,catboost_abc,5
2025-12-25,AMD,False,0.2328042328042328,0.34357541899441346,oot,catboost_abc,5
2025-12-26,AMD,False,0.21428571428571427,0.34357541899441346,oot,catboost_abc,5
2025-12-27,AMD,False,0.21428571428571427,0.34357541899441346,oot,catboost_abc,5
2025-12-30,AMD,False,0.21428571428571427,0.34357541899441346,oot,catboost_abc,5
2025-12-31,AMD,False,0.2924901185770751,0.34357541899441346,oot,catboost_abc,5
2026-01-13,AMD,False,0.34357541899441346,0.34357541899441346,oot,catboost_abc,5
2026-01-14,AMD,False,0.2924901185770751,0.34357541899441346,oot,catboost_abc,5
2026-01-15,AMD,False,0.2328042328042328,0.34357541899441346,oot,catboost_abc,5
2026-01-16,AMD,False,0.2924901185770751,0.34357541899441346,oot,catboost_abc,5
2026-01-17,AMD,False,0.21428571428571427,0.34357541899441346,oot,catboost_abc,5
2026-01-20,AMD,False,0.2328042328042328,0.34357541899441346,oot,catboost_abc,5
2026-01-21,AMD,False,0.2924901185770751,0.34357541899441346,oot,catboost_abc,5
2026-01-22,AMD,False,0.21428571428571427,0.34357541899441346,oot,catboost_abc,5
2026-01-23,AMD,False,0.16161616161616163,0.34357541899441346,oot,catboost_abc,5
2026-01-24,AMD,False,0.21428571428571427,0.34357541899441346,oot,catboost_abc,5
2026-01-27,AMD,False,0.2328042328042328,0.34357541899441346,oot,catboost_abc,5
2026-01-28,AMD,False,0.2328042328042328,0.34357541899441346,oot,catboost_abc,5
2026-01-29,AMD,False,0.21428571428571427,0.34357541899441346,oot,catboost_abc,5
2026-01-30,AMD,False,0.2328042328042328,0.34357541899441346,oot,catboost_abc,5
2026-01-31,AMD,False,0.2328042328042328,0.34357541899441346,oot,catboost_abc,5
2026-02-03,AMD,True,0.34357541899441346,0.34357541899441346,oot,catboost_abc,5
2026-02-04,AMD,False,0.34357541899441346,0.34357541899441346,oot,catboost_abc,5
2026-02-05,AMD,False,0.34357541899441346,0.34357541899441346,oot,catboost_abc,5
2026-02-06,AMD,False,0.2328042328042328,0.34357541899441346,oot,catboost_abc,5
2026-02-07,AMD,False,0.34357541899441346,0.34357541899441346,oot,catboost_abc,5
2026-02-10,AMD,False,0.34357541899441346,0.34357541899441346,oot,catboost_abc,5
2026-02-11,AMD,False,0.2924901185770751,0.34357541899441346,oot,catboost_abc,5
2026-02-12,AMD,False,0.34357541899441346,0.34357541899441346,oot,catboost_abc,5
2026-02-13,AMD,False,0.2924901185770751,0.34357541899441346,oot,catboost_abc,5
2026-02-14,AMD,False,0.34357541899441346,0.34357541899441346,oot,catboost_abc,5
2026-02-17,AMD,False,0.2328042328042328,0.34357541899441346,oot,catboost_abc,5
2026-02-18,AMD,False,0.34357541899441346,0.34357541899441346,oot,catboost_abc,5
2026-02-19,AMD,False,0.16161616161616163,0.34357541899441346,oot,catboost_abc,5
2026-02-20,AMD,False,0.34357541899441346,0.34357541899441346,oot,catboost_abc,5
2026-02-21,AMD,False,0.34357541899441346,0.34357541899441346,oot,catboost_abc,5
2026-02-25,AMD,False,0.2924901185770751,0.34357541899441346,oot,catboost_abc,5
2026-02-26,AMD,False,0.34357541899441346,0.34357541899441346,oot,catboost_abc,5
2026-02-27,AMD,False,0.34357541899441346,0.34357541899441346,oot,catboost_abc,5
2026-02-28,AMD,False,0.34357541899441346,0.34357541899441346,oot,catboost_abc,5
2026-03-03,AMD,True,0.34357541899441346,0.34357541899441346,oot,catboost_abc,5
2026-03-04,AMD,True,0.34357541899441346,0.34357541899441346,oot,catboost_abc,5
2026-03-05,AMD,True,0.34357541899441346,0.34357541899441346,oot,catboost_abc,5
2026-03-06,AMD,True,0.34357541899441346,0.34357541899441346,oot,catboost_abc,5
2026-03-07,AMD,True,0.34357541899441346,0.34357541899441346,oot,catboost_abc,5
2026-03-11,AMD,False,0.2924901185770751,0.34357541899441346,oot,catboost_abc,5
2026-03-12,AMD,False,0.5079365079365079,0.34357541899441346,oot,catboost_abc,5
2026-03-13,AMD,False,0.34357541899441346,0.34357541899441346,oot,catboost_abc,5
2026-03-14,AMD,False,0.5079365079365079,0.34357541899441346,oot,catboost_abc,5
2026-03-17,AMD,False,0.5079365079365079,0.34357541899441346,oot,catboost_abc,5
2026-03-18,AMD,False,0.5079365079365079,0.34357541899441346,oot,catboost_abc,5
2026-03-19,AMD,False,0.5079365079365079,0.34357541899441346,oot,catboost_abc,5
2026-03-20,AMD,False,0.21428571428571427,0.34357541899441346,oot,catboost_abc,5
2026-03-21,AMD,False,0.21428571428571427,0.34357541899441346,oot,catboost_abc,5
2026-03-24,AMD,False,0.21428571428571427,0.34357541899441346,oot,catboost_abc,5
2026-03-25,AMD,False,0.18181818181818182,0.34357541899441346,oot,catboost_abc,5
2026-03-26,AMD,False,0.2328042328042328,0.34357541899441346,oot,catboost_abc,5
2026-03-27,AMD,False,0.34357541899441346,0.34357541899441346,oot,catboost_abc,5
2026-03-28,AMD,False,0.21428571428571427,0.34357541899441346,oot,catboost_abc,5
2026-03-31,AMD,False,0.34357541899441346,0.34357541899441346,oot,catboost_abc,5
2026-04-01,AMD,False,0.34357541899441346,0.34357541899441346,oot,catboost_abc,5
2026-04-02,AMD,False,0.21428571428571427,0.34357541899441346,oot,catboost_abc,5
2026-04-03,AMD,False,0.2328042328042328,0.34357541899441346,oot,catboost_abc,5
2026-04-04,AMD,False,0.21428571428571427,0.34357541899441346,oot,catboost_abc,5
2026-04-07,AMD,False,0.16161616161616163,0.34357541899441346,oot,catboost_abc,5
2026-04-08,AMD,False,0.2924901185770751,0.34357541899441346,oot,catboost_abc,5
2026-04-09,AMD,False,0.18181818181818182,0.34357541899441346,oot,catboost_abc,5
2026-04-10,AMD,False,0.18181818181818182,0.34357541899441346,oot,catboost_abc,5
2026-04-11,AMD,False,0.18181818181818182,0.34357541899441346,oot,catboost_abc,5
2026-04-14,AMD,False,0.16161616161616163,0.34357541899441346,oot,catboost_abc,5
2026-04-15,AMD,False,0.16161616161616163,0.34357541899441346,oot,catboost_abc,5
2026-04-16,AMD,False,0.16161616161616163,0.34357541899441346,oot,catboost_abc,5
2026-04-17,AMD,False,0.2328042328042328,0.34357541899441346,oot,catboost_abc,5
2026-04-18,AMD,False,0.2328042328042328,0.34357541899441346,oot,catboost_abc,5
2026-04-21,AMD,False,0.21428571428571427,0.34357541899441346,oot,catboost_abc,5
2026-04-22,AMD,False,0.21428571428571427,0.34357541899441346,oot,catboost_abc,5
2026-04-23,AMD,False,0.2924901185770751,0.34357541899441346,oot,catboost_abc,5
2026-04-24,AMD,False,0.2924901185770751,0.34357541899441346,oot,catboost_abc,5
2026-04-25,AMD,True,0.34357541899441346,0.34357541899441346,oot,catboost_abc,5
2026-04-28,AMD,False,0.2328042328042328,0.34357541899441346,oot,catboost_abc,5
2026-04-29,AMD,False,0.2924901185770751,0.34357541899441346,oot,catboost_abc,5
2026-04-30,AMD,True,0.34357541899441346,0.34357541899441346,oot,catboost_abc,5
2026-05-01,AMD,True,0.34357541899441346,0.34357541899441346,oot,catboost_abc,5
2026-05-05,AMD,True,0.34357541899441346,0.34357541899441346,oot,catboost_abc,5
2026-05-06,AMD,True,0.34357541899441346,0.34357541899441346,oot,catboost_abc,5
2026-05-07,AMD,True,0.34357541899441346,0.34357541899441346,oot,catboost_abc,5
2026-05-08,AMD,False,0.2328042328042328,0.34357541899441346,oot,catboost_abc,5
2026-05-09,AMD,False,0.2328042328042328,0.34357541899441346,oot,catboost_abc,5
2026-05-13,AMD,False,0.21428571428571427,0.34357541899441346,oot,catboost_abc,5
2026-05-14,AMD,False,0.21428571428571427,0.34357541899441346,oot,catboost_abc,5
2026-05-15,AMD,False,0.2328042328042328,0.34357541899441346,oot,catboost_abc,5
2026-05-16,AMD,False,0.2924901185770751,0.34357541899441346,oot,catboost_abc,5
2026-05-19,AMD,False,0.2328042328042328,0.34357541899441346,oot,catboost_abc,5
2026-05-20,AMD,False,0.2328042328042328,0.34357541899441346,oot,catboost_abc,5
2026-05-21,AMD,False,0.2328042328042328,0.34357541899441346,oot,catboost_abc,5
2026-05-22,AMD,False,0.2924901185770751,0.34357541899441346,oot,catboost_abc,5
2026-05-23,AMD,True,0.34357541899441346,0.34357541899441346,oot,catboost_abc,5
2026-05-26,AMD,False,0.2924901185770751,0.34357541899441346,oot,catboost_abc,5
2026-05-27,AMD,True,0.34357541899441346,0.34357541899441346,oot,catboost_abc,5
2026-05-28,AMD,False,0.2328042328042328,0.34357541899441346,oot,catboost_abc,5
2026-05-29,AMD,True,0.34357541899441346,0.34357541899441346,oot,catboost_abc,5
2026-05-30,AMD,False,0.2328042328042328,0.34357541899441346,oot,catboost_abc,5
2026-06-02,AMD,True,0.34357541899441346,0.34357541899441346,oot,catboost_abc,5
2026-06-03,AMD,False,0.34357541899441346,0.34357541899441346,oot,catboost_abc,5
2026-06-04,AMD,False,0.34357541899441346,0.34357541899441346,oot,catboost_abc,5
2026-06-05,AMD,False,0.2924901185770751,0.34357541899441346,oot,catboost_abc,5
2026-06-06,AMD,False,0.21428571428571427,0.34357541899441346,oot,catboost_abc,5
2026-06-09,AMD,False,0.2924901185770751,0.34357541899441346,oot,catboost_abc,5
2026-06-10,AMD,False,0.16161616161616163,0.34357541899441346,oot,catboost_abc,5
2026-06-11,AMD,False,0.2328042328042328,0.34357541899441346,oot,catboost_abc,5
2026-06-12,AMD,False,0.2924901185770751,0.34357541899441346,oot,catboost_abc,5
2026-06-16,AMD,False,0.2924901185770751,0.34357541899441346,oot,catboost_abc,5
2026-06-17,AMD,False,0.21428571428571427,0.34357541899441346,oot,catboost_abc,5
2026-06-18,AMD,False,0.34357541899441346,0.34357541899441346,oot,catboost_abc,5
2026-06-19,AMD,False,0.2924901185770751,0.34357541899441346,oot,catboost_abc,5
2026-06-20,AMD,False,0.2924901185770751,0.34357541899441346,oot,catboost_abc,5
2026-06-23,AMD,False,0.34357541899441346,0.34357541899441346,oot,catboost_abc,5
2026-06-24,AMD,False,0.34357541899441346,0.34357541899441346,oot,catboost_abc,5
2026-06-25,AMD,False,0.34357541899441346,0.34357541899441346,oot,catboost_abc,5
2026-06-26,AMD,False,0.34357541899441346,0.34357541899441346,oot,catboost_abc,5
2026-06-27,AMD,False,0.2924901185770751,0.34357541899441346,oot,catboost_abc,5
2026-06-30,AMD,False,0.2924901185770751,0.34357541899441346,oot,catboost_abc,5
2026-07-01,AMD,False,0.2328042328042328,0.34357541899441346,oot,catboost_abc,5
2026-07-02,AMD,False,0.2328042328042328,0.34357541899441346,oot,catboost_abc,5
2026-07-03,AMD,False,0.21428571428571427,0.34357541899441346,oot,catboost_abc,5
2026-07-04,AMD,False,0.21428571428571427,0.34357541899441346,oot,catboost_abc,5
2026-07-07,AMD,False,0.34357541899441346,0.34357541899441346,oot,catboost_abc,5
2026-07-08,AMD,False,0.16161616161616163,0.34357541899441346,oot,catboost_abc,5
2026-07-09,AMD,False,0.2924901185770751,0.34357541899441346,oot,catboost_abc,5
2026-07-10,AMD,False,0.18181818181818182,0.34357541899441346,oot,catboost_abc,5
2026-07-11,AMD,False,0.2924901185770751,0.34357541899441346,oot,catboost_abc,5
2026-07-14,AMD,False,0.2924901185770751,0.34357541899441346,oot,catboost_abc,5
2026-07-15,AMD,False,0.34357541899441346,0.34357541899441346,oot,catboost_abc,5
2026-07-16,AMD,False,0.34357541899441346,0.34357541899441346,oot,catboost_abc,5
2026-07-17,AMD,False,0.34357541899441346,0.34357541899441346,oot,catboost_abc,5
2026-07-18,AMD,False,0.34357541899441346,0.34357541899441346,oot,catboost_abc,5
2026-07-21,AMD,False,0.34357541899441346,0.34357541899441346,oot,catboost_abc,5
2026-07-22,AMD,False,0.34357541899441346,0.34357541899441346,oot,catboost_abc,5
2026-07-23,AMD,False,0.2924901185770751,0.34357541899441346,oot,catboost_abc,5
2026-07-24,AMD,False,0.34357541899441346,0.34357541899441346,oot,catboost_abc,5
2026-07-25,AMD,False,0.21428571428571427,0.34357541899441346,oot,catboost_abc,5
2026-07-28,AMD,False,0.2924901185770751,0.34357541899441346,oot,catboost_abc,5
2026-07-29,AMD,False,0.34357541899441346,0.34357541899441346,oot,catboost_abc,5
2026-07-30,AMD,False,0.34357541899441346,0.34357541899441346,oot,catboost_abc,5
2026-07-31,AMD,False,0.34357541899441346,0.34357541899441346,oot,catboost_abc,5
2026-08-01,AMD,False,0.2328042328042328,0.34357541899441346,oot,catboost_abc,5
2026-08-04,AMD,False,0.34357541899441346,0.34357541899441346,oot,catboost_abc,5
2026-08-05,AMD,False,0.34357541899441346,0.34357541899441346,oot,catboost_abc,5
2026-08-06,AMD,False,0.34357541899441346,0.34357541899441346,oot,catboost_abc,5
2026-08-07,AMD,False,0.5079365079365079,0.34357541899441346,oot,catboost_abc,5
2026-08-08,AMD,False,0.5079365079365079,0.34357541899441346,oot,catboost_abc,5
2026-08-11,AMD,False,0.5079365079365079,0.34357541899441346,oot,catboost_abc,5
2026-08-12,AMD,False,0.34357541899441346,0.34357541899441346,oot,catboost_abc,5
2026-08-13,AMD,False,0.5079365079365079,0.34357541899441346,oot,catboost_abc,5
2026-08-14,AMD,False,0.34357541899441346,0.34357541899441346,oot,catboost_abc,5
2026-08-15,AMD,False,0.34357541899441346,0.34357541899441346,oot,catboost_abc,5
2026-08-18,AMD,False,0.5079365079365079,0.34357541899441346,oot,catboost_abc,5
2026-08-19,AMD,False,0.6666666666666666,0.34357541899441346,oot,catboost_abc,5
2026-08-20,AMD,False,0.5079365079365079,0.34357541899441346,oot,catboost_abc,5
2026-08-21,AMD,False,0.21428571428571427,0.34357541899441346,oot,catboost_abc,5
2026-08-22,AMD,False,0.21428571428571427,0.34357541899441346,oot,catboost_abc,5
2026-08-25,AMD,False,0.34357541899441346,0.34357541899441346,oot,catboost_abc,5
2026-08-26,AMD,False,0.34357541899441346,0.34357541899441346,oot,catboost_abc,5
2026-08-27,AMD,False,0.2924901185770751,0.34357541899441346,oot,catboost_abc,5
2026-08-28,AMD,False,0.34357541899441346,0.34357541899441346,oot,catboost_abc,5
2026-08-29,AMD,False,0.21428571428571427,0.34357541899441346,oot,catboost_abc,5
2026-09-01,AMD,False,0.34357541899441346,0.34357541899441346,oot,catboost_abc,5
2026-09-02,AMD,False,0.34357541899441346,0.34357541899441346,oot,catboost_abc,5
2025-09-02,KGS,False,0.2328042328042328,0.34357541899441346,oot,catboost_abc,5
2025-09-03,KGS,False,0.2328042328042328,0.34357541899441346,oot,catboost_abc,5
2025-09-04,KGS,False,0.2328042328042328,0.34357541899441346,oot,catboost_abc,5
2025-09-05,KGS,False,0.2924901185770751,0.34357541899441346,oot,catboost_abc,5
2025-09-06,KGS,False,0.2924901185770751,0.34357541899441346,oot,catboost_abc,5
2025-09-09,KGS,False,0.2924901185770751,0.34357541899441346,oot,catboost_abc,5
2025-09-10,KGS,False,0.34357541899441346,0.34357541899441346,oot,catboost_abc,5
2025-09-11,KGS,False,0.5079365079365079,0.34357541899441346,oot,catboost_abc,5
2025-09-12,KGS,False,0.6666666666666666,0.34357541899441346,oot,catboost_abc,5
2025-09-13,KGS,False,0.2924901185770751,0.34357541899441346,oot,catboost_abc,5
2025-09-16,KGS,False,0.21428571428571427,0.34357541899441346,oot,catboost_abc,5
2025-09-17,KGS,False,0.2328042328042328,0.34357541899441346,oot,catboost_abc,5
2025-09-18,KGS,False,0.34357541899441346,0.34357541899441346,oot,catboost_abc,5
2025-09-19,KGS,False,0.34357541899441346,0.34357541899441346,oot,catboost_abc,5
2025-09-20,KGS,False,0.34357541899441346,0.34357541899441346,oot,catboost_abc,5
2025-09-23,KGS,False,0.34357541899441346,0.34357541899441346,oot,catboost_abc,5
2025-09-24,KGS,False,0.21428571428571427,0.34357541899441346,oot,catboost_abc,5
2025-09-25,KGS,False,0.34357541899441346,0.34357541899441346,oot,catboost_abc,5
2025-09-26,KGS,False,0.21428571428571427,0.34357541899441346,oot,catboost_abc,5
2025-09-27,KGS,False,0.34357541899441346,0.34357541899441346,oot,catboost_abc,5
2025-09-30,KGS,False,0.16161616161616163,0.34357541899441346,oot,catboost_abc,5
2025-10-01,KGS,False,0.21428571428571427,0.34357541899441346,oot,catboost_abc,5
2025-10-02,KGS,False,0.16161616161616163,0.34357541899441346,oot,catboost_abc,5
2025-10-03,KGS,False,0.16161616161616163,0.34357541899441346,oot,catboost_abc,5
2025-10-04,KGS,False,0.2924901185770751,0.34357541899441346,oot,catboost_abc,5
2025-10-07,KGS,False,0.34357541899441346,0.34357541899441346,oot,catboost_abc,5
2025-10-08,KGS,False,0.16161616161616163,0.34357541899441346,oot,catboost_abc,5
2025-10-09,KGS,False,0.21428571428571427,0.34357541899441346,oot,catboost_abc,5
2025-10-10,KGS,False,0.2328042328042328,0.34357541899441346,oot,catboost_abc,5
2025-10-11,KGS,False,0.21428571428571427,0.34357541899441346,oot,catboost_abc,5
2025-10-14,KGS,False,0.21428571428571427,0.34357541899441346,oot,catboost_abc,5
2025-10-15,KGS,False,0.18181818181818182,0.34357541899441346,oot,catboost_abc,5
2025-10-16,KGS,False,0.18181818181818182,0.34357541899441346,oot,catboost_abc,5
2025-10-17,KGS,False,0.2328042328042328,0.34357541899441346,oot,catboost_abc,5
2025-10-18,KGS,False,0.34357541899441346,0.34357541899441346,oot,catboost_abc,5
2025-10-21,KGS,False,0.34357541899441346,0.34357541899441346,oot,catboost_abc,5
2025-10-22,KGS,False,0.2924901185770751,0.34357541899441346,oot,catboost_abc,5
2025-10-23,KGS,False,0.2924901185770751,0.34357541899441346,oot,catboost_abc,5
2025-10-24,KGS,False,0.21428571428571427,0.34357541899441346,oot,catboost_abc,5
2025-10-25,KGS,False,0.21428571428571427,0.34357541899441346,oot,catboost_abc,5
2025-10-28,KGS,False,0.21428571428571427,0.34357541899441346,oot,catboost_abc,5
2025-10-29,KGS,False,0.2328042328042328,0.34357541899441346,oot,catboost_abc,5
2025-10-30,KGS,False,0.18181818181818182,0.34357541899441346,oot,catboost_abc,5
2025-10-31,KGS,False,0.2924901185770751,0.34357541899441346,oot,catboost_abc,5
2025-11-01,KGS,False,0.2924901185770751,0.34357541899441346,oot,catboost_abc,5
2025-11-02,KGS,False,0.21428571428571427,0.34357541899441346,oot,catboost_abc,5
2025-11-06,KGS,False,0.2924901185770751,0.34357541899441346,oot,catboost_abc,5
2025-11-07,KGS,False,0.2924901185770751,0.34357541899441346,oot,catboost_abc,5
2025-11-08,KGS,False,0.2328042328042328,0.34357541899441346,oot,catboost_abc,5
2025-11-11,KGS,False,0.2328042328042328,0.34357541899441346,oot,catboost_abc,5
2025-11-12,KGS,False,0.34357541899441346,0.34357541899441346,oot,catboost_abc,5
2025-11-13,KGS,False,0.2924901185770751,0.34357541899441346,oot,catboost_abc,5
2025-11-14,KGS,False,0.21428571428571427,0.34357541899441346,oot,catboost_abc,5
2025-11-15,KGS,False,0.34357541899441346,0.34357541899441346,oot,catboost_abc,5
2025-11-18,KGS,False,0.2924901185770751,0.34357541899441346,oot,catboost_abc,5
2025-11-19,KGS,False,0.2328042328042328,0.34357541899441346,oot,catboost_abc,5
2025-11-20,KGS,False,0.2328042328042328,0.34357541899441346,oot,catboost_abc,5
2025-11-21,KGS,False,0.2328042328042328,0.34357541899441346,oot,catboost_abc,5
2025-11-22,KGS,False,0.16161616161616163,0.34357541899441346,oot,catboost_abc,5
2025-11-25,KGS,False,0.21428571428571427,0.34357541899441346,oot,catboost_abc,5
2025-11-26,KGS,False,0.2924901185770751,0.34357541899441346,oot,catboost_abc,5
2025-11-27,KGS,False,0.2328042328042328,0.34357541899441346,oot,catboost_abc,5
2025-11-28,KGS,False,0.2328042328042328,0.34357541899441346,oot,catboost_abc,5
2025-11-29,KGS,False,0.2924901185770751,0.34357541899441346,oot,catboost_abc,5
2025-12-02,KGS,False,0.2328042328042328,0.34357541899441346,oot,catboost_abc,5
2025-12-03,KGS,False,0.2924901185770751,0.34357541899441346,oot,catboost_abc,5
2025-12-04,KGS,True,0.34357541899441346,0.34357541899441346,oot,catboost_abc,5
2025-12-05,KGS,False,0.2328042328042328,0.34357541899441346,oot,catboost_abc,5
2025-12-06,KGS,False,0.2328042328042328,0.34357541899441346,oot,catboost_abc,5
2025-12-09,KGS,False,0.2924901185770751,0.34357541899441346,oot,catboost_abc,5
2025-12-10,KGS,False,0.18181818181818182,0.34357541899441346,oot,catboost_abc,5
2025-12-11,KGS,False,0.2924901185770751,0.34357541899441346,oot,catboost_abc,5
2025-12-12,KGS,False,0.2924901185770751,0.34357541899441346,oot,catboost_abc,5
2025-12-13,KGS,False,0.2328042328042328,0.34357541899441346,oot,catboost_abc,5
2025-12-16,KGS,False,0.2328042328042328,0.34357541899441346,oot,catboost_abc,5
2025-12-17,KGS,False,0.2924901185770751,0.34357541899441346,oot,catboost_abc,5
2025-12-18,KGS,False,0.2924901185770751,0.34357541899441346,oot,catboost_abc,5
2025-12-19,KGS,False,0.21428571428571427,0.34357541899441346,oot,catboost_abc,5
2025-12-20,KGS,False,0.34357541899441346,0.34357541899441346,oot,catboost_abc,5
2025-12-23,KGS,False,0.21428571428571427,0.34357541899441346,oot,catboost_abc,5
2025-12-24,KGS,False,0.21428571428571427,0.34357541899441346,oot,catboost_abc,5
2025-12-25,KGS,False,0.2328042328042328,0.34357541899441346,oot,catboost_abc,5
2025-12-26,KGS,False,0.21428571428571427,0.34357541899441346,oot,catboost_abc,5
2025-12-27,KGS,False,0.2328042328042328,0.34357541899441346,oot,catboost_abc,5
2025-12-30,KGS,False,0.2328042328042328,0.34357541899441346,oot,catboost_abc,5
2025-12-31,KGS,False,0.2924901185770751,0.34357541899441346,oot,catboost_abc,5
2026-01-13,KGS,False,0.2924901185770751,0.34357541899441346,oot,catboost_abc,5
2026-01-14,KGS,False,0.2924901185770751,0.34357541899441346,oot,catboost_abc,5
2026-01-15,KGS,False,0.2328042328042328,0.34357541899441346,oot,catboost_abc,5
2026-01-16,KGS,False,0.2328042328042328,0.34357541899441346,oot,catboost_abc,5
2026-01-17,KGS,False,0.16161616161616163,0.34357541899441346,oot,catboost_abc,5
2026-01-20,KGS,False,0.21428571428571427,0.34357541899441346,oot,catboost_abc,5
2026-01-21,KGS,False,0.2924901185770751,0.34357541899441346,oot,catboost_abc,5
2026-01-22,KGS,False,0.2328042328042328,0.34357541899441346,oot,catboost_abc,5
2026-01-23,KGS,False,0.18181818181818182,0.34357541899441346,oot,catboost_abc,5
2026-01-24,KGS,False,0.21428571428571427,0.34357541899441346,oot,catboost_abc,5
2026-01-27,KGS,False,0.2924901185770751,0.34357541899441346,oot,catboost_abc,5
2026-01-28,KGS,False,0.2924901185770751,0.34357541899441346,oot,catboost_abc,5
2026-01-29,KGS,False,0.2328042328042328,0.34357541899441346,oot,catboost_abc,5
2026-01-30,KGS,False,0.2924901185770751,0.34357541899441346,oot,catboost_abc,5
2026-01-31,KGS,False,0.2328042328042328,0.34357541899441346,oot,catboost_abc,5
2026-02-03,KGS,True,0.34357541899441346,0.34357541899441346,oot,catboost_abc,5
2026-02-04,KGS,False,0.34357541899441346,0.34357541899441346,oot,catboost_abc,5
2026-02-05,KGS,False,0.2924901185770751,0.34357541899441346,oot,catboost_abc,5
2026-02-06,KGS,False,0.2328042328042328,0.34357541899441346,oot,catboost_abc,5
2026-02-07,KGS,False,0.34357541899441346,0.34357541899441346,oot,catboost_abc,5
2026-02-10,KGS,False,0.34357541899441346,0.34357541899441346,oot,catboost_abc,5
2026-02-11,KGS,False,0.2924901185770751,0.34357541899441346,oot,catboost_abc,5
2026-02-12,KGS,False,0.34357541899441346,0.34357541899441346,oot,catboost_abc,5
2026-02-13,KGS,False,0.2924901185770751,0.34357541899441346,oot,catboost_abc,5
2026-02-14,KGS,False,0.34357541899441346,0.34357541899441346,oot,catboost_abc,5
2026-02-17,KGS,False,0.21428571428571427,0.34357541899441346,oot,catboost_abc,5
2026-02-18,KGS,False,0.34357541899441346,0.34357541899441346,oot,catboost_abc,5
2026-02-19,KGS,False,0.21428571428571427,0.34357541899441346,oot,catboost_abc,5
2026-02-20,KGS,False,0.2924901185770751,0.34357541899441346,oot,catboost_abc,5
2026-02-21,KGS,False,0.34357541899441346,0.34357541899441346,oot,catboost_abc,5
2026-02-25,KGS,False,0.2924901185770751,0.34357541899441346,oot,catboost_abc,5
2026-02-26,KGS,False,0.2328042328042328,0.34357541899441346,oot,catboost_abc,5
2026-02-27,KGS,False,0.34357541899441346,0.34357541899441346,oot,catboost_abc,5
2026-02-28,KGS,False,0.34357541899441346,0.34357541899441346,oot,catboost_abc,5
2026-03-03,KGS,True,0.34357541899441346,0.34357541899441346,oot,catboost_abc,5
2026-03-04,KGS,True,0.34357541899441346,0.34357541899441346,oot,catboost_abc,5
2026-03-05,KGS,True,0.34357541899441346,0.34357541899441346,oot,catboost_abc,5
2026-03-06,KGS,True,0.34357541899441346,0.34357541899441346,oot,catboost_abc,5
2026-03-07,KGS,True,0.34357541899441346,0.34357541899441346,oot,catboost_abc,5
2026-03-11,KGS,False,0.2924901185770751,0.34357541899441346,oot,catboost_abc,5
2026-03-12,KGS,False,0.34357541899441346,0.34357541899441346,oot,catboost_abc,5
2026-03-13,KGS,True,0.34357541899441346,0.34357541899441346,oot,catboost_abc,5
2026-03-14,KGS,True,0.5079365079365079,0.34357541899441346,oot,catboost_abc,5
2026-03-17,KGS,True,0.5079365079365079,0.34357541899441346,oot,catboost_abc,5
2026-03-18,KGS,True,0.6666666666666666,0.34357541899441346,oot,catboost_abc,5
2026-03-19,KGS,True,0.5079365079365079,0.34357541899441346,oot,catboost_abc,5
2026-03-20,KGS,False,0.2924901185770751,0.34357541899441346,oot,catboost_abc,5
2026-03-21,KGS,False,0.2328042328042328,0.34357541899441346,oot,catboost_abc,5
2026-03-24,KGS,False,0.21428571428571427,0.34357541899441346,oot,catboost_abc,5
2026-03-25,KGS,False,0.21428571428571427,0.34357541899441346,oot,catboost_abc,5
2026-03-26,KGS,False,0.2328042328042328,0.34357541899441346,oot,catboost_abc,5
2026-03-27,KGS,False,0.2924901185770751,0.34357541899441346,oot,catboost_abc,5
2026-03-28,KGS,False,0.21428571428571427,0.34357541899441346,oot,catboost_abc,5
2026-03-31,KGS,False,0.34357541899441346,0.34357541899441346,oot,catboost_abc,5
2026-04-01,KGS,False,0.34357541899441346,0.34357541899441346,oot,catboost_abc,5
2026-04-02,KGS,False,0.21428571428571427,0.34357541899441346,oot,catboost_abc,5
2026-04-03,KGS,False,0.2328042328042328,0.34357541899441346,oot,catboost_abc,5
2026-04-04,KGS,False,0.18181818181818182,0.34357541899441346,oot,catboost_abc,5
2026-04-07,KGS,False,0.21428571428571427,0.34357541899441346,oot,catboost_abc,5
2026-04-08,KGS,False,0.2924901185770751,0.34357541899441346,oot,catboost_abc,5
2026-04-09,KGS,False,0.21428571428571427,0.34357541899441346,oot,catboost_abc,5
2026-04-10,KGS,False,0.21428571428571427,0.34357541899441346,oot,catboost_abc,5
2026-04-11,KGS,False,0.18181818181818182,0.34357541899441346,oot,catboost_abc,5
2026-04-14,KGS,False,0.18181818181818182,0.34357541899441346,oot,catboost_abc,5
2026-04-15,KGS,False,0.16161616161616163,0.34357541899441346,oot,catboost_abc,5
2026-04-16,KGS,False,0.16161616161616163,0.34357541899441346,oot,catboost_abc,5
2026-04-17,KGS,False,0.2328042328042328,0.34357541899441346,oot,catboost_abc,5
2026-04-18,KGS,False,0.21428571428571427,0.34357541899441346,oot,catboost_abc,5
2026-04-21,KGS,False,0.18181818181818182,0.34357541899441346,oot,catboost_abc,5
2026-04-22,KGS,False,0.18181818181818182,0.34357541899441346,oot,catboost_abc,5
2026-04-23,KGS,False,0.2924901185770751,0.34357541899441346,oot,catboost_abc,5
2026-04-24,KGS,False,0.2924901185770751,0.34357541899441346,oot,catboost_abc,5
2026-04-25,KGS,True,0.34357541899441346,0.34357541899441346,oot,catboost_abc,5
2026-04-28,KGS,False,0.21428571428571427,0.34357541899441346,oot,catboost_abc,5
2026-04-29,KGS,False,0.2924901185770751,0.34357541899441346,oot,catboost_abc,5
2026-04-30,KGS,True,0.34357541899441346,0.34357541899441346,oot,catboost_abc,5
2026-05-01,KGS,False,0.2924901185770751,0.34357541899441346,oot,catboost_abc,5
2026-05-05,KGS,True,0.34357541899441346,0.34357541899441346,oot,catboost_abc,5
2026-05-06,KGS,False,0.2924901185770751,0.34357541899441346,oot,catboost_abc,5
2026-05-07,KGS,False,0.2924901185770751,0.34357541899441346,oot,catboost_abc,5
2026-05-08,KGS,False,0.21428571428571427,0.34357541899441346,oot,catboost_abc,5
2026-05-09,KGS,False,0.21428571428571427,0.34357541899441346,oot,catboost_abc,5
2026-05-13,KGS,False,0.2328042328042328,0.34357541899441346,oot,catboost_abc,5
2026-05-14,KGS,False,0.21428571428571427,0.34357541899441346,oot,catboost_abc,5
2026-05-15,KGS,False,0.2924901185770751,0.34357541899441346,oot,catboost_abc,5
2026-05-16,KGS,False,0.2924901185770751,0.34357541899441346,oot,catboost_abc,5
2026-05-19,KGS,False,0.2328042328042328,0.34357541899441346,oot,catboost_abc,5
2026-05-20,KGS,False,0.2328042328042328,0.34357541899441346,oot,catboost_abc,5
2026-05-21,KGS,False,0.2328042328042328,0.34357541899441346,oot,catboost_abc,5
2026-05-22,KGS,False,0.2924901185770751,0.34357541899441346,oot,catboost_abc,5
2026-05-23,KGS,True,0.34357541899441346,0.34357541899441346,oot,catboost_abc,5
2026-05-26,KGS,True,0.34357541899441346,0.34357541899441346,oot,catboost_abc,5
2026-05-27,KGS,True,0.34357541899441346,0.34357541899441346,oot,catboost_abc,5
2026-05-28,KGS,False,0.2328042328042328,0.34357541899441346,oot,catboost_abc,5
2026-05-29,KGS,True,0.34357541899441346,0.34357541899441346,oot,catboost_abc,5
2026-05-30,KGS,False,0.2328042328042328,0.34357541899441346,oot,catboost_abc,5
2026-06-02,KGS,True,0.34357541899441346,0.34357541899441346,oot,catboost_abc,5
2026-06-03,KGS,False,0.34357541899441346,0.34357541899441346,oot,catboost_abc,5
2026-06-04,KGS,False,0.2924901185770751,0.34357541899441346,oot,catboost_abc,5
2026-06-05,KGS,False,0.2328042328042328,0.34357541899441346,oot,catboost_abc,5
2026-06-06,KGS,False,0.21428571428571427,0.34357541899441346,oot,catboost_abc,5
2026-06-09,KGS,False,0.2328042328042328,0.34357541899441346,oot,catboost_abc,5
2026-06-10,KGS,False,0.16161616161616163,0.34357541899441346,oot,catboost_abc,5
2026-06-11,KGS,False,0.2328042328042328,0.34357541899441346,oot,catboost_abc,5
2026-06-12,KGS,False,0.2328042328042328,0.34357541899441346,oot,catboost_abc,5
2026-06-16,KGS,False,0.2924901185770751,0.34357541899441346,oot,catboost_abc,5
2026-06-17,KGS,False,0.21428571428571427,0.34357541899441346,oot,catboost_abc,5
2026-06-18,KGS,False,0.2924901185770751,0.34357541899441346,oot,catboost_abc,5
2026-06-19,KGS,False,0.2924901185770751,0.34357541899441346,oot,catboost_abc,5
2026-06-20,KGS,False,0.2924901185770751,0.34357541899441346,oot,catboost_abc,5
2026-06-23,KGS,False,0.2924901185770751,0.34357541899441346,oot,catboost_abc,5
2026-06-24,KGS,False,0.2924901185770751,0.34357541899441346,oot,catboost_abc,5
2026-06-25,KGS,False,0.2924901185770751,0.34357541899441346,oot,catboost_abc,5
2026-06-26,KGS,False,0.2924901185770751,0.34357541899441346,oot,catboost_abc,5
2026-06-27,KGS,False,0.2328042328042328,0.34357541899441346,oot,catboost_abc,5
2026-06-30,KGS,False,0.2328042328042328,0.34357541899441346,oot,catboost_abc,5
2026-07-01,KGS,False,0.2328042328042328,0.34357541899441346,oot,catboost_abc,5
2026-07-02,KGS,False,0.2328042328042328,0.34357541899441346,oot,catboost_abc,5
2026-07-03,KGS,False,0.21428571428571427,0.34357541899441346,oot,catboost_abc,5
2026-07-04,KGS,False,0.21428571428571427,0.34357541899441346,oot,catboost_abc,5
2026-07-07,KGS,False,0.34357541899441346,0.34357541899441346,oot,catboost_abc,5
2026-07-08,KGS,False,0.16161616161616163,0.34357541899441346,oot,catboost_abc,5
2026-07-09,KGS,False,0.2924901185770751,0.34357541899441346,oot,catboost_abc,5
2026-07-10,KGS,False,0.18181818181818182,0.34357541899441346,oot,catboost_abc,5
2026-07-11,KGS,False,0.2924901185770751,0.34357541899441346,oot,catboost_abc,5
2026-07-14,KGS,False,0.2328042328042328,0.34357541899441346,oot,catboost_abc,5
2026-07-15,KGS,False,0.34357541899441346,0.34357541899441346,oot,catboost_abc,5
2026-07-16,KGS,False,0.34357541899441346,0.34357541899441346,oot,catboost_abc,5
2026-07-17,KGS,False,0.34357541899441346,0.34357541899441346,oot,catboost_abc,5
2026-07-18,KGS,False,0.34357541899441346,0.34357541899441346,oot,catboost_abc,5
2026-07-21,KGS,False,0.2924901185770751,0.34357541899441346,oot,catboost_abc,5
2026-07-22,KGS,False,0.34357541899441346,0.34357541899441346,oot,catboost_abc,5
2026-07-23,KGS,False,0.34357541899441346,0.34357541899441346,oot,catboost_abc,5
2026-07-24,KGS,False,0.34357541899441346,0.34357541899441346,oot,catboost_abc,5
2026-07-25,KGS,False,0.21428571428571427,0.34357541899441346,oot,catboost_abc,5
2026-07-28,KGS,True,0.34357541899441346,0.34357541899441346,oot,catboost_abc,5
2026-07-29,KGS,False,0.34357541899441346,0.34357541899441346,oot,catboost_abc,5
2026-07-30,KGS,False,0.34357541899441346,0.34357541899441346,oot,catboost_abc,5
2026-07-31,KGS,False,0.34357541899441346,0.34357541899441346,oot,catboost_abc,5
2026-08-01,KGS,False,0.2328042328042328,0.34357541899441346,oot,catboost_abc,5
2026-08-04,KGS,False,0.34357541899441346,0.34357541899441346,oot,catboost_abc,5
2026-08-05,KGS,False,0.34357541899441346,0.34357541899441346,oot,catboost_abc,5
2026-08-06,KGS,False,0.34357541899441346,0.34357541899441346,oot,catboost_abc,5
2026-08-07,KGS,False,0.5079365079365079,0.34357541899441346,oot,catboost_abc,5
2026-08-08,KGS,False,0.5079365079365079,0.34357541899441346,oot,catboost_abc,5
2026-08-11,KGS,False,0.5097116528017007,0.34357541899441346,oot,catboost_abc,5
2026-08-12,KGS,False,0.34357541899441346,0.34357541899441346,oot,catboost_abc,5
2026-08-13,KGS,False,0.5079365079365079,0.34357541899441346,oot,catboost_abc,5
2026-08-14,KGS,False,0.34357541899441346,0.34357541899441346,oot,catboost_abc,5
2026-08-15,KGS,False,0.34357541899441346,0.34357541899441346,oot,catboost_abc,5
2026-08-18,KGS,False,0.5079365079365079,0.34357541899441346,oot,catboost_abc,5
2026-08-19,KGS,False,0.5101107930099447,0.34357541899441346,oot,catboost_abc,5
2026-08-20,KGS,False,0.34357541899441346,0.34357541899441346,oot,catboost_abc,5
2026-08-21,KGS,False,0.21428571428571427,0.34357541899441346,oot,catboost_abc,5
2026-08-22,KGS,False,0.21428571428571427,0.34357541899441346,oot,catboost_abc,5
2026-08-25,KGS,True,0.34357541899441346,0.34357541899441346,oot,catboost_abc,5
2026-08-26,KGS,True,0.34357541899441346,0.34357541899441346,oot,catboost_abc,5
2026-08-27,KGS,False,0.2924901185770751,0.34357541899441346,oot,catboost_abc,5
2026-08-28,KGS,True,0.34357541899441346,0.34357541899441346,oot,catboost_abc,5
2026-08-29,KGS,False,0.21428571428571427,0.34357541899441346,oot,catboost_abc,5
2026-09-01,KGS,False,0.2924901185770751,0.34357541899441346,oot,catboost_abc,5
2026-09-02,KGS,False,0.34357541899441346,0.34357541899441346,oot,catboost_abc,5
2025-09-02,KZT,False,0.2924901185770751,0.34357541899441346,oot,catboost_abc,5
2025-09-03,KZT,False,0.34357541899441346,0.34357541899441346,oot,catboost_abc,5
2025-09-04,KZT,False,0.2328042328042328,0.34357541899441346,oot,catboost_abc,5
2025-09-05,KZT,False,0.2924901185770751,0.34357541899441346,oot,catboost_abc,5
2025-09-06,KZT,False,0.2924901185770751,0.34357541899441346,oot,catboost_abc,5
2025-09-09,KZT,False,0.34357541899441346,0.34357541899441346,oot,catboost_abc,5
2025-09-10,KZT,False,0.5079365079365079,0.34357541899441346,oot,catboost_abc,5
2025-09-11,KZT,False,0.5079365079365079,0.34357541899441346,oot,catboost_abc,5
2025-09-12,KZT,False,0.5079365079365079,0.34357541899441346,oot,catboost_abc,5
2025-09-13,KZT,False,0.16161616161616163,0.34357541899441346,oot,catboost_abc,5
2025-09-16,KZT,False,0.21428571428571427,0.34357541899441346,oot,catboost_abc,5
2025-09-17,KZT,False,0.21428571428571427,0.34357541899441346,oot,catboost_abc,5
2025-09-18,KZT,False,0.34357541899441346,0.34357541899441346,oot,catboost_abc,5
2025-09-19,KZT,False,0.2924901185770751,0.34357541899441346,oot,catboost_abc,5
2025-09-20,KZT,False,0.34357541899441346,0.34357541899441346,oot,catboost_abc,5
2025-09-23,KZT,False,0.34357541899441346,0.34357541899441346,oot,catboost_abc,5
2025-09-24,KZT,False,0.21428571428571427,0.34357541899441346,oot,catboost_abc,5
2025-09-25,KZT,False,0.34357541899441346,0.34357541899441346,oot,catboost_abc,5
2025-09-26,KZT,False,0.34357541899441346,0.34357541899441346,oot,catboost_abc,5
2025-09-27,KZT,False,0.34357541899441346,0.34357541899441346,oot,catboost_abc,5
2025-09-30,KZT,False,0.18181818181818182,0.34357541899441346,oot,catboost_abc,5
2025-10-01,KZT,False,0.16161616161616163,0.34357541899441346,oot,catboost_abc,5
2025-10-02,KZT,False,0.16161616161616163,0.34357541899441346,oot,catboost_abc,5
2025-10-03,KZT,False,0.16161616161616163,0.34357541899441346,oot,catboost_abc,5
2025-10-04,KZT,False,0.2924901185770751,0.34357541899441346,oot,catboost_abc,5
2025-10-07,KZT,False,0.2924901185770751,0.34357541899441346,oot,catboost_abc,5
2025-10-08,KZT,False,0.21428571428571427,0.34357541899441346,oot,catboost_abc,5
2025-10-09,KZT,False,0.2924901185770751,0.34357541899441346,oot,catboost_abc,5
2025-10-10,KZT,False,0.2924901185770751,0.34357541899441346,oot,catboost_abc,5
2025-10-11,KZT,False,0.21428571428571427,0.34357541899441346,oot,catboost_abc,5
2025-10-14,KZT,False,0.2924901185770751,0.34357541899441346,oot,catboost_abc,5
2025-10-15,KZT,False,0.18181818181818182,0.34357541899441346,oot,catboost_abc,5
2025-10-16,KZT,False,0.16161616161616163,0.34357541899441346,oot,catboost_abc,5
2025-10-17,KZT,False,0.2328042328042328,0.34357541899441346,oot,catboost_abc,5
2025-10-18,KZT,False,0.2924901185770751,0.34357541899441346,oot,catboost_abc,5
2025-10-21,KZT,True,0.34357541899441346,0.34357541899441346,oot,catboost_abc,5
2025-10-22,KZT,False,0.2328042328042328,0.34357541899441346,oot,catboost_abc,5
2025-10-23,KZT,True,0.34357541899441346,0.34357541899441346,oot,catboost_abc,5
2025-10-24,KZT,False,0.21428571428571427,0.34357541899441346,oot,catboost_abc,5
2025-10-25,KZT,False,0.2328042328042328,0.34357541899441346,oot,catboost_abc,5
2025-10-28,KZT,False,0.21428571428571427,0.34357541899441346,oot,catboost_abc,5
2025-10-29,KZT,False,0.2924901185770751,0.34357541899441346,oot,catboost_abc,5
2025-10-30,KZT,False,0.2924901185770751,0.34357541899441346,oot,catboost_abc,5
2025-10-31,KZT,False,0.34357541899441346,0.34357541899441346,oot,catboost_abc,5
2025-11-01,KZT,False,0.34357541899441346,0.34357541899441346,oot,catboost_abc,5
2025-11-02,KZT,False,0.2924901185770751,0.34357541899441346,oot,catboost_abc,5
2025-11-06,KZT,False,0.34357541899441346,0.34357541899441346,oot,catboost_abc,5
2025-11-07,KZT,False,0.2924901185770751,0.34357541899441346,oot,catboost_abc,5
2025-11-08,KZT,False,0.2328042328042328,0.34357541899441346,oot,catboost_abc,5
2025-11-11,KZT,True,0.34357541899441346,0.34357541899441346,oot,catboost_abc,5
2025-11-12,KZT,False,0.34357541899441346,0.34357541899441346,oot,catboost_abc,5
2025-11-13,KZT,False,0.21428571428571427,0.34357541899441346,oot,catboost_abc,5
2025-11-14,KZT,False,0.21428571428571427,0.34357541899441346,oot,catboost_abc,5
2025-11-15,KZT,False,0.34357541899441346,0.34357541899441346,oot,catboost_abc,5
2025-11-18,KZT,False,0.34357541899441346,0.34357541899441346,oot,catboost_abc,5
2025-11-19,KZT,False,0.21428571428571427,0.34357541899441346,oot,catboost_abc,5
2025-11-20,KZT,False,0.34357541899441346,0.34357541899441346,oot,catboost_abc,5
2025-11-21,KZT,False,0.34357541899441346,0.34357541899441346,oot,catboost_abc,5
2025-11-22,KZT,False,0.21428571428571427,0.34357541899441346,oot,catboost_abc,5
2025-11-25,KZT,False,0.2328042328042328,0.34357541899441346,oot,catboost_abc,5
2025-11-26,KZT,False,0.2328042328042328,0.34357541899441346,oot,catboost_abc,5
2025-11-27,KZT,False,0.2328042328042328,0.34357541899441346,oot,catboost_abc,5
2025-11-28,KZT,False,0.16161616161616163,0.34357541899441346,oot,catboost_abc,5
2025-11-29,KZT,False,0.2328042328042328,0.34357541899441346,oot,catboost_abc,5
2025-12-02,KZT,False,0.2924901185770751,0.34357541899441346,oot,catboost_abc,5
2025-12-03,KZT,False,0.21386375379536174,0.34357541899441346,oot,catboost_abc,5
2025-12-04,KZT,False,0.34357541899441346,0.34357541899441346,oot,catboost_abc,5
2025-12-05,KZT,False,0.21428571428571427,0.34357541899441346,oot,catboost_abc,5
2025-12-06,KZT,False,0.2328042328042328,0.34357541899441346,oot,catboost_abc,5
2025-12-09,KZT,True,0.34357541899441346,0.34357541899441346,oot,catboost_abc,5
2025-12-10,KZT,False,0.21428571428571427,0.34357541899441346,oot,catboost_abc,5
2025-12-11,KZT,False,0.2328042328042328,0.34357541899441346,oot,catboost_abc,5
2025-12-12,KZT,True,0.34357541899441346,0.34357541899441346,oot,catboost_abc,5
2025-12-13,KZT,True,0.34357541899441346,0.34357541899441346,oot,catboost_abc,5
2025-12-16,KZT,False,0.16161616161616163,0.34357541899441346,oot,catboost_abc,5
2025-12-17,KZT,False,0.34357541899441346,0.34357541899441346,oot,catboost_abc,5
2025-12-18,KZT,False,0.34357541899441346,0.34357541899441346,oot,catboost_abc,5
2025-12-19,KZT,False,0.34357541899441346,0.34357541899441346,oot,catboost_abc,5
2025-12-20,KZT,False,0.34357541899441346,0.34357541899441346,oot,catboost_abc,5
2025-12-23,KZT,False,0.2328042328042328,0.34357541899441346,oot,catboost_abc,5
2025-12-24,KZT,False,0.21428571428571427,0.34357541899441346,oot,catboost_abc,5
2025-12-25,KZT,True,0.34357541899441346,0.34357541899441346,oot,catboost_abc,5
2025-12-26,KZT,False,0.16161616161616163,0.34357541899441346,oot,catboost_abc,5
2025-12-27,KZT,False,0.16161616161616163,0.34357541899441346,oot,catboost_abc,5
2025-12-30,KZT,True,0.34357541899441346,0.34357541899441346,oot,catboost_abc,5
2025-12-31,KZT,True,0.34357541899441346,0.34357541899441346,oot,catboost_abc,5
2026-01-13,KZT,False,0.2328042328042328,0.34357541899441346,oot,catboost_abc,5
2026-01-14,KZT,False,0.34357541899441346,0.34357541899441346,oot,catboost_abc,5
2026-01-15,KZT,False,0.2328042328042328,0.34357541899441346,oot,catboost_abc,5
2026-01-16,KZT,False,0.2924901185770751,0.34357541899441346,oot,catboost_abc,5
2026-01-17,KZT,False,0.16161616161616163,0.34357541899441346,oot,catboost_abc,5
2026-01-20,KZT,False,0.21428571428571427,0.34357541899441346,oot,catboost_abc,5
2026-01-21,KZT,False,0.2328042328042328,0.34357541899441346,oot,catboost_abc,5
2026-01-22,KZT,False,0.2328042328042328,0.34357541899441346,oot,catboost_abc,5
2026-01-23,KZT,False,0.16161616161616163,0.34357541899441346,oot,catboost_abc,5
2026-01-24,KZT,False,0.2328042328042328,0.34357541899441346,oot,catboost_abc,5
2026-01-27,KZT,False,0.2328042328042328,0.34357541899441346,oot,catboost_abc,5
2026-01-28,KZT,False,0.2924901185770751,0.34357541899441346,oot,catboost_abc,5
2026-01-29,KZT,False,0.16161616161616163,0.34357541899441346,oot,catboost_abc,5
2026-01-30,KZT,False,0.21428571428571427,0.34357541899441346,oot,catboost_abc,5
2026-01-31,KZT,False,0.21428571428571427,0.34357541899441346,oot,catboost_abc,5
2026-02-03,KZT,False,0.34357541899441346,0.34357541899441346,oot,catboost_abc,5
2026-02-04,KZT,False,0.21428571428571427,0.34357541899441346,oot,catboost_abc,5
2026-02-05,KZT,False,0.2924901185770751,0.34357541899441346,oot,catboost_abc,5
2026-02-06,KZT,False,0.34357541899441346,0.34357541899441346,oot,catboost_abc,5
2026-02-07,KZT,False,0.34357541899441346,0.34357541899441346,oot,catboost_abc,5
2026-02-10,KZT,False,0.34357541899441346,0.34357541899441346,oot,catboost_abc,5
2026-02-11,KZT,False,0.21428571428571427,0.34357541899441346,oot,catboost_abc,5
2026-02-12,KZT,False,0.34357541899441346,0.34357541899441346,oot,catboost_abc,5
2026-02-13,KZT,False,0.2924901185770751,0.34357541899441346,oot,catboost_abc,5
2026-02-14,KZT,False,0.21428571428571427,0.34357541899441346,oot,catboost_abc,5
2026-02-17,KZT,False,0.21428571428571427,0.34357541899441346,oot,catboost_abc,5
2026-02-18,KZT,False,0.34357541899441346,0.34357541899441346,oot,catboost_abc,5
2026-02-19,KZT,False,0.21428571428571427,0.34357541899441346,oot,catboost_abc,5
2026-02-20,KZT,False,0.34357541899441346,0.34357541899441346,oot,catboost_abc,5
2026-02-21,KZT,False,0.34357541899441346,0.34357541899441346,oot,catboost_abc,5
2026-02-25,KZT,False,0.21428571428571427,0.34357541899441346,oot,catboost_abc,5
2026-02-26,KZT,False,0.2328042328042328,0.34357541899441346,oot,catboost_abc,5
2026-02-27,KZT,False,0.2328042328042328,0.34357541899441346,oot,catboost_abc,5
2026-02-28,KZT,False,0.2924901185770751,0.34357541899441346,oot,catboost_abc,5
2026-03-03,KZT,True,0.34357541899441346,0.34357541899441346,oot,catboost_abc,5
2026-03-04,KZT,False,0.18181818181818182,0.34357541899441346,oot,catboost_abc,5
2026-03-05,KZT,True,0.34357541899441346,0.34357541899441346,oot,catboost_abc,5
2026-03-06,KZT,True,0.34357541899441346,0.34357541899441346,oot,catboost_abc,5
2026-03-07,KZT,False,0.2924901185770751,0.34357541899441346,oot,catboost_abc,5
2026-03-11,KZT,False,0.21428571428571427,0.34357541899441346,oot,catboost_abc,5
2026-03-12,KZT,False,0.2924901185770751,0.34357541899441346,oot,catboost_abc,5
2026-03-13,KZT,False,0.34357541899441346,0.34357541899441346,oot,catboost_abc,5
2026-03-14,KZT,False,0.2924901185770751,0.34357541899441346,oot,catboost_abc,5
2026-03-17,KZT,False,0.2924901185770751,0.34357541899441346,oot,catboost_abc,5
2026-03-18,KZT,False,0.21428571428571427,0.34357541899441346,oot,catboost_abc,5
2026-03-19,KZT,False,0.16161616161616163,0.34357541899441346,oot,catboost_abc,5
2026-03-20,KZT,False,0.0,0.34357541899441346,oot,catboost_abc,5
2026-03-21,KZT,False,0.2924901185770751,0.34357541899441346,oot,catboost_abc,5
2026-03-24,KZT,False,0.21428571428571427,0.34357541899441346,oot,catboost_abc,5
2026-03-25,KZT,False,0.21428571428571427,0.34357541899441346,oot,catboost_abc,5
2026-03-26,KZT,False,0.2328042328042328,0.34357541899441346,oot,catboost_abc,5
2026-03-27,KZT,False,0.2924901185770751,0.34357541899441346,oot,catboost_abc,5
2026-03-28,KZT,False,0.16161616161616163,0.34357541899441346,oot,catboost_abc,5
2026-03-31,KZT,False,0.34357541899441346,0.34357541899441346,oot,catboost_abc,5
2026-04-01,KZT,False,0.34357541899441346,0.34357541899441346,oot,catboost_abc,5
2026-04-02,KZT,False,0.2924901185770751,0.34357541899441346,oot,catboost_abc,5
2026-04-03,KZT,False,0.34357541899441346,0.34357541899441346,oot,catboost_abc,5
2026-04-04,KZT,False,0.34357541899441346,0.34357541899441346,oot,catboost_abc,5
2026-04-07,KZT,False,0.21428571428571427,0.34357541899441346,oot,catboost_abc,5
2026-04-08,KZT,False,0.34357541899441346,0.34357541899441346,oot,catboost_abc,5
2026-04-09,KZT,False,0.34357541899441346,0.34357541899441346,oot,catboost_abc,5
2026-04-10,KZT,False,0.16161616161616163,0.34357541899441346,oot,catboost_abc,5
2026-04-11,KZT,False,0.21428571428571427,0.34357541899441346,oot,catboost_abc,5
2026-04-14,KZT,True,0.34357541899441346,0.34357541899441346,oot,catboost_abc,5
2026-04-15,KZT,False,0.18181818181818182,0.34357541899441346,oot,catboost_abc,5
2026-04-16,KZT,False,0.16161616161616163,0.34357541899441346,oot,catboost_abc,5
2026-04-17,KZT,True,0.34357541899441346,0.34357541899441346,oot,catboost_abc,5
2026-04-18,KZT,False,0.34357541899441346,0.34357541899441346,oot,catboost_abc,5
2026-04-21,KZT,False,0.21428571428571427,0.34357541899441346,oot,catboost_abc,5
2026-04-22,KZT,False,0.16161616161616163,0.34357541899441346,oot,catboost_abc,5
2026-04-23,KZT,False,0.34357541899441346,0.34357541899441346,oot,catboost_abc,5
2026-04-24,KZT,True,0.34357541899441346,0.34357541899441346,oot,catboost_abc,5
2026-04-25,KZT,True,0.34357541899441346,0.34357541899441346,oot,catboost_abc,5
2026-04-28,KZT,False,0.21428571428571427,0.34357541899441346,oot,catboost_abc,5
2026-04-29,KZT,True,0.34357541899441346,0.34357541899441346,oot,catboost_abc,5
2026-04-30,KZT,True,0.34357541899441346,0.34357541899441346,oot,catboost_abc,5
2026-05-01,KZT,False,0.2328042328042328,0.34357541899441346,oot,catboost_abc,5
2026-05-05,KZT,True,0.34357541899441346,0.34357541899441346,oot,catboost_abc,5
2026-05-06,KZT,False,0.2328042328042328,0.34357541899441346,oot,catboost_abc,5
2026-05-07,KZT,False,0.2924901185770751,0.34357541899441346,oot,catboost_abc,5
2026-05-08,KZT,False,0.21428571428571427,0.34357541899441346,oot,catboost_abc,5
2026-05-09,KZT,False,0.21428571428571427,0.34357541899441346,oot,catboost_abc,5
2026-05-13,KZT,False,0.2328042328042328,0.34357541899441346,oot,catboost_abc,5
2026-05-14,KZT,False,0.16161616161616163,0.34357541899441346,oot,catboost_abc,5
2026-05-15,KZT,False,0.16161616161616163,0.34357541899441346,oot,catboost_abc,5
2026-05-16,KZT,False,0.16161616161616163,0.34357541899441346,oot,catboost_abc,5
2026-05-19,KZT,False,0.21428571428571427,0.34357541899441346,oot,catboost_abc,5
2026-05-20,KZT,False,0.16161616161616163,0.34357541899441346,oot,catboost_abc,5
2026-05-21,KZT,False,0.16161616161616163,0.34357541899441346,oot,catboost_abc,5
2026-05-22,KZT,False,0.21428571428571427,0.34357541899441346,oot,catboost_abc,5
2026-05-23,KZT,False,0.2328042328042328,0.34357541899441346,oot,catboost_abc,5
2026-05-26,KZT,False,0.2328042328042328,0.34357541899441346,oot,catboost_abc,5
2026-05-27,KZT,False,0.21428571428571427,0.34357541899441346,oot,catboost_abc,5
2026-05-28,KZT,False,0.18181818181818182,0.34357541899441346,oot,catboost_abc,5
2026-05-29,KZT,False,0.2924901185770751,0.34357541899441346,oot,catboost_abc,5
2026-05-30,KZT,False,0.16161616161616163,0.34357541899441346,oot,catboost_abc,5
2026-06-02,KZT,False,0.2328042328042328,0.34357541899441346,oot,catboost_abc,5
2026-06-03,KZT,False,0.2924901185770751,0.34357541899441346,oot,catboost_abc,5
2026-06-04,KZT,False,0.2924901185770751,0.34357541899441346,oot,catboost_abc,5
2026-06-05,KZT,False,0.2924901185770751,0.34357541899441346,oot,catboost_abc,5
2026-06-06,KZT,False,0.2328042328042328,0.34357541899441346,oot,catboost_abc,5
2026-06-09,KZT,False,0.21428571428571427,0.34357541899441346,oot,catboost_abc,5
2026-06-10,KZT,False,0.16161616161616163,0.34357541899441346,oot,catboost_abc,5
2026-06-11,KZT,False,0.16161616161616163,0.34357541899441346,oot,catboost_abc,5
2026-06-12,KZT,False,0.2328042328042328,0.34357541899441346,oot,catboost_abc,5
2026-06-16,KZT,False,0.2328042328042328,0.34357541899441346,oot,catboost_abc,5
2026-06-17,KZT,False,0.16161616161616163,0.34357541899441346,oot,catboost_abc,5
2026-06-18,KZT,False,0.34357541899441346,0.34357541899441346,oot,catboost_abc,5
2026-06-19,KZT,False,0.34357541899441346,0.34357541899441346,oot,catboost_abc,5
2026-06-20,KZT,False,0.34357541899441346,0.34357541899441346,oot,catboost_abc,5
2026-06-23,KZT,False,0.34357541899441346,0.34357541899441346,oot,catboost_abc,5
2026-06-24,KZT,False,0.2924901185770751,0.34357541899441346,oot,catboost_abc,5
2026-06-25,KZT,False,0.34357541899441346,0.34357541899441346,oot,catboost_abc,5
2026-06-26,KZT,False,0.2924901185770751,0.34357541899441346,oot,catboost_abc,5
2026-06-27,KZT,False,0.2924901185770751,0.34357541899441346,oot,catboost_abc,5
2026-06-30,KZT,False,0.2328042328042328,0.34357541899441346,oot,catboost_abc,5
2026-07-01,KZT,False,0.2328042328042328,0.34357541899441346,oot,catboost_abc,5
2026-07-02,KZT,False,0.2328042328042328,0.34357541899441346,oot,catboost_abc,5
2026-07-03,KZT,False,0.2328042328042328,0.34357541899441346,oot,catboost_abc,5
2026-07-04,KZT,False,0.2924901185770751,0.34357541899441346,oot,catboost_abc,5
2026-07-07,KZT,False,0.2328042328042328,0.34357541899441346,oot,catboost_abc,5
2026-07-08,KZT,False,0.21428571428571427,0.34357541899441346,oot,catboost_abc,5
2026-07-09,KZT,False,0.2924901185770751,0.34357541899441346,oot,catboost_abc,5
2026-07-10,KZT,False,0.2924901185770751,0.34357541899441346,oot,catboost_abc,5
2026-07-11,KZT,False,0.34357541899441346,0.34357541899441346,oot,catboost_abc,5
2026-07-14,KZT,False,0.299345947793101,0.34357541899441346,oot,catboost_abc,5
2026-07-15,KZT,False,0.16161616161616163,0.34357541899441346,oot,catboost_abc,5
2026-07-16,KZT,False,0.34357541899441346,0.34357541899441346,oot,catboost_abc,5
2026-07-17,KZT,False,0.34357541899441346,0.34357541899441346,oot,catboost_abc,5
2026-07-18,KZT,False,0.1675260470821435,0.34357541899441346,oot,catboost_abc,5
2026-07-21,KZT,False,0.34357541899441346,0.34357541899441346,oot,catboost_abc,5
2026-07-22,KZT,False,0.2924901185770751,0.34357541899441346,oot,catboost_abc,5
2026-07-23,KZT,False,0.34357541899441346,0.34357541899441346,oot,catboost_abc,5
2026-07-24,KZT,False,0.34357541899441346,0.34357541899441346,oot,catboost_abc,5
2026-07-25,KZT,False,0.2924901185770751,0.34357541899441346,oot,catboost_abc,5
2026-07-28,KZT,False,0.16161616161616163,0.34357541899441346,oot,catboost_abc,5
2026-07-29,KZT,False,0.34357541899441346,0.34357541899441346,oot,catboost_abc,5
2026-07-30,KZT,False,0.2924901185770751,0.34357541899441346,oot,catboost_abc,5
2026-07-31,KZT,False,0.34357541899441346,0.34357541899441346,oot,catboost_abc,5
2026-08-01,KZT,False,0.34357541899441346,0.34357541899441346,oot,catboost_abc,5
2026-08-04,KZT,False,0.34357541899441346,0.34357541899441346,oot,catboost_abc,5
2026-08-05,KZT,False,0.34357541899441346,0.34357541899441346,oot,catboost_abc,5
2026-08-06,KZT,False,0.34357541899441346,0.34357541899441346,oot,catboost_abc,5
2026-08-07,KZT,False,0.34357541899441346,0.34357541899441346,oot,catboost_abc,5
2026-08-08,KZT,False,0.34357541899441346,0.34357541899441346,oot,catboost_abc,5
2026-08-11,KZT,False,0.2924901185770751,0.34357541899441346,oot,catboost_abc,5
2026-08-12,KZT,False,0.2328042328042328,0.34357541899441346,oot,catboost_abc,5
2026-08-13,KZT,False,0.2328042328042328,0.34357541899441346,oot,catboost_abc,5
2026-08-14,KZT,False,0.2924901185770751,0.34357541899441346,oot,catboost_abc,5
2026-08-15,KZT,False,0.2328042328042328,0.34357541899441346,oot,catboost_abc,5
2026-08-18,KZT,False,0.2924901185770751,0.34357541899441346,oot,catboost_abc,5
2026-08-19,KZT,False,0.2924901185770751,0.34357541899441346,oot,catboost_abc,5
2026-08-20,KZT,False,0.2924901185770751,0.34357541899441346,oot,catboost_abc,5
2026-08-21,KZT,False,0.21428571428571427,0.34357541899441346,oot,catboost_abc,5
2026-08-22,KZT,False,0.2924901185770751,0.34357541899441346,oot,catboost_abc,5
2026-08-25,KZT,False,0.2924901185770751,0.34357541899441346,oot,catboost_abc,5
2026-08-26,KZT,False,0.34357541899441346,0.34357541899441346,oot,catboost_abc,5
2026-08-27,KZT,False,0.21428571428571427,0.34357541899441346,oot,catboost_abc,5
2026-08-28,KZT,False,0.2924901185770751,0.34357541899441346,oot,catboost_abc,5
2026-08-29,KZT,False,0.16161616161616163,0.34357541899441346,oot,catboost_abc,5
2026-09-01,KZT,False,0.34357541899441346,0.34357541899441346,oot,catboost_abc,5
2026-09-02,KZT,False,0.34357541899441346,0.34357541899441346,oot,catboost_abc,5
2025-09-02,TJS,True,0.34357541899441346,0.34357541899441346,oot,catboost_abc,5
2025-09-03,TJS,True,0.34357541899441346,0.34357541899441346,oot,catboost_abc,5
2025-09-04,TJS,True,0.34357541899441346,0.34357541899441346,oot,catboost_abc,5
2025-09-05,TJS,True,0.34357541899441346,0.34357541899441346,oot,catboost_abc,5
2025-09-06,TJS,True,0.34357541899441346,0.34357541899441346,oot,catboost_abc,5
2025-09-09,TJS,True,0.5079365079365079,0.34357541899441346,oot,catboost_abc,5
2025-09-10,TJS,False,0.34357541899441346,0.34357541899441346,oot,catboost_abc,5
2025-09-11,TJS,False,0.2328042328042328,0.34357541899441346,oot,catboost_abc,5
2025-09-12,TJS,False,0.2328042328042328,0.34357541899441346,oot,catboost_abc,5
2025-09-13,TJS,False,0.21428571428571427,0.34357541899441346,oot,catboost_abc,5
2025-09-16,TJS,False,0.21428571428571427,0.34357541899441346,oot,catboost_abc,5
2025-09-17,TJS,False,0.34357541899441346,0.34357541899441346,oot,catboost_abc,5
2025-09-18,TJS,False,0.34357541899441346,0.34357541899441346,oot,catboost_abc,5
2025-09-19,TJS,False,0.34357541899441346,0.34357541899441346,oot,catboost_abc,5
2025-09-20,TJS,False,0.34357541899441346,0.34357541899441346,oot,catboost_abc,5
2025-09-23,TJS,False,0.34357541899441346,0.34357541899441346,oot,catboost_abc,5
2025-09-24,TJS,False,0.21428571428571427,0.34357541899441346,oot,catboost_abc,5
2025-09-25,TJS,False,0.34357541899441346,0.34357541899441346,oot,catboost_abc,5
2025-09-26,TJS,False,0.2924901185770751,0.34357541899441346,oot,catboost_abc,5
2025-09-27,TJS,False,0.34357541899441346,0.34357541899441346,oot,catboost_abc,5
2025-09-30,TJS,False,0.1840138862513779,0.34357541899441346,oot,catboost_abc,5
2025-10-01,TJS,False,0.2328042328042328,0.34357541899441346,oot,catboost_abc,5
2025-10-02,TJS,False,0.16161616161616163,0.34357541899441346,oot,catboost_abc,5
2025-10-03,TJS,False,0.16161616161616163,0.34357541899441346,oot,catboost_abc,5
2025-10-04,TJS,False,0.34357541899441346,0.34357541899441346,oot,catboost_abc,5
2025-10-07,TJS,False,0.34357541899441346,0.34357541899441346,oot,catboost_abc,5
2025-10-08,TJS,False,0.21428571428571427,0.34357541899441346,oot,catboost_abc,5
2025-10-09,TJS,False,0.21428571428571427,0.34357541899441346,oot,catboost_abc,5
2025-10-10,TJS,False,0.2924901185770751,0.34357541899441346,oot,catboost_abc,5
2025-10-11,TJS,False,0.2924901185770751,0.34357541899441346,oot,catboost_abc,5
2025-10-14,TJS,False,0.2328042328042328,0.34357541899441346,oot,catboost_abc,5
2025-10-15,TJS,False,0.18181818181818182,0.34357541899441346,oot,catboost_abc,5
2025-10-16,TJS,False,0.18181818181818182,0.34357541899441346,oot,catboost_abc,5
2025-10-17,TJS,False,0.2328042328042328,0.34357541899441346,oot,catboost_abc,5
2025-10-18,TJS,False,0.34357541899441346,0.34357541899441346,oot,catboost_abc,5
2025-10-21,TJS,False,0.34357541899441346,0.34357541899441346,oot,catboost_abc,5
2025-10-22,TJS,False,0.34357541899441346,0.34357541899441346,oot,catboost_abc,5
2025-10-23,TJS,False,0.34357541899441346,0.34357541899441346,oot,catboost_abc,5
2025-10-24,TJS,False,0.21428571428571427,0.34357541899441346,oot,catboost_abc,5
2025-10-25,TJS,False,0.21428571428571427,0.34357541899441346,oot,catboost_abc,5
2025-10-28,TJS,False,0.21428571428571427,0.34357541899441346,oot,catboost_abc,5
2025-10-29,TJS,False,0.2924901185770751,0.34357541899441346,oot,catboost_abc,5
2025-10-30,TJS,False,0.21428571428571427,0.34357541899441346,oot,catboost_abc,5
2025-10-31,TJS,False,0.31323084891020114,0.34357541899441346,oot,catboost_abc,5
2025-11-01,TJS,True,0.34357541899441346,0.34357541899441346,oot,catboost_abc,5
2025-11-02,TJS,True,0.34357541899441346,0.34357541899441346,oot,catboost_abc,5
2025-11-06,TJS,True,0.34357541899441346,0.34357541899441346,oot,catboost_abc,5
2025-11-07,TJS,False,0.34357541899441346,0.34357541899441346,oot,catboost_abc,5
2025-11-08,TJS,False,0.2924901185770751,0.34357541899441346,oot,catboost_abc,5
2025-11-11,TJS,False,0.2924901185770751,0.34357541899441346,oot,catboost_abc,5
2025-11-12,TJS,False,0.34357541899441346,0.34357541899441346,oot,catboost_abc,5
2025-11-13,TJS,False,0.34357541899441346,0.34357541899441346,oot,catboost_abc,5
2025-11-14,TJS,False,0.21428571428571427,0.34357541899441346,oot,catboost_abc,5
2025-11-15,TJS,False,0.34357541899441346,0.34357541899441346,oot,catboost_abc,5
2025-11-18,TJS,False,0.2924901185770751,0.34357541899441346,oot,catboost_abc,5
2025-11-19,TJS,False,0.2328042328042328,0.34357541899441346,oot,catboost_abc,5
2025-11-20,TJS,False,0.2328042328042328,0.34357541899441346,oot,catboost_abc,5
2025-11-21,TJS,False,0.2328042328042328,0.34357541899441346,oot,catboost_abc,5
2025-11-22,TJS,False,0.16161616161616163,0.34357541899441346,oot,catboost_abc,5
2025-11-25,TJS,False,0.21428571428571427,0.34357541899441346,oot,catboost_abc,5
2025-11-26,TJS,False,0.2924901185770751,0.34357541899441346,oot,catboost_abc,5
2025-11-27,TJS,False,0.2328042328042328,0.34357541899441346,oot,catboost_abc,5
2025-11-28,TJS,False,0.2328042328042328,0.34357541899441346,oot,catboost_abc,5
2025-11-29,TJS,False,0.2924901185770751,0.34357541899441346,oot,catboost_abc,5
2025-12-02,TJS,False,0.2328042328042328,0.34357541899441346,oot,catboost_abc,5
2025-12-03,TJS,False,0.2924901185770751,0.34357541899441346,oot,catboost_abc,5
2025-12-04,TJS,True,0.34357541899441346,0.34357541899441346,oot,catboost_abc,5
2025-12-05,TJS,False,0.2328042328042328,0.34357541899441346,oot,catboost_abc,5
2025-12-06,TJS,False,0.2328042328042328,0.34357541899441346,oot,catboost_abc,5
2025-12-09,TJS,False,0.2924901185770751,0.34357541899441346,oot,catboost_abc,5
2025-12-10,TJS,False,0.18181818181818182,0.34357541899441346,oot,catboost_abc,5
2025-12-11,TJS,False,0.34357541899441346,0.34357541899441346,oot,catboost_abc,5
2025-12-12,TJS,False,0.2924901185770751,0.34357541899441346,oot,catboost_abc,5
2025-12-13,TJS,False,0.2328042328042328,0.34357541899441346,oot,catboost_abc,5
2025-12-16,TJS,False,0.2328042328042328,0.34357541899441346,oot,catboost_abc,5
2025-12-17,TJS,False,0.2924901185770751,0.34357541899441346,oot,catboost_abc,5
2025-12-18,TJS,False,0.34357541899441346,0.34357541899441346,oot,catboost_abc,5
2025-12-19,TJS,False,0.21428571428571427,0.34357541899441346,oot,catboost_abc,5
2025-12-20,TJS,False,0.34357541899441346,0.34357541899441346,oot,catboost_abc,5
2025-12-23,TJS,False,0.21428571428571427,0.34357541899441346,oot,catboost_abc,5
2025-12-24,TJS,False,0.21428571428571427,0.34357541899441346,oot,catboost_abc,5
2025-12-25,TJS,False,0.2328042328042328,0.34357541899441346,oot,catboost_abc,5
2025-12-26,TJS,False,0.21428571428571427,0.34357541899441346,oot,catboost_abc,5
2025-12-27,TJS,False,0.2328042328042328,0.34357541899441346,oot,catboost_abc,5
2025-12-30,TJS,False,0.2328042328042328,0.34357541899441346,oot,catboost_abc,5
2025-12-31,TJS,False,0.2924901185770751,0.34357541899441346,oot,catboost_abc,5
2026-01-13,TJS,False,0.21428571428571427,0.34357541899441346,oot,catboost_abc,5
2026-01-14,TJS,False,0.2924901185770751,0.34357541899441346,oot,catboost_abc,5
2026-01-15,TJS,False,0.21428571428571427,0.34357541899441346,oot,catboost_abc,5
2026-01-16,TJS,False,0.2328042328042328,0.34357541899441346,oot,catboost_abc,5
2026-01-17,TJS,False,0.18181818181818182,0.34357541899441346,oot,catboost_abc,5
2026-01-20,TJS,False,0.21428571428571427,0.34357541899441346,oot,catboost_abc,5
2026-01-21,TJS,True,0.34357541899441346,0.34357541899441346,oot,catboost_abc,5
2026-01-22,TJS,False,0.2328042328042328,0.34357541899441346,oot,catboost_abc,5
2026-01-23,TJS,False,0.21428571428571427,0.34357541899441346,oot,catboost_abc,5
2026-01-24,TJS,False,0.2328042328042328,0.34357541899441346,oot,catboost_abc,5
2026-01-27,TJS,True,0.34357541899441346,0.34357541899441346,oot,catboost_abc,5
2026-01-28,TJS,True,0.34357541899441346,0.34357541899441346,oot,catboost_abc,5
2026-01-29,TJS,False,0.2924901185770751,0.34357541899441346,oot,catboost_abc,5
2026-01-30,TJS,False,0.2328042328042328,0.34357541899441346,oot,catboost_abc,5
2026-01-31,TJS,False,0.2328042328042328,0.34357541899441346,oot,catboost_abc,5
2026-02-03,TJS,True,0.34357541899441346,0.34357541899441346,oot,catboost_abc,5
2026-02-04,TJS,True,0.34357541899441346,0.34357541899441346,oot,catboost_abc,5
2026-02-05,TJS,True,0.34357541899441346,0.34357541899441346,oot,catboost_abc,5
2026-02-06,TJS,False,0.2328042328042328,0.34357541899441346,oot,catboost_abc,5
2026-02-07,TJS,True,0.34357541899441346,0.34357541899441346,oot,catboost_abc,5
2026-02-10,TJS,False,0.34357541899441346,0.34357541899441346,oot,catboost_abc,5
2026-02-11,TJS,False,0.2328042328042328,0.34357541899441346,oot,catboost_abc,5
2026-02-12,TJS,False,0.34357541899441346,0.34357541899441346,oot,catboost_abc,5
2026-02-13,TJS,False,0.2328042328042328,0.34357541899441346,oot,catboost_abc,5
2026-02-14,TJS,False,0.2328042328042328,0.34357541899441346,oot,catboost_abc,5
2026-02-17,TJS,False,0.18181818181818182,0.34357541899441346,oot,catboost_abc,5
2026-02-18,TJS,False,0.2328042328042328,0.34357541899441346,oot,catboost_abc,5
2026-02-19,TJS,False,0.18181818181818182,0.34357541899441346,oot,catboost_abc,5
2026-02-20,TJS,False,0.2924901185770751,0.34357541899441346,oot,catboost_abc,5
2026-02-21,TJS,False,0.2924901185770751,0.34357541899441346,oot,catboost_abc,5
2026-02-25,TJS,False,0.2924901185770751,0.34357541899441346,oot,catboost_abc,5
2026-02-26,TJS,False,0.2328042328042328,0.34357541899441346,oot,catboost_abc,5
2026-02-27,TJS,False,0.34357541899441346,0.34357541899441346,oot,catboost_abc,5
2026-02-28,TJS,False,0.34357541899441346,0.34357541899441346,oot,catboost_abc,5
2026-03-03,TJS,False,0.2924901185770751,0.34357541899441346,oot,catboost_abc,5
2026-03-04,TJS,True,0.34357541899441346,0.34357541899441346,oot,catboost_abc,5
2026-03-05,TJS,True,0.34357541899441346,0.34357541899441346,oot,catboost_abc,5
2026-03-06,TJS,True,0.34357541899441346,0.34357541899441346,oot,catboost_abc,5
2026-03-07,TJS,True,0.34357541899441346,0.34357541899441346,oot,catboost_abc,5
2026-03-11,TJS,False,0.2924901185770751,0.34357541899441346,oot,catboost_abc,5
2026-03-12,TJS,False,0.34357541899441346,0.34357541899441346,oot,catboost_abc,5
2026-03-13,TJS,True,0.34357541899441346,0.34357541899441346,oot,catboost_abc,5
2026-03-14,TJS,True,0.34357541899441346,0.34357541899441346,oot,catboost_abc,5
2026-03-17,TJS,True,0.34357541899441346,0.34357541899441346,oot,catboost_abc,5
2026-03-18,TJS,True,0.5079365079365079,0.34357541899441346,oot,catboost_abc,5
2026-03-19,TJS,True,0.5079365079365079,0.34357541899441346,oot,catboost_abc,5
2026-03-20,TJS,False,0.2328042328042328,0.34357541899441346,oot,catboost_abc,5
2026-03-21,TJS,False,0.2924901185770751,0.34357541899441346,oot,catboost_abc,5
2026-03-24,TJS,True,0.34357541899441346,0.34357541899441346,oot,catboost_abc,5
2026-03-25,TJS,False,0.21428571428571427,0.34357541899441346,oot,catboost_abc,5
2026-03-26,TJS,False,0.2328042328042328,0.34357541899441346,oot,catboost_abc,5
2026-03-27,TJS,False,0.34357541899441346,0.34357541899441346,oot,catboost_abc,5
2026-03-28,TJS,False,0.21428571428571427,0.34357541899441346,oot,catboost_abc,5
2026-03-31,TJS,False,0.21428571428571427,0.34357541899441346,oot,catboost_abc,5
2026-04-01,TJS,False,0.2924901185770751,0.34357541899441346,oot,catboost_abc,5
2026-04-02,TJS,False,0.21428571428571427,0.34357541899441346,oot,catboost_abc,5
2026-04-03,TJS,False,0.21428571428571427,0.34357541899441346,oot,catboost_abc,5
2026-04-04,TJS,False,0.21428571428571427,0.34357541899441346,oot,catboost_abc,5
2026-04-07,TJS,False,0.18181818181818182,0.34357541899441346,oot,catboost_abc,5
2026-04-08,TJS,False,0.2328042328042328,0.34357541899441346,oot,catboost_abc,5
2026-04-09,TJS,False,0.21428571428571427,0.34357541899441346,oot,catboost_abc,5
2026-04-10,TJS,False,0.21428571428571427,0.34357541899441346,oot,catboost_abc,5
2026-04-11,TJS,False,0.21428571428571427,0.34357541899441346,oot,catboost_abc,5
2026-04-14,TJS,False,0.21428571428571427,0.34357541899441346,oot,catboost_abc,5
2026-04-15,TJS,False,0.21428571428571427,0.34357541899441346,oot,catboost_abc,5
2026-04-16,TJS,False,0.16161616161616163,0.34357541899441346,oot,catboost_abc,5
2026-04-17,TJS,False,0.2328042328042328,0.34357541899441346,oot,catboost_abc,5
2026-04-18,TJS,False,0.2328042328042328,0.34357541899441346,oot,catboost_abc,5
2026-04-21,TJS,False,0.16161616161616163,0.34357541899441346,oot,catboost_abc,5
2026-04-22,TJS,False,0.2328042328042328,0.34357541899441346,oot,catboost_abc,5
2026-04-23,TJS,False,0.2924901185770751,0.34357541899441346,oot,catboost_abc,5
2026-04-24,TJS,False,0.2924901185770751,0.34357541899441346,oot,catboost_abc,5
2026-04-25,TJS,True,0.34357541899441346,0.34357541899441346,oot,catboost_abc,5
2026-04-28,TJS,False,0.2328042328042328,0.34357541899441346,oot,catboost_abc,5
2026-04-29,TJS,False,0.2924901185770751,0.34357541899441346,oot,catboost_abc,5
2026-04-30,TJS,True,0.34357541899441346,0.34357541899441346,oot,catboost_abc,5
2026-05-01,TJS,True,0.34357541899441346,0.34357541899441346,oot,catboost_abc,5
2026-05-05,TJS,True,0.34357541899441346,0.34357541899441346,oot,catboost_abc,5
2026-05-06,TJS,True,0.34357541899441346,0.34357541899441346,oot,catboost_abc,5
2026-05-07,TJS,True,0.34357541899441346,0.34357541899441346,oot,catboost_abc,5
2026-05-08,TJS,False,0.2328042328042328,0.34357541899441346,oot,catboost_abc,5
2026-05-09,TJS,False,0.2328042328042328,0.34357541899441346,oot,catboost_abc,5
2026-05-13,TJS,False,0.21428571428571427,0.34357541899441346,oot,catboost_abc,5
2026-05-14,TJS,False,0.21428571428571427,0.34357541899441346,oot,catboost_abc,5
2026-05-15,TJS,False,0.2328042328042328,0.34357541899441346,oot,catboost_abc,5
2026-05-16,TJS,True,0.34357541899441346,0.34357541899441346,oot,catboost_abc,5
2026-05-19,TJS,False,0.2328042328042328,0.34357541899441346,oot,catboost_abc,5
2026-05-20,TJS,False,0.2328042328042328,0.34357541899441346,oot,catboost_abc,5
2026-05-21,TJS,False,0.2328042328042328,0.34357541899441346,oot,catboost_abc,5
2026-05-22,TJS,True,0.34357541899441346,0.34357541899441346,oot,catboost_abc,5
2026-05-23,TJS,True,0.34357541899441346,0.34357541899441346,oot,catboost_abc,5
2026-05-26,TJS,True,0.34357541899441346,0.34357541899441346,oot,catboost_abc,5
2026-05-27,TJS,True,0.34357541899441346,0.34357541899441346,oot,catboost_abc,5
2026-05-28,TJS,False,0.2328042328042328,0.34357541899441346,oot,catboost_abc,5
2026-05-29,TJS,True,0.34357541899441346,0.34357541899441346,oot,catboost_abc,5
2026-05-30,TJS,False,0.2328042328042328,0.34357541899441346,oot,catboost_abc,5
2026-06-02,TJS,True,0.34357541899441346,0.34357541899441346,oot,catboost_abc,5
2026-06-03,TJS,False,0.34357541899441346,0.34357541899441346,oot,catboost_abc,5
2026-06-04,TJS,False,0.34357541899441346,0.34357541899441346,oot,catboost_abc,5
2026-06-05,TJS,False,0.2924901185770751,0.34357541899441346,oot,catboost_abc,5
2026-06-06,TJS,False,0.2328042328042328,0.34357541899441346,oot,catboost_abc,5
2026-06-09,TJS,False,0.2328042328042328,0.34357541899441346,oot,catboost_abc,5
2026-06-10,TJS,False,0.16161616161616163,0.34357541899441346,oot,catboost_abc,5
2026-06-11,TJS,False,0.2328042328042328,0.34357541899441346,oot,catboost_abc,5
2026-06-12,TJS,False,0.2328042328042328,0.34357541899441346,oot,catboost_abc,5
2026-06-16,TJS,False,0.2924901185770751,0.34357541899441346,oot,catboost_abc,5
2026-06-17,TJS,False,0.2328042328042328,0.34357541899441346,oot,catboost_abc,5
2026-06-18,TJS,False,0.34357541899441346,0.34357541899441346,oot,catboost_abc,5
2026-06-19,TJS,False,0.2924901185770751,0.34357541899441346,oot,catboost_abc,5
2026-06-20,TJS,False,0.2924901185770751,0.34357541899441346,oot,catboost_abc,5
2026-06-23,TJS,False,0.2924901185770751,0.34357541899441346,oot,catboost_abc,5
2026-06-24,TJS,True,0.34357541899441346,0.34357541899441346,oot,catboost_abc,5
2026-06-25,TJS,False,0.2924901185770751,0.34357541899441346,oot,catboost_abc,5
2026-06-26,TJS,False,0.2924901185770751,0.34357541899441346,oot,catboost_abc,5
2026-06-27,TJS,False,0.2924901185770751,0.34357541899441346,oot,catboost_abc,5
2026-06-30,TJS,False,0.2328042328042328,0.34357541899441346,oot,catboost_abc,5
2026-07-01,TJS,False,0.21428571428571427,0.34357541899441346,oot,catboost_abc,5
2026-07-02,TJS,False,0.2328042328042328,0.34357541899441346,oot,catboost_abc,5
2026-07-03,TJS,False,0.21428571428571427,0.34357541899441346,oot,catboost_abc,5
2026-07-04,TJS,False,0.16161616161616163,0.34357541899441346,oot,catboost_abc,5
2026-07-07,TJS,False,0.34357541899441346,0.34357541899441346,oot,catboost_abc,5
2026-07-08,TJS,False,0.18181818181818182,0.34357541899441346,oot,catboost_abc,5
2026-07-09,TJS,False,0.2924901185770751,0.34357541899441346,oot,catboost_abc,5
2026-07-10,TJS,False,0.21428571428571427,0.34357541899441346,oot,catboost_abc,5
2026-07-11,TJS,False,0.2924901185770751,0.34357541899441346,oot,catboost_abc,5
2026-07-14,TJS,False,0.2328042328042328,0.34357541899441346,oot,catboost_abc,5
2026-07-15,TJS,False,0.34357541899441346,0.34357541899441346,oot,catboost_abc,5
2026-07-16,TJS,False,0.34357541899441346,0.34357541899441346,oot,catboost_abc,5
2026-07-17,TJS,False,0.34357541899441346,0.34357541899441346,oot,catboost_abc,5
2026-07-18,TJS,False,0.34357541899441346,0.34357541899441346,oot,catboost_abc,5
2026-07-21,TJS,False,0.2924901185770751,0.34357541899441346,oot,catboost_abc,5
2026-07-22,TJS,False,0.34357541899441346,0.34357541899441346,oot,catboost_abc,5
2026-07-23,TJS,False,0.34357541899441346,0.34357541899441346,oot,catboost_abc,5
2026-07-24,TJS,False,0.34357541899441346,0.34357541899441346,oot,catboost_abc,5
2026-07-25,TJS,False,0.21428571428571427,0.34357541899441346,oot,catboost_abc,5
2026-07-28,TJS,False,0.34357541899441346,0.34357541899441346,oot,catboost_abc,5
2026-07-29,TJS,False,0.34357541899441346,0.34357541899441346,oot,catboost_abc,5
2026-07-30,TJS,False,0.34357541899441346,0.34357541899441346,oot,catboost_abc,5
2026-07-31,TJS,False,0.34357541899441346,0.34357541899441346,oot,catboost_abc,5
2026-08-01,TJS,False,0.2328042328042328,0.34357541899441346,oot,catboost_abc,5
2026-08-04,TJS,False,0.34357541899441346,0.34357541899441346,oot,catboost_abc,5
2026-08-05,TJS,False,0.5079365079365079,0.34357541899441346,oot,catboost_abc,5
2026-08-06,TJS,False,0.34357541899441346,0.34357541899441346,oot,catboost_abc,5
2026-08-07,TJS,False,0.5079365079365079,0.34357541899441346,oot,catboost_abc,5
2026-08-08,TJS,False,0.5079365079365079,0.34357541899441346,oot,catboost_abc,5
2026-08-11,TJS,False,0.5079365079365079,0.34357541899441346,oot,catboost_abc,5
2026-08-12,TJS,False,0.34357541899441346,0.34357541899441346,oot,catboost_abc,5
2026-08-13,TJS,False,0.5079365079365079,0.34357541899441346,oot,catboost_abc,5
2026-08-14,TJS,False,0.34357541899441346,0.34357541899441346,oot,catboost_abc,5
2026-08-15,TJS,False,0.34357541899441346,0.34357541899441346,oot,catboost_abc,5
2026-08-18,TJS,False,0.5079365079365079,0.34357541899441346,oot,catboost_abc,5
2026-08-19,TJS,False,0.5079365079365079,0.34357541899441346,oot,catboost_abc,5
2026-08-20,TJS,False,0.34357541899441346,0.34357541899441346,oot,catboost_abc,5
2026-08-21,TJS,False,0.21428571428571427,0.34357541899441346,oot,catboost_abc,5
2026-08-22,TJS,False,0.21428571428571427,0.34357541899441346,oot,catboost_abc,5
2026-08-25,TJS,False,0.34357541899441346,0.34357541899441346,oot,catboost_abc,5
2026-08-26,TJS,False,0.34357541899441346,0.34357541899441346,oot,catboost_abc,5
2026-08-27,TJS,False,0.2924901185770751,0.34357541899441346,oot,catboost_abc,5
2026-08-28,TJS,False,0.34357541899441346,0.34357541899441346,oot,catboost_abc,5
2026-08-29,TJS,False,0.21428571428571427,0.34357541899441346,oot,catboost_abc,5
2026-09-01,TJS,False,0.34357541899441346,0.34357541899441346,oot,catboost_abc,5
2026-09-02,TJS,True,0.34357541899441346,0.34357541899441346,oot,catboost_abc,5
2025-09-02,UZS,False,0.34357541899441346,0.34357541899441346,oot,catboost_abc,5
2025-09-03,UZS,False,0.34357541899441346,0.34357541899441346,oot,catboost_abc,5
2025-09-04,UZS,False,0.5079365079365079,0.34357541899441346,oot,catboost_abc,5
2025-09-05,UZS,False,0.6666666666666666,0.34357541899441346,oot,catboost_abc,5
2025-09-06,UZS,False,0.34357541899441346,0.34357541899441346,oot,catboost_abc,5
2025-09-09,UZS,False,0.5079365079365079,0.34357541899441346,oot,catboost_abc,5
2025-09-10,UZS,False,0.5079365079365079,0.34357541899441346,oot,catboost_abc,5
2025-09-11,UZS,False,0.34357541899441346,0.34357541899441346,oot,catboost_abc,5
2025-09-12,UZS,False,0.2924901185770751,0.34357541899441346,oot,catboost_abc,5
2025-09-13,UZS,False,0.21428571428571427,0.34357541899441346,oot,catboost_abc,5
2025-09-16,UZS,False,0.21428571428571427,0.34357541899441346,oot,catboost_abc,5
2025-09-17,UZS,False,0.34357541899441346,0.34357541899441346,oot,catboost_abc,5
2025-09-18,UZS,False,0.34357541899441346,0.34357541899441346,oot,catboost_abc,5
2025-09-19,UZS,False,0.34357541899441346,0.34357541899441346,oot,catboost_abc,5
2025-09-20,UZS,False,0.34357541899441346,0.34357541899441346,oot,catboost_abc,5
2025-09-23,UZS,False,0.34357541899441346,0.34357541899441346,oot,catboost_abc,5
2025-09-24,UZS,True,0.34357541899441346,0.34357541899441346,oot,catboost_abc,5
2025-09-25,UZS,True,0.34357541899441346,0.34357541899441346,oot,catboost_abc,5
2025-09-26,UZS,False,0.18181818181818182,0.34357541899441346,oot,catboost_abc,5
2025-09-27,UZS,True,0.34357541899441346,0.34357541899441346,oot,catboost_abc,5
2025-09-30,UZS,False,0.21428571428571427,0.34357541899441346,oot,catboost_abc,5
2025-10-01,UZS,True,0.34357541899441346,0.34357541899441346,oot,catboost_abc,5
2025-10-02,UZS,False,0.16161616161616163,0.34357541899441346,oot,catboost_abc,5
2025-10-03,UZS,False,0.16161616161616163,0.34357541899441346,oot,catboost_abc,5
2025-10-04,UZS,False,0.2924901185770751,0.34357541899441346,oot,catboost_abc,5
2025-10-07,UZS,False,0.34357541899441346,0.34357541899441346,oot,catboost_abc,5
2025-10-08,UZS,False,0.21428571428571427,0.34357541899441346,oot,catboost_abc,5
2025-10-09,UZS,False,0.18181818181818182,0.34357541899441346,oot,catboost_abc,5
2025-10-10,UZS,False,0.16161616161616163,0.34357541899441346,oot,catboost_abc,5
2025-10-11,UZS,False,0.16161616161616163,0.34357541899441346,oot,catboost_abc,5
2025-10-14,UZS,False,0.16161616161616163,0.34357541899441346,oot,catboost_abc,5
2025-10-15,UZS,False,0.16161616161616163,0.34357541899441346,oot,catboost_abc,5
2025-10-16,UZS,False,0.16161616161616163,0.34357541899441346,oot,catboost_abc,5
2025-10-17,UZS,False,0.21428571428571427,0.34357541899441346,oot,catboost_abc,5
2025-10-18,UZS,True,0.34357541899441346,0.34357541899441346,oot,catboost_abc,5
2025-10-21,UZS,False,0.34357541899441346,0.34357541899441346,oot,catboost_abc,5
2025-10-22,UZS,False,0.34357541899441346,0.34357541899441346,oot,catboost_abc,5
2025-10-23,UZS,False,0.34357541899441346,0.34357541899441346,oot,catboost_abc,5
2025-10-24,UZS,False,0.21428571428571427,0.34357541899441346,oot,catboost_abc,5
2025-10-25,UZS,False,0.21428571428571427,0.34357541899441346,oot,catboost_abc,5
2025-10-28,UZS,False,0.16161616161616163,0.34357541899441346,oot,catboost_abc,5
2025-10-29,UZS,False,0.34357541899441346,0.34357541899441346,oot,catboost_abc,5
2025-10-30,UZS,False,0.2924901185770751,0.34357541899441346,oot,catboost_abc,5
2025-10-31,UZS,False,0.34357541899441346,0.34357541899441346,oot,catboost_abc,5
2025-11-01,UZS,False,0.34357541899441346,0.34357541899441346,oot,catboost_abc,5
2025-11-02,UZS,False,0.2328042328042328,0.34357541899441346,oot,catboost_abc,5
2025-11-06,UZS,False,0.34357541899441346,0.34357541899441346,oot,catboost_abc,5
2025-11-07,UZS,False,0.34357541899441346,0.34357541899441346,oot,catboost_abc,5
2025-11-08,UZS,False,0.2328042328042328,0.34357541899441346,oot,catboost_abc,5
2025-11-11,UZS,False,0.21428571428571427,0.34357541899441346,oot,catboost_abc,5
2025-11-12,UZS,False,0.34357541899441346,0.34357541899441346,oot,catboost_abc,5
2025-11-13,UZS,False,0.34357541899441346,0.34357541899441346,oot,catboost_abc,5
2025-11-14,UZS,False,0.21428571428571427,0.34357541899441346,oot,catboost_abc,5
2025-11-15,UZS,False,0.34357541899441346,0.34357541899441346,oot,catboost_abc,5
2025-11-18,UZS,False,0.21428571428571427,0.34357541899441346,oot,catboost_abc,5
2025-11-19,UZS,False,0.34357541899441346,0.34357541899441346,oot,catboost_abc,5
2025-11-20,UZS,False,0.34357541899441346,0.34357541899441346,oot,catboost_abc,5
2025-11-21,UZS,False,0.34357541899441346,0.34357541899441346,oot,catboost_abc,5
2025-11-22,UZS,False,0.21428571428571427,0.34357541899441346,oot,catboost_abc,5
2025-11-25,UZS,False,0.16161616161616163,0.34357541899441346,oot,catboost_abc,5
2025-11-26,UZS,False,0.21428571428571427,0.34357541899441346,oot,catboost_abc,5
2025-11-27,UZS,False,0.2328042328042328,0.34357541899441346,oot,catboost_abc,5
2025-11-28,UZS,False,0.2328042328042328,0.34357541899441346,oot,catboost_abc,5
2025-11-29,UZS,False,0.2328042328042328,0.34357541899441346,oot,catboost_abc,5
2025-12-02,UZS,False,0.2328042328042328,0.34357541899441346,oot,catboost_abc,5
2025-12-03,UZS,False,0.2924901185770751,0.34357541899441346,oot,catboost_abc,5
2025-12-04,UZS,True,0.34357541899441346,0.34357541899441346,oot,catboost_abc,5
2025-12-05,UZS,False,0.21428571428571427,0.34357541899441346,oot,catboost_abc,5
2025-12-06,UZS,False,0.16161616161616163,0.34357541899441346,oot,catboost_abc,5
2025-12-09,UZS,False,0.2924901185770751,0.34357541899441346,oot,catboost_abc,5
2025-12-10,UZS,False,0.16161616161616163,0.34357541899441346,oot,catboost_abc,5
2025-12-11,UZS,False,0.2924901185770751,0.34357541899441346,oot,catboost_abc,5
2025-12-12,UZS,False,0.2924901185770751,0.34357541899441346,oot,catboost_abc,5
2025-12-13,UZS,False,0.2328042328042328,0.34357541899441346,oot,catboost_abc,5
2025-12-16,UZS,False,0.21428571428571427,0.34357541899441346,oot,catboost_abc,5
2025-12-17,UZS,False,0.2328042328042328,0.34357541899441346,oot,catboost_abc,5
2025-12-18,UZS,False,0.2924901185770751,0.34357541899441346,oot,catboost_abc,5
2025-12-19,UZS,False,0.2924901185770751,0.34357541899441346,oot,catboost_abc,5
2025-12-20,UZS,False,0.34357541899441346,0.34357541899441346,oot,catboost_abc,5
2025-12-23,UZS,False,0.2328042328042328,0.34357541899441346,oot,catboost_abc,5
2025-12-24,UZS,False,0.21428571428571427,0.34357541899441346,oot,catboost_abc,5
2025-12-25,UZS,False,0.21428571428571427,0.34357541899441346,oot,catboost_abc,5
2025-12-26,UZS,False,0.19756635516916568,0.34357541899441346,oot,catboost_abc,5
2025-12-27,UZS,False,0.21428571428571427,0.34357541899441346,oot,catboost_abc,5
2025-12-30,UZS,False,0.21428571428571427,0.34357541899441346,oot,catboost_abc,5
2025-12-31,UZS,True,0.34357541899441346,0.34357541899441346,oot,catboost_abc,5
2026-01-13,UZS,False,0.2328042328042328,0.34357541899441346,oot,catboost_abc,5
2026-01-14,UZS,False,0.2924901185770751,0.34357541899441346,oot,catboost_abc,5
2026-01-15,UZS,False,0.2924901185770751,0.34357541899441346,oot,catboost_abc,5
2026-01-16,UZS,False,0.2924901185770751,0.34357541899441346,oot,catboost_abc,5
2026-01-17,UZS,False,0.18181818181818182,0.34357541899441346,oot,catboost_abc,5
2026-01-20,UZS,False,0.16472096030333858,0.34357541899441346,oot,catboost_abc,5
2026-01-21,UZS,False,0.21428571428571427,0.34357541899441346,oot,catboost_abc,5
2026-01-22,UZS,False,0.16161616161616163,0.34357541899441346,oot,catboost_abc,5
2026-01-23,UZS,False,0.16161616161616163,0.34357541899441346,oot,catboost_abc,5
2026-01-24,UZS,False,0.2328042328042328,0.34357541899441346,oot,catboost_abc,5
2026-01-27,UZS,False,0.2328042328042328,0.34357541899441346,oot,catboost_abc,5
2026-01-28,UZS,False,0.2328042328042328,0.34357541899441346,oot,catboost_abc,5
2026-01-29,UZS,False,0.18181818181818182,0.34357541899441346,oot,catboost_abc,5
2026-01-30,UZS,False,0.21428571428571427,0.34357541899441346,oot,catboost_abc,5
2026-01-31,UZS,False,0.21428571428571427,0.34357541899441346,oot,catboost_abc,5
2026-02-03,UZS,False,0.2924901185770751,0.34357541899441346,oot,catboost_abc,5
2026-02-04,UZS,False,0.2328042328042328,0.34357541899441346,oot,catboost_abc,5
2026-02-05,UZS,False,0.21428571428571427,0.34357541899441346,oot,catboost_abc,5
2026-02-06,UZS,False,0.18181818181818182,0.34357541899441346,oot,catboost_abc,5
2026-02-07,UZS,True,0.34357541899441346,0.34357541899441346,oot,catboost_abc,5
2026-02-10,UZS,False,0.34357541899441346,0.34357541899441346,oot,catboost_abc,5
2026-02-11,UZS,False,0.21428571428571427,0.34357541899441346,oot,catboost_abc,5
2026-02-12,UZS,False,0.34357541899441346,0.34357541899441346,oot,catboost_abc,5
2026-02-13,UZS,False,0.2924901185770751,0.34357541899441346,oot,catboost_abc,5
2026-02-14,UZS,False,0.34357541899441346,0.34357541899441346,oot,catboost_abc,5
2026-02-17,UZS,False,0.2328042328042328,0.34357541899441346,oot,catboost_abc,5
2026-02-18,UZS,False,0.34357541899441346,0.34357541899441346,oot,catboost_abc,5
2026-02-19,UZS,False,0.21428571428571427,0.34357541899441346,oot,catboost_abc,5
2026-02-20,UZS,False,0.34357541899441346,0.34357541899441346,oot,catboost_abc,5
2026-02-21,UZS,False,0.2924901185770751,0.34357541899441346,oot,catboost_abc,5
2026-02-25,UZS,False,0.34357541899441346,0.34357541899441346,oot,catboost_abc,5
2026-02-26,UZS,False,0.34357541899441346,0.34357541899441346,oot,catboost_abc,5
2026-02-27,UZS,False,0.34357541899441346,0.34357541899441346,oot,catboost_abc,5
2026-02-28,UZS,False,0.34357541899441346,0.34357541899441346,oot,catboost_abc,5
2026-03-03,UZS,True,0.34357541899441346,0.34357541899441346,oot,catboost_abc,5
2026-03-04,UZS,True,0.34357541899441346,0.34357541899441346,oot,catboost_abc,5
2026-03-05,UZS,True,0.34357541899441346,0.34357541899441346,oot,catboost_abc,5
2026-03-06,UZS,True,0.34357541899441346,0.34357541899441346,oot,catboost_abc,5
2026-03-07,UZS,True,0.34357541899441346,0.34357541899441346,oot,catboost_abc,5
2026-03-11,UZS,False,0.34357541899441346,0.34357541899441346,oot,catboost_abc,5
2026-03-12,UZS,False,0.34357541899441346,0.34357541899441346,oot,catboost_abc,5
2026-03-13,UZS,True,0.34357541899441346,0.34357541899441346,oot,catboost_abc,5
2026-03-14,UZS,True,0.5079365079365079,0.34357541899441346,oot,catboost_abc,5
2026-03-17,UZS,True,0.5079365079365079,0.34357541899441346,oot,catboost_abc,5
2026-03-18,UZS,True,0.6666666666666666,0.34357541899441346,oot,catboost_abc,5
2026-03-19,UZS,True,0.5079365079365079,0.34357541899441346,oot,catboost_abc,5
2026-03-20,UZS,True,0.34357541899441346,0.34357541899441346,oot,catboost_abc,5
2026-03-21,UZS,True,0.34357541899441346,0.34357541899441346,oot,catboost_abc,5
2026-03-24,UZS,False,0.21428571428571427,0.34357541899441346,oot,catboost_abc,5
2026-03-25,UZS,False,0.18181818181818182,0.34357541899441346,oot,catboost_abc,5
2026-03-26,UZS,False,0.2924901185770751,0.34357541899441346,oot,catboost_abc,5
2026-03-27,UZS,False,0.34357541899441346,0.34357541899441346,oot,catboost_abc,5
2026-03-28,UZS,False,0.21428571428571427,0.34357541899441346,oot,catboost_abc,5
2026-03-31,UZS,False,0.2924901185770751,0.34357541899441346,oot,catboost_abc,5
2026-04-01,UZS,False,0.34357541899441346,0.34357541899441346,oot,catboost_abc,5
2026-04-02,UZS,False,0.34357541899441346,0.34357541899441346,oot,catboost_abc,5
2026-04-03,UZS,False,0.21428571428571427,0.34357541899441346,oot,catboost_abc,5
2026-04-04,UZS,False,0.21428571428571427,0.34357541899441346,oot,catboost_abc,5
2026-04-07,UZS,False,0.21428571428571427,0.34357541899441346,oot,catboost_abc,5
2026-04-08,UZS,False,0.21428571428571427,0.34357541899441346,oot,catboost_abc,5
2026-04-09,UZS,False,0.18181818181818182,0.34357541899441346,oot,catboost_abc,5
2026-04-10,UZS,False,0.21428571428571427,0.34357541899441346,oot,catboost_abc,5
2026-04-11,UZS,False,0.16161616161616163,0.34357541899441346,oot,catboost_abc,5
2026-04-14,UZS,False,0.16161616161616163,0.34357541899441346,oot,catboost_abc,5
2026-04-15,UZS,False,0.16161616161616163,0.34357541899441346,oot,catboost_abc,5
2026-04-16,UZS,False,0.16161616161616163,0.34357541899441346,oot,catboost_abc,5
2026-04-17,UZS,False,0.2924901185770751,0.34357541899441346,oot,catboost_abc,5
2026-04-18,UZS,False,0.2924901185770751,0.34357541899441346,oot,catboost_abc,5
2026-04-21,UZS,False,0.16161616161616163,0.34357541899441346,oot,catboost_abc,5
2026-04-22,UZS,False,0.16161616161616163,0.34357541899441346,oot,catboost_abc,5
2026-04-23,UZS,False,0.2924901185770751,0.34357541899441346,oot,catboost_abc,5
2026-04-24,UZS,False,0.2924901185770751,0.34357541899441346,oot,catboost_abc,5
2026-04-25,UZS,False,0.34357541899441346,0.34357541899441346,oot,catboost_abc,5
2026-04-28,UZS,False,0.21428571428571427,0.34357541899441346,oot,catboost_abc,5
2026-04-29,UZS,False,0.2924901185770751,0.34357541899441346,oot,catboost_abc,5
2026-04-30,UZS,False,0.34357541899441346,0.34357541899441346,oot,catboost_abc,5
2026-05-01,UZS,False,0.2924901185770751,0.34357541899441346,oot,catboost_abc,5
2026-05-05,UZS,False,0.2924901185770751,0.34357541899441346,oot,catboost_abc,5
2026-05-06,UZS,False,0.2924901185770751,0.34357541899441346,oot,catboost_abc,5
2026-05-07,UZS,False,0.2328042328042328,0.34357541899441346,oot,catboost_abc,5
2026-05-08,UZS,False,0.16161616161616163,0.34357541899441346,oot,catboost_abc,5
2026-05-09,UZS,False,0.16161616161616163,0.34357541899441346,oot,catboost_abc,5
2026-05-13,UZS,False,0.18181818181818182,0.34357541899441346,oot,catboost_abc,5
2026-05-14,UZS,False,0.2328042328042328,0.34357541899441346,oot,catboost_abc,5
2026-05-15,UZS,False,0.2328042328042328,0.34357541899441346,oot,catboost_abc,5
2026-05-16,UZS,False,0.2328042328042328,0.34357541899441346,oot,catboost_abc,5
2026-05-19,UZS,False,0.2328042328042328,0.34357541899441346,oot,catboost_abc,5
2026-05-20,UZS,False,0.18181818181818182,0.34357541899441346,oot,catboost_abc,5
2026-05-21,UZS,False,0.18181818181818182,0.34357541899441346,oot,catboost_abc,5
2026-05-22,UZS,False,0.2328042328042328,0.34357541899441346,oot,catboost_abc,5
2026-05-23,UZS,False,0.2328042328042328,0.34357541899441346,oot,catboost_abc,5
2026-05-26,UZS,False,0.2924901185770751,0.34357541899441346,oot,catboost_abc,5
2026-05-27,UZS,False,0.2924901185770751,0.34357541899441346,oot,catboost_abc,5
2026-05-28,UZS,False,0.21428571428571427,0.34357541899441346,oot,catboost_abc,5
2026-05-29,UZS,False,0.2924901185770751,0.34357541899441346,oot,catboost_abc,5
2026-05-30,UZS,False,0.2328042328042328,0.34357541899441346,oot,catboost_abc,5
2026-06-02,UZS,False,0.34357541899441346,0.34357541899441346,oot,catboost_abc,5
2026-06-03,UZS,False,0.34357541899441346,0.34357541899441346,oot,catboost_abc,5
2026-06-04,UZS,False,0.2328042328042328,0.34357541899441346,oot,catboost_abc,5
2026-06-05,UZS,False,0.2328042328042328,0.34357541899441346,oot,catboost_abc,5
2026-06-06,UZS,False,0.2328042328042328,0.34357541899441346,oot,catboost_abc,5
2026-06-09,UZS,False,0.21428571428571427,0.34357541899441346,oot,catboost_abc,5
2026-06-10,UZS,False,0.16161616161616163,0.34357541899441346,oot,catboost_abc,5
2026-06-11,UZS,False,0.22113954736508462,0.34357541899441346,oot,catboost_abc,5
2026-06-12,UZS,False,0.2328042328042328,0.34357541899441346,oot,catboost_abc,5
2026-06-16,UZS,False,0.2924901185770751,0.34357541899441346,oot,catboost_abc,5
2026-06-17,UZS,False,0.18181818181818182,0.34357541899441346,oot,catboost_abc,5
2026-06-18,UZS,False,0.2924901185770751,0.34357541899441346,oot,catboost_abc,5
2026-06-19,UZS,False,0.2924901185770751,0.34357541899441346,oot,catboost_abc,5
2026-06-20,UZS,False,0.2924901185770751,0.34357541899441346,oot,catboost_abc,5
2026-06-23,UZS,False,0.2924901185770751,0.34357541899441346,oot,catboost_abc,5
2026-06-24,UZS,False,0.2924901185770751,0.34357541899441346,oot,catboost_abc,5
2026-06-25,UZS,False,0.2924901185770751,0.34357541899441346,oot,catboost_abc,5
2026-06-26,UZS,False,0.2924901185770751,0.34357541899441346,oot,catboost_abc,5
2026-06-27,UZS,False,0.2924901185770751,0.34357541899441346,oot,catboost_abc,5
2026-06-30,UZS,False,0.2328042328042328,0.34357541899441346,oot,catboost_abc,5
2026-07-01,UZS,False,0.2328042328042328,0.34357541899441346,oot,catboost_abc,5
2026-07-02,UZS,False,0.2328042328042328,0.34357541899441346,oot,catboost_abc,5
2026-07-03,UZS,False,0.2328042328042328,0.34357541899441346,oot,catboost_abc,5
2026-07-04,UZS,False,0.21428571428571427,0.34357541899441346,oot,catboost_abc,5
2026-07-07,UZS,False,0.34357541899441346,0.34357541899441346,oot,catboost_abc,5
2026-07-08,UZS,False,0.21428571428571427,0.34357541899441346,oot,catboost_abc,5
2026-07-09,UZS,False,0.2924901185770751,0.34357541899441346,oot,catboost_abc,5
2026-07-10,UZS,False,0.18181818181818182,0.34357541899441346,oot,catboost_abc,5
2026-07-11,UZS,False,0.2924901185770751,0.34357541899441346,oot,catboost_abc,5
2026-07-14,UZS,False,0.21428571428571427,0.34357541899441346,oot,catboost_abc,5
2026-07-15,UZS,False,0.34357541899441346,0.34357541899441346,oot,catboost_abc,5
2026-07-16,UZS,False,0.34357541899441346,0.34357541899441346,oot,catboost_abc,5
2026-07-17,UZS,False,0.34357541899441346,0.34357541899441346,oot,catboost_abc,5
2026-07-18,UZS,False,0.34357541899441346,0.34357541899441346,oot,catboost_abc,5
2026-07-21,UZS,False,0.34357541899441346,0.34357541899441346,oot,catboost_abc,5
2026-07-22,UZS,False,0.34357541899441346,0.34357541899441346,oot,catboost_abc,5
2026-07-23,UZS,False,0.21428571428571427,0.34357541899441346,oot,catboost_abc,5
2026-07-24,UZS,False,0.21428571428571427,0.34357541899441346,oot,catboost_abc,5
2026-07-25,UZS,False,0.34357541899441346,0.34357541899441346,oot,catboost_abc,5
2026-07-28,UZS,False,0.34357541899441346,0.34357541899441346,oot,catboost_abc,5
2026-07-29,UZS,False,0.34357541899441346,0.34357541899441346,oot,catboost_abc,5
2026-07-30,UZS,False,0.34357541899441346,0.34357541899441346,oot,catboost_abc,5
2026-07-31,UZS,False,0.34357541899441346,0.34357541899441346,oot,catboost_abc,5
2026-08-01,UZS,False,0.34357541899441346,0.34357541899441346,oot,catboost_abc,5
2026-08-04,UZS,False,0.34357541899441346,0.34357541899441346,oot,catboost_abc,5
2026-08-05,UZS,False,0.6666666666666666,0.34357541899441346,oot,catboost_abc,5
2026-08-06,UZS,False,0.5079365079365079,0.34357541899441346,oot,catboost_abc,5
2026-08-07,UZS,False,0.34357541899441346,0.34357541899441346,oot,catboost_abc,5
2026-08-08,UZS,False,0.5079365079365079,0.34357541899441346,oot,catboost_abc,5
2026-08-11,UZS,False,0.6666666666666666,0.34357541899441346,oot,catboost_abc,5
2026-08-12,UZS,False,0.34357541899441346,0.34357541899441346,oot,catboost_abc,5
2026-08-13,UZS,False,0.34357541899441346,0.34357541899441346,oot,catboost_abc,5
2026-08-14,UZS,False,0.34357541899441346,0.34357541899441346,oot,catboost_abc,5
2026-08-15,UZS,False,0.5079365079365079,0.34357541899441346,oot,catboost_abc,5
2026-08-18,UZS,False,0.34357541899441346,0.34357541899441346,oot,catboost_abc,5
2026-08-19,UZS,False,0.6666666666666666,0.34357541899441346,oot,catboost_abc,5
2026-08-20,UZS,False,0.5079365079365079,0.34357541899441346,oot,catboost_abc,5
2026-08-21,UZS,False,0.2328042328042328,0.34357541899441346,oot,catboost_abc,5
2026-08-22,UZS,False,0.21428571428571427,0.34357541899441346,oot,catboost_abc,5
2026-08-25,UZS,True,0.34357541899441346,0.34357541899441346,oot,catboost_abc,5
2026-08-26,UZS,True,0.34357541899441346,0.34357541899441346,oot,catboost_abc,5
2026-08-27,UZS,False,0.2924901185770751,0.34357541899441346,oot,catboost_abc,5
2026-08-28,UZS,True,0.34357541899441346,0.34357541899441346,oot,catboost_abc,5
2026-08-29,UZS,False,0.2924901185770751,0.34357541899441346,oot,catboost_abc,5
2026-09-01,UZS,True,0.34357541899441346,0.34357541899441346,oot,catboost_abc,5
2026-09-02,UZS,False,0.34357541899441346,0.34357541899441346,oot,catboost_abc,5
