horizon,corridor,method,split,feature_groups,metric,old,reconstructed,match
5,RUB->AMD,catboost,oot,"A,B",eligible_days,243.0,243.0,True
5,RUB->AMD,catboost,oot,"A,B",signal_count,13.0,13.0,True
5,RUB->AMD,catboost,oot,"A,B",target_positives,74.0,74.0,True
5,RUB->AMD,catboost,oot,"A,B",signal_hit_rate,0.3846153846153846,0.3846153846153846,True
5,RUB->AMD,catboost,oot,"A,B",random_hit_rate,0.3045267489711934,0.3045267489711934,True
5,RUB->AMD,catboost,oot,"A,B",freq_matched_hit_rate,0.2907692307692307,0.2907692307692307,True
5,RUB->AMD,catboost,oot,"A,B",lift,1.262993762993763,1.262993762993763,True
5,RUB->AMD,catboost,oot,"A,B",lift_freq_matched,1.322751322751323,1.322751322751323,True
5,RUB->AMD,catboost,oot,"A,B",bps_forward,37.37301191246262,37.37301191246262,True
5,RUB->AMD,catboost,oot,"A,B",signals_per_week,0.2541899441340782,0.2541899441340782,True
5,RUB->AMD,catboost,oot,"A,B",cluster_share,0.5384615384615384,0.5384615384615384,True
5,RUB->AMD,catboost,oot,"A,B,C,D",eligible_days,243.0,243.0,True
5,RUB->AMD,catboost,oot,"A,B,C,D",signal_count,1.0,1.0,True
5,RUB->AMD,catboost,oot,"A,B,C,D",target_positives,74.0,74.0,True
5,RUB->AMD,catboost,oot,"A,B,C,D",signal_hit_rate,0.0,0.0,True
5,RUB->AMD,catboost,oot,"A,B,C,D",random_hit_rate,0.3045267489711934,0.3045267489711934,True
5,RUB->AMD,catboost,oot,"A,B,C,D",freq_matched_hit_rate,0.3,0.3,True
5,RUB->AMD,catboost,oot,"A,B,C,D",lift,0.0,0.0,True
5,RUB->AMD,catboost,oot,"A,B,C,D",lift_freq_matched,0.0,0.0,True
5,RUB->AMD,catboost,oot,"A,B,C,D",bps_forward,57.92900931478373,57.92900931478373,True
5,RUB->AMD,catboost,oot,"A,B,C,D",signals_per_week,0.0195530726256983,0.0195530726256983,True
5,RUB->AMD,catboost,oot,"A,B,C,D",cluster_share,0.0,0.0,True
5,RUB->AMD,catboost,wf_oos,"A,B",eligible_days,656.0,656.0,True
5,RUB->AMD,catboost,wf_oos,"A,B",signal_count,137.0,137.0,True
5,RUB->AMD,catboost,wf_oos,"A,B",target_positives,215.0,215.0,True
5,RUB->AMD,catboost,wf_oos,"A,B",signal_hit_rate,0.291970802919708,0.291970802919708,True
5,RUB->AMD,catboost,wf_oos,"A,B",random_hit_rate,0.3277439024390244,0.3277439024390244,True
5,RUB->AMD,catboost,wf_oos,"A,B",freq_matched_hit_rate,0.328029197080292,0.328029197080292,True
5,RUB->AMD,catboost,wf_oos,"A,B",lift,0.890850449838737,0.890850449838737,True
5,RUB->AMD,catboost,wf_oos,"A,B",lift_freq_matched,0.8900756564307964,0.8900756564307964,True
5,RUB->AMD,catboost,wf_oos,"A,B",bps_forward,13.844807478484672,13.844807478484672,True
5,RUB->AMD,catboost,wf_oos,"A,B",signals_per_week,0.9958463136033228,0.9958463136033228,True
5,RUB->AMD,catboost,wf_oos,"A,B",cluster_share,0.8248175182481752,0.8248175182481752,True
5,RUB->AMD,catboost,wf_oos,"A,B,C,D",eligible_days,656.0,656.0,True
5,RUB->AMD,catboost,wf_oos,"A,B,C,D",signal_count,75.0,75.0,True
5,RUB->AMD,catboost,wf_oos,"A,B,C,D",target_positives,215.0,215.0,True
5,RUB->AMD,catboost,wf_oos,"A,B,C,D",signal_hit_rate,0.2,0.2,True
5,RUB->AMD,catboost,wf_oos,"A,B,C,D",random_hit_rate,0.3277439024390244,0.3277439024390244,True
5,RUB->AMD,catboost,wf_oos,"A,B,C,D",freq_matched_hit_rate,0.3328,0.3328,True
5,RUB->AMD,catboost,wf_oos,"A,B,C,D",lift,0.6102325581395349,0.6102325581395349,True
5,RUB->AMD,catboost,wf_oos,"A,B,C,D",lift_freq_matched,0.6009615384615385,0.6009615384615385,True
5,RUB->AMD,catboost,wf_oos,"A,B,C,D",bps_forward,-10.976894812827451,-10.976894812827451,True
5,RUB->AMD,catboost,wf_oos,"A,B,C,D",signals_per_week,0.5451713395638629,0.5451713395638629,True
5,RUB->AMD,catboost,wf_oos,"A,B,C,D",cluster_share,0.6,0.6,True
5,RUB->AMD,catboost,y2022,"A,B",eligible_days,247.0,247.0,True
5,RUB->AMD,catboost,y2022,"A,B",signal_count,32.0,32.0,True
5,RUB->AMD,catboost,y2022,"A,B",target_positives,72.0,72.0,True
5,RUB->AMD,catboost,y2022,"A,B",signal_hit_rate,0.15625,0.15625,True
5,RUB->AMD,catboost,y2022,"A,B",random_hit_rate,0.291497975708502,0.291497975708502,True
5,RUB->AMD,catboost,y2022,"A,B",freq_matched_hit_rate,0.286875,0.286875,True
5,RUB->AMD,catboost,y2022,"A,B",lift,0.5360243055555556,0.5360243055555556,True
5,RUB->AMD,catboost,y2022,"A,B",lift_freq_matched,0.5446623093681917,0.5446623093681917,True
5,RUB->AMD,catboost,y2022,"A,B",bps_forward,-34.938008887519814,-34.938008887519814,True
5,RUB->AMD,catboost,y2022,"A,B",signals_per_week,0.632768361581921,0.632768361581921,True
5,RUB->AMD,catboost,y2022,"A,B",cluster_share,0.625,0.625,True
5,RUB->AMD,catboost,y2022,"A,B,C,D",eligible_days,247.0,247.0,True
5,RUB->AMD,catboost,y2022,"A,B,C,D",signal_count,0.0,0.0,True
5,RUB->AMD,catboost,y2022,"A,B,C,D",target_positives,72.0,72.0,True
5,RUB->AMD,catboost,y2022,"A,B,C,D",signal_hit_rate,,,True
5,RUB->AMD,catboost,y2022,"A,B,C,D",random_hit_rate,0.291497975708502,0.291497975708502,True
5,RUB->AMD,catboost,y2022,"A,B,C,D",freq_matched_hit_rate,,,True
5,RUB->AMD,catboost,y2022,"A,B,C,D",lift,,,True
5,RUB->AMD,catboost,y2022,"A,B,C,D",lift_freq_matched,,,True
5,RUB->AMD,catboost,y2022,"A,B,C,D",bps_forward,,,True
5,RUB->AMD,catboost,y2022,"A,B,C,D",signals_per_week,0.0,0.0,True
5,RUB->AMD,catboost,y2022,"A,B,C,D",cluster_share,,,True
5,RUB->AMD,level,oot,,eligible_days,243.0,243.0,True
5,RUB->AMD,level,oot,,signal_count,42.0,42.0,True
5,RUB->AMD,level,oot,,target_positives,74.0,74.0,True
5,RUB->AMD,level,oot,,signal_hit_rate,0.2857142857142857,0.2857142857142857,True
5,RUB->AMD,level,oot,,random_hit_rate,0.3045267489711934,0.3045267489711934,True
5,RUB->AMD,level,oot,,freq_matched_hit_rate,0.2980952380952381,0.2980952380952381,True
5,RUB->AMD,level,oot,,lift,0.938223938223938,0.938223938223938,True
5,RUB->AMD,level,oot,,lift_freq_matched,0.9584664536741214,0.9584664536741214,True
5,RUB->AMD,level,oot,,bps_forward,30.579672602794385,30.579672602794385,True
5,RUB->AMD,level,oot,,signals_per_week,0.8212290502793296,0.8212290502793296,True
5,RUB->AMD,level,oot,,cluster_share,0.8095238095238095,0.8095238095238095,True
5,RUB->AMD,level,wf_oos,,eligible_days,656.0,656.0,True
5,RUB->AMD,level,wf_oos,,signal_count,141.0,141.0,True
5,RUB->AMD,level,wf_oos,,target_positives,215.0,215.0,True
5,RUB->AMD,level,wf_oos,,signal_hit_rate,0.226950354609929,0.226950354609929,True
5,RUB->AMD,level,wf_oos,,random_hit_rate,0.3277439024390244,0.3277439024390244,True
5,RUB->AMD,level,wf_oos,,freq_matched_hit_rate,0.3307801418439715,0.3307801418439715,True
5,RUB->AMD,level,wf_oos,,lift,0.6924624773214579,0.6924624773214579,True
5,RUB->AMD,level,wf_oos,,lift_freq_matched,0.6861063464837052,0.6861063464837052,True
5,RUB->AMD,level,wf_oos,,bps_forward,-14.741103842109393,-14.741103842109393,True
5,RUB->AMD,level,wf_oos,,signals_per_week,1.0249221183800623,1.0249221183800623,True
5,RUB->AMD,level,wf_oos,,cluster_share,0.8936170212765957,0.8936170212765957,True
5,RUB->AMD,level,y2022,,eligible_days,247.0,247.0,True
5,RUB->AMD,level,y2022,,signal_count,32.0,32.0,True
5,RUB->AMD,level,y2022,,target_positives,72.0,72.0,True
5,RUB->AMD,level,y2022,,signal_hit_rate,0.15625,0.15625,True
5,RUB->AMD,level,y2022,,random_hit_rate,0.291497975708502,0.291497975708502,True
5,RUB->AMD,level,y2022,,freq_matched_hit_rate,0.286875,0.286875,True
5,RUB->AMD,level,y2022,,lift,0.5360243055555556,0.5360243055555556,True
5,RUB->AMD,level,y2022,,lift_freq_matched,0.5446623093681917,0.5446623093681917,True
5,RUB->AMD,level,y2022,,bps_forward,35.77983076622803,35.77983076622803,True
5,RUB->AMD,level,y2022,,signals_per_week,0.632768361581921,0.632768361581921,True
5,RUB->AMD,level,y2022,,cluster_share,0.90625,0.90625,True
5,RUB->AMD,logreg,oot,A,eligible_days,243.0,243.0,True
5,RUB->AMD,logreg,oot,A,signal_count,38.0,38.0,True
5,RUB->AMD,logreg,oot,A,target_positives,74.0,74.0,True
5,RUB->AMD,logreg,oot,A,signal_hit_rate,0.2105263157894736,0.2105263157894736,True
5,RUB->AMD,logreg,oot,A,random_hit_rate,0.3045267489711934,0.3045267489711934,True
5,RUB->AMD,logreg,oot,A,freq_matched_hit_rate,0.3105263157894736,0.3105263157894736,True
5,RUB->AMD,logreg,oot,A,lift,0.6913229018492176,0.6913229018492176,True
5,RUB->AMD,logreg,oot,A,lift_freq_matched,0.6779661016949153,0.6779661016949153,True
5,RUB->AMD,logreg,oot,A,bps_forward,-8.647170205113543,-8.647170205113543,True
5,RUB->AMD,logreg,oot,A,signals_per_week,0.7430167597765363,0.7430167597765363,True
5,RUB->AMD,logreg,oot,A,cluster_share,0.5263157894736842,0.5263157894736842,True
5,RUB->AMD,logreg,oot,"A,B",eligible_days,243.0,243.0,True
5,RUB->AMD,logreg,oot,"A,B",signal_count,0.0,0.0,True
5,RUB->AMD,logreg,oot,"A,B",target_positives,74.0,74.0,True
5,RUB->AMD,logreg,oot,"A,B",signal_hit_rate,,,True
5,RUB->AMD,logreg,oot,"A,B",random_hit_rate,0.3045267489711934,0.3045267489711934,True
5,RUB->AMD,logreg,oot,"A,B",freq_matched_hit_rate,,,True
5,RUB->AMD,logreg,oot,"A,B",lift,,,True
5,RUB->AMD,logreg,oot,"A,B",lift_freq_matched,,,True
5,RUB->AMD,logreg,oot,"A,B",bps_forward,,,True
5,RUB->AMD,logreg,oot,"A,B",signals_per_week,0.0,0.0,True
5,RUB->AMD,logreg,oot,"A,B",cluster_share,,,True
5,RUB->AMD,logreg,oot,"A,B,C",eligible_days,243.0,243.0,True
5,RUB->AMD,logreg,oot,"A,B,C",signal_count,20.0,20.0,True
5,RUB->AMD,logreg,oot,"A,B,C",target_positives,74.0,74.0,True
5,RUB->AMD,logreg,oot,"A,B,C",signal_hit_rate,0.3,0.3,True
5,RUB->AMD,logreg,oot,"A,B,C",random_hit_rate,0.3045267489711934,0.3045267489711934,True
5,RUB->AMD,logreg,oot,"A,B,C",freq_matched_hit_rate,0.3069999999999999,0.3069999999999999,True
5,RUB->AMD,logreg,oot,"A,B,C",lift,0.9851351351351352,0.9851351351351352,True
5,RUB->AMD,logreg,oot,"A,B,C",lift_freq_matched,0.977198697068404,0.977198697068404,True
5,RUB->AMD,logreg,oot,"A,B,C",bps_forward,23.681293427474355,23.681293427474355,True
5,RUB->AMD,logreg,oot,"A,B,C",signals_per_week,0.3910614525139664,0.3910614525139664,True
5,RUB->AMD,logreg,oot,"A,B,C",cluster_share,0.3,0.3,True
5,RUB->AMD,logreg,oot,"A,B,C,D",eligible_days,243.0,243.0,True
5,RUB->AMD,logreg,oot,"A,B,C,D",signal_count,0.0,0.0,True
5,RUB->AMD,logreg,oot,"A,B,C,D",target_positives,74.0,74.0,True
5,RUB->AMD,logreg,oot,"A,B,C,D",signal_hit_rate,,,True
5,RUB->AMD,logreg,oot,"A,B,C,D",random_hit_rate,0.3045267489711934,0.3045267489711934,True
5,RUB->AMD,logreg,oot,"A,B,C,D",freq_matched_hit_rate,,,True
5,RUB->AMD,logreg,oot,"A,B,C,D",lift,,,True
5,RUB->AMD,logreg,oot,"A,B,C,D",lift_freq_matched,,,True
5,RUB->AMD,logreg,oot,"A,B,C,D",bps_forward,,,True
5,RUB->AMD,logreg,oot,"A,B,C,D",signals_per_week,0.0,0.0,True
5,RUB->AMD,logreg,oot,"A,B,C,D",cluster_share,,,True
5,RUB->AMD,logreg,wf_oos,A,eligible_days,656.0,656.0,True
5,RUB->AMD,logreg,wf_oos,A,signal_count,96.0,96.0,True
5,RUB->AMD,logreg,wf_oos,A,target_positives,215.0,215.0,True
5,RUB->AMD,logreg,wf_oos,A,signal_hit_rate,0.2395833333333333,0.2395833333333333,True
5,RUB->AMD,logreg,wf_oos,A,random_hit_rate,0.3277439024390244,0.3277439024390244,True
5,RUB->AMD,logreg,wf_oos,A,freq_matched_hit_rate,0.3314583333333333,0.3314583333333333,True
5,RUB->AMD,logreg,wf_oos,A,lift,0.7310077519379845,0.7310077519379845,True
5,RUB->AMD,logreg,wf_oos,A,lift_freq_matched,0.7228158390949089,0.7228158390949089,True
5,RUB->AMD,logreg,wf_oos,A,bps_forward,10.26945932143099,10.26945932143099,True
5,RUB->AMD,logreg,wf_oos,A,signals_per_week,0.6978193146417445,0.6978193146417445,True
5,RUB->AMD,logreg,wf_oos,A,cluster_share,0.59375,0.59375,True
5,RUB->AMD,logreg,wf_oos,"A,B",eligible_days,656.0,656.0,True
5,RUB->AMD,logreg,wf_oos,"A,B",signal_count,40.0,40.0,True
5,RUB->AMD,logreg,wf_oos,"A,B",target_positives,215.0,215.0,True
5,RUB->AMD,logreg,wf_oos,"A,B",signal_hit_rate,0.275,0.275,True
5,RUB->AMD,logreg,wf_oos,"A,B",random_hit_rate,0.3277439024390244,0.3277439024390244,True
5,RUB->AMD,logreg,wf_oos,"A,B",freq_matched_hit_rate,0.324,0.324,True
5,RUB->AMD,logreg,wf_oos,"A,B",lift,0.8390697674418605,0.8390697674418605,True
5,RUB->AMD,logreg,wf_oos,"A,B",lift_freq_matched,0.8487654320987654,0.8487654320987654,True
5,RUB->AMD,logreg,wf_oos,"A,B",bps_forward,23.98818753800221,23.98818753800221,True
5,RUB->AMD,logreg,wf_oos,"A,B",signals_per_week,0.2907580477673935,0.2907580477673935,True
5,RUB->AMD,logreg,wf_oos,"A,B",cluster_share,0.6,0.6,True
5,RUB->AMD,logreg,wf_oos,"A,B,C",eligible_days,656.0,656.0,True
5,RUB->AMD,logreg,wf_oos,"A,B,C",signal_count,0.0,0.0,True
5,RUB->AMD,logreg,wf_oos,"A,B,C",target_positives,215.0,215.0,True
5,RUB->AMD,logreg,wf_oos,"A,B,C",signal_hit_rate,,,True
5,RUB->AMD,logreg,wf_oos,"A,B,C",random_hit_rate,0.3277439024390244,0.3277439024390244,True
5,RUB->AMD,logreg,wf_oos,"A,B,C",freq_matched_hit_rate,,,True
5,RUB->AMD,logreg,wf_oos,"A,B,C",lift,,,True
5,RUB->AMD,logreg,wf_oos,"A,B,C",lift_freq_matched,,,True
5,RUB->AMD,logreg,wf_oos,"A,B,C",bps_forward,,,True
5,RUB->AMD,logreg,wf_oos,"A,B,C",signals_per_week,0.0,0.0,True
5,RUB->AMD,logreg,wf_oos,"A,B,C",cluster_share,,,True
5,RUB->AMD,logreg,wf_oos,"A,B,C,D",eligible_days,656.0,656.0,True
5,RUB->AMD,logreg,wf_oos,"A,B,C,D",signal_count,179.0,179.0,True
5,RUB->AMD,logreg,wf_oos,"A,B,C,D",target_positives,215.0,215.0,True
5,RUB->AMD,logreg,wf_oos,"A,B,C,D",signal_hit_rate,0.2849162011173184,0.2849162011173184,True
5,RUB->AMD,logreg,wf_oos,"A,B,C,D",random_hit_rate,0.3277439024390244,0.3277439024390244,True
5,RUB->AMD,logreg,wf_oos,"A,B,C,D",freq_matched_hit_rate,0.3341899441340782,0.3341899441340782,True
5,RUB->AMD,logreg,wf_oos,"A,B,C,D",lift,0.869325711316097,0.869325711316097,True
5,RUB->AMD,logreg,wf_oos,"A,B,C,D",lift_freq_matched,0.8525576730190572,0.8525576730190572,True
5,RUB->AMD,logreg,wf_oos,"A,B,C,D",bps_forward,16.6001467695,16.6001467695,True
5,RUB->AMD,logreg,wf_oos,"A,B,C,D",signals_per_week,1.301142263759086,1.301142263759086,True
5,RUB->AMD,logreg,wf_oos,"A,B,C,D",cluster_share,0.8044692737430168,0.8044692737430168,True
5,RUB->AMD,logreg,y2022,A,eligible_days,247.0,247.0,True
5,RUB->AMD,logreg,y2022,A,signal_count,2.0,2.0,True
5,RUB->AMD,logreg,y2022,A,target_positives,72.0,72.0,True
5,RUB->AMD,logreg,y2022,A,signal_hit_rate,0.5,0.5,True
5,RUB->AMD,logreg,y2022,A,random_hit_rate,0.291497975708502,0.291497975708502,True
5,RUB->AMD,logreg,y2022,A,freq_matched_hit_rate,0.31,0.31,True
5,RUB->AMD,logreg,y2022,A,lift,1.715277777777778,1.715277777777778,True
5,RUB->AMD,logreg,y2022,A,lift_freq_matched,1.6129032258064515,1.6129032258064515,True
5,RUB->AMD,logreg,y2022,A,bps_forward,643.8217775621491,643.8217775621491,True
5,RUB->AMD,logreg,y2022,A,signals_per_week,0.03954802259887,0.03954802259887,True
5,RUB->AMD,logreg,y2022,A,cluster_share,0.0,0.0,True
5,RUB->AMD,logreg,y2022,"A,B",eligible_days,247.0,247.0,True
5,RUB->AMD,logreg,y2022,"A,B",signal_count,6.0,6.0,True
5,RUB->AMD,logreg,y2022,"A,B",target_positives,72.0,72.0,True
5,RUB->AMD,logreg,y2022,"A,B",signal_hit_rate,0.3333333333333333,0.3333333333333333,True
5,RUB->AMD,logreg,y2022,"A,B",random_hit_rate,0.291497975708502,0.291497975708502,True
5,RUB->AMD,logreg,y2022,"A,B",freq_matched_hit_rate,0.2833333333333333,0.2833333333333333,True
5,RUB->AMD,logreg,y2022,"A,B",lift,1.1435185185185186,1.1435185185185186,True
5,RUB->AMD,logreg,y2022,"A,B",lift_freq_matched,1.1764705882352942,1.1764705882352942,True
5,RUB->AMD,logreg,y2022,"A,B",bps_forward,-35.813940160908935,-35.813940160908935,True
5,RUB->AMD,logreg,y2022,"A,B",signals_per_week,0.1186440677966101,0.1186440677966101,True
5,RUB->AMD,logreg,y2022,"A,B",cluster_share,0.0,0.0,True
5,RUB->AMD,logreg,y2022,"A,B,C",eligible_days,247.0,247.0,True
5,RUB->AMD,logreg,y2022,"A,B,C",signal_count,4.0,4.0,True
5,RUB->AMD,logreg,y2022,"A,B,C",target_positives,72.0,72.0,True
5,RUB->AMD,logreg,y2022,"A,B,C",signal_hit_rate,0.25,0.25,True
5,RUB->AMD,logreg,y2022,"A,B,C",random_hit_rate,0.291497975708502,0.291497975708502,True
5,RUB->AMD,logreg,y2022,"A,B,C",freq_matched_hit_rate,0.295,0.295,True
5,RUB->AMD,logreg,y2022,"A,B,C",lift,0.857638888888889,0.857638888888889,True
5,RUB->AMD,logreg,y2022,"A,B,C",lift_freq_matched,0.8474576271186441,0.8474576271186441,True
5,RUB->AMD,logreg,y2022,"A,B,C",bps_forward,-84.7695032399207,-84.7695032399207,True
5,RUB->AMD,logreg,y2022,"A,B,C",signals_per_week,0.0790960451977401,0.0790960451977401,True
5,RUB->AMD,logreg,y2022,"A,B,C",cluster_share,0.5,0.5,True
5,RUB->AMD,logreg,y2022,"A,B,C,D",eligible_days,247.0,247.0,True
5,RUB->AMD,logreg,y2022,"A,B,C,D",signal_count,27.0,27.0,True
5,RUB->AMD,logreg,y2022,"A,B,C,D",target_positives,72.0,72.0,True
5,RUB->AMD,logreg,y2022,"A,B,C,D",signal_hit_rate,0.1851851851851851,0.1851851851851851,True
5,RUB->AMD,logreg,y2022,"A,B,C,D",random_hit_rate,0.291497975708502,0.291497975708502,True
5,RUB->AMD,logreg,y2022,"A,B,C,D",freq_matched_hit_rate,0.3177777777777777,0.3177777777777777,True
5,RUB->AMD,logreg,y2022,"A,B,C,D",lift,0.6352880658436214,0.6352880658436214,True
5,RUB->AMD,logreg,y2022,"A,B,C,D",lift_freq_matched,0.5827505827505828,0.5827505827505828,True
5,RUB->AMD,logreg,y2022,"A,B,C,D",bps_forward,-6.592739738137694,-6.592739738137694,True
5,RUB->AMD,logreg,y2022,"A,B,C,D",signals_per_week,0.5338983050847458,0.5338983050847458,True
5,RUB->AMD,logreg,y2022,"A,B,C,D",cluster_share,0.5185185185185185,0.5185185185185185,True
5,RUB->AMD,momentum,oot,,eligible_days,243.0,243.0,True
5,RUB->AMD,momentum,oot,,signal_count,36.0,36.0,True
5,RUB->AMD,momentum,oot,,target_positives,74.0,74.0,True
5,RUB->AMD,momentum,oot,,signal_hit_rate,0.2222222222222222,0.2222222222222222,True
5,RUB->AMD,momentum,oot,,random_hit_rate,0.3045267489711934,0.3045267489711934,True
5,RUB->AMD,momentum,oot,,freq_matched_hit_rate,0.3038888888888889,0.3038888888888889,True
5,RUB->AMD,momentum,oot,,lift,0.7297297297297297,0.7297297297297297,True
5,RUB->AMD,momentum,oot,,lift_freq_matched,0.7312614259597806,0.7312614259597806,True
5,RUB->AMD,momentum,oot,,bps_forward,-13.438232832167063,-13.438232832167063,True
5,RUB->AMD,momentum,oot,,signals_per_week,0.7039106145251396,0.7039106145251396,True
5,RUB->AMD,momentum,oot,,cluster_share,0.5555555555555556,0.5555555555555556,True
5,RUB->AMD,momentum,wf_oos,,eligible_days,656.0,656.0,True
5,RUB->AMD,momentum,wf_oos,,signal_count,89.0,89.0,True
5,RUB->AMD,momentum,wf_oos,,target_positives,215.0,215.0,True
5,RUB->AMD,momentum,wf_oos,,signal_hit_rate,0.3033707865168539,0.3033707865168539,True
5,RUB->AMD,momentum,wf_oos,,random_hit_rate,0.3277439024390244,0.3277439024390244,True
5,RUB->AMD,momentum,wf_oos,,freq_matched_hit_rate,0.318876404494382,0.318876404494382,True
5,RUB->AMD,momentum,wf_oos,,lift,0.9256336556049124,0.9256336556049124,True
5,RUB->AMD,momentum,wf_oos,,lift_freq_matched,0.9513742071881608,0.9513742071881608,True
5,RUB->AMD,momentum,wf_oos,,bps_forward,10.00428099441874,10.00428099441874,True
5,RUB->AMD,momentum,wf_oos,,signals_per_week,0.6469366562824507,0.6469366562824507,True
5,RUB->AMD,momentum,wf_oos,,cluster_share,0.5056179775280899,0.5056179775280899,True
5,RUB->AMD,momentum,y2022,,eligible_days,247.0,247.0,True
5,RUB->AMD,momentum,y2022,,signal_count,51.0,51.0,True
5,RUB->AMD,momentum,y2022,,target_positives,72.0,72.0,True
5,RUB->AMD,momentum,y2022,,signal_hit_rate,0.1764705882352941,0.1764705882352941,True
5,RUB->AMD,momentum,y2022,,random_hit_rate,0.291497975708502,0.291497975708502,True
5,RUB->AMD,momentum,y2022,,freq_matched_hit_rate,0.3,0.3,True
5,RUB->AMD,momentum,y2022,,lift,0.6053921568627452,0.6053921568627452,True
5,RUB->AMD,momentum,y2022,,lift_freq_matched,0.5882352941176471,0.5882352941176471,True
5,RUB->AMD,momentum,y2022,,bps_forward,-30.87278868002664,-30.87278868002664,True
5,RUB->AMD,momentum,y2022,,signals_per_week,1.0084745762711864,1.0084745762711864,True
5,RUB->AMD,momentum,y2022,,cluster_share,0.6666666666666666,0.6666666666666666,True
5,RUB->AMD,random,oot,,eligible_days,243.0,243.0,True
5,RUB->AMD,random,oot,,signal_count,86.0,86.0,True
5,RUB->AMD,random,oot,,target_positives,74.0,74.0,True
5,RUB->AMD,random,oot,,signal_hit_rate,0.3604651162790697,0.3604651162790697,True
5,RUB->AMD,random,oot,,random_hit_rate,0.3045267489711934,0.3045267489711934,True
5,RUB->AMD,random,oot,,freq_matched_hit_rate,0.3011627906976744,0.3011627906976744,True
5,RUB->AMD,random,oot,,lift,1.1836895034569452,1.1836895034569452,True
5,RUB->AMD,random,oot,,lift_freq_matched,1.1969111969111967,1.1969111969111967,True
5,RUB->AMD,random,oot,,bps_forward,20.289211565559324,20.289211565559324,True
5,RUB->AMD,random,oot,,signals_per_week,1.6815642458100557,1.6815642458100557,True
5,RUB->AMD,random,oot,,cluster_share,0.4069767441860465,0.4069767441860465,True
5,RUB->AMD,random,wf_oos,,eligible_days,656.0,656.0,True
5,RUB->AMD,random,wf_oos,,signal_count,217.0,217.0,True
5,RUB->AMD,random,wf_oos,,target_positives,215.0,215.0,True
5,RUB->AMD,random,wf_oos,,signal_hit_rate,0.3640552995391705,0.3640552995391705,True
5,RUB->AMD,random,wf_oos,,random_hit_rate,0.3277439024390244,0.3277439024390244,True
5,RUB->AMD,random,wf_oos,,freq_matched_hit_rate,0.324147465437788,0.324147465437788,True
5,RUB->AMD,random,wf_oos,,lift,1.1107919837102131,1.1107919837102131,True
5,RUB->AMD,random,wf_oos,,lift_freq_matched,1.123116292294569,1.123116292294569,True
5,RUB->AMD,random,wf_oos,,bps_forward,30.861547239940315,30.861547239940315,True
5,RUB->AMD,random,wf_oos,,signals_per_week,1.57736240913811,1.57736240913811,True
5,RUB->AMD,random,wf_oos,,cluster_share,0.3410138248847926,0.3410138248847926,True
5,RUB->AMD,random,y2022,,eligible_days,247.0,247.0,True
5,RUB->AMD,random,y2022,,signal_count,81.0,81.0,True
5,RUB->AMD,random,y2022,,target_positives,72.0,72.0,True
5,RUB->AMD,random,y2022,,signal_hit_rate,0.3333333333333333,0.3333333333333333,True
5,RUB->AMD,random,y2022,,random_hit_rate,0.291497975708502,0.291497975708502,True
5,RUB->AMD,random,y2022,,freq_matched_hit_rate,0.2933333333333333,0.2933333333333333,True
5,RUB->AMD,random,y2022,,lift,1.1435185185185186,1.1435185185185186,True
5,RUB->AMD,random,y2022,,lift_freq_matched,1.1363636363636362,1.1363636363636362,True
5,RUB->AMD,random,y2022,,bps_forward,37.32243174842084,37.32243174842084,True
5,RUB->AMD,random,y2022,,signals_per_week,1.6016949152542377,1.6016949152542377,True
5,RUB->AMD,random,y2022,,cluster_share,0.2716049382716049,0.2716049382716049,True
5,RUB->AMD,reversal,oot,,eligible_days,243.0,243.0,True
5,RUB->AMD,reversal,oot,,signal_count,10.0,10.0,True
5,RUB->AMD,reversal,oot,,target_positives,74.0,74.0,True
5,RUB->AMD,reversal,oot,,signal_hit_rate,0.1,0.1,True
5,RUB->AMD,reversal,oot,,random_hit_rate,0.3045267489711934,0.3045267489711934,True
5,RUB->AMD,reversal,oot,,freq_matched_hit_rate,0.332,0.332,True
5,RUB->AMD,reversal,oot,,lift,0.3283783783783784,0.3283783783783784,True
5,RUB->AMD,reversal,oot,,lift_freq_matched,0.3012048192771084,0.3012048192771084,True
5,RUB->AMD,reversal,oot,,bps_forward,8.128195447956173,8.128195447956173,True
5,RUB->AMD,reversal,oot,,signals_per_week,0.1955307262569832,0.1955307262569832,True
5,RUB->AMD,reversal,oot,,cluster_share,0.0,0.0,True
5,RUB->AMD,reversal,wf_oos,,eligible_days,656.0,656.0,True
5,RUB->AMD,reversal,wf_oos,,signal_count,29.0,29.0,True
5,RUB->AMD,reversal,wf_oos,,target_positives,215.0,215.0,True
5,RUB->AMD,reversal,wf_oos,,signal_hit_rate,0.3103448275862069,0.3103448275862069,True
5,RUB->AMD,reversal,wf_oos,,random_hit_rate,0.3277439024390244,0.3277439024390244,True
5,RUB->AMD,reversal,wf_oos,,freq_matched_hit_rate,0.3448275862068966,0.3448275862068966,True
5,RUB->AMD,reversal,wf_oos,,lift,0.9469125902165196,0.9469125902165196,True
5,RUB->AMD,reversal,wf_oos,,lift_freq_matched,0.9,0.9,True
5,RUB->AMD,reversal,wf_oos,,bps_forward,37.70996793391121,37.70996793391121,True
5,RUB->AMD,reversal,wf_oos,,signals_per_week,0.2107995846313603,0.2107995846313603,True
5,RUB->AMD,reversal,wf_oos,,cluster_share,0.0,0.0,True
5,RUB->AMD,reversal,y2022,,eligible_days,247.0,247.0,True
5,RUB->AMD,reversal,y2022,,signal_count,11.0,11.0,True
5,RUB->AMD,reversal,y2022,,target_positives,72.0,72.0,True
5,RUB->AMD,reversal,y2022,,signal_hit_rate,0.3636363636363636,0.3636363636363636,True
5,RUB->AMD,reversal,y2022,,random_hit_rate,0.291497975708502,0.291497975708502,True
5,RUB->AMD,reversal,y2022,,freq_matched_hit_rate,0.2781818181818181,0.2781818181818181,True
5,RUB->AMD,reversal,y2022,,lift,1.2474747474747476,1.2474747474747476,True
5,RUB->AMD,reversal,y2022,,lift_freq_matched,1.3071895424836604,1.3071895424836604,True
5,RUB->AMD,reversal,y2022,,bps_forward,-4.330608251388825,-4.330608251388825,True
5,RUB->AMD,reversal,y2022,,signals_per_week,0.2175141242937853,0.2175141242937853,True
5,RUB->AMD,reversal,y2022,,cluster_share,0.0,0.0,True
5,RUB->AMD,seasonality,oot,,eligible_days,243.0,243.0,True
5,RUB->AMD,seasonality,oot,,signal_count,50.0,50.0,True
5,RUB->AMD,seasonality,oot,,target_positives,74.0,74.0,True
5,RUB->AMD,seasonality,oot,,signal_hit_rate,0.26,0.26,True
5,RUB->AMD,seasonality,oot,,random_hit_rate,0.3045267489711934,0.3045267489711934,True
5,RUB->AMD,seasonality,oot,,freq_matched_hit_rate,0.3087999999999999,0.3087999999999999,True
5,RUB->AMD,seasonality,oot,,lift,0.8537837837837838,0.8537837837837838,True
5,RUB->AMD,seasonality,oot,,lift_freq_matched,0.8419689119170986,0.8419689119170986,True
5,RUB->AMD,seasonality,oot,,bps_forward,-1.1422174491125994,-1.1422174491125994,True
5,RUB->AMD,seasonality,oot,,signals_per_week,0.977653631284916,0.977653631284916,True
5,RUB->AMD,seasonality,oot,,cluster_share,0.86,0.86,True
5,RUB->AMD,seasonality,wf_oos,,eligible_days,656.0,656.0,True
5,RUB->AMD,seasonality,wf_oos,,signal_count,136.0,136.0,True
5,RUB->AMD,seasonality,wf_oos,,target_positives,215.0,215.0,True
5,RUB->AMD,seasonality,wf_oos,,signal_hit_rate,0.2573529411764705,0.2573529411764705,True
5,RUB->AMD,seasonality,wf_oos,,random_hit_rate,0.3277439024390244,0.3277439024390244,True
5,RUB->AMD,seasonality,wf_oos,,freq_matched_hit_rate,0.3273529411764706,0.3273529411764706,True
5,RUB->AMD,seasonality,wf_oos,,lift,0.7852257181942544,0.7852257181942544,True
5,RUB->AMD,seasonality,wf_oos,,lift_freq_matched,0.7861635220125784,0.7861635220125784,True
5,RUB->AMD,seasonality,wf_oos,,bps_forward,1.6065782838214857,1.6065782838214857,True
5,RUB->AMD,seasonality,wf_oos,,signals_per_week,0.988577362409138,0.988577362409138,True
5,RUB->AMD,seasonality,wf_oos,,cluster_share,0.8602941176470589,0.8602941176470589,True
5,RUB->AMD,seasonality,y2022,,eligible_days,247.0,247.0,True
5,RUB->AMD,seasonality,y2022,,signal_count,49.0,49.0,True
5,RUB->AMD,seasonality,y2022,,target_positives,72.0,72.0,True
5,RUB->AMD,seasonality,y2022,,signal_hit_rate,0.2244897959183673,0.2244897959183673,True
5,RUB->AMD,seasonality,y2022,,random_hit_rate,0.291497975708502,0.291497975708502,True
5,RUB->AMD,seasonality,y2022,,freq_matched_hit_rate,0.2942857142857143,0.2942857142857143,True
5,RUB->AMD,seasonality,y2022,,lift,0.7701247165532881,0.7701247165532881,True
5,RUB->AMD,seasonality,y2022,,lift_freq_matched,0.7628294036061025,0.7628294036061025,True
5,RUB->AMD,seasonality,y2022,,bps_forward,125.66491006219962,125.66491006219962,True
5,RUB->AMD,seasonality,y2022,,signals_per_week,0.9689265536723164,0.9689265536723164,True
5,RUB->AMD,seasonality,y2022,,cluster_share,0.8571428571428571,0.8571428571428571,True
5,RUB->KGS,catboost,oot,"A,B",eligible_days,243.0,243.0,True
5,RUB->KGS,catboost,oot,"A,B",signal_count,15.0,15.0,True
5,RUB->KGS,catboost,oot,"A,B",target_positives,70.0,70.0,True
5,RUB->KGS,catboost,oot,"A,B",signal_hit_rate,0.4,0.4,True
5,RUB->KGS,catboost,oot,"A,B",random_hit_rate,0.2880658436213992,0.2880658436213992,True
5,RUB->KGS,catboost,oot,"A,B",freq_matched_hit_rate,0.3026666666666666,0.3026666666666666,True
5,RUB->KGS,catboost,oot,"A,B",lift,1.3885714285714286,1.3885714285714286,True
5,RUB->KGS,catboost,oot,"A,B",lift_freq_matched,1.3215859030837007,1.3215859030837007,True
5,RUB->KGS,catboost,oot,"A,B",bps_forward,58.70911361607384,58.70911361607384,True
5,RUB->KGS,catboost,oot,"A,B",signals_per_week,0.2932960893854748,0.2932960893854748,True
5,RUB->KGS,catboost,oot,"A,B",cluster_share,0.6,0.6,True
5,RUB->KGS,catboost,oot,"A,B,C,D",eligible_days,243.0,243.0,True
5,RUB->KGS,catboost,oot,"A,B,C,D",signal_count,4.0,4.0,True
5,RUB->KGS,catboost,oot,"A,B,C,D",target_positives,70.0,70.0,True
5,RUB->KGS,catboost,oot,"A,B,C,D",signal_hit_rate,0.5,0.5,True
5,RUB->KGS,catboost,oot,"A,B,C,D",random_hit_rate,0.2880658436213992,0.2880658436213992,True
5,RUB->KGS,catboost,oot,"A,B,C,D",freq_matched_hit_rate,0.3,0.3,True
5,RUB->KGS,catboost,oot,"A,B,C,D",lift,1.7357142857142855,1.7357142857142855,True
5,RUB->KGS,catboost,oot,"A,B,C,D",lift_freq_matched,1.6666666666666667,1.6666666666666667,True
5,RUB->KGS,catboost,oot,"A,B,C,D",bps_forward,197.9786893376536,197.9786893376536,True
5,RUB->KGS,catboost,oot,"A,B,C,D",signals_per_week,0.0782122905027933,0.0782122905027933,True
5,RUB->KGS,catboost,oot,"A,B,C,D",cluster_share,0.5,0.5,True
5,RUB->KGS,catboost,wf_oos,"A,B",eligible_days,656.0,656.0,True
5,RUB->KGS,catboost,wf_oos,"A,B",signal_count,158.0,158.0,True
5,RUB->KGS,catboost,wf_oos,"A,B",target_positives,215.0,215.0,True
5,RUB->KGS,catboost,wf_oos,"A,B",signal_hit_rate,0.3037974683544304,0.3037974683544304,True
5,RUB->KGS,catboost,wf_oos,"A,B",random_hit_rate,0.3277439024390244,0.3277439024390244,True
5,RUB->KGS,catboost,wf_oos,"A,B",freq_matched_hit_rate,0.3292405063291139,0.3292405063291139,True
5,RUB->KGS,catboost,wf_oos,"A,B",lift,0.9269355313511922,0.9269355313511922,True
5,RUB->KGS,catboost,wf_oos,"A,B",lift_freq_matched,0.922722029988466,0.922722029988466,True
5,RUB->KGS,catboost,wf_oos,"A,B",bps_forward,13.146906601683936,13.146906601683936,True
5,RUB->KGS,catboost,wf_oos,"A,B",signals_per_week,1.1484942886812044,1.1484942886812044,True
5,RUB->KGS,catboost,wf_oos,"A,B",cluster_share,0.7911392405063291,0.7911392405063291,True
5,RUB->KGS,catboost,wf_oos,"A,B,C,D",eligible_days,656.0,656.0,True
5,RUB->KGS,catboost,wf_oos,"A,B,C,D",signal_count,79.0,79.0,True
5,RUB->KGS,catboost,wf_oos,"A,B,C,D",target_positives,215.0,215.0,True
5,RUB->KGS,catboost,wf_oos,"A,B,C,D",signal_hit_rate,0.2658227848101265,0.2658227848101265,True
5,RUB->KGS,catboost,wf_oos,"A,B,C,D",random_hit_rate,0.3277439024390244,0.3277439024390244,True
5,RUB->KGS,catboost,wf_oos,"A,B,C,D",freq_matched_hit_rate,0.3225316455696203,0.3225316455696203,True
5,RUB->KGS,catboost,wf_oos,"A,B,C,D",lift,0.8110685899322931,0.8110685899322931,True
5,RUB->KGS,catboost,wf_oos,"A,B,C,D",lift_freq_matched,0.824175824175824,0.824175824175824,True
5,RUB->KGS,catboost,wf_oos,"A,B,C,D",bps_forward,4.405856030127972,4.405856030127972,True
5,RUB->KGS,catboost,wf_oos,"A,B,C,D",signals_per_week,0.5742471443406022,0.5742471443406022,True
5,RUB->KGS,catboost,wf_oos,"A,B,C,D",cluster_share,0.5063291139240507,0.5063291139240507,True
5,RUB->KGS,catboost,y2022,"A,B",eligible_days,247.0,247.0,True
5,RUB->KGS,catboost,y2022,"A,B",signal_count,33.0,33.0,True
5,RUB->KGS,catboost,y2022,"A,B",target_positives,65.0,65.0,True
5,RUB->KGS,catboost,y2022,"A,B",signal_hit_rate,0.1515151515151515,0.1515151515151515,True
5,RUB->KGS,catboost,y2022,"A,B",random_hit_rate,0.2631578947368421,0.2631578947368421,True
5,RUB->KGS,catboost,y2022,"A,B",freq_matched_hit_rate,0.2654545454545454,0.2654545454545454,True
5,RUB->KGS,catboost,y2022,"A,B",lift,0.5757575757575758,0.5757575757575758,True
5,RUB->KGS,catboost,y2022,"A,B",lift_freq_matched,0.5707762557077626,0.5707762557077626,True
5,RUB->KGS,catboost,y2022,"A,B",bps_forward,-81.21736401849503,-81.21736401849503,True
5,RUB->KGS,catboost,y2022,"A,B",signals_per_week,0.652542372881356,0.652542372881356,True
5,RUB->KGS,catboost,y2022,"A,B",cluster_share,0.5151515151515151,0.5151515151515151,True
5,RUB->KGS,catboost,y2022,"A,B,C,D",eligible_days,247.0,247.0,True
5,RUB->KGS,catboost,y2022,"A,B,C,D",signal_count,0.0,0.0,True
5,RUB->KGS,catboost,y2022,"A,B,C,D",target_positives,65.0,65.0,True
5,RUB->KGS,catboost,y2022,"A,B,C,D",signal_hit_rate,,,True
5,RUB->KGS,catboost,y2022,"A,B,C,D",random_hit_rate,0.2631578947368421,0.2631578947368421,True
5,RUB->KGS,catboost,y2022,"A,B,C,D",freq_matched_hit_rate,,,True
5,RUB->KGS,catboost,y2022,"A,B,C,D",lift,,,True
5,RUB->KGS,catboost,y2022,"A,B,C,D",lift_freq_matched,,,True
5,RUB->KGS,catboost,y2022,"A,B,C,D",bps_forward,,,True
5,RUB->KGS,catboost,y2022,"A,B,C,D",signals_per_week,0.0,0.0,True
5,RUB->KGS,catboost,y2022,"A,B,C,D",cluster_share,,,True
5,RUB->KGS,level,oot,,eligible_days,243.0,243.0,True
5,RUB->KGS,level,oot,,signal_count,61.0,61.0,True
5,RUB->KGS,level,oot,,target_positives,70.0,70.0,True
5,RUB->KGS,level,oot,,signal_hit_rate,0.2295081967213114,0.2295081967213114,True
5,RUB->KGS,level,oot,,random_hit_rate,0.2880658436213992,0.2880658436213992,True
5,RUB->KGS,level,oot,,freq_matched_hit_rate,0.2842622950819672,0.2842622950819672,True
5,RUB->KGS,level,oot,,lift,0.7967213114754098,0.7967213114754098,True
5,RUB->KGS,level,oot,,lift_freq_matched,0.8073817762399078,0.8073817762399078,True
5,RUB->KGS,level,oot,,bps_forward,2.9095926962716225,2.9095926962716225,True
5,RUB->KGS,level,oot,,signals_per_week,1.1927374301675977,1.1927374301675977,True
5,RUB->KGS,level,oot,,cluster_share,0.8524590163934426,0.8524590163934426,True
5,RUB->KGS,level,wf_oos,,eligible_days,656.0,656.0,True
5,RUB->KGS,level,wf_oos,,signal_count,135.0,135.0,True
5,RUB->KGS,level,wf_oos,,target_positives,215.0,215.0,True
5,RUB->KGS,level,wf_oos,,signal_hit_rate,0.2,0.2,True
5,RUB->KGS,level,wf_oos,,random_hit_rate,0.3277439024390244,0.3277439024390244,True
5,RUB->KGS,level,wf_oos,,freq_matched_hit_rate,0.3300740740740741,0.3300740740740741,True
5,RUB->KGS,level,wf_oos,,lift,0.6102325581395349,0.6102325581395349,True
5,RUB->KGS,level,wf_oos,,lift_freq_matched,0.6059245960502693,0.6059245960502693,True
5,RUB->KGS,level,wf_oos,,bps_forward,-18.065312707080295,-18.065312707080295,True
5,RUB->KGS,level,wf_oos,,signals_per_week,0.9813084112149532,0.9813084112149532,True
5,RUB->KGS,level,wf_oos,,cluster_share,0.8888888888888888,0.8888888888888888,True
5,RUB->KGS,level,y2022,,eligible_days,247.0,247.0,True
5,RUB->KGS,level,y2022,,signal_count,42.0,42.0,True
5,RUB->KGS,level,y2022,,target_positives,65.0,65.0,True
5,RUB->KGS,level,y2022,,signal_hit_rate,0.1666666666666666,0.1666666666666666,True
5,RUB->KGS,level,y2022,,random_hit_rate,0.2631578947368421,0.2631578947368421,True
5,RUB->KGS,level,y2022,,freq_matched_hit_rate,0.2795238095238095,0.2795238095238095,True
5,RUB->KGS,level,y2022,,lift,0.6333333333333333,0.6333333333333333,True
5,RUB->KGS,level,y2022,,lift_freq_matched,0.596252129471891,0.596252129471891,True
5,RUB->KGS,level,y2022,,bps_forward,7.787281446593224,7.787281446593224,True
5,RUB->KGS,level,y2022,,signals_per_week,0.8305084745762712,0.8305084745762712,True
5,RUB->KGS,level,y2022,,cluster_share,0.8571428571428571,0.8571428571428571,True
5,RUB->KGS,logreg,oot,A,eligible_days,243.0,243.0,True
5,RUB->KGS,logreg,oot,A,signal_count,4.0,4.0,True
5,RUB->KGS,logreg,oot,A,target_positives,70.0,70.0,True
5,RUB->KGS,logreg,oot,A,signal_hit_rate,0.25,0.25,True
5,RUB->KGS,logreg,oot,A,random_hit_rate,0.2880658436213992,0.2880658436213992,True
5,RUB->KGS,logreg,oot,A,freq_matched_hit_rate,0.235,0.235,True
5,RUB->KGS,logreg,oot,A,lift,0.8678571428571428,0.8678571428571428,True
5,RUB->KGS,logreg,oot,A,lift_freq_matched,1.0638297872340423,1.0638297872340423,True
5,RUB->KGS,logreg,oot,A,bps_forward,14.109611491912766,14.109611491912766,True
5,RUB->KGS,logreg,oot,A,signals_per_week,0.0782122905027933,0.0782122905027933,True
5,RUB->KGS,logreg,oot,A,cluster_share,0.0,0.0,True
5,RUB->KGS,logreg,oot,"A,B",eligible_days,243.0,243.0,True
5,RUB->KGS,logreg,oot,"A,B",signal_count,0.0,0.0,True
5,RUB->KGS,logreg,oot,"A,B",target_positives,70.0,70.0,True
5,RUB->KGS,logreg,oot,"A,B",signal_hit_rate,,,True
5,RUB->KGS,logreg,oot,"A,B",random_hit_rate,0.2880658436213992,0.2880658436213992,True
5,RUB->KGS,logreg,oot,"A,B",freq_matched_hit_rate,,,True
5,RUB->KGS,logreg,oot,"A,B",lift,,,True
5,RUB->KGS,logreg,oot,"A,B",lift_freq_matched,,,True
5,RUB->KGS,logreg,oot,"A,B",bps_forward,,,True
5,RUB->KGS,logreg,oot,"A,B",signals_per_week,0.0,0.0,True
5,RUB->KGS,logreg,oot,"A,B",cluster_share,,,True
5,RUB->KGS,logreg,oot,"A,B,C",eligible_days,243.0,243.0,True
5,RUB->KGS,logreg,oot,"A,B,C",signal_count,21.0,21.0,True
5,RUB->KGS,logreg,oot,"A,B,C",target_positives,70.0,70.0,True
5,RUB->KGS,logreg,oot,"A,B,C",signal_hit_rate,0.238095238095238,0.238095238095238,True
5,RUB->KGS,logreg,oot,"A,B,C",random_hit_rate,0.2880658436213992,0.2880658436213992,True
5,RUB->KGS,logreg,oot,"A,B,C",freq_matched_hit_rate,0.2952380952380952,0.2952380952380952,True
5,RUB->KGS,logreg,oot,"A,B,C",lift,0.8265306122448979,0.8265306122448979,True
5,RUB->KGS,logreg,oot,"A,B,C",lift_freq_matched,0.8064516129032258,0.8064516129032258,True
5,RUB->KGS,logreg,oot,"A,B,C",bps_forward,30.50124742050181,30.50124742050181,True
5,RUB->KGS,logreg,oot,"A,B,C",signals_per_week,0.4106145251396648,0.4106145251396648,True
5,RUB->KGS,logreg,oot,"A,B,C",cluster_share,0.3809523809523809,0.3809523809523809,True
5,RUB->KGS,logreg,oot,"A,B,C,D",eligible_days,243.0,243.0,True
5,RUB->KGS,logreg,oot,"A,B,C,D",signal_count,0.0,0.0,True
5,RUB->KGS,logreg,oot,"A,B,C,D",target_positives,70.0,70.0,True
5,RUB->KGS,logreg,oot,"A,B,C,D",signal_hit_rate,,,True
5,RUB->KGS,logreg,oot,"A,B,C,D",random_hit_rate,0.2880658436213992,0.2880658436213992,True
5,RUB->KGS,logreg,oot,"A,B,C,D",freq_matched_hit_rate,,,True
5,RUB->KGS,logreg,oot,"A,B,C,D",lift,,,True
5,RUB->KGS,logreg,oot,"A,B,C,D",lift_freq_matched,,,True
5,RUB->KGS,logreg,oot,"A,B,C,D",bps_forward,,,True
5,RUB->KGS,logreg,oot,"A,B,C,D",signals_per_week,0.0,0.0,True
5,RUB->KGS,logreg,oot,"A,B,C,D",cluster_share,,,True
5,RUB->KGS,logreg,wf_oos,A,eligible_days,656.0,656.0,True
5,RUB->KGS,logreg,wf_oos,A,signal_count,65.0,65.0,True
5,RUB->KGS,logreg,wf_oos,A,target_positives,215.0,215.0,True
5,RUB->KGS,logreg,wf_oos,A,signal_hit_rate,0.2615384615384615,0.2615384615384615,True
5,RUB->KGS,logreg,wf_oos,A,random_hit_rate,0.3277439024390244,0.3277439024390244,True
5,RUB->KGS,logreg,wf_oos,A,freq_matched_hit_rate,0.3329230769230769,0.3329230769230769,True
5,RUB->KGS,logreg,wf_oos,A,lift,0.7979964221824687,0.7979964221824687,True
5,RUB->KGS,logreg,wf_oos,A,lift_freq_matched,0.7855822550831795,0.7855822550831795,True
5,RUB->KGS,logreg,wf_oos,A,bps_forward,-2.616729155835921,-2.616729155835921,True
5,RUB->KGS,logreg,wf_oos,A,signals_per_week,0.4724818276220145,0.4724818276220145,True
5,RUB->KGS,logreg,wf_oos,A,cluster_share,0.5846153846153846,0.5846153846153846,True
5,RUB->KGS,logreg,wf_oos,"A,B",eligible_days,656.0,656.0,True
5,RUB->KGS,logreg,wf_oos,"A,B",signal_count,33.0,33.0,True
5,RUB->KGS,logreg,wf_oos,"A,B",target_positives,215.0,215.0,True
5,RUB->KGS,logreg,wf_oos,"A,B",signal_hit_rate,0.2424242424242424,0.2424242424242424,True
5,RUB->KGS,logreg,wf_oos,"A,B",random_hit_rate,0.3277439024390244,0.3277439024390244,True
5,RUB->KGS,logreg,wf_oos,"A,B",freq_matched_hit_rate,0.3290909090909091,0.3290909090909091,True
5,RUB->KGS,logreg,wf_oos,"A,B",lift,0.7396758280479211,0.7396758280479211,True
5,RUB->KGS,logreg,wf_oos,"A,B",lift_freq_matched,0.736648250460405,0.736648250460405,True
5,RUB->KGS,logreg,wf_oos,"A,B",bps_forward,14.794504673640043,14.794504673640043,True
5,RUB->KGS,logreg,wf_oos,"A,B",signals_per_week,0.2398753894080996,0.2398753894080996,True
5,RUB->KGS,logreg,wf_oos,"A,B",cluster_share,0.5151515151515151,0.5151515151515151,True
5,RUB->KGS,logreg,wf_oos,"A,B,C",eligible_days,656.0,656.0,True
5,RUB->KGS,logreg,wf_oos,"A,B,C",signal_count,0.0,0.0,True
5,RUB->KGS,logreg,wf_oos,"A,B,C",target_positives,215.0,215.0,True
5,RUB->KGS,logreg,wf_oos,"A,B,C",signal_hit_rate,,,True
5,RUB->KGS,logreg,wf_oos,"A,B,C",random_hit_rate,0.3277439024390244,0.3277439024390244,True
5,RUB->KGS,logreg,wf_oos,"A,B,C",freq_matched_hit_rate,,,True
5,RUB->KGS,logreg,wf_oos,"A,B,C",lift,,,True
5,RUB->KGS,logreg,wf_oos,"A,B,C",lift_freq_matched,,,True
5,RUB->KGS,logreg,wf_oos,"A,B,C",bps_forward,,,True
5,RUB->KGS,logreg,wf_oos,"A,B,C",signals_per_week,0.0,0.0,True
5,RUB->KGS,logreg,wf_oos,"A,B,C",cluster_share,,,True
5,RUB->KGS,logreg,wf_oos,"A,B,C,D",eligible_days,656.0,656.0,True
5,RUB->KGS,logreg,wf_oos,"A,B,C,D",signal_count,181.0,181.0,True
5,RUB->KGS,logreg,wf_oos,"A,B,C,D",target_positives,215.0,215.0,True
5,RUB->KGS,logreg,wf_oos,"A,B,C,D",signal_hit_rate,0.3204419889502762,0.3204419889502762,True
5,RUB->KGS,logreg,wf_oos,"A,B,C,D",random_hit_rate,0.3277439024390244,0.3277439024390244,True
5,RUB->KGS,logreg,wf_oos,"A,B,C,D",freq_matched_hit_rate,0.3360220994475139,0.3360220994475139,True
5,RUB->KGS,logreg,wf_oos,"A,B,C,D",lift,0.9777206732622382,0.9777206732622382,True
5,RUB->KGS,logreg,wf_oos,"A,B,C,D",lift_freq_matched,0.9536336731338374,0.9536336731338374,True
5,RUB->KGS,logreg,wf_oos,"A,B,C,D",bps_forward,16.262118673458588,16.262118673458588,True
5,RUB->KGS,logreg,wf_oos,"A,B,C,D",signals_per_week,1.3156801661474558,1.3156801661474558,True
5,RUB->KGS,logreg,wf_oos,"A,B,C,D",cluster_share,0.7458563535911602,0.7458563535911602,True
5,RUB->KGS,logreg,y2022,A,eligible_days,247.0,247.0,True
5,RUB->KGS,logreg,y2022,A,signal_count,0.0,0.0,True
5,RUB->KGS,logreg,y2022,A,target_positives,65.0,65.0,True
5,RUB->KGS,logreg,y2022,A,signal_hit_rate,,,True
5,RUB->KGS,logreg,y2022,A,random_hit_rate,0.2631578947368421,0.2631578947368421,True
5,RUB->KGS,logreg,y2022,A,freq_matched_hit_rate,,,True
5,RUB->KGS,logreg,y2022,A,lift,,,True
5,RUB->KGS,logreg,y2022,A,lift_freq_matched,,,True
5,RUB->KGS,logreg,y2022,A,bps_forward,,,True
5,RUB->KGS,logreg,y2022,A,signals_per_week,0.0,0.0,True
5,RUB->KGS,logreg,y2022,A,cluster_share,,,True
5,RUB->KGS,logreg,y2022,"A,B",eligible_days,247.0,247.0,True
5,RUB->KGS,logreg,y2022,"A,B",signal_count,3.0,3.0,True
5,RUB->KGS,logreg,y2022,"A,B",target_positives,65.0,65.0,True
5,RUB->KGS,logreg,y2022,"A,B",signal_hit_rate,0.3333333333333333,0.3333333333333333,True
5,RUB->KGS,logreg,y2022,"A,B",random_hit_rate,0.2631578947368421,0.2631578947368421,True
5,RUB->KGS,logreg,y2022,"A,B",freq_matched_hit_rate,0.3,0.3,True
5,RUB->KGS,logreg,y2022,"A,B",lift,1.2666666666666666,1.2666666666666666,True
5,RUB->KGS,logreg,y2022,"A,B",lift_freq_matched,1.1111111111111112,1.1111111111111112,True
5,RUB->KGS,logreg,y2022,"A,B",bps_forward,-40.18809377483144,-40.18809377483144,True
5,RUB->KGS,logreg,y2022,"A,B",signals_per_week,0.059322033898305,0.059322033898305,True
5,RUB->KGS,logreg,y2022,"A,B",cluster_share,0.0,0.0,True
5,RUB->KGS,logreg,y2022,"A,B,C",eligible_days,247.0,247.0,True
5,RUB->KGS,logreg,y2022,"A,B,C",signal_count,2.0,2.0,True
5,RUB->KGS,logreg,y2022,"A,B,C",target_positives,65.0,65.0,True
5,RUB->KGS,logreg,y2022,"A,B,C",signal_hit_rate,0.5,0.5,True
5,RUB->KGS,logreg,y2022,"A,B,C",random_hit_rate,0.2631578947368421,0.2631578947368421,True
5,RUB->KGS,logreg,y2022,"A,B,C",freq_matched_hit_rate,0.3,0.3,True
5,RUB->KGS,logreg,y2022,"A,B,C",lift,1.9,1.9,True
5,RUB->KGS,logreg,y2022,"A,B,C",lift_freq_matched,1.6666666666666667,1.6666666666666667,True
5,RUB->KGS,logreg,y2022,"A,B,C",bps_forward,4.341606415447636,4.341606415447636,True
5,RUB->KGS,logreg,y2022,"A,B,C",signals_per_week,0.03954802259887,0.03954802259887,True
5,RUB->KGS,logreg,y2022,"A,B,C",cluster_share,0.0,0.0,True
5,RUB->KGS,logreg,y2022,"A,B,C,D",eligible_days,247.0,247.0,True
5,RUB->KGS,logreg,y2022,"A,B,C,D",signal_count,23.0,23.0,True
5,RUB->KGS,logreg,y2022,"A,B,C,D",target_positives,65.0,65.0,True
5,RUB->KGS,logreg,y2022,"A,B,C,D",signal_hit_rate,0.217391304347826,0.217391304347826,True
5,RUB->KGS,logreg,y2022,"A,B,C,D",random_hit_rate,0.2631578947368421,0.2631578947368421,True
5,RUB->KGS,logreg,y2022,"A,B,C,D",freq_matched_hit_rate,0.2556521739130434,0.2556521739130434,True
5,RUB->KGS,logreg,y2022,"A,B,C,D",lift,0.8260869565217391,0.8260869565217391,True
5,RUB->KGS,logreg,y2022,"A,B,C,D",lift_freq_matched,0.8503401360544218,0.8503401360544218,True
5,RUB->KGS,logreg,y2022,"A,B,C,D",bps_forward,62.87404180222416,62.87404180222416,True
5,RUB->KGS,logreg,y2022,"A,B,C,D",signals_per_week,0.4548022598870057,0.4548022598870057,True
5,RUB->KGS,logreg,y2022,"A,B,C,D",cluster_share,0.6086956521739131,0.6086956521739131,True
5,RUB->KGS,momentum,oot,,eligible_days,243.0,243.0,True
5,RUB->KGS,momentum,oot,,signal_count,49.0,49.0,True
5,RUB->KGS,momentum,oot,,target_positives,70.0,70.0,True
5,RUB->KGS,momentum,oot,,signal_hit_rate,0.2448979591836734,0.2448979591836734,True
5,RUB->KGS,momentum,oot,,random_hit_rate,0.2880658436213992,0.2880658436213992,True
5,RUB->KGS,momentum,oot,,freq_matched_hit_rate,0.290204081632653,0.290204081632653,True
5,RUB->KGS,momentum,oot,,lift,0.8501457725947521,0.8501457725947521,True
5,RUB->KGS,momentum,oot,,lift_freq_matched,0.8438818565400844,0.8438818565400844,True
5,RUB->KGS,momentum,oot,,bps_forward,-26.76297536229734,-26.76297536229734,True
5,RUB->KGS,momentum,oot,,signals_per_week,0.9581005586592178,0.9581005586592178,True
5,RUB->KGS,momentum,oot,,cluster_share,0.5918367346938775,0.5918367346938775,True
5,RUB->KGS,momentum,wf_oos,,eligible_days,656.0,656.0,True
5,RUB->KGS,momentum,wf_oos,,signal_count,92.0,92.0,True
5,RUB->KGS,momentum,wf_oos,,target_positives,215.0,215.0,True
5,RUB->KGS,momentum,wf_oos,,signal_hit_rate,0.2608695652173913,0.2608695652173913,True
5,RUB->KGS,momentum,wf_oos,,random_hit_rate,0.3277439024390244,0.3277439024390244,True
5,RUB->KGS,momentum,wf_oos,,freq_matched_hit_rate,0.3315217391304348,0.3315217391304348,True
5,RUB->KGS,momentum,wf_oos,,lift,0.7959555106167846,0.7959555106167846,True
5,RUB->KGS,momentum,wf_oos,,lift_freq_matched,0.7868852459016392,0.7868852459016392,True
5,RUB->KGS,momentum,wf_oos,,bps_forward,-0.2490040500735028,-0.2490040500735028,True
5,RUB->KGS,momentum,wf_oos,,signals_per_week,0.6687435098650051,0.6687435098650051,True
5,RUB->KGS,momentum,wf_oos,,cluster_share,0.532608695652174,0.532608695652174,True
5,RUB->KGS,momentum,y2022,,eligible_days,247.0,247.0,True
5,RUB->KGS,momentum,y2022,,signal_count,43.0,43.0,True
5,RUB->KGS,momentum,y2022,,target_positives,65.0,65.0,True
5,RUB->KGS,momentum,y2022,,signal_hit_rate,0.1395348837209302,0.1395348837209302,True
5,RUB->KGS,momentum,y2022,,random_hit_rate,0.2631578947368421,0.2631578947368421,True
5,RUB->KGS,momentum,y2022,,freq_matched_hit_rate,0.2613953488372093,0.2613953488372093,True
5,RUB->KGS,momentum,y2022,,lift,0.530232558139535,0.530232558139535,True
5,RUB->KGS,momentum,y2022,,lift_freq_matched,0.5338078291814946,0.5338078291814946,True
5,RUB->KGS,momentum,y2022,,bps_forward,59.463166854620574,59.463166854620574,True
5,RUB->KGS,momentum,y2022,,signals_per_week,0.8502824858757062,0.8502824858757062,True
5,RUB->KGS,momentum,y2022,,cluster_share,0.5813953488372093,0.5813953488372093,True
5,RUB->KGS,random,oot,,eligible_days,243.0,243.0,True
5,RUB->KGS,random,oot,,signal_count,68.0,68.0,True
5,RUB->KGS,random,oot,,target_positives,70.0,70.0,True
5,RUB->KGS,random,oot,,signal_hit_rate,0.3382352941176471,0.3382352941176471,True
5,RUB->KGS,random,oot,,random_hit_rate,0.2880658436213992,0.2880658436213992,True
5,RUB->KGS,random,oot,,freq_matched_hit_rate,0.283235294117647,0.283235294117647,True
5,RUB->KGS,random,oot,,lift,1.1741596638655465,1.1741596638655465,True
5,RUB->KGS,random,oot,,lift_freq_matched,1.1941848390446523,1.1941848390446523,True
5,RUB->KGS,random,oot,,bps_forward,25.234330211554827,25.234330211554827,True
5,RUB->KGS,random,oot,,signals_per_week,1.329608938547486,1.329608938547486,True
5,RUB->KGS,random,oot,,cluster_share,0.3529411764705882,0.3529411764705882,True
5,RUB->KGS,random,wf_oos,,eligible_days,656.0,656.0,True
5,RUB->KGS,random,wf_oos,,signal_count,219.0,219.0,True
5,RUB->KGS,random,wf_oos,,target_positives,215.0,215.0,True
5,RUB->KGS,random,wf_oos,,signal_hit_rate,0.3744292237442922,0.3744292237442922,True
5,RUB->KGS,random,wf_oos,,random_hit_rate,0.3277439024390244,0.3277439024390244,True
5,RUB->KGS,random,wf_oos,,freq_matched_hit_rate,0.3261187214611872,0.3261187214611872,True
5,RUB->KGS,random,wf_oos,,lift,1.1424445152383986,1.1424445152383986,True
5,RUB->KGS,random,wf_oos,,lift_freq_matched,1.148137776533184,1.148137776533184,True
5,RUB->KGS,random,wf_oos,,bps_forward,22.283564653392197,22.283564653392197,True
5,RUB->KGS,random,wf_oos,,signals_per_week,1.5919003115264796,1.5919003115264796,True
5,RUB->KGS,random,wf_oos,,cluster_share,0.2831050228310502,0.2831050228310502,True
5,RUB->KGS,random,y2022,,eligible_days,247.0,247.0,True
5,RUB->KGS,random,y2022,,signal_count,73.0,73.0,True
5,RUB->KGS,random,y2022,,target_positives,65.0,65.0,True
5,RUB->KGS,random,y2022,,signal_hit_rate,0.1917808219178082,0.1917808219178082,True
5,RUB->KGS,random,y2022,,random_hit_rate,0.2631578947368421,0.2631578947368421,True
5,RUB->KGS,random,y2022,,freq_matched_hit_rate,0.2630136986301369,0.2630136986301369,True
5,RUB->KGS,random,y2022,,lift,0.7287671232876712,0.7287671232876712,True
5,RUB->KGS,random,y2022,,lift_freq_matched,0.7291666666666667,0.7291666666666667,True
5,RUB->KGS,random,y2022,,bps_forward,-78.82572049088675,-78.82572049088675,True
5,RUB->KGS,random,y2022,,signals_per_week,1.4435028248587571,1.4435028248587571,True
5,RUB->KGS,random,y2022,,cluster_share,0.3150684931506849,0.3150684931506849,True
5,RUB->KGS,reversal,oot,,eligible_days,243.0,243.0,True
5,RUB->KGS,reversal,oot,,signal_count,11.0,11.0,True
5,RUB->KGS,reversal,oot,,target_positives,70.0,70.0,True
5,RUB->KGS,reversal,oot,,signal_hit_rate,0.0909090909090909,0.0909090909090909,True
5,RUB->KGS,reversal,oot,,random_hit_rate,0.2880658436213992,0.2880658436213992,True
5,RUB->KGS,reversal,oot,,freq_matched_hit_rate,0.32,0.32,True
5,RUB->KGS,reversal,oot,,lift,0.3155844155844156,0.3155844155844156,True
5,RUB->KGS,reversal,oot,,lift_freq_matched,0.2840909090909091,0.2840909090909091,True
5,RUB->KGS,reversal,oot,,bps_forward,-7.094521201500104,-7.094521201500104,True
5,RUB->KGS,reversal,oot,,signals_per_week,0.2150837988826815,0.2150837988826815,True
5,RUB->KGS,reversal,oot,,cluster_share,0.0,0.0,True
5,RUB->KGS,reversal,wf_oos,,eligible_days,656.0,656.0,True
5,RUB->KGS,reversal,wf_oos,,signal_count,30.0,30.0,True
5,RUB->KGS,reversal,wf_oos,,target_positives,215.0,215.0,True
5,RUB->KGS,reversal,wf_oos,,signal_hit_rate,0.1666666666666666,0.1666666666666666,True
5,RUB->KGS,reversal,wf_oos,,random_hit_rate,0.3277439024390244,0.3277439024390244,True
5,RUB->KGS,reversal,wf_oos,,freq_matched_hit_rate,0.3413333333333333,0.3413333333333333,True
5,RUB->KGS,reversal,wf_oos,,lift,0.5085271317829457,0.5085271317829457,True
5,RUB->KGS,reversal,wf_oos,,lift_freq_matched,0.48828125,0.48828125,True
5,RUB->KGS,reversal,wf_oos,,bps_forward,0.6771619121988658,0.6771619121988658,True
5,RUB->KGS,reversal,wf_oos,,signals_per_week,0.2180685358255451,0.2180685358255451,True
5,RUB->KGS,reversal,wf_oos,,cluster_share,0.0,0.0,True
5,RUB->KGS,reversal,y2022,,eligible_days,247.0,247.0,True
5,RUB->KGS,reversal,y2022,,signal_count,12.0,12.0,True
5,RUB->KGS,reversal,y2022,,target_positives,65.0,65.0,True
5,RUB->KGS,reversal,y2022,,signal_hit_rate,0.3333333333333333,0.3333333333333333,True
5,RUB->KGS,reversal,y2022,,random_hit_rate,0.2631578947368421,0.2631578947368421,True
5,RUB->KGS,reversal,y2022,,freq_matched_hit_rate,0.2533333333333333,0.2533333333333333,True
5,RUB->KGS,reversal,y2022,,lift,1.2666666666666666,1.2666666666666666,True
5,RUB->KGS,reversal,y2022,,lift_freq_matched,1.3157894736842104,1.3157894736842104,True
5,RUB->KGS,reversal,y2022,,bps_forward,70.7558055179425,70.7558055179425,True
5,RUB->KGS,reversal,y2022,,signals_per_week,0.2372881355932203,0.2372881355932203,True
5,RUB->KGS,reversal,y2022,,cluster_share,0.0,0.0,True
5,RUB->KGS,seasonality,oot,,eligible_days,243.0,243.0,True
5,RUB->KGS,seasonality,oot,,signal_count,36.0,36.0,True
5,RUB->KGS,seasonality,oot,,target_positives,70.0,70.0,True
5,RUB->KGS,seasonality,oot,,signal_hit_rate,0.3055555555555556,0.3055555555555556,True
5,RUB->KGS,seasonality,oot,,random_hit_rate,0.2880658436213992,0.2880658436213992,True
5,RUB->KGS,seasonality,oot,,freq_matched_hit_rate,0.2788888888888888,0.2788888888888888,True
5,RUB->KGS,seasonality,oot,,lift,1.0607142857142855,1.0607142857142855,True
5,RUB->KGS,seasonality,oot,,lift_freq_matched,1.0956175298804782,1.0956175298804782,True
5,RUB->KGS,seasonality,oot,,bps_forward,29.20199251041838,29.20199251041838,True
5,RUB->KGS,seasonality,oot,,signals_per_week,0.7039106145251396,0.7039106145251396,True
5,RUB->KGS,seasonality,oot,,cluster_share,0.8333333333333334,0.8333333333333334,True
5,RUB->KGS,seasonality,wf_oos,,eligible_days,656.0,656.0,True
5,RUB->KGS,seasonality,wf_oos,,signal_count,157.0,157.0,True
5,RUB->KGS,seasonality,wf_oos,,target_positives,215.0,215.0,True
5,RUB->KGS,seasonality,wf_oos,,signal_hit_rate,0.2993630573248407,0.2993630573248407,True
5,RUB->KGS,seasonality,wf_oos,,random_hit_rate,0.3277439024390244,0.3277439024390244,True
5,RUB->KGS,seasonality,wf_oos,,freq_matched_hit_rate,0.3205095541401274,0.3205095541401274,True
5,RUB->KGS,seasonality,wf_oos,,lift,0.913405421419049,0.913405421419049,True
5,RUB->KGS,seasonality,wf_oos,,lift_freq_matched,0.9340222575516692,0.9340222575516692,True
5,RUB->KGS,seasonality,wf_oos,,bps_forward,4.369703999028867,4.369703999028867,True
5,RUB->KGS,seasonality,wf_oos,,signals_per_week,1.1412253374870196,1.1412253374870196,True
5,RUB->KGS,seasonality,wf_oos,,cluster_share,0.8407643312101911,0.8407643312101911,True
5,RUB->KGS,seasonality,y2022,,eligible_days,247.0,247.0,True
5,RUB->KGS,seasonality,y2022,,signal_count,53.0,53.0,True
5,RUB->KGS,seasonality,y2022,,target_positives,65.0,65.0,True
5,RUB->KGS,seasonality,y2022,,signal_hit_rate,0.2075471698113207,0.2075471698113207,True
5,RUB->KGS,seasonality,y2022,,random_hit_rate,0.2631578947368421,0.2631578947368421,True
5,RUB->KGS,seasonality,y2022,,freq_matched_hit_rate,0.269811320754717,0.269811320754717,True
5,RUB->KGS,seasonality,y2022,,lift,0.7886792452830189,0.7886792452830189,True
5,RUB->KGS,seasonality,y2022,,lift_freq_matched,0.7692307692307693,0.7692307692307693,True
5,RUB->KGS,seasonality,y2022,,bps_forward,29.823580192518047,29.823580192518047,True
5,RUB->KGS,seasonality,y2022,,signals_per_week,1.0480225988700564,1.0480225988700564,True
5,RUB->KGS,seasonality,y2022,,cluster_share,0.8301886792452831,0.8301886792452831,True
5,RUB->KZT,catboost,oot,"A,B",eligible_days,243.0,243.0,True
5,RUB->KZT,catboost,oot,"A,B",signal_count,29.0,29.0,True
5,RUB->KZT,catboost,oot,"A,B",target_positives,80.0,80.0,True
5,RUB->KZT,catboost,oot,"A,B",signal_hit_rate,0.2413793103448276,0.2413793103448276,True
5,RUB->KZT,catboost,oot,"A,B",random_hit_rate,0.3292181069958848,0.3292181069958848,True
5,RUB->KZT,catboost,oot,"A,B",freq_matched_hit_rate,0.3524137931034481,0.3524137931034481,True
5,RUB->KZT,catboost,oot,"A,B",lift,0.7331896551724139,0.7331896551724139,True
5,RUB->KZT,catboost,oot,"A,B",lift_freq_matched,0.6849315068493153,0.6849315068493153,True
5,RUB->KZT,catboost,oot,"A,B",bps_forward,55.54094694627839,55.54094694627839,True
5,RUB->KZT,catboost,oot,"A,B",signals_per_week,0.5670391061452513,0.5670391061452513,True
5,RUB->KZT,catboost,oot,"A,B",cluster_share,0.4827586206896552,0.4827586206896552,True
5,RUB->KZT,catboost,oot,"A,B,C,D",eligible_days,243.0,243.0,True
5,RUB->KZT,catboost,oot,"A,B,C,D",signal_count,3.0,3.0,True
5,RUB->KZT,catboost,oot,"A,B,C,D",target_positives,80.0,80.0,True
5,RUB->KZT,catboost,oot,"A,B,C,D",signal_hit_rate,0.3333333333333333,0.3333333333333333,True
5,RUB->KZT,catboost,oot,"A,B,C,D",random_hit_rate,0.3292181069958848,0.3292181069958848,True
5,RUB->KZT,catboost,oot,"A,B,C,D",freq_matched_hit_rate,0.3666666666666666,0.3666666666666666,True
5,RUB->KZT,catboost,oot,"A,B,C,D",lift,1.0125,1.0125,True
5,RUB->KZT,catboost,oot,"A,B,C,D",lift_freq_matched,0.9090909090909092,0.9090909090909092,True
5,RUB->KZT,catboost,oot,"A,B,C,D",bps_forward,274.92813944846074,274.92813944846074,True
5,RUB->KZT,catboost,oot,"A,B,C,D",signals_per_week,0.0586592178770949,0.0586592178770949,True
5,RUB->KZT,catboost,oot,"A,B,C,D",cluster_share,0.0,0.0,True
5,RUB->KZT,catboost,wf_oos,"A,B",eligible_days,656.0,656.0,True
5,RUB->KZT,catboost,wf_oos,"A,B",signal_count,141.0,141.0,True
5,RUB->KZT,catboost,wf_oos,"A,B",target_positives,183.0,183.0,True
5,RUB->KZT,catboost,wf_oos,"A,B",signal_hit_rate,0.2836879432624113,0.2836879432624113,True
5,RUB->KZT,catboost,wf_oos,"A,B",random_hit_rate,0.2789634146341463,0.2789634146341463,True
5,RUB->KZT,catboost,wf_oos,"A,B",freq_matched_hit_rate,0.2784397163120568,0.2784397163120568,True
5,RUB->KZT,catboost,wf_oos,"A,B",lift,1.016936015192032,1.016936015192032,True
5,RUB->KZT,catboost,wf_oos,"A,B",lift_freq_matched,1.018848700967906,1.018848700967906,True
5,RUB->KZT,catboost,wf_oos,"A,B",bps_forward,11.2482632852218,11.2482632852218,True
5,RUB->KZT,catboost,wf_oos,"A,B",signals_per_week,1.0249221183800623,1.0249221183800623,True
5,RUB->KZT,catboost,wf_oos,"A,B",cluster_share,0.7872340425531915,0.7872340425531915,True
5,RUB->KZT,catboost,wf_oos,"A,B,C,D",eligible_days,656.0,656.0,True
5,RUB->KZT,catboost,wf_oos,"A,B,C,D",signal_count,69.0,69.0,True
5,RUB->KZT,catboost,wf_oos,"A,B,C,D",target_positives,183.0,183.0,True
5,RUB->KZT,catboost,wf_oos,"A,B,C,D",signal_hit_rate,0.217391304347826,0.217391304347826,True
5,RUB->KZT,catboost,wf_oos,"A,B,C,D",random_hit_rate,0.2789634146341463,0.2789634146341463,True
5,RUB->KZT,catboost,wf_oos,"A,B,C,D",freq_matched_hit_rate,0.2846376811594203,0.2846376811594203,True
5,RUB->KZT,catboost,wf_oos,"A,B,C,D",lift,0.7792824899025896,0.7792824899025896,True
5,RUB->KZT,catboost,wf_oos,"A,B,C,D",lift_freq_matched,0.7637474541751528,0.7637474541751528,True
5,RUB->KZT,catboost,wf_oos,"A,B,C,D",bps_forward,-12.697864843995706,-12.697864843995706,True
5,RUB->KZT,catboost,wf_oos,"A,B,C,D",signals_per_week,0.5015576323987538,0.5015576323987538,True
5,RUB->KZT,catboost,wf_oos,"A,B,C,D",cluster_share,0.5362318840579711,0.5362318840579711,True
5,RUB->KZT,catboost,y2022,"A,B",eligible_days,247.0,247.0,True
5,RUB->KZT,catboost,y2022,"A,B",signal_count,38.0,38.0,True
5,RUB->KZT,catboost,y2022,"A,B",target_positives,64.0,64.0,True
5,RUB->KZT,catboost,y2022,"A,B",signal_hit_rate,0.2631578947368421,0.2631578947368421,True
5,RUB->KZT,catboost,y2022,"A,B",random_hit_rate,0.2591093117408907,0.2591093117408907,True
5,RUB->KZT,catboost,y2022,"A,B",freq_matched_hit_rate,0.2573684210526316,0.2573684210526316,True
5,RUB->KZT,catboost,y2022,"A,B",lift,1.015625,1.015625,True
5,RUB->KZT,catboost,y2022,"A,B",lift_freq_matched,1.0224948875255624,1.0224948875255624,True
5,RUB->KZT,catboost,y2022,"A,B",bps_forward,-16.855601748549887,-16.855601748549887,True
5,RUB->KZT,catboost,y2022,"A,B",signals_per_week,0.7514124293785311,0.7514124293785311,True
5,RUB->KZT,catboost,y2022,"A,B",cluster_share,0.6052631578947368,0.6052631578947368,True
5,RUB->KZT,catboost,y2022,"A,B,C,D",eligible_days,247.0,247.0,True
5,RUB->KZT,catboost,y2022,"A,B,C,D",signal_count,0.0,0.0,True
5,RUB->KZT,catboost,y2022,"A,B,C,D",target_positives,64.0,64.0,True
5,RUB->KZT,catboost,y2022,"A,B,C,D",signal_hit_rate,,,True
5,RUB->KZT,catboost,y2022,"A,B,C,D",random_hit_rate,0.2591093117408907,0.2591093117408907,True
5,RUB->KZT,catboost,y2022,"A,B,C,D",freq_matched_hit_rate,,,True
5,RUB->KZT,catboost,y2022,"A,B,C,D",lift,,,True
5,RUB->KZT,catboost,y2022,"A,B,C,D",lift_freq_matched,,,True
5,RUB->KZT,catboost,y2022,"A,B,C,D",bps_forward,,,True
5,RUB->KZT,catboost,y2022,"A,B,C,D",signals_per_week,0.0,0.0,True
5,RUB->KZT,catboost,y2022,"A,B,C,D",cluster_share,,,True
5,RUB->KZT,level,oot,,eligible_days,243.0,243.0,True
5,RUB->KZT,level,oot,,signal_count,19.0,19.0,True
5,RUB->KZT,level,oot,,target_positives,80.0,80.0,True
5,RUB->KZT,level,oot,,signal_hit_rate,0.3684210526315789,0.3684210526315789,True
5,RUB->KZT,level,oot,,random_hit_rate,0.3292181069958848,0.3292181069958848,True
5,RUB->KZT,level,oot,,freq_matched_hit_rate,0.3157894736842105,0.3157894736842105,True
5,RUB->KZT,level,oot,,lift,1.119078947368421,1.119078947368421,True
5,RUB->KZT,level,oot,,lift_freq_matched,1.1666666666666667,1.1666666666666667,True
5,RUB->KZT,level,oot,,bps_forward,75.97455021835039,75.97455021835039,True
5,RUB->KZT,level,oot,,signals_per_week,0.3715083798882681,0.3715083798882681,True
5,RUB->KZT,level,oot,,cluster_share,0.7368421052631579,0.7368421052631579,True
5,RUB->KZT,level,wf_oos,,eligible_days,656.0,656.0,True
5,RUB->KZT,level,wf_oos,,signal_count,181.0,181.0,True
5,RUB->KZT,level,wf_oos,,target_positives,183.0,183.0,True
5,RUB->KZT,level,wf_oos,,signal_hit_rate,0.1988950276243093,0.1988950276243093,True
5,RUB->KZT,level,wf_oos,,random_hit_rate,0.2789634146341463,0.2789634146341463,True
5,RUB->KZT,level,wf_oos,,freq_matched_hit_rate,0.2775690607734806,0.2775690607734806,True
5,RUB->KZT,level,wf_oos,,lift,0.7129788968390544,0.7129788968390544,True
5,RUB->KZT,level,wf_oos,,lift_freq_matched,0.7165605095541402,0.7165605095541402,True
5,RUB->KZT,level,wf_oos,,bps_forward,-29.54926645038189,-29.54926645038189,True
5,RUB->KZT,level,wf_oos,,signals_per_week,1.3156801661474558,1.3156801661474558,True
5,RUB->KZT,level,wf_oos,,cluster_share,0.8895027624309392,0.8895027624309392,True
5,RUB->KZT,level,y2022,,eligible_days,247.0,247.0,True
5,RUB->KZT,level,y2022,,signal_count,51.0,51.0,True
5,RUB->KZT,level,y2022,,target_positives,64.0,64.0,True
5,RUB->KZT,level,y2022,,signal_hit_rate,0.196078431372549,0.196078431372549,True
5,RUB->KZT,level,y2022,,random_hit_rate,0.2591093117408907,0.2591093117408907,True
5,RUB->KZT,level,y2022,,freq_matched_hit_rate,0.2556862745098039,0.2556862745098039,True
5,RUB->KZT,level,y2022,,lift,0.7567401960784313,0.7567401960784313,True
5,RUB->KZT,level,y2022,,lift_freq_matched,0.7668711656441718,0.7668711656441718,True
5,RUB->KZT,level,y2022,,bps_forward,-19.74644077494876,-19.74644077494876,True
5,RUB->KZT,level,y2022,,signals_per_week,1.0084745762711864,1.0084745762711864,True
5,RUB->KZT,level,y2022,,cluster_share,0.8823529411764706,0.8823529411764706,True
5,RUB->KZT,logreg,oot,A,eligible_days,243.0,243.0,True
5,RUB->KZT,logreg,oot,A,signal_count,5.0,5.0,True
5,RUB->KZT,logreg,oot,A,target_positives,80.0,80.0,True
5,RUB->KZT,logreg,oot,A,signal_hit_rate,0.4,0.4,True
5,RUB->KZT,logreg,oot,A,random_hit_rate,0.3292181069958848,0.3292181069958848,True
5,RUB->KZT,logreg,oot,A,freq_matched_hit_rate,0.308,0.308,True
5,RUB->KZT,logreg,oot,A,lift,1.215,1.215,True
5,RUB->KZT,logreg,oot,A,lift_freq_matched,1.2987012987012987,1.2987012987012987,True
5,RUB->KZT,logreg,oot,A,bps_forward,27.059746692115407,27.059746692115407,True
5,RUB->KZT,logreg,oot,A,signals_per_week,0.0977653631284916,0.0977653631284916,True
5,RUB->KZT,logreg,oot,A,cluster_share,0.0,0.0,True
5,RUB->KZT,logreg,oot,"A,B",eligible_days,243.0,243.0,True
5,RUB->KZT,logreg,oot,"A,B",signal_count,0.0,0.0,True
5,RUB->KZT,logreg,oot,"A,B",target_positives,80.0,80.0,True
5,RUB->KZT,logreg,oot,"A,B",signal_hit_rate,,,True
5,RUB->KZT,logreg,oot,"A,B",random_hit_rate,0.3292181069958848,0.3292181069958848,True
5,RUB->KZT,logreg,oot,"A,B",freq_matched_hit_rate,,,True
5,RUB->KZT,logreg,oot,"A,B",lift,,,True
5,RUB->KZT,logreg,oot,"A,B",lift_freq_matched,,,True
5,RUB->KZT,logreg,oot,"A,B",bps_forward,,,True
5,RUB->KZT,logreg,oot,"A,B",signals_per_week,0.0,0.0,True
5,RUB->KZT,logreg,oot,"A,B",cluster_share,,,True
5,RUB->KZT,logreg,oot,"A,B,C",eligible_days,243.0,243.0,True
5,RUB->KZT,logreg,oot,"A,B,C",signal_count,10.0,10.0,True
5,RUB->KZT,logreg,oot,"A,B,C",target_positives,80.0,80.0,True
5,RUB->KZT,logreg,oot,"A,B,C",signal_hit_rate,0.3,0.3,True
5,RUB->KZT,logreg,oot,"A,B,C",random_hit_rate,0.3292181069958848,0.3292181069958848,True
5,RUB->KZT,logreg,oot,"A,B,C",freq_matched_hit_rate,0.3299999999999999,0.3299999999999999,True
5,RUB->KZT,logreg,oot,"A,B,C",lift,0.91125,0.91125,True
5,RUB->KZT,logreg,oot,"A,B,C",lift_freq_matched,0.9090909090909092,0.9090909090909092,True
5,RUB->KZT,logreg,oot,"A,B,C",bps_forward,108.56253632610796,108.56253632610796,True
5,RUB->KZT,logreg,oot,"A,B,C",signals_per_week,0.1955307262569832,0.1955307262569832,True
5,RUB->KZT,logreg,oot,"A,B,C",cluster_share,0.2,0.2,True
5,RUB->KZT,logreg,oot,"A,B,C,D",eligible_days,243.0,243.0,True
5,RUB->KZT,logreg,oot,"A,B,C,D",signal_count,0.0,0.0,True
5,RUB->KZT,logreg,oot,"A,B,C,D",target_positives,80.0,80.0,True
5,RUB->KZT,logreg,oot,"A,B,C,D",signal_hit_rate,,,True
5,RUB->KZT,logreg,oot,"A,B,C,D",random_hit_rate,0.3292181069958848,0.3292181069958848,True
5,RUB->KZT,logreg,oot,"A,B,C,D",freq_matched_hit_rate,,,True
5,RUB->KZT,logreg,oot,"A,B,C,D",lift,,,True
5,RUB->KZT,logreg,oot,"A,B,C,D",lift_freq_matched,,,True
5,RUB->KZT,logreg,oot,"A,B,C,D",bps_forward,,,True
5,RUB->KZT,logreg,oot,"A,B,C,D",signals_per_week,0.0,0.0,True
5,RUB->KZT,logreg,oot,"A,B,C,D",cluster_share,,,True
5,RUB->KZT,logreg,wf_oos,A,eligible_days,656.0,656.0,True
5,RUB->KZT,logreg,wf_oos,A,signal_count,69.0,69.0,True
5,RUB->KZT,logreg,wf_oos,A,target_positives,183.0,183.0,True
5,RUB->KZT,logreg,wf_oos,A,signal_hit_rate,0.1884057971014492,0.1884057971014492,True
5,RUB->KZT,logreg,wf_oos,A,random_hit_rate,0.2789634146341463,0.2789634146341463,True
5,RUB->KZT,logreg,wf_oos,A,freq_matched_hit_rate,0.2814492753623188,0.2814492753623188,True
5,RUB->KZT,logreg,wf_oos,A,lift,0.6753781579155776,0.6753781579155776,True
5,RUB->KZT,logreg,wf_oos,A,lift_freq_matched,0.6694129763130793,0.6694129763130793,True
5,RUB->KZT,logreg,wf_oos,A,bps_forward,-12.702687761482062,-12.702687761482062,True
5,RUB->KZT,logreg,wf_oos,A,signals_per_week,0.5015576323987538,0.5015576323987538,True
5,RUB->KZT,logreg,wf_oos,A,cluster_share,0.5362318840579711,0.5362318840579711,True
5,RUB->KZT,logreg,wf_oos,"A,B",eligible_days,656.0,656.0,True
5,RUB->KZT,logreg,wf_oos,"A,B",signal_count,30.0,30.0,True
5,RUB->KZT,logreg,wf_oos,"A,B",target_positives,183.0,183.0,True
5,RUB->KZT,logreg,wf_oos,"A,B",signal_hit_rate,0.1333333333333333,0.1333333333333333,True
5,RUB->KZT,logreg,wf_oos,"A,B",random_hit_rate,0.2789634146341463,0.2789634146341463,True
5,RUB->KZT,logreg,wf_oos,"A,B",freq_matched_hit_rate,0.284,0.284,True
5,RUB->KZT,logreg,wf_oos,"A,B",lift,0.477959927140255,0.477959927140255,True
5,RUB->KZT,logreg,wf_oos,"A,B",lift_freq_matched,0.4694835680751173,0.4694835680751173,True
5,RUB->KZT,logreg,wf_oos,"A,B",bps_forward,1.229836306003087,1.229836306003087,True
5,RUB->KZT,logreg,wf_oos,"A,B",signals_per_week,0.2180685358255451,0.2180685358255451,True
5,RUB->KZT,logreg,wf_oos,"A,B",cluster_share,0.4,0.4,True
5,RUB->KZT,logreg,wf_oos,"A,B,C",eligible_days,656.0,656.0,True
5,RUB->KZT,logreg,wf_oos,"A,B,C",signal_count,0.0,0.0,True
5,RUB->KZT,logreg,wf_oos,"A,B,C",target_positives,183.0,183.0,True
5,RUB->KZT,logreg,wf_oos,"A,B,C",signal_hit_rate,,,True
5,RUB->KZT,logreg,wf_oos,"A,B,C",random_hit_rate,0.2789634146341463,0.2789634146341463,True
5,RUB->KZT,logreg,wf_oos,"A,B,C",freq_matched_hit_rate,,,True
5,RUB->KZT,logreg,wf_oos,"A,B,C",lift,,,True
5,RUB->KZT,logreg,wf_oos,"A,B,C",lift_freq_matched,,,True
5,RUB->KZT,logreg,wf_oos,"A,B,C",bps_forward,,,True
5,RUB->KZT,logreg,wf_oos,"A,B,C",signals_per_week,0.0,0.0,True
5,RUB->KZT,logreg,wf_oos,"A,B,C",cluster_share,,,True
5,RUB->KZT,logreg,wf_oos,"A,B,C,D",eligible_days,656.0,656.0,True
5,RUB->KZT,logreg,wf_oos,"A,B,C,D",signal_count,174.0,174.0,True
5,RUB->KZT,logreg,wf_oos,"A,B,C,D",target_positives,183.0,183.0,True
5,RUB->KZT,logreg,wf_oos,"A,B,C,D",signal_hit_rate,0.2586206896551724,0.2586206896551724,True
5,RUB->KZT,logreg,wf_oos,"A,B,C,D",random_hit_rate,0.2789634146341463,0.2789634146341463,True
5,RUB->KZT,logreg,wf_oos,"A,B,C,D",freq_matched_hit_rate,0.2751724137931034,0.2751724137931034,True
5,RUB->KZT,logreg,wf_oos,"A,B,C,D",lift,0.9270774448841153,0.9270774448841153,True
5,RUB->KZT,logreg,wf_oos,"A,B,C,D",lift_freq_matched,0.9398496240601504,0.9398496240601504,True
5,RUB->KZT,logreg,wf_oos,"A,B,C,D",bps_forward,8.54960958784386,8.54960958784386,True
5,RUB->KZT,logreg,wf_oos,"A,B,C,D",signals_per_week,1.264797507788162,1.264797507788162,True
5,RUB->KZT,logreg,wf_oos,"A,B,C,D",cluster_share,0.7758620689655172,0.7758620689655172,True
5,RUB->KZT,logreg,y2022,A,eligible_days,247.0,247.0,True
5,RUB->KZT,logreg,y2022,A,signal_count,0.0,0.0,True
5,RUB->KZT,logreg,y2022,A,target_positives,64.0,64.0,True
5,RUB->KZT,logreg,y2022,A,signal_hit_rate,,,True
5,RUB->KZT,logreg,y2022,A,random_hit_rate,0.2591093117408907,0.2591093117408907,True
5,RUB->KZT,logreg,y2022,A,freq_matched_hit_rate,,,True
5,RUB->KZT,logreg,y2022,A,lift,,,True
5,RUB->KZT,logreg,y2022,A,lift_freq_matched,,,True
5,RUB->KZT,logreg,y2022,A,bps_forward,,,True
5,RUB->KZT,logreg,y2022,A,signals_per_week,0.0,0.0,True
5,RUB->KZT,logreg,y2022,A,cluster_share,,,True
5,RUB->KZT,logreg,y2022,"A,B",eligible_days,247.0,247.0,True
5,RUB->KZT,logreg,y2022,"A,B",signal_count,11.0,11.0,True
5,RUB->KZT,logreg,y2022,"A,B",target_positives,64.0,64.0,True
5,RUB->KZT,logreg,y2022,"A,B",signal_hit_rate,0.0909090909090909,0.0909090909090909,True
5,RUB->KZT,logreg,y2022,"A,B",random_hit_rate,0.2591093117408907,0.2591093117408907,True
5,RUB->KZT,logreg,y2022,"A,B",freq_matched_hit_rate,0.2454545454545455,0.2454545454545455,True
5,RUB->KZT,logreg,y2022,"A,B",lift,0.3508522727272727,0.3508522727272727,True
5,RUB->KZT,logreg,y2022,"A,B",lift_freq_matched,0.3703703703703703,0.3703703703703703,True
5,RUB->KZT,logreg,y2022,"A,B",bps_forward,-129.84610181612615,-129.84610181612615,True
5,RUB->KZT,logreg,y2022,"A,B",signals_per_week,0.2175141242937853,0.2175141242937853,True
5,RUB->KZT,logreg,y2022,"A,B",cluster_share,0.6363636363636364,0.6363636363636364,True
5,RUB->KZT,logreg,y2022,"A,B,C",eligible_days,247.0,247.0,True
5,RUB->KZT,logreg,y2022,"A,B,C",signal_count,1.0,1.0,True
5,RUB->KZT,logreg,y2022,"A,B,C",target_positives,64.0,64.0,True
5,RUB->KZT,logreg,y2022,"A,B,C",signal_hit_rate,1.0,1.0,True
5,RUB->KZT,logreg,y2022,"A,B,C",random_hit_rate,0.2591093117408907,0.2591093117408907,True
5,RUB->KZT,logreg,y2022,"A,B,C",freq_matched_hit_rate,0.16,0.16,True
5,RUB->KZT,logreg,y2022,"A,B,C",lift,3.859375,3.859375,True
5,RUB->KZT,logreg,y2022,"A,B,C",lift_freq_matched,6.25,6.25,True
5,RUB->KZT,logreg,y2022,"A,B,C",bps_forward,1107.8912408112667,1107.8912408112667,True
5,RUB->KZT,logreg,y2022,"A,B,C",signals_per_week,0.019774011299435,0.019774011299435,True
5,RUB->KZT,logreg,y2022,"A,B,C",cluster_share,0.0,0.0,True
5,RUB->KZT,logreg,y2022,"A,B,C,D",eligible_days,247.0,247.0,True
5,RUB->KZT,logreg,y2022,"A,B,C,D",signal_count,24.0,24.0,True
5,RUB->KZT,logreg,y2022,"A,B,C,D",target_positives,64.0,64.0,True
5,RUB->KZT,logreg,y2022,"A,B,C,D",signal_hit_rate,0.2083333333333333,0.2083333333333333,True
5,RUB->KZT,logreg,y2022,"A,B,C,D",random_hit_rate,0.2591093117408907,0.2591093117408907,True
5,RUB->KZT,logreg,y2022,"A,B,C,D",freq_matched_hit_rate,0.2841666666666666,0.2841666666666666,True
5,RUB->KZT,logreg,y2022,"A,B,C,D",lift,0.8040364583333334,0.8040364583333334,True
5,RUB->KZT,logreg,y2022,"A,B,C,D",lift_freq_matched,0.7331378299120236,0.7331378299120236,True
5,RUB->KZT,logreg,y2022,"A,B,C,D",bps_forward,-63.1766817210142,-63.1766817210142,True
5,RUB->KZT,logreg,y2022,"A,B,C,D",signals_per_week,0.4745762711864407,0.4745762711864407,True
5,RUB->KZT,logreg,y2022,"A,B,C,D",cluster_share,0.5416666666666666,0.5416666666666666,True
5,RUB->KZT,momentum,oot,,eligible_days,243.0,243.0,True
5,RUB->KZT,momentum,oot,,signal_count,27.0,27.0,True
5,RUB->KZT,momentum,oot,,target_positives,80.0,80.0,True
5,RUB->KZT,momentum,oot,,signal_hit_rate,0.2962962962962963,0.2962962962962963,True
5,RUB->KZT,momentum,oot,,random_hit_rate,0.3292181069958848,0.3292181069958848,True
5,RUB->KZT,momentum,oot,,freq_matched_hit_rate,0.3103703703703703,0.3103703703703703,True
5,RUB->KZT,momentum,oot,,lift,0.8999999999999999,0.8999999999999999,True
5,RUB->KZT,momentum,oot,,lift_freq_matched,0.954653937947494,0.954653937947494,True
5,RUB->KZT,momentum,oot,,bps_forward,-16.169982365035303,-16.169982365035303,True
5,RUB->KZT,momentum,oot,,signals_per_week,0.5279329608938547,0.5279329608938547,True
5,RUB->KZT,momentum,oot,,cluster_share,0.5555555555555556,0.5555555555555556,True
5,RUB->KZT,momentum,wf_oos,,eligible_days,656.0,656.0,True
5,RUB->KZT,momentum,wf_oos,,signal_count,84.0,84.0,True
5,RUB->KZT,momentum,wf_oos,,target_positives,183.0,183.0,True
5,RUB->KZT,momentum,wf_oos,,signal_hit_rate,0.2738095238095238,0.2738095238095238,True
5,RUB->KZT,momentum,wf_oos,,random_hit_rate,0.2789634146341463,0.2789634146341463,True
5,RUB->KZT,momentum,wf_oos,,freq_matched_hit_rate,0.2778571428571428,0.2778571428571428,True
5,RUB->KZT,momentum,wf_oos,,lift,0.9815248503773094,0.9815248503773094,True
5,RUB->KZT,momentum,wf_oos,,lift_freq_matched,0.985432733504713,0.985432733504713,True
5,RUB->KZT,momentum,wf_oos,,bps_forward,10.873751412506149,10.873751412506149,True
5,RUB->KZT,momentum,wf_oos,,signals_per_week,0.6105919003115264,0.6105919003115264,True
5,RUB->KZT,momentum,wf_oos,,cluster_share,0.4523809523809524,0.4523809523809524,True
5,RUB->KZT,momentum,y2022,,eligible_days,247.0,247.0,True
5,RUB->KZT,momentum,y2022,,signal_count,45.0,45.0,True
5,RUB->KZT,momentum,y2022,,target_positives,64.0,64.0,True
5,RUB->KZT,momentum,y2022,,signal_hit_rate,0.1111111111111111,0.1111111111111111,True
5,RUB->KZT,momentum,y2022,,random_hit_rate,0.2591093117408907,0.2591093117408907,True
5,RUB->KZT,momentum,y2022,,freq_matched_hit_rate,0.2688888888888889,0.2688888888888889,True
5,RUB->KZT,momentum,y2022,,lift,0.4288194444444444,0.4288194444444444,True
5,RUB->KZT,momentum,y2022,,lift_freq_matched,0.4132231404958677,0.4132231404958677,True
5,RUB->KZT,momentum,y2022,,bps_forward,-196.09201039787084,-196.09201039787084,True
5,RUB->KZT,momentum,y2022,,signals_per_week,0.8898305084745763,0.8898305084745763,True
5,RUB->KZT,momentum,y2022,,cluster_share,0.6666666666666666,0.6666666666666666,True
5,RUB->KZT,random,oot,,eligible_days,243.0,243.0,True
5,RUB->KZT,random,oot,,signal_count,87.0,87.0,True
5,RUB->KZT,random,oot,,target_positives,80.0,80.0,True
5,RUB->KZT,random,oot,,signal_hit_rate,0.2528735632183908,0.2528735632183908,True
5,RUB->KZT,random,oot,,random_hit_rate,0.3292181069958848,0.3292181069958848,True
5,RUB->KZT,random,oot,,freq_matched_hit_rate,0.3349425287356321,0.3349425287356321,True
5,RUB->KZT,random,oot,,lift,0.7681034482758622,0.7681034482758622,True
5,RUB->KZT,random,oot,,lift_freq_matched,0.7549759780370626,0.7549759780370626,True
5,RUB->KZT,random,oot,,bps_forward,5.336900405711549,5.336900405711549,True
5,RUB->KZT,random,oot,,signals_per_week,1.701117318435754,1.701117318435754,True
5,RUB->KZT,random,oot,,cluster_share,0.3218390804597701,0.3218390804597701,True
5,RUB->KZT,random,wf_oos,,eligible_days,656.0,656.0,True
5,RUB->KZT,random,wf_oos,,signal_count,200.0,200.0,True
5,RUB->KZT,random,wf_oos,,target_positives,183.0,183.0,True
5,RUB->KZT,random,wf_oos,,signal_hit_rate,0.295,0.295,True
5,RUB->KZT,random,wf_oos,,random_hit_rate,0.2789634146341463,0.2789634146341463,True
5,RUB->KZT,random,wf_oos,,freq_matched_hit_rate,0.2818,0.2818,True
5,RUB->KZT,random,wf_oos,,lift,1.057486338797814,1.057486338797814,True
5,RUB->KZT,random,wf_oos,,lift_freq_matched,1.0468417317246272,1.0468417317246272,True
5,RUB->KZT,random,wf_oos,,bps_forward,-12.709888292663909,-12.709888292663909,True
5,RUB->KZT,random,wf_oos,,signals_per_week,1.4537902388369677,1.4537902388369677,True
5,RUB->KZT,random,wf_oos,,cluster_share,0.3,0.3,True
5,RUB->KZT,random,y2022,,eligible_days,247.0,247.0,True
5,RUB->KZT,random,y2022,,signal_count,86.0,86.0,True
5,RUB->KZT,random,y2022,,target_positives,64.0,64.0,True
5,RUB->KZT,random,y2022,,signal_hit_rate,0.3255813953488372,0.3255813953488372,True
5,RUB->KZT,random,y2022,,random_hit_rate,0.2591093117408907,0.2591093117408907,True
5,RUB->KZT,random,y2022,,freq_matched_hit_rate,0.2632558139534884,0.2632558139534884,True
5,RUB->KZT,random,y2022,,lift,1.256540697674419,1.256540697674419,True
5,RUB->KZT,random,y2022,,lift_freq_matched,1.2367491166077738,1.2367491166077738,True
5,RUB->KZT,random,y2022,,bps_forward,23.12722036443219,23.12722036443219,True
5,RUB->KZT,random,y2022,,signals_per_week,1.7005649717514124,1.7005649717514124,True
5,RUB->KZT,random,y2022,,cluster_share,0.3953488372093023,0.3953488372093023,True
5,RUB->KZT,reversal,oot,,eligible_days,243.0,243.0,True
5,RUB->KZT,reversal,oot,,signal_count,9.0,9.0,True
5,RUB->KZT,reversal,oot,,target_positives,80.0,80.0,True
5,RUB->KZT,reversal,oot,,signal_hit_rate,0.4444444444444444,0.4444444444444444,True
5,RUB->KZT,reversal,oot,,random_hit_rate,0.3292181069958848,0.3292181069958848,True
5,RUB->KZT,reversal,oot,,freq_matched_hit_rate,0.2977777777777778,0.2977777777777778,True
5,RUB->KZT,reversal,oot,,lift,1.35,1.35,True
5,RUB->KZT,reversal,oot,,lift_freq_matched,1.4925373134328357,1.4925373134328357,True
5,RUB->KZT,reversal,oot,,bps_forward,53.76636831600192,53.76636831600192,True
5,RUB->KZT,reversal,oot,,signals_per_week,0.1759776536312849,0.1759776536312849,True
5,RUB->KZT,reversal,oot,,cluster_share,0.0,0.0,True
5,RUB->KZT,reversal,wf_oos,,eligible_days,656.0,656.0,True
5,RUB->KZT,reversal,wf_oos,,signal_count,33.0,33.0,True
5,RUB->KZT,reversal,wf_oos,,target_positives,183.0,183.0,True
5,RUB->KZT,reversal,wf_oos,,signal_hit_rate,0.2727272727272727,0.2727272727272727,True
5,RUB->KZT,reversal,wf_oos,,random_hit_rate,0.2789634146341463,0.2789634146341463,True
5,RUB->KZT,reversal,wf_oos,,freq_matched_hit_rate,0.2763636363636363,0.2763636363636363,True
5,RUB->KZT,reversal,wf_oos,,lift,0.9776453055141578,0.9776453055141578,True
5,RUB->KZT,reversal,wf_oos,,lift_freq_matched,0.986842105263158,0.986842105263158,True
5,RUB->KZT,reversal,wf_oos,,bps_forward,14.868328943610363,14.868328943610363,True
5,RUB->KZT,reversal,wf_oos,,signals_per_week,0.2398753894080996,0.2398753894080996,True
5,RUB->KZT,reversal,wf_oos,,cluster_share,0.0,0.0,True
5,RUB->KZT,reversal,y2022,,eligible_days,247.0,247.0,True
5,RUB->KZT,reversal,y2022,,signal_count,13.0,13.0,True
5,RUB->KZT,reversal,y2022,,target_positives,64.0,64.0,True
5,RUB->KZT,reversal,y2022,,signal_hit_rate,0.3076923076923077,0.3076923076923077,True
5,RUB->KZT,reversal,y2022,,random_hit_rate,0.2591093117408907,0.2591093117408907,True
5,RUB->KZT,reversal,y2022,,freq_matched_hit_rate,0.2846153846153846,0.2846153846153846,True
5,RUB->KZT,reversal,y2022,,lift,1.1875,1.1875,True
5,RUB->KZT,reversal,y2022,,lift_freq_matched,1.081081081081081,1.081081081081081,True
5,RUB->KZT,reversal,y2022,,bps_forward,126.6819313719242,126.6819313719242,True
5,RUB->KZT,reversal,y2022,,signals_per_week,0.2570621468926554,0.2570621468926554,True
5,RUB->KZT,reversal,y2022,,cluster_share,0.0,0.0,True
5,RUB->KZT,seasonality,oot,,eligible_days,243.0,243.0,True
5,RUB->KZT,seasonality,oot,,signal_count,52.0,52.0,True
5,RUB->KZT,seasonality,oot,,target_positives,80.0,80.0,True
5,RUB->KZT,seasonality,oot,,signal_hit_rate,0.25,0.25,True
5,RUB->KZT,seasonality,oot,,random_hit_rate,0.3292181069958848,0.3292181069958848,True
5,RUB->KZT,seasonality,oot,,freq_matched_hit_rate,0.3315384615384614,0.3315384615384614,True
5,RUB->KZT,seasonality,oot,,lift,0.759375,0.759375,True
5,RUB->KZT,seasonality,oot,,lift_freq_matched,0.7540603248259863,0.7540603248259863,True
5,RUB->KZT,seasonality,oot,,bps_forward,8.181871721932678,8.181871721932678,True
5,RUB->KZT,seasonality,oot,,signals_per_week,1.0167597765363128,1.0167597765363128,True
5,RUB->KZT,seasonality,oot,,cluster_share,0.8461538461538461,0.8461538461538461,True
5,RUB->KZT,seasonality,wf_oos,,eligible_days,656.0,656.0,True
5,RUB->KZT,seasonality,wf_oos,,signal_count,155.0,155.0,True
5,RUB->KZT,seasonality,wf_oos,,target_positives,183.0,183.0,True
5,RUB->KZT,seasonality,wf_oos,,signal_hit_rate,0.232258064516129,0.232258064516129,True
5,RUB->KZT,seasonality,wf_oos,,random_hit_rate,0.2789634146341463,0.2789634146341463,True
5,RUB->KZT,seasonality,wf_oos,,freq_matched_hit_rate,0.2740645161290322,0.2740645161290322,True
5,RUB->KZT,seasonality,wf_oos,,lift,0.8325753569539925,0.8325753569539925,True
5,RUB->KZT,seasonality,wf_oos,,lift_freq_matched,0.8474576271186443,0.8474576271186443,True
5,RUB->KZT,seasonality,wf_oos,,bps_forward,-10.584570148424724,-10.584570148424724,True
5,RUB->KZT,seasonality,wf_oos,,signals_per_week,1.12668743509865,1.12668743509865,True
5,RUB->KZT,seasonality,wf_oos,,cluster_share,0.8516129032258064,0.8516129032258064,True
5,RUB->KZT,seasonality,y2022,,eligible_days,247.0,247.0,True
5,RUB->KZT,seasonality,y2022,,signal_count,53.0,53.0,True
5,RUB->KZT,seasonality,y2022,,target_positives,64.0,64.0,True
5,RUB->KZT,seasonality,y2022,,signal_hit_rate,0.320754716981132,0.320754716981132,True
5,RUB->KZT,seasonality,y2022,,random_hit_rate,0.2591093117408907,0.2591093117408907,True
5,RUB->KZT,seasonality,y2022,,freq_matched_hit_rate,0.2513207547169811,0.2513207547169811,True
5,RUB->KZT,seasonality,y2022,,lift,1.2379127358490565,1.2379127358490565,True
5,RUB->KZT,seasonality,y2022,,lift_freq_matched,1.2762762762762765,1.2762762762762765,True
5,RUB->KZT,seasonality,y2022,,bps_forward,104.36757309985236,104.36757309985236,True
5,RUB->KZT,seasonality,y2022,,signals_per_week,1.0480225988700564,1.0480225988700564,True
5,RUB->KZT,seasonality,y2022,,cluster_share,0.8490566037735849,0.8490566037735849,True
5,RUB->TJS,catboost,oot,"A,B",eligible_days,243.0,243.0,True
5,RUB->TJS,catboost,oot,"A,B",signal_count,28.0,28.0,True
5,RUB->TJS,catboost,oot,"A,B",target_positives,73.0,73.0,True
5,RUB->TJS,catboost,oot,"A,B",signal_hit_rate,0.5714285714285714,0.5714285714285714,True
5,RUB->TJS,catboost,oot,"A,B",random_hit_rate,0.3004115226337449,0.3004115226337449,True
5,RUB->TJS,catboost,oot,"A,B",freq_matched_hit_rate,0.3142857142857143,0.3142857142857143,True
5,RUB->TJS,catboost,oot,"A,B",lift,1.902152641878669,1.902152641878669,True
5,RUB->TJS,catboost,oot,"A,B",lift_freq_matched,1.818181818181818,1.818181818181818,True
5,RUB->TJS,catboost,oot,"A,B",bps_forward,102.09353441796296,102.09353441796296,True
5,RUB->TJS,catboost,oot,"A,B",signals_per_week,0.547486033519553,0.547486033519553,True
5,RUB->TJS,catboost,oot,"A,B",cluster_share,0.7142857142857143,0.7142857142857143,True
5,RUB->TJS,catboost,oot,"A,B,C,D",eligible_days,243.0,243.0,True
5,RUB->TJS,catboost,oot,"A,B,C,D",signal_count,4.0,4.0,True
5,RUB->TJS,catboost,oot,"A,B,C,D",target_positives,73.0,73.0,True
5,RUB->TJS,catboost,oot,"A,B,C,D",signal_hit_rate,0.5,0.5,True
5,RUB->TJS,catboost,oot,"A,B,C,D",random_hit_rate,0.3004115226337449,0.3004115226337449,True
5,RUB->TJS,catboost,oot,"A,B,C,D",freq_matched_hit_rate,0.295,0.295,True
5,RUB->TJS,catboost,oot,"A,B,C,D",lift,1.6643835616438356,1.6643835616438356,True
5,RUB->TJS,catboost,oot,"A,B,C,D",lift_freq_matched,1.6949152542372885,1.6949152542372885,True
5,RUB->TJS,catboost,oot,"A,B,C,D",bps_forward,199.6506702692022,199.6506702692022,True
5,RUB->TJS,catboost,oot,"A,B,C,D",signals_per_week,0.0782122905027933,0.0782122905027933,True
5,RUB->TJS,catboost,oot,"A,B,C,D",cluster_share,0.5,0.5,True
5,RUB->TJS,catboost,wf_oos,"A,B",eligible_days,656.0,656.0,True
5,RUB->TJS,catboost,wf_oos,"A,B",signal_count,123.0,123.0,True
5,RUB->TJS,catboost,wf_oos,"A,B",target_positives,230.0,230.0,True
5,RUB->TJS,catboost,wf_oos,"A,B",signal_hit_rate,0.2764227642276423,0.2764227642276423,True
5,RUB->TJS,catboost,wf_oos,"A,B",random_hit_rate,0.3506097560975609,0.3506097560975609,True
5,RUB->TJS,catboost,wf_oos,"A,B",freq_matched_hit_rate,0.3541463414634146,0.3541463414634146,True
5,RUB->TJS,catboost,wf_oos,"A,B",lift,0.7884057971014493,0.7884057971014493,True
5,RUB->TJS,catboost,wf_oos,"A,B",lift_freq_matched,0.7805325987144169,0.7805325987144169,True
5,RUB->TJS,catboost,wf_oos,"A,B",bps_forward,4.223169348727045,4.223169348727045,True
5,RUB->TJS,catboost,wf_oos,"A,B",signals_per_week,0.8940809968847351,0.8940809968847351,True
5,RUB->TJS,catboost,wf_oos,"A,B",cluster_share,0.7642276422764228,0.7642276422764228,True
5,RUB->TJS,catboost,wf_oos,"A,B,C,D",eligible_days,656.0,656.0,True
5,RUB->TJS,catboost,wf_oos,"A,B,C,D",signal_count,59.0,59.0,True
5,RUB->TJS,catboost,wf_oos,"A,B,C,D",target_positives,230.0,230.0,True
5,RUB->TJS,catboost,wf_oos,"A,B,C,D",signal_hit_rate,0.288135593220339,0.288135593220339,True
5,RUB->TJS,catboost,wf_oos,"A,B,C,D",random_hit_rate,0.3506097560975609,0.3506097560975609,True
5,RUB->TJS,catboost,wf_oos,"A,B,C,D",freq_matched_hit_rate,0.3586440677966102,0.3586440677966102,True
5,RUB->TJS,catboost,wf_oos,"A,B,C,D",lift,0.8218128224023582,0.8218128224023582,True
5,RUB->TJS,catboost,wf_oos,"A,B,C,D",lift_freq_matched,0.8034026465028354,0.8034026465028354,True
5,RUB->TJS,catboost,wf_oos,"A,B,C,D",bps_forward,22.2422832206126,22.2422832206126,True
5,RUB->TJS,catboost,wf_oos,"A,B,C,D",signals_per_week,0.4288681204569055,0.4288681204569055,True
5,RUB->TJS,catboost,wf_oos,"A,B,C,D",cluster_share,0.5254237288135594,0.5254237288135594,True
5,RUB->TJS,catboost,y2022,"A,B",eligible_days,247.0,247.0,True
5,RUB->TJS,catboost,y2022,"A,B",signal_count,39.0,39.0,True
5,RUB->TJS,catboost,y2022,"A,B",target_positives,77.0,77.0,True
5,RUB->TJS,catboost,y2022,"A,B",signal_hit_rate,0.1538461538461538,0.1538461538461538,True
5,RUB->TJS,catboost,y2022,"A,B",random_hit_rate,0.3117408906882591,0.3117408906882591,True
5,RUB->TJS,catboost,y2022,"A,B",freq_matched_hit_rate,0.3066666666666666,0.3066666666666666,True
5,RUB->TJS,catboost,y2022,"A,B",lift,0.4935064935064935,0.4935064935064935,True
5,RUB->TJS,catboost,y2022,"A,B",lift_freq_matched,0.5016722408026757,0.5016722408026757,True
5,RUB->TJS,catboost,y2022,"A,B",bps_forward,-143.00610187421145,-143.00610187421145,True
5,RUB->TJS,catboost,y2022,"A,B",signals_per_week,0.7711864406779662,0.7711864406779662,True
5,RUB->TJS,catboost,y2022,"A,B",cluster_share,0.5128205128205128,0.5128205128205128,True
5,RUB->TJS,catboost,y2022,"A,B,C,D",eligible_days,247.0,247.0,True
5,RUB->TJS,catboost,y2022,"A,B,C,D",signal_count,0.0,0.0,True
5,RUB->TJS,catboost,y2022,"A,B,C,D",target_positives,77.0,77.0,True
5,RUB->TJS,catboost,y2022,"A,B,C,D",signal_hit_rate,,,True
5,RUB->TJS,catboost,y2022,"A,B,C,D",random_hit_rate,0.3117408906882591,0.3117408906882591,True
5,RUB->TJS,catboost,y2022,"A,B,C,D",freq_matched_hit_rate,,,True
5,RUB->TJS,catboost,y2022,"A,B,C,D",lift,,,True
5,RUB->TJS,catboost,y2022,"A,B,C,D",lift_freq_matched,,,True
5,RUB->TJS,catboost,y2022,"A,B,C,D",bps_forward,,,True
5,RUB->TJS,catboost,y2022,"A,B,C,D",signals_per_week,0.0,0.0,True
5,RUB->TJS,catboost,y2022,"A,B,C,D",cluster_share,,,True
5,RUB->TJS,level,oot,,eligible_days,243.0,243.0,True
5,RUB->TJS,level,oot,,signal_count,70.0,70.0,True
5,RUB->TJS,level,oot,,target_positives,73.0,73.0,True
5,RUB->TJS,level,oot,,signal_hit_rate,0.2571428571428571,0.2571428571428571,True
5,RUB->TJS,level,oot,,random_hit_rate,0.3004115226337449,0.3004115226337449,True
5,RUB->TJS,level,oot,,freq_matched_hit_rate,0.2994285714285714,0.2994285714285714,True
5,RUB->TJS,level,oot,,lift,0.855968688845401,0.855968688845401,True
5,RUB->TJS,level,oot,,lift_freq_matched,0.8587786259541984,0.8587786259541984,True
5,RUB->TJS,level,oot,,bps_forward,7.215962819665678,7.215962819665678,True
5,RUB->TJS,level,oot,,signals_per_week,1.3687150837988826,1.3687150837988826,True
5,RUB->TJS,level,oot,,cluster_share,0.8857142857142857,0.8857142857142857,True
5,RUB->TJS,level,wf_oos,,eligible_days,656.0,656.0,True
5,RUB->TJS,level,wf_oos,,signal_count,85.0,85.0,True
5,RUB->TJS,level,wf_oos,,target_positives,230.0,230.0,True
5,RUB->TJS,level,wf_oos,,signal_hit_rate,0.2823529411764706,0.2823529411764706,True
5,RUB->TJS,level,wf_oos,,random_hit_rate,0.3506097560975609,0.3506097560975609,True
5,RUB->TJS,level,wf_oos,,freq_matched_hit_rate,0.3416470588235293,0.3416470588235293,True
5,RUB->TJS,level,wf_oos,,lift,0.8053196930946291,0.8053196930946291,True
5,RUB->TJS,level,wf_oos,,lift_freq_matched,0.8264462809917357,0.8264462809917357,True
5,RUB->TJS,level,wf_oos,,bps_forward,-1.0745106987390582,-1.0745106987390582,True
5,RUB->TJS,level,wf_oos,,signals_per_week,0.6178608515057112,0.6178608515057112,True
5,RUB->TJS,level,wf_oos,,cluster_share,0.8823529411764706,0.8823529411764706,True
5,RUB->TJS,level,y2022,,eligible_days,247.0,247.0,True
5,RUB->TJS,level,y2022,,signal_count,39.0,39.0,True
5,RUB->TJS,level,y2022,,target_positives,77.0,77.0,True
5,RUB->TJS,level,y2022,,signal_hit_rate,0.2051282051282051,0.2051282051282051,True
5,RUB->TJS,level,y2022,,random_hit_rate,0.3117408906882591,0.3117408906882591,True
5,RUB->TJS,level,y2022,,freq_matched_hit_rate,0.3117948717948718,0.3117948717948718,True
5,RUB->TJS,level,y2022,,lift,0.6580086580086579,0.6580086580086579,True
5,RUB->TJS,level,y2022,,lift_freq_matched,0.6578947368421052,0.6578947368421052,True
5,RUB->TJS,level,y2022,,bps_forward,4.134126583582703,4.134126583582703,True
5,RUB->TJS,level,y2022,,signals_per_week,0.7711864406779662,0.7711864406779662,True
5,RUB->TJS,level,y2022,,cluster_share,0.8974358974358975,0.8974358974358975,True
5,RUB->TJS,logreg,oot,A,eligible_days,243.0,243.0,True
5,RUB->TJS,logreg,oot,A,signal_count,46.0,46.0,True
5,RUB->TJS,logreg,oot,A,target_positives,73.0,73.0,True
5,RUB->TJS,logreg,oot,A,signal_hit_rate,0.5,0.5,True
5,RUB->TJS,logreg,oot,A,random_hit_rate,0.3004115226337449,0.3004115226337449,True
5,RUB->TJS,logreg,oot,A,freq_matched_hit_rate,0.3017391304347826,0.3017391304347826,True
5,RUB->TJS,logreg,oot,A,lift,1.6643835616438356,1.6643835616438356,True
5,RUB->TJS,logreg,oot,A,lift_freq_matched,1.6570605187319885,1.6570605187319885,True
5,RUB->TJS,logreg,oot,A,bps_forward,78.47507740268932,78.47507740268932,True
5,RUB->TJS,logreg,oot,A,signals_per_week,0.8994413407821229,0.8994413407821229,True
5,RUB->TJS,logreg,oot,A,cluster_share,0.6086956521739131,0.6086956521739131,True
5,RUB->TJS,logreg,oot,"A,B",eligible_days,243.0,243.0,True
5,RUB->TJS,logreg,oot,"A,B",signal_count,0.0,0.0,True
5,RUB->TJS,logreg,oot,"A,B",target_positives,73.0,73.0,True
5,RUB->TJS,logreg,oot,"A,B",signal_hit_rate,,,True
5,RUB->TJS,logreg,oot,"A,B",random_hit_rate,0.3004115226337449,0.3004115226337449,True
5,RUB->TJS,logreg,oot,"A,B",freq_matched_hit_rate,,,True
5,RUB->TJS,logreg,oot,"A,B",lift,,,True
5,RUB->TJS,logreg,oot,"A,B",lift_freq_matched,,,True
5,RUB->TJS,logreg,oot,"A,B",bps_forward,,,True
5,RUB->TJS,logreg,oot,"A,B",signals_per_week,0.0,0.0,True
5,RUB->TJS,logreg,oot,"A,B",cluster_share,,,True
5,RUB->TJS,logreg,oot,"A,B,C",eligible_days,243.0,243.0,True
5,RUB->TJS,logreg,oot,"A,B,C",signal_count,35.0,35.0,True
5,RUB->TJS,logreg,oot,"A,B,C",target_positives,73.0,73.0,True
5,RUB->TJS,logreg,oot,"A,B,C",signal_hit_rate,0.3714285714285714,0.3714285714285714,True
5,RUB->TJS,logreg,oot,"A,B,C",random_hit_rate,0.3004115226337449,0.3004115226337449,True
5,RUB->TJS,logreg,oot,"A,B,C",freq_matched_hit_rate,0.3137142857142857,0.3137142857142857,True
5,RUB->TJS,logreg,oot,"A,B,C",lift,1.2363992172211349,1.2363992172211349,True
5,RUB->TJS,logreg,oot,"A,B,C",lift_freq_matched,1.1839708561020037,1.1839708561020037,True
5,RUB->TJS,logreg,oot,"A,B,C",bps_forward,60.31010311417606,60.31010311417606,True
5,RUB->TJS,logreg,oot,"A,B,C",signals_per_week,0.6843575418994413,0.6843575418994413,True
5,RUB->TJS,logreg,oot,"A,B,C",cluster_share,0.5428571428571428,0.5428571428571428,True
5,RUB->TJS,logreg,oot,"A,B,C,D",eligible_days,243.0,243.0,True
5,RUB->TJS,logreg,oot,"A,B,C,D",signal_count,0.0,0.0,True
5,RUB->TJS,logreg,oot,"A,B,C,D",target_positives,73.0,73.0,True
5,RUB->TJS,logreg,oot,"A,B,C,D",signal_hit_rate,,,True
5,RUB->TJS,logreg,oot,"A,B,C,D",random_hit_rate,0.3004115226337449,0.3004115226337449,True
5,RUB->TJS,logreg,oot,"A,B,C,D",freq_matched_hit_rate,,,True
5,RUB->TJS,logreg,oot,"A,B,C,D",lift,,,True
5,RUB->TJS,logreg,oot,"A,B,C,D",lift_freq_matched,,,True
5,RUB->TJS,logreg,oot,"A,B,C,D",bps_forward,,,True
5,RUB->TJS,logreg,oot,"A,B,C,D",signals_per_week,0.0,0.0,True
5,RUB->TJS,logreg,oot,"A,B,C,D",cluster_share,,,True
5,RUB->TJS,logreg,wf_oos,A,eligible_days,656.0,656.0,True
5,RUB->TJS,logreg,wf_oos,A,signal_count,95.0,95.0,True
5,RUB->TJS,logreg,wf_oos,A,target_positives,230.0,230.0,True
5,RUB->TJS,logreg,wf_oos,A,signal_hit_rate,0.3578947368421052,0.3578947368421052,True
5,RUB->TJS,logreg,wf_oos,A,random_hit_rate,0.3506097560975609,0.3506097560975609,True
5,RUB->TJS,logreg,wf_oos,A,freq_matched_hit_rate,0.3667368421052632,0.3667368421052632,True
5,RUB->TJS,logreg,wf_oos,A,lift,1.020778032036613,1.020778032036613,True
5,RUB->TJS,logreg,wf_oos,A,lift_freq_matched,0.9758897818599308,0.9758897818599308,True
5,RUB->TJS,logreg,wf_oos,A,bps_forward,20.20504110902303,20.20504110902303,True
5,RUB->TJS,logreg,wf_oos,A,signals_per_week,0.6905503634475596,0.6905503634475596,True
5,RUB->TJS,logreg,wf_oos,A,cluster_share,0.5578947368421052,0.5578947368421052,True
5,RUB->TJS,logreg,wf_oos,"A,B",eligible_days,656.0,656.0,True
5,RUB->TJS,logreg,wf_oos,"A,B",signal_count,47.0,47.0,True
5,RUB->TJS,logreg,wf_oos,"A,B",target_positives,230.0,230.0,True
5,RUB->TJS,logreg,wf_oos,"A,B",signal_hit_rate,0.425531914893617,0.425531914893617,True
5,RUB->TJS,logreg,wf_oos,"A,B",random_hit_rate,0.3506097560975609,0.3506097560975609,True
5,RUB->TJS,logreg,wf_oos,"A,B",freq_matched_hit_rate,0.3417021276595744,0.3417021276595744,True
5,RUB->TJS,logreg,wf_oos,"A,B",lift,1.213691026827012,1.213691026827012,True
5,RUB->TJS,logreg,wf_oos,"A,B",lift_freq_matched,1.2453300124533002,1.2453300124533002,True
5,RUB->TJS,logreg,wf_oos,"A,B",bps_forward,36.448374110669775,36.448374110669775,True
5,RUB->TJS,logreg,wf_oos,"A,B",signals_per_week,0.3416407061266874,0.3416407061266874,True
5,RUB->TJS,logreg,wf_oos,"A,B",cluster_share,0.574468085106383,0.574468085106383,True
5,RUB->TJS,logreg,wf_oos,"A,B,C",eligible_days,656.0,656.0,True
5,RUB->TJS,logreg,wf_oos,"A,B,C",signal_count,3.0,3.0,True
5,RUB->TJS,logreg,wf_oos,"A,B,C",target_positives,230.0,230.0,True
5,RUB->TJS,logreg,wf_oos,"A,B,C",signal_hit_rate,0.6666666666666666,0.6666666666666666,True
5,RUB->TJS,logreg,wf_oos,"A,B,C",random_hit_rate,0.3506097560975609,0.3506097560975609,True
5,RUB->TJS,logreg,wf_oos,"A,B,C",freq_matched_hit_rate,0.3533333333333333,0.3533333333333333,True
5,RUB->TJS,logreg,wf_oos,"A,B,C",lift,1.901449275362319,1.901449275362319,True
5,RUB->TJS,logreg,wf_oos,"A,B,C",lift_freq_matched,1.886792452830189,1.886792452830189,True
5,RUB->TJS,logreg,wf_oos,"A,B,C",bps_forward,105.0665481042434,105.0665481042434,True
5,RUB->TJS,logreg,wf_oos,"A,B,C",signals_per_week,0.0218068535825545,0.0218068535825545,True
5,RUB->TJS,logreg,wf_oos,"A,B,C",cluster_share,0.0,0.0,True
5,RUB->TJS,logreg,wf_oos,"A,B,C,D",eligible_days,656.0,656.0,True
5,RUB->TJS,logreg,wf_oos,"A,B,C,D",signal_count,178.0,178.0,True
5,RUB->TJS,logreg,wf_oos,"A,B,C,D",target_positives,230.0,230.0,True
5,RUB->TJS,logreg,wf_oos,"A,B,C,D",signal_hit_rate,0.3033707865168539,0.3033707865168539,True
5,RUB->TJS,logreg,wf_oos,"A,B,C,D",random_hit_rate,0.3506097560975609,0.3506097560975609,True
5,RUB->TJS,logreg,wf_oos,"A,B,C,D",freq_matched_hit_rate,0.343820224719101,0.343820224719101,True
5,RUB->TJS,logreg,wf_oos,"A,B,C,D",lift,0.8652662432828531,0.8652662432828531,True
5,RUB->TJS,logreg,wf_oos,"A,B,C,D",lift_freq_matched,0.8823529411764708,0.8823529411764708,True
5,RUB->TJS,logreg,wf_oos,"A,B,C,D",bps_forward,16.400334571845555,16.400334571845555,True
5,RUB->TJS,logreg,wf_oos,"A,B,C,D",signals_per_week,1.2938733125649011,1.2938733125649011,True
5,RUB->TJS,logreg,wf_oos,"A,B,C,D",cluster_share,0.7528089887640449,0.7528089887640449,True
5,RUB->TJS,logreg,y2022,A,eligible_days,247.0,247.0,True
5,RUB->TJS,logreg,y2022,A,signal_count,2.0,2.0,True
5,RUB->TJS,logreg,y2022,A,target_positives,77.0,77.0,True
5,RUB->TJS,logreg,y2022,A,signal_hit_rate,0.0,0.0,True
5,RUB->TJS,logreg,y2022,A,random_hit_rate,0.3117408906882591,0.3117408906882591,True
5,RUB->TJS,logreg,y2022,A,freq_matched_hit_rate,0.3,0.3,True
5,RUB->TJS,logreg,y2022,A,lift,0.0,0.0,True
5,RUB->TJS,logreg,y2022,A,lift_freq_matched,0.0,0.0,True
5,RUB->TJS,logreg,y2022,A,bps_forward,-418.3477574464264,-418.3477574464264,True
5,RUB->TJS,logreg,y2022,A,signals_per_week,0.03954802259887,0.03954802259887,True
5,RUB->TJS,logreg,y2022,A,cluster_share,0.0,0.0,True
5,RUB->TJS,logreg,y2022,"A,B",eligible_days,247.0,247.0,True
5,RUB->TJS,logreg,y2022,"A,B",signal_count,10.0,10.0,True
5,RUB->TJS,logreg,y2022,"A,B",target_positives,77.0,77.0,True
5,RUB->TJS,logreg,y2022,"A,B",signal_hit_rate,0.2,0.2,True
5,RUB->TJS,logreg,y2022,"A,B",random_hit_rate,0.3117408906882591,0.3117408906882591,True
5,RUB->TJS,logreg,y2022,"A,B",freq_matched_hit_rate,0.318,0.318,True
5,RUB->TJS,logreg,y2022,"A,B",lift,0.6415584415584416,0.6415584415584416,True
5,RUB->TJS,logreg,y2022,"A,B",lift_freq_matched,0.6289308176100629,0.6289308176100629,True
5,RUB->TJS,logreg,y2022,"A,B",bps_forward,-16.562004782644838,-16.562004782644838,True
5,RUB->TJS,logreg,y2022,"A,B",signals_per_week,0.1977401129943503,0.1977401129943503,True
5,RUB->TJS,logreg,y2022,"A,B",cluster_share,0.0,0.0,True
5,RUB->TJS,logreg,y2022,"A,B,C",eligible_days,247.0,247.0,True
5,RUB->TJS,logreg,y2022,"A,B,C",signal_count,5.0,5.0,True
5,RUB->TJS,logreg,y2022,"A,B,C",target_positives,77.0,77.0,True
5,RUB->TJS,logreg,y2022,"A,B,C",signal_hit_rate,0.2,0.2,True
5,RUB->TJS,logreg,y2022,"A,B,C",random_hit_rate,0.3117408906882591,0.3117408906882591,True
5,RUB->TJS,logreg,y2022,"A,B,C",freq_matched_hit_rate,0.28,0.28,True
5,RUB->TJS,logreg,y2022,"A,B,C",lift,0.6415584415584416,0.6415584415584416,True
5,RUB->TJS,logreg,y2022,"A,B,C",lift_freq_matched,0.7142857142857143,0.7142857142857143,True
5,RUB->TJS,logreg,y2022,"A,B,C",bps_forward,29.73490719943555,29.73490719943555,True
5,RUB->TJS,logreg,y2022,"A,B,C",signals_per_week,0.0988700564971751,0.0988700564971751,True
5,RUB->TJS,logreg,y2022,"A,B,C",cluster_share,0.4,0.4,True
5,RUB->TJS,logreg,y2022,"A,B,C,D",eligible_days,247.0,247.0,True
5,RUB->TJS,logreg,y2022,"A,B,C,D",signal_count,32.0,32.0,True
5,RUB->TJS,logreg,y2022,"A,B,C,D",target_positives,77.0,77.0,True
5,RUB->TJS,logreg,y2022,"A,B,C,D",signal_hit_rate,0.28125,0.28125,True
5,RUB->TJS,logreg,y2022,"A,B,C,D",random_hit_rate,0.3117408906882591,0.3117408906882591,True
5,RUB->TJS,logreg,y2022,"A,B,C,D",freq_matched_hit_rate,0.318125,0.318125,True
5,RUB->TJS,logreg,y2022,"A,B,C,D",lift,0.9021915584415584,0.9021915584415584,True
5,RUB->TJS,logreg,y2022,"A,B,C,D",lift_freq_matched,0.8840864440078585,0.8840864440078585,True
5,RUB->TJS,logreg,y2022,"A,B,C,D",bps_forward,62.86197502653761,62.86197502653761,True
5,RUB->TJS,logreg,y2022,"A,B,C,D",signals_per_week,0.632768361581921,0.632768361581921,True
5,RUB->TJS,logreg,y2022,"A,B,C,D",cluster_share,0.65625,0.65625,True
5,RUB->TJS,momentum,oot,,eligible_days,243.0,243.0,True
5,RUB->TJS,momentum,oot,,signal_count,41.0,41.0,True
5,RUB->TJS,momentum,oot,,target_positives,73.0,73.0,True
5,RUB->TJS,momentum,oot,,signal_hit_rate,0.2195121951219512,0.2195121951219512,True
5,RUB->TJS,momentum,oot,,random_hit_rate,0.3004115226337449,0.3004115226337449,True
5,RUB->TJS,momentum,oot,,freq_matched_hit_rate,0.3063414634146341,0.3063414634146341,True
5,RUB->TJS,momentum,oot,,lift,0.7307049782826595,0.7307049782826595,True
5,RUB->TJS,momentum,oot,,lift_freq_matched,0.7165605095541402,0.7165605095541402,True
5,RUB->TJS,momentum,oot,,bps_forward,-26.711425997186986,-26.711425997186986,True
5,RUB->TJS,momentum,oot,,signals_per_week,0.8016759776536312,0.8016759776536312,True
5,RUB->TJS,momentum,oot,,cluster_share,0.5609756097560976,0.5609756097560976,True
5,RUB->TJS,momentum,wf_oos,,eligible_days,656.0,656.0,True
5,RUB->TJS,momentum,wf_oos,,signal_count,82.0,82.0,True
5,RUB->TJS,momentum,wf_oos,,target_positives,230.0,230.0,True
5,RUB->TJS,momentum,wf_oos,,signal_hit_rate,0.2439024390243902,0.2439024390243902,True
5,RUB->TJS,momentum,wf_oos,,random_hit_rate,0.3506097560975609,0.3506097560975609,True
5,RUB->TJS,momentum,wf_oos,,freq_matched_hit_rate,0.355609756097561,0.355609756097561,True
5,RUB->TJS,momentum,wf_oos,,lift,0.6956521739130435,0.6956521739130435,True
5,RUB->TJS,momentum,wf_oos,,lift_freq_matched,0.6858710562414265,0.6858710562414265,True
5,RUB->TJS,momentum,wf_oos,,bps_forward,-9.001942466924852,-9.001942466924852,True
5,RUB->TJS,momentum,wf_oos,,signals_per_week,0.5960539979231567,0.5960539979231567,True
5,RUB->TJS,momentum,wf_oos,,cluster_share,0.5121951219512195,0.5121951219512195,True
5,RUB->TJS,momentum,y2022,,eligible_days,247.0,247.0,True
5,RUB->TJS,momentum,y2022,,signal_count,40.0,40.0,True
5,RUB->TJS,momentum,y2022,,target_positives,77.0,77.0,True
5,RUB->TJS,momentum,y2022,,signal_hit_rate,0.2,0.2,True
5,RUB->TJS,momentum,y2022,,random_hit_rate,0.3117408906882591,0.3117408906882591,True
5,RUB->TJS,momentum,y2022,,freq_matched_hit_rate,0.301,0.301,True
5,RUB->TJS,momentum,y2022,,lift,0.6415584415584416,0.6415584415584416,True
5,RUB->TJS,momentum,y2022,,lift_freq_matched,0.6644518272425249,0.6644518272425249,True
5,RUB->TJS,momentum,y2022,,bps_forward,-68.2264556496929,-68.2264556496929,True
5,RUB->TJS,momentum,y2022,,signals_per_week,0.7909604519774012,0.7909604519774012,True
5,RUB->TJS,momentum,y2022,,cluster_share,0.625,0.625,True
5,RUB->TJS,random,oot,,eligible_days,243.0,243.0,True
5,RUB->TJS,random,oot,,signal_count,71.0,71.0,True
5,RUB->TJS,random,oot,,target_positives,73.0,73.0,True
5,RUB->TJS,random,oot,,signal_hit_rate,0.2535211267605634,0.2535211267605634,True
5,RUB->TJS,random,oot,,random_hit_rate,0.3004115226337449,0.3004115226337449,True
5,RUB->TJS,random,oot,,freq_matched_hit_rate,0.2859154929577465,0.2859154929577465,True
5,RUB->TJS,random,oot,,lift,0.8439127918194095,0.8439127918194095,True
5,RUB->TJS,random,oot,,lift_freq_matched,0.8866995073891625,0.8866995073891625,True
5,RUB->TJS,random,oot,,bps_forward,-21.26654909505456,-21.26654909505456,True
5,RUB->TJS,random,oot,,signals_per_week,1.388268156424581,1.388268156424581,True
5,RUB->TJS,random,oot,,cluster_share,0.3380281690140845,0.3380281690140845,True
5,RUB->TJS,random,wf_oos,,eligible_days,656.0,656.0,True
5,RUB->TJS,random,wf_oos,,signal_count,187.0,187.0,True
5,RUB->TJS,random,wf_oos,,target_positives,230.0,230.0,True
5,RUB->TJS,random,wf_oos,,signal_hit_rate,0.3048128342245989,0.3048128342245989,True
5,RUB->TJS,random,wf_oos,,random_hit_rate,0.3506097560975609,0.3506097560975609,True
5,RUB->TJS,random,wf_oos,,freq_matched_hit_rate,0.352620320855615,0.352620320855615,True
5,RUB->TJS,random,wf_oos,,lift,0.8693792141362474,0.8693792141362474,True
5,RUB->TJS,random,wf_oos,,lift_freq_matched,0.8644222020018197,0.8644222020018197,True
5,RUB->TJS,random,wf_oos,,bps_forward,4.320938565023815,4.320938565023815,True
5,RUB->TJS,random,wf_oos,,signals_per_week,1.3592938733125648,1.3592938733125648,True
5,RUB->TJS,random,wf_oos,,cluster_share,0.3422459893048128,0.3422459893048128,True
5,RUB->TJS,random,y2022,,eligible_days,247.0,247.0,True
5,RUB->TJS,random,y2022,,signal_count,71.0,71.0,True
5,RUB->TJS,random,y2022,,target_positives,77.0,77.0,True
5,RUB->TJS,random,y2022,,signal_hit_rate,0.3661971830985915,0.3661971830985915,True
5,RUB->TJS,random,y2022,,random_hit_rate,0.3117408906882591,0.3117408906882591,True
5,RUB->TJS,random,y2022,,freq_matched_hit_rate,0.3028169014084507,0.3028169014084507,True
5,RUB->TJS,random,y2022,,lift,1.1746844704591184,1.1746844704591184,True
5,RUB->TJS,random,y2022,,lift_freq_matched,1.2093023255813953,1.2093023255813953,True
5,RUB->TJS,random,y2022,,bps_forward,114.6803032839306,114.6803032839306,True
5,RUB->TJS,random,y2022,,signals_per_week,1.4039548022598871,1.4039548022598871,True
5,RUB->TJS,random,y2022,,cluster_share,0.2957746478873239,0.2957746478873239,True
5,RUB->TJS,reversal,oot,,eligible_days,243.0,243.0,True
5,RUB->TJS,reversal,oot,,signal_count,12.0,12.0,True
5,RUB->TJS,reversal,oot,,target_positives,73.0,73.0,True
5,RUB->TJS,reversal,oot,,signal_hit_rate,0.1666666666666666,0.1666666666666666,True
5,RUB->TJS,reversal,oot,,random_hit_rate,0.3004115226337449,0.3004115226337449,True
5,RUB->TJS,reversal,oot,,freq_matched_hit_rate,0.2916666666666666,0.2916666666666666,True
5,RUB->TJS,reversal,oot,,lift,0.5547945205479451,0.5547945205479451,True
5,RUB->TJS,reversal,oot,,lift_freq_matched,0.5714285714285715,0.5714285714285715,True
5,RUB->TJS,reversal,oot,,bps_forward,11.455422819024028,11.455422819024028,True
5,RUB->TJS,reversal,oot,,signals_per_week,0.2346368715083798,0.2346368715083798,True
5,RUB->TJS,reversal,oot,,cluster_share,0.0,0.0,True
5,RUB->TJS,reversal,wf_oos,,eligible_days,656.0,656.0,True
5,RUB->TJS,reversal,wf_oos,,signal_count,28.0,28.0,True
5,RUB->TJS,reversal,wf_oos,,target_positives,230.0,230.0,True
5,RUB->TJS,reversal,wf_oos,,signal_hit_rate,0.3571428571428571,0.3571428571428571,True
5,RUB->TJS,reversal,wf_oos,,random_hit_rate,0.3506097560975609,0.3506097560975609,True
5,RUB->TJS,reversal,wf_oos,,freq_matched_hit_rate,0.3507142857142857,0.3507142857142857,True
5,RUB->TJS,reversal,wf_oos,,lift,1.018633540372671,1.018633540372671,True
5,RUB->TJS,reversal,wf_oos,,lift_freq_matched,1.0183299389002036,1.0183299389002036,True
5,RUB->TJS,reversal,wf_oos,,bps_forward,37.801716042686685,37.801716042686685,True
5,RUB->TJS,reversal,wf_oos,,signals_per_week,0.2035306334371754,0.2035306334371754,True
5,RUB->TJS,reversal,wf_oos,,cluster_share,0.0,0.0,True
5,RUB->TJS,reversal,y2022,,eligible_days,247.0,247.0,True
5,RUB->TJS,reversal,y2022,,signal_count,13.0,13.0,True
5,RUB->TJS,reversal,y2022,,target_positives,77.0,77.0,True
5,RUB->TJS,reversal,y2022,,signal_hit_rate,0.3846153846153846,0.3846153846153846,True
5,RUB->TJS,reversal,y2022,,random_hit_rate,0.3117408906882591,0.3117408906882591,True
5,RUB->TJS,reversal,y2022,,freq_matched_hit_rate,0.3261538461538461,0.3261538461538461,True
5,RUB->TJS,reversal,y2022,,lift,1.2337662337662338,1.2337662337662338,True
5,RUB->TJS,reversal,y2022,,lift_freq_matched,1.179245283018868,1.179245283018868,True
5,RUB->TJS,reversal,y2022,,bps_forward,26.08260817128799,26.08260817128799,True
5,RUB->TJS,reversal,y2022,,signals_per_week,0.2570621468926554,0.2570621468926554,True
5,RUB->TJS,reversal,y2022,,cluster_share,0.0,0.0,True
5,RUB->TJS,seasonality,oot,,eligible_days,243.0,243.0,True
5,RUB->TJS,seasonality,oot,,signal_count,46.0,46.0,True
5,RUB->TJS,seasonality,oot,,target_positives,73.0,73.0,True
5,RUB->TJS,seasonality,oot,,signal_hit_rate,0.5434782608695652,0.5434782608695652,True
5,RUB->TJS,seasonality,oot,,random_hit_rate,0.3004115226337449,0.3004115226337449,True
5,RUB->TJS,seasonality,oot,,freq_matched_hit_rate,0.2947826086956522,0.2947826086956522,True
5,RUB->TJS,seasonality,oot,,lift,1.809112567004169,1.809112567004169,True
5,RUB->TJS,seasonality,oot,,lift_freq_matched,1.843657817109144,1.843657817109144,True
5,RUB->TJS,seasonality,oot,,bps_forward,80.1896589603068,80.1896589603068,True
5,RUB->TJS,seasonality,oot,,signals_per_week,0.8994413407821229,0.8994413407821229,True
5,RUB->TJS,seasonality,oot,,cluster_share,0.8260869565217391,0.8260869565217391,True
5,RUB->TJS,seasonality,wf_oos,,eligible_days,656.0,656.0,True
5,RUB->TJS,seasonality,wf_oos,,signal_count,132.0,132.0,True
5,RUB->TJS,seasonality,wf_oos,,target_positives,230.0,230.0,True
5,RUB->TJS,seasonality,wf_oos,,signal_hit_rate,0.3106060606060606,0.3106060606060606,True
5,RUB->TJS,seasonality,wf_oos,,random_hit_rate,0.3506097560975609,0.3506097560975609,True
5,RUB->TJS,seasonality,wf_oos,,freq_matched_hit_rate,0.3524242424242424,0.3524242424242424,True
5,RUB->TJS,seasonality,wf_oos,,lift,0.8859025032938077,0.8859025032938077,True
5,RUB->TJS,seasonality,wf_oos,,lift_freq_matched,0.88134135855546,0.88134135855546,True
5,RUB->TJS,seasonality,wf_oos,,bps_forward,8.637129119780042,8.637129119780042,True
5,RUB->TJS,seasonality,wf_oos,,signals_per_week,0.9595015576323986,0.9595015576323986,True
5,RUB->TJS,seasonality,wf_oos,,cluster_share,0.8333333333333334,0.8333333333333334,True
5,RUB->TJS,seasonality,y2022,,eligible_days,247.0,247.0,True
5,RUB->TJS,seasonality,y2022,,signal_count,48.0,48.0,True
5,RUB->TJS,seasonality,y2022,,target_positives,77.0,77.0,True
5,RUB->TJS,seasonality,y2022,,signal_hit_rate,0.1458333333333333,0.1458333333333333,True
5,RUB->TJS,seasonality,y2022,,random_hit_rate,0.3117408906882591,0.3117408906882591,True
5,RUB->TJS,seasonality,y2022,,freq_matched_hit_rate,0.3133333333333333,0.3133333333333333,True
5,RUB->TJS,seasonality,y2022,,lift,0.4678030303030303,0.4678030303030303,True
5,RUB->TJS,seasonality,y2022,,lift_freq_matched,0.4654255319148936,0.4654255319148936,True
5,RUB->TJS,seasonality,y2022,,bps_forward,-90.67502765669435,-90.67502765669435,True
5,RUB->TJS,seasonality,y2022,,signals_per_week,0.9491525423728814,0.9491525423728814,True
5,RUB->TJS,seasonality,y2022,,cluster_share,0.8333333333333334,0.8333333333333334,True
5,RUB->UZS,catboost,oot,"A,B",eligible_days,243.0,243.0,True
5,RUB->UZS,catboost,oot,"A,B",signal_count,20.0,20.0,True
5,RUB->UZS,catboost,oot,"A,B",target_positives,83.0,83.0,True
5,RUB->UZS,catboost,oot,"A,B",signal_hit_rate,0.45,0.45,True
5,RUB->UZS,catboost,oot,"A,B",random_hit_rate,0.3415637860082304,0.3415637860082304,True
5,RUB->UZS,catboost,oot,"A,B",freq_matched_hit_rate,0.369,0.369,True
5,RUB->UZS,catboost,oot,"A,B",lift,1.3174698795180724,1.3174698795180724,True
5,RUB->UZS,catboost,oot,"A,B",lift_freq_matched,1.2195121951219512,1.2195121951219512,True
5,RUB->UZS,catboost,oot,"A,B",bps_forward,46.596352777783736,46.596352777783736,True
5,RUB->UZS,catboost,oot,"A,B",signals_per_week,0.3910614525139664,0.3910614525139664,True
5,RUB->UZS,catboost,oot,"A,B",cluster_share,0.55,0.55,True
5,RUB->UZS,catboost,oot,"A,B,C,D",eligible_days,243.0,243.0,True
5,RUB->UZS,catboost,oot,"A,B,C,D",signal_count,4.0,4.0,True
5,RUB->UZS,catboost,oot,"A,B,C,D",target_positives,83.0,83.0,True
5,RUB->UZS,catboost,oot,"A,B,C,D",signal_hit_rate,0.5,0.5,True
5,RUB->UZS,catboost,oot,"A,B,C,D",random_hit_rate,0.3415637860082304,0.3415637860082304,True
5,RUB->UZS,catboost,oot,"A,B,C,D",freq_matched_hit_rate,0.32,0.32,True
5,RUB->UZS,catboost,oot,"A,B,C,D",lift,1.463855421686747,1.463855421686747,True
5,RUB->UZS,catboost,oot,"A,B,C,D",lift_freq_matched,1.5625,1.5625,True
5,RUB->UZS,catboost,oot,"A,B,C,D",bps_forward,167.21828165800525,167.21828165800525,True
5,RUB->UZS,catboost,oot,"A,B,C,D",signals_per_week,0.0782122905027933,0.0782122905027933,True
5,RUB->UZS,catboost,oot,"A,B,C,D",cluster_share,0.5,0.5,True
5,RUB->UZS,catboost,wf_oos,"A,B",eligible_days,656.0,656.0,True
5,RUB->UZS,catboost,wf_oos,"A,B",signal_count,146.0,146.0,True
5,RUB->UZS,catboost,wf_oos,"A,B",target_positives,204.0,204.0,True
5,RUB->UZS,catboost,wf_oos,"A,B",signal_hit_rate,0.3082191780821918,0.3082191780821918,True
5,RUB->UZS,catboost,wf_oos,"A,B",random_hit_rate,0.3109756097560975,0.3109756097560975,True
5,RUB->UZS,catboost,wf_oos,"A,B",freq_matched_hit_rate,0.3115068493150685,0.3115068493150685,True
5,RUB->UZS,catboost,wf_oos,"A,B",lift,0.9911361804995972,0.9911361804995972,True
5,RUB->UZS,catboost,wf_oos,"A,B",lift_freq_matched,0.9894459102902374,0.9894459102902374,True
5,RUB->UZS,catboost,wf_oos,"A,B",bps_forward,3.8945071158285054,3.8945071158285054,True
5,RUB->UZS,catboost,wf_oos,"A,B",signals_per_week,1.0612668743509863,1.0612668743509863,True
5,RUB->UZS,catboost,wf_oos,"A,B",cluster_share,0.815068493150685,0.815068493150685,True
5,RUB->UZS,catboost,wf_oos,"A,B,C,D",eligible_days,656.0,656.0,True
5,RUB->UZS,catboost,wf_oos,"A,B,C,D",signal_count,75.0,75.0,True
5,RUB->UZS,catboost,wf_oos,"A,B,C,D",target_positives,204.0,204.0,True
5,RUB->UZS,catboost,wf_oos,"A,B,C,D",signal_hit_rate,0.28,0.28,True
5,RUB->UZS,catboost,wf_oos,"A,B,C,D",random_hit_rate,0.3109756097560975,0.3109756097560975,True
5,RUB->UZS,catboost,wf_oos,"A,B,C,D",freq_matched_hit_rate,0.3112,0.3112,True
5,RUB->UZS,catboost,wf_oos,"A,B,C,D",lift,0.9003921568627452,0.9003921568627452,True
5,RUB->UZS,catboost,wf_oos,"A,B,C,D",lift_freq_matched,0.8997429305912596,0.8997429305912596,True
5,RUB->UZS,catboost,wf_oos,"A,B,C,D",bps_forward,1.9428145113643636,1.9428145113643636,True
5,RUB->UZS,catboost,wf_oos,"A,B,C,D",signals_per_week,0.5451713395638629,0.5451713395638629,True
5,RUB->UZS,catboost,wf_oos,"A,B,C,D",cluster_share,0.6,0.6,True
5,RUB->UZS,catboost,y2022,"A,B",eligible_days,247.0,247.0,True
5,RUB->UZS,catboost,y2022,"A,B",signal_count,38.0,38.0,True
5,RUB->UZS,catboost,y2022,"A,B",target_positives,65.0,65.0,True
5,RUB->UZS,catboost,y2022,"A,B",signal_hit_rate,0.2105263157894736,0.2105263157894736,True
5,RUB->UZS,catboost,y2022,"A,B",random_hit_rate,0.2631578947368421,0.2631578947368421,True
5,RUB->UZS,catboost,y2022,"A,B",freq_matched_hit_rate,0.2652631578947368,0.2652631578947368,True
5,RUB->UZS,catboost,y2022,"A,B",lift,0.8,0.8,True
5,RUB->UZS,catboost,y2022,"A,B",lift_freq_matched,0.7936507936507937,0.7936507936507937,True
5,RUB->UZS,catboost,y2022,"A,B",bps_forward,-192.6349082866789,-192.6349082866789,True
5,RUB->UZS,catboost,y2022,"A,B",signals_per_week,0.7514124293785311,0.7514124293785311,True
5,RUB->UZS,catboost,y2022,"A,B",cluster_share,0.5263157894736842,0.5263157894736842,True
5,RUB->UZS,catboost,y2022,"A,B,C,D",eligible_days,247.0,247.0,True
5,RUB->UZS,catboost,y2022,"A,B,C,D",signal_count,0.0,0.0,True
5,RUB->UZS,catboost,y2022,"A,B,C,D",target_positives,65.0,65.0,True
5,RUB->UZS,catboost,y2022,"A,B,C,D",signal_hit_rate,,,True
5,RUB->UZS,catboost,y2022,"A,B,C,D",random_hit_rate,0.2631578947368421,0.2631578947368421,True
5,RUB->UZS,catboost,y2022,"A,B,C,D",freq_matched_hit_rate,,,True
5,RUB->UZS,catboost,y2022,"A,B,C,D",lift,,,True
5,RUB->UZS,catboost,y2022,"A,B,C,D",lift_freq_matched,,,True
5,RUB->UZS,catboost,y2022,"A,B,C,D",bps_forward,,,True
5,RUB->UZS,catboost,y2022,"A,B,C,D",signals_per_week,0.0,0.0,True
5,RUB->UZS,catboost,y2022,"A,B,C,D",cluster_share,,,True
5,RUB->UZS,level,oot,,eligible_days,243.0,243.0,True
5,RUB->UZS,level,oot,,signal_count,49.0,49.0,True
5,RUB->UZS,level,oot,,target_positives,83.0,83.0,True
5,RUB->UZS,level,oot,,signal_hit_rate,0.3265306122448979,0.3265306122448979,True
5,RUB->UZS,level,oot,,random_hit_rate,0.3415637860082304,0.3415637860082304,True
5,RUB->UZS,level,oot,,freq_matched_hit_rate,0.3477551020408164,0.3477551020408164,True
5,RUB->UZS,level,oot,,lift,0.9559872141627734,0.9559872141627734,True
5,RUB->UZS,level,oot,,lift_freq_matched,0.9389671361502344,0.9389671361502344,True
5,RUB->UZS,level,oot,,bps_forward,6.206549742917685,6.206549742917685,True
5,RUB->UZS,level,oot,,signals_per_week,0.9581005586592178,0.9581005586592178,True
5,RUB->UZS,level,oot,,cluster_share,0.7959183673469388,0.7959183673469388,True
5,RUB->UZS,level,wf_oos,,eligible_days,656.0,656.0,True
5,RUB->UZS,level,wf_oos,,signal_count,156.0,156.0,True
5,RUB->UZS,level,wf_oos,,target_positives,204.0,204.0,True
5,RUB->UZS,level,wf_oos,,signal_hit_rate,0.1923076923076923,0.1923076923076923,True
5,RUB->UZS,level,wf_oos,,random_hit_rate,0.3109756097560975,0.3109756097560975,True
5,RUB->UZS,level,wf_oos,,freq_matched_hit_rate,0.317051282051282,0.317051282051282,True
5,RUB->UZS,level,wf_oos,,lift,0.6184012066365008,0.6184012066365008,True
5,RUB->UZS,level,wf_oos,,lift_freq_matched,0.606550748079256,0.606550748079256,True
5,RUB->UZS,level,wf_oos,,bps_forward,-15.963725086886306,-15.963725086886306,True
5,RUB->UZS,level,wf_oos,,signals_per_week,1.1339563862928348,1.1339563862928348,True
5,RUB->UZS,level,wf_oos,,cluster_share,0.8910256410256411,0.8910256410256411,True
5,RUB->UZS,level,y2022,,eligible_days,247.0,247.0,True
5,RUB->UZS,level,y2022,,signal_count,46.0,46.0,True
5,RUB->UZS,level,y2022,,target_positives,65.0,65.0,True
5,RUB->UZS,level,y2022,,signal_hit_rate,0.108695652173913,0.108695652173913,True
5,RUB->UZS,level,y2022,,random_hit_rate,0.2631578947368421,0.2631578947368421,True
5,RUB->UZS,level,y2022,,freq_matched_hit_rate,0.2708695652173913,0.2708695652173913,True
5,RUB->UZS,level,y2022,,lift,0.4130434782608695,0.4130434782608695,True
5,RUB->UZS,level,y2022,,lift_freq_matched,0.4012841091492777,0.4012841091492777,True
5,RUB->UZS,level,y2022,,bps_forward,-54.34849467983483,-54.34849467983483,True
5,RUB->UZS,level,y2022,,signals_per_week,0.9096045197740114,0.9096045197740114,True
5,RUB->UZS,level,y2022,,cluster_share,0.9130434782608696,0.9130434782608696,True
5,RUB->UZS,logreg,oot,A,eligible_days,243.0,243.0,True
5,RUB->UZS,logreg,oot,A,signal_count,4.0,4.0,True
5,RUB->UZS,logreg,oot,A,target_positives,83.0,83.0,True
5,RUB->UZS,logreg,oot,A,signal_hit_rate,0.25,0.25,True
5,RUB->UZS,logreg,oot,A,random_hit_rate,0.3415637860082304,0.3415637860082304,True
5,RUB->UZS,logreg,oot,A,freq_matched_hit_rate,0.33,0.33,True
5,RUB->UZS,logreg,oot,A,lift,0.7319277108433735,0.7319277108433735,True
5,RUB->UZS,logreg,oot,A,lift_freq_matched,0.7575757575757576,0.7575757575757576,True
5,RUB->UZS,logreg,oot,A,bps_forward,8.899669752676456,8.899669752676456,True
5,RUB->UZS,logreg,oot,A,signals_per_week,0.0782122905027933,0.0782122905027933,True
5,RUB->UZS,logreg,oot,A,cluster_share,0.0,0.0,True
5,RUB->UZS,logreg,oot,"A,B",eligible_days,243.0,243.0,True
5,RUB->UZS,logreg,oot,"A,B",signal_count,0.0,0.0,True
5,RUB->UZS,logreg,oot,"A,B",target_positives,83.0,83.0,True
5,RUB->UZS,logreg,oot,"A,B",signal_hit_rate,,,True
5,RUB->UZS,logreg,oot,"A,B",random_hit_rate,0.3415637860082304,0.3415637860082304,True
5,RUB->UZS,logreg,oot,"A,B",freq_matched_hit_rate,,,True
5,RUB->UZS,logreg,oot,"A,B",lift,,,True
5,RUB->UZS,logreg,oot,"A,B",lift_freq_matched,,,True
5,RUB->UZS,logreg,oot,"A,B",bps_forward,,,True
5,RUB->UZS,logreg,oot,"A,B",signals_per_week,0.0,0.0,True
5,RUB->UZS,logreg,oot,"A,B",cluster_share,,,True
5,RUB->UZS,logreg,oot,"A,B,C",eligible_days,243.0,243.0,True
5,RUB->UZS,logreg,oot,"A,B,C",signal_count,20.0,20.0,True
5,RUB->UZS,logreg,oot,"A,B,C",target_positives,83.0,83.0,True
5,RUB->UZS,logreg,oot,"A,B,C",signal_hit_rate,0.3,0.3,True
5,RUB->UZS,logreg,oot,"A,B,C",random_hit_rate,0.3415637860082304,0.3415637860082304,True
5,RUB->UZS,logreg,oot,"A,B,C",freq_matched_hit_rate,0.333,0.333,True
5,RUB->UZS,logreg,oot,"A,B,C",lift,0.8783132530120482,0.8783132530120482,True
5,RUB->UZS,logreg,oot,"A,B,C",lift_freq_matched,0.9009009009009008,0.9009009009009008,True
5,RUB->UZS,logreg,oot,"A,B,C",bps_forward,-16.776739391273235,-16.776739391273235,True
5,RUB->UZS,logreg,oot,"A,B,C",signals_per_week,0.3910614525139664,0.3910614525139664,True
5,RUB->UZS,logreg,oot,"A,B,C",cluster_share,0.55,0.55,True
5,RUB->UZS,logreg,oot,"A,B,C,D",eligible_days,243.0,243.0,True
5,RUB->UZS,logreg,oot,"A,B,C,D",signal_count,0.0,0.0,True
5,RUB->UZS,logreg,oot,"A,B,C,D",target_positives,83.0,83.0,True
5,RUB->UZS,logreg,oot,"A,B,C,D",signal_hit_rate,,,True
5,RUB->UZS,logreg,oot,"A,B,C,D",random_hit_rate,0.3415637860082304,0.3415637860082304,True
5,RUB->UZS,logreg,oot,"A,B,C,D",freq_matched_hit_rate,,,True
5,RUB->UZS,logreg,oot,"A,B,C,D",lift,,,True
5,RUB->UZS,logreg,oot,"A,B,C,D",lift_freq_matched,,,True
5,RUB->UZS,logreg,oot,"A,B,C,D",bps_forward,,,True
5,RUB->UZS,logreg,oot,"A,B,C,D",signals_per_week,0.0,0.0,True
5,RUB->UZS,logreg,oot,"A,B,C,D",cluster_share,,,True
5,RUB->UZS,logreg,wf_oos,A,eligible_days,656.0,656.0,True
5,RUB->UZS,logreg,wf_oos,A,signal_count,64.0,64.0,True
5,RUB->UZS,logreg,wf_oos,A,target_positives,204.0,204.0,True
5,RUB->UZS,logreg,wf_oos,A,signal_hit_rate,0.28125,0.28125,True
5,RUB->UZS,logreg,wf_oos,A,random_hit_rate,0.3109756097560975,0.3109756097560975,True
5,RUB->UZS,logreg,wf_oos,A,freq_matched_hit_rate,0.305,0.305,True
5,RUB->UZS,logreg,wf_oos,A,lift,0.9044117647058824,0.9044117647058824,True
5,RUB->UZS,logreg,wf_oos,A,lift_freq_matched,0.9221311475409836,0.9221311475409836,True
5,RUB->UZS,logreg,wf_oos,A,bps_forward,-18.493261904854243,-18.493261904854243,True
5,RUB->UZS,logreg,wf_oos,A,signals_per_week,0.4652128764278296,0.4652128764278296,True
5,RUB->UZS,logreg,wf_oos,A,cluster_share,0.5,0.5,True
5,RUB->UZS,logreg,wf_oos,"A,B",eligible_days,656.0,656.0,True
5,RUB->UZS,logreg,wf_oos,"A,B",signal_count,27.0,27.0,True
5,RUB->UZS,logreg,wf_oos,"A,B",target_positives,204.0,204.0,True
5,RUB->UZS,logreg,wf_oos,"A,B",signal_hit_rate,0.3333333333333333,0.3333333333333333,True
5,RUB->UZS,logreg,wf_oos,"A,B",random_hit_rate,0.3109756097560975,0.3109756097560975,True
5,RUB->UZS,logreg,wf_oos,"A,B",freq_matched_hit_rate,0.3155555555555555,0.3155555555555555,True
5,RUB->UZS,logreg,wf_oos,"A,B",lift,1.0718954248366013,1.0718954248366013,True
5,RUB->UZS,logreg,wf_oos,"A,B",lift_freq_matched,1.0563380281690142,1.0563380281690142,True
5,RUB->UZS,logreg,wf_oos,"A,B",bps_forward,36.55907551390194,36.55907551390194,True
5,RUB->UZS,logreg,wf_oos,"A,B",signals_per_week,0.1962616822429906,0.1962616822429906,True
5,RUB->UZS,logreg,wf_oos,"A,B",cluster_share,0.3703703703703703,0.3703703703703703,True
5,RUB->UZS,logreg,wf_oos,"A,B,C",eligible_days,656.0,656.0,True
5,RUB->UZS,logreg,wf_oos,"A,B,C",signal_count,0.0,0.0,True
5,RUB->UZS,logreg,wf_oos,"A,B,C",target_positives,204.0,204.0,True
5,RUB->UZS,logreg,wf_oos,"A,B,C",signal_hit_rate,,,True
5,RUB->UZS,logreg,wf_oos,"A,B,C",random_hit_rate,0.3109756097560975,0.3109756097560975,True
5,RUB->UZS,logreg,wf_oos,"A,B,C",freq_matched_hit_rate,,,True
5,RUB->UZS,logreg,wf_oos,"A,B,C",lift,,,True
5,RUB->UZS,logreg,wf_oos,"A,B,C",lift_freq_matched,,,True
5,RUB->UZS,logreg,wf_oos,"A,B,C",bps_forward,,,True
5,RUB->UZS,logreg,wf_oos,"A,B,C",signals_per_week,0.0,0.0,True
5,RUB->UZS,logreg,wf_oos,"A,B,C",cluster_share,,,True
5,RUB->UZS,logreg,wf_oos,"A,B,C,D",eligible_days,656.0,656.0,True
5,RUB->UZS,logreg,wf_oos,"A,B,C,D",signal_count,185.0,185.0,True
5,RUB->UZS,logreg,wf_oos,"A,B,C,D",target_positives,204.0,204.0,True
5,RUB->UZS,logreg,wf_oos,"A,B,C,D",signal_hit_rate,0.3243243243243243,0.3243243243243243,True
5,RUB->UZS,logreg,wf_oos,"A,B,C,D",random_hit_rate,0.3109756097560975,0.3109756097560975,True
5,RUB->UZS,logreg,wf_oos,"A,B,C,D",freq_matched_hit_rate,0.3103783783783784,0.3103783783783784,True
5,RUB->UZS,logreg,wf_oos,"A,B,C,D",lift,1.0429252782193958,1.0429252782193958,True
5,RUB->UZS,logreg,wf_oos,"A,B,C,D",lift_freq_matched,1.044932079414838,1.044932079414838,True
5,RUB->UZS,logreg,wf_oos,"A,B,C,D",bps_forward,11.8366045171636,11.8366045171636,True
5,RUB->UZS,logreg,wf_oos,"A,B,C,D",signals_per_week,1.3447559709241952,1.3447559709241952,True
5,RUB->UZS,logreg,wf_oos,"A,B,C,D",cluster_share,0.7891891891891892,0.7891891891891892,True
5,RUB->UZS,logreg,y2022,A,eligible_days,247.0,247.0,True
5,RUB->UZS,logreg,y2022,A,signal_count,0.0,0.0,True
5,RUB->UZS,logreg,y2022,A,target_positives,65.0,65.0,True
5,RUB->UZS,logreg,y2022,A,signal_hit_rate,,,True
5,RUB->UZS,logreg,y2022,A,random_hit_rate,0.2631578947368421,0.2631578947368421,True
5,RUB->UZS,logreg,y2022,A,freq_matched_hit_rate,,,True
5,RUB->UZS,logreg,y2022,A,lift,,,True
5,RUB->UZS,logreg,y2022,A,lift_freq_matched,,,True
5,RUB->UZS,logreg,y2022,A,bps_forward,,,True
5,RUB->UZS,logreg,y2022,A,signals_per_week,0.0,0.0,True
5,RUB->UZS,logreg,y2022,A,cluster_share,,,True
5,RUB->UZS,logreg,y2022,"A,B",eligible_days,247.0,247.0,True
5,RUB->UZS,logreg,y2022,"A,B",signal_count,10.0,10.0,True
5,RUB->UZS,logreg,y2022,"A,B",target_positives,65.0,65.0,True
5,RUB->UZS,logreg,y2022,"A,B",signal_hit_rate,0.1,0.1,True
5,RUB->UZS,logreg,y2022,"A,B",random_hit_rate,0.2631578947368421,0.2631578947368421,True
5,RUB->UZS,logreg,y2022,"A,B",freq_matched_hit_rate,0.282,0.282,True
5,RUB->UZS,logreg,y2022,"A,B",lift,0.38,0.38,True
5,RUB->UZS,logreg,y2022,"A,B",lift_freq_matched,0.3546099290780142,0.3546099290780142,True
5,RUB->UZS,logreg,y2022,"A,B",bps_forward,-289.9634901327114,-289.9634901327114,True
5,RUB->UZS,logreg,y2022,"A,B",signals_per_week,0.1977401129943503,0.1977401129943503,True
5,RUB->UZS,logreg,y2022,"A,B",cluster_share,0.2,0.2,True
5,RUB->UZS,logreg,y2022,"A,B,C",eligible_days,247.0,247.0,True
5,RUB->UZS,logreg,y2022,"A,B,C",signal_count,5.0,5.0,True
5,RUB->UZS,logreg,y2022,"A,B,C",target_positives,65.0,65.0,True
5,RUB->UZS,logreg,y2022,"A,B,C",signal_hit_rate,0.2,0.2,True
5,RUB->UZS,logreg,y2022,"A,B,C",random_hit_rate,0.2631578947368421,0.2631578947368421,True
5,RUB->UZS,logreg,y2022,"A,B,C",freq_matched_hit_rate,0.248,0.248,True
5,RUB->UZS,logreg,y2022,"A,B,C",lift,0.7600000000000001,0.7600000000000001,True
5,RUB->UZS,logreg,y2022,"A,B,C",lift_freq_matched,0.8064516129032259,0.8064516129032259,True
5,RUB->UZS,logreg,y2022,"A,B,C",bps_forward,-528.3225144546902,-528.3225144546902,True
5,RUB->UZS,logreg,y2022,"A,B,C",signals_per_week,0.0988700564971751,0.0988700564971751,True
5,RUB->UZS,logreg,y2022,"A,B,C",cluster_share,0.4,0.4,True
5,RUB->UZS,logreg,y2022,"A,B,C,D",eligible_days,247.0,247.0,True
5,RUB->UZS,logreg,y2022,"A,B,C,D",signal_count,31.0,31.0,True
5,RUB->UZS,logreg,y2022,"A,B,C,D",target_positives,65.0,65.0,True
5,RUB->UZS,logreg,y2022,"A,B,C,D",signal_hit_rate,0.1935483870967742,0.1935483870967742,True
5,RUB->UZS,logreg,y2022,"A,B,C,D",random_hit_rate,0.2631578947368421,0.2631578947368421,True
5,RUB->UZS,logreg,y2022,"A,B,C,D",freq_matched_hit_rate,0.2690322580645161,0.2690322580645161,True
5,RUB->UZS,logreg,y2022,"A,B,C,D",lift,0.7354838709677419,0.7354838709677419,True
5,RUB->UZS,logreg,y2022,"A,B,C,D",lift_freq_matched,0.7194244604316546,0.7194244604316546,True
5,RUB->UZS,logreg,y2022,"A,B,C,D",bps_forward,-125.56277105203604,-125.56277105203604,True
5,RUB->UZS,logreg,y2022,"A,B,C,D",signals_per_week,0.612994350282486,0.612994350282486,True
5,RUB->UZS,logreg,y2022,"A,B,C,D",cluster_share,0.6774193548387096,0.6774193548387096,True
5,RUB->UZS,momentum,oot,,eligible_days,243.0,243.0,True
5,RUB->UZS,momentum,oot,,signal_count,36.0,36.0,True
5,RUB->UZS,momentum,oot,,target_positives,83.0,83.0,True
5,RUB->UZS,momentum,oot,,signal_hit_rate,0.25,0.25,True
5,RUB->UZS,momentum,oot,,random_hit_rate,0.3415637860082304,0.3415637860082304,True
5,RUB->UZS,momentum,oot,,freq_matched_hit_rate,0.3494444444444444,0.3494444444444444,True
5,RUB->UZS,momentum,oot,,lift,0.7319277108433735,0.7319277108433735,True
5,RUB->UZS,momentum,oot,,lift_freq_matched,0.7154213036565977,0.7154213036565977,True
5,RUB->UZS,momentum,oot,,bps_forward,-12.086287346554258,-12.086287346554258,True
5,RUB->UZS,momentum,oot,,signals_per_week,0.7039106145251396,0.7039106145251396,True
5,RUB->UZS,momentum,oot,,cluster_share,0.6666666666666666,0.6666666666666666,True
5,RUB->UZS,momentum,wf_oos,,eligible_days,656.0,656.0,True
5,RUB->UZS,momentum,wf_oos,,signal_count,99.0,99.0,True
5,RUB->UZS,momentum,wf_oos,,target_positives,204.0,204.0,True
5,RUB->UZS,momentum,wf_oos,,signal_hit_rate,0.2626262626262626,0.2626262626262626,True
5,RUB->UZS,momentum,wf_oos,,random_hit_rate,0.3109756097560975,0.3109756097560975,True
5,RUB->UZS,momentum,wf_oos,,freq_matched_hit_rate,0.3181818181818182,0.3181818181818182,True
5,RUB->UZS,momentum,wf_oos,,lift,0.8445236680530799,0.8445236680530799,True
5,RUB->UZS,momentum,wf_oos,,lift_freq_matched,0.8253968253968255,0.8253968253968255,True
5,RUB->UZS,momentum,wf_oos,,bps_forward,16.296759086278744,16.296759086278744,True
5,RUB->UZS,momentum,wf_oos,,signals_per_week,0.719626168224299,0.719626168224299,True
5,RUB->UZS,momentum,wf_oos,,cluster_share,0.5151515151515151,0.5151515151515151,True
5,RUB->UZS,momentum,y2022,,eligible_days,247.0,247.0,True
5,RUB->UZS,momentum,y2022,,signal_count,53.0,53.0,True
5,RUB->UZS,momentum,y2022,,target_positives,65.0,65.0,True
5,RUB->UZS,momentum,y2022,,signal_hit_rate,0.1698113207547169,0.1698113207547169,True
5,RUB->UZS,momentum,y2022,,random_hit_rate,0.2631578947368421,0.2631578947368421,True
5,RUB->UZS,momentum,y2022,,freq_matched_hit_rate,0.2626415094339622,0.2626415094339622,True
5,RUB->UZS,momentum,y2022,,lift,0.6452830188679245,0.6452830188679245,True
5,RUB->UZS,momentum,y2022,,lift_freq_matched,0.646551724137931,0.646551724137931,True
5,RUB->UZS,momentum,y2022,,bps_forward,-113.2532424084115,-113.2532424084115,True
5,RUB->UZS,momentum,y2022,,signals_per_week,1.0480225988700564,1.0480225988700564,True
5,RUB->UZS,momentum,y2022,,cluster_share,0.660377358490566,0.660377358490566,True
5,RUB->UZS,random,oot,,eligible_days,243.0,243.0,True
5,RUB->UZS,random,oot,,signal_count,63.0,63.0,True
5,RUB->UZS,random,oot,,target_positives,83.0,83.0,True
5,RUB->UZS,random,oot,,signal_hit_rate,0.3492063492063492,0.3492063492063492,True
5,RUB->UZS,random,oot,,random_hit_rate,0.3415637860082304,0.3415637860082304,True
5,RUB->UZS,random,oot,,freq_matched_hit_rate,0.3501587301587301,0.3501587301587301,True
5,RUB->UZS,random,oot,,lift,1.0223752151462997,1.0223752151462997,True
5,RUB->UZS,random,oot,,lift_freq_matched,0.9972801450589304,0.9972801450589304,True
5,RUB->UZS,random,oot,,bps_forward,28.735813151082155,28.735813151082155,True
5,RUB->UZS,random,oot,,signals_per_week,1.2318435754189945,1.2318435754189945,True
5,RUB->UZS,random,oot,,cluster_share,0.2698412698412698,0.2698412698412698,True
5,RUB->UZS,random,wf_oos,,eligible_days,656.0,656.0,True
5,RUB->UZS,random,wf_oos,,signal_count,213.0,213.0,True
5,RUB->UZS,random,wf_oos,,target_positives,204.0,204.0,True
5,RUB->UZS,random,wf_oos,,signal_hit_rate,0.3333333333333333,0.3333333333333333,True
5,RUB->UZS,random,wf_oos,,random_hit_rate,0.3109756097560975,0.3109756097560975,True
5,RUB->UZS,random,wf_oos,,freq_matched_hit_rate,0.3134272300469484,0.3134272300469484,True
5,RUB->UZS,random,wf_oos,,lift,1.0718954248366013,1.0718954248366013,True
5,RUB->UZS,random,wf_oos,,lift_freq_matched,1.0635110844817257,1.0635110844817257,True
5,RUB->UZS,random,wf_oos,,bps_forward,-3.7123730959307153,-3.7123730959307153,True
5,RUB->UZS,random,wf_oos,,signals_per_week,1.5482866043613706,1.5482866043613706,True
5,RUB->UZS,random,wf_oos,,cluster_share,0.3474178403755869,0.3474178403755869,True
5,RUB->UZS,random,y2022,,eligible_days,247.0,247.0,True
5,RUB->UZS,random,y2022,,signal_count,83.0,83.0,True
5,RUB->UZS,random,y2022,,target_positives,65.0,65.0,True
5,RUB->UZS,random,y2022,,signal_hit_rate,0.3132530120481928,0.3132530120481928,True
5,RUB->UZS,random,y2022,,random_hit_rate,0.2631578947368421,0.2631578947368421,True
5,RUB->UZS,random,y2022,,freq_matched_hit_rate,0.272289156626506,0.272289156626506,True
5,RUB->UZS,random,y2022,,lift,1.1903614457831326,1.1903614457831326,True
5,RUB->UZS,random,y2022,,lift_freq_matched,1.1504424778761062,1.1504424778761062,True
5,RUB->UZS,random,y2022,,bps_forward,60.5933177442092,60.5933177442092,True
5,RUB->UZS,random,y2022,,signals_per_week,1.6412429378531077,1.6412429378531077,True
5,RUB->UZS,random,y2022,,cluster_share,0.3614457831325301,0.3614457831325301,True
5,RUB->UZS,reversal,oot,,eligible_days,243.0,243.0,True
5,RUB->UZS,reversal,oot,,signal_count,9.0,9.0,True
5,RUB->UZS,reversal,oot,,target_positives,83.0,83.0,True
5,RUB->UZS,reversal,oot,,signal_hit_rate,0.2222222222222222,0.2222222222222222,True
5,RUB->UZS,reversal,oot,,random_hit_rate,0.3415637860082304,0.3415637860082304,True
5,RUB->UZS,reversal,oot,,freq_matched_hit_rate,0.3399999999999999,0.3399999999999999,True
5,RUB->UZS,reversal,oot,,lift,0.6506024096385542,0.6506024096385542,True
5,RUB->UZS,reversal,oot,,lift_freq_matched,0.6535947712418302,0.6535947712418302,True
5,RUB->UZS,reversal,oot,,bps_forward,-25.25053990986616,-25.25053990986616,True
5,RUB->UZS,reversal,oot,,signals_per_week,0.1759776536312849,0.1759776536312849,True
5,RUB->UZS,reversal,oot,,cluster_share,0.0,0.0,True
5,RUB->UZS,reversal,wf_oos,,eligible_days,656.0,656.0,True
5,RUB->UZS,reversal,wf_oos,,signal_count,33.0,33.0,True
5,RUB->UZS,reversal,wf_oos,,target_positives,204.0,204.0,True
5,RUB->UZS,reversal,wf_oos,,signal_hit_rate,0.2121212121212121,0.2121212121212121,True
5,RUB->UZS,reversal,wf_oos,,random_hit_rate,0.3109756097560975,0.3109756097560975,True
5,RUB->UZS,reversal,wf_oos,,freq_matched_hit_rate,0.2987878787878787,0.2987878787878787,True
5,RUB->UZS,reversal,wf_oos,,lift,0.6821152703505645,0.6821152703505645,True
5,RUB->UZS,reversal,wf_oos,,lift_freq_matched,0.7099391480730224,0.7099391480730224,True
5,RUB->UZS,reversal,wf_oos,,bps_forward,11.68660831345726,11.68660831345726,True
5,RUB->UZS,reversal,wf_oos,,signals_per_week,0.2398753894080996,0.2398753894080996,True
5,RUB->UZS,reversal,wf_oos,,cluster_share,0.0,0.0,True
5,RUB->UZS,reversal,y2022,,eligible_days,247.0,247.0,True
5,RUB->UZS,reversal,y2022,,signal_count,15.0,15.0,True
5,RUB->UZS,reversal,y2022,,target_positives,65.0,65.0,True
5,RUB->UZS,reversal,y2022,,signal_hit_rate,0.2666666666666666,0.2666666666666666,True
5,RUB->UZS,reversal,y2022,,random_hit_rate,0.2631578947368421,0.2631578947368421,True
5,RUB->UZS,reversal,y2022,,freq_matched_hit_rate,0.2679999999999999,0.2679999999999999,True
5,RUB->UZS,reversal,y2022,,lift,1.0133333333333334,1.0133333333333334,True
5,RUB->UZS,reversal,y2022,,lift_freq_matched,0.9950248756218908,0.9950248756218908,True
5,RUB->UZS,reversal,y2022,,bps_forward,-33.776359090494616,-33.776359090494616,True
5,RUB->UZS,reversal,y2022,,signals_per_week,0.2966101694915254,0.2966101694915254,True
5,RUB->UZS,reversal,y2022,,cluster_share,0.0,0.0,True
5,RUB->UZS,seasonality,oot,,eligible_days,243.0,243.0,True
5,RUB->UZS,seasonality,oot,,signal_count,44.0,44.0,True
5,RUB->UZS,seasonality,oot,,target_positives,83.0,83.0,True
5,RUB->UZS,seasonality,oot,,signal_hit_rate,0.3181818181818182,0.3181818181818182,True
5,RUB->UZS,seasonality,oot,,random_hit_rate,0.3415637860082304,0.3415637860082304,True
5,RUB->UZS,seasonality,oot,,freq_matched_hit_rate,0.3381818181818181,0.3381818181818181,True
5,RUB->UZS,seasonality,oot,,lift,0.9315443592552026,0.9315443592552026,True
5,RUB->UZS,seasonality,oot,,lift_freq_matched,0.9408602150537636,0.9408602150537636,True
5,RUB->UZS,seasonality,oot,,bps_forward,21.34842330839999,21.34842330839999,True
5,RUB->UZS,seasonality,oot,,signals_per_week,0.8603351955307262,0.8603351955307262,True
5,RUB->UZS,seasonality,oot,,cluster_share,0.8181818181818182,0.8181818181818182,True
5,RUB->UZS,seasonality,wf_oos,,eligible_days,656.0,656.0,True
5,RUB->UZS,seasonality,wf_oos,,signal_count,139.0,139.0,True
5,RUB->UZS,seasonality,wf_oos,,target_positives,204.0,204.0,True
5,RUB->UZS,seasonality,wf_oos,,signal_hit_rate,0.3381294964028777,0.3381294964028777,True
5,RUB->UZS,seasonality,wf_oos,,random_hit_rate,0.3109756097560975,0.3109756097560975,True
5,RUB->UZS,seasonality,wf_oos,,freq_matched_hit_rate,0.3148201438848921,0.3148201438848921,True
5,RUB->UZS,seasonality,wf_oos,,lift,1.087318380589646,1.087318380589646,True
5,RUB->UZS,seasonality,wf_oos,,lift_freq_matched,1.0740402193784278,1.0740402193784278,True
5,RUB->UZS,seasonality,wf_oos,,bps_forward,-0.0325736114711139,-0.0325736114711139,True
5,RUB->UZS,seasonality,wf_oos,,signals_per_week,1.0103842159916925,1.0103842159916925,True
5,RUB->UZS,seasonality,wf_oos,,cluster_share,0.8273381294964028,0.8273381294964028,True
5,RUB->UZS,seasonality,y2022,,eligible_days,247.0,247.0,True
5,RUB->UZS,seasonality,y2022,,signal_count,52.0,52.0,True
5,RUB->UZS,seasonality,y2022,,target_positives,65.0,65.0,True
5,RUB->UZS,seasonality,y2022,,signal_hit_rate,0.2692307692307692,0.2692307692307692,True
5,RUB->UZS,seasonality,y2022,,random_hit_rate,0.2631578947368421,0.2631578947368421,True
5,RUB->UZS,seasonality,y2022,,freq_matched_hit_rate,0.2496153846153846,0.2496153846153846,True
5,RUB->UZS,seasonality,y2022,,lift,1.023076923076923,1.023076923076923,True
5,RUB->UZS,seasonality,y2022,,lift_freq_matched,1.0785824345146378,1.0785824345146378,True
5,RUB->UZS,seasonality,y2022,,bps_forward,-11.001991396352452,-11.001991396352452,True
5,RUB->UZS,seasonality,y2022,,signals_per_week,1.0282485875706215,1.0282485875706215,True
5,RUB->UZS,seasonality,y2022,,cluster_share,0.8461538461538461,0.8461538461538461,True
