experiment,training_horizon,evaluation_horizon,currency,fold,lift,moment_advantage_bps,customer_regret_cvar_95_bps,signals_per_week,lift_at_risk,cluster_rate
catboost_a,5.0,1,AMD,oot,,,,0.0,,
catboost_a,5.0,1,AMD,wf_2022,,,,0.0,,
catboost_a,5.0,1,AMD,wf_2023,0.5005065856129686,-15.167056208529791,65.76435726362018,0.13725490196078433,1.5361584300798772,0.0
catboost_a,5.0,1,AMD,wf_2024,0.9496402877697843,2.4741606720231206,230.35520654366147,1.2156862745098038,1.0339878379177645,0.7741935483870968
catboost_a,5.0,1,AMD,wf_2025,1.0024906600249066,-14.732344443095132,146.61782660201905,0.6470588235294118,1.0473271212008968,0.45454545454545453
catboost_a,5.0,1,KGS,oot,,,,0.0,,
catboost_a,5.0,1,KGS,wf_2022,,,,0.0,,
catboost_a,5.0,1,KGS,wf_2023,0.8821428571428571,-17.007886808031817,70.0895051036432,0.11764705882352941,1.5615383716608744,0.0
catboost_a,5.0,1,KGS,wf_2024,0.8975238095238095,2.0440543006862817,215.4014703660645,1.4705882352941178,1.047900957697615,0.76
catboost_a,5.0,1,KGS,wf_2025,0.7533422459893048,-20.9031258421466,133.43387694028542,0.6470588235294118,0.8802263203772787,0.2727272727272727
catboost_a,5.0,1,KZT,oot,,,,0.0,,
catboost_a,5.0,1,KZT,wf_2022,,,,0.0,,
catboost_a,5.0,1,KZT,wf_2023,1.1932367149758452,-17.672766518240174,98.05357124180291,0.17647058823529413,1.5869275812169517,0.0
catboost_a,5.0,1,KZT,wf_2024,0.8851692307692308,5.318612673781454,230.46346712977117,1.2745098039215685,1.25900427436432,0.7692307692307693
catboost_a,5.0,1,KZT,wf_2025,0.8846153846153847,-24.083749471212833,138.13448746221036,0.7647058823529411,1.1577278803502042,0.38461538461538464
catboost_a,5.0,1,TJS,oot,,,,0.0,,
catboost_a,5.0,1,TJS,wf_2022,1.8854961832061068,-18.325527238791445,0.0,0.09803921568627451,86.46508863120762,0.0
catboost_a,5.0,1,TJS,wf_2023,0.5839243498817968,-16.32771780169332,70.52955954605756,0.11764705882352941,1.0797720529383494,0.0
catboost_a,5.0,1,TJS,wf_2024,0.9946524064171123,1.1409122130677891,212.760293915773,1.2941176470588236,1.2078326863641806,0.7575757575757576
catboost_a,5.0,1,TJS,wf_2025,1.0648148148148149,-13.501050729523055,161.87361402950074,0.7941176470588235,1.1247943921383456,0.5185185185185185
catboost_a,5.0,1,UZS,oot,,,,0.0,,
catboost_a,5.0,1,UZS,wf_2022,,,,0.0,,
catboost_a,5.0,1,UZS,wf_2023,0.5077081192189106,-18.079911157158346,79.12334332897953,0.13725490196078433,0.9002448521684968,0.0
catboost_a,5.0,1,UZS,wf_2024,0.8225538971807629,-1.3710062159368424,251.9734853255129,1.2352941176470589,0.9879411397994636,0.8095238095238095
catboost_a,5.0,1,UZS,wf_2025,0.8131313131313131,-20.55032899706362,133.0214785509476,0.6470588235294118,1.0670747750295158,0.2727272727272727
catboost_ab,5.0,1,AMD,oot,1.2954545454545454,-10.769369051721364,63.45404674829025,0.24528301886792453,1.031804130197387,0.46153846153846156
catboost_ab,5.0,1,AMD,wf_2022,0.8714717741935485,12.44662265133374,522.8092795737771,0.6274509803921569,0.9674665965271386,0.65625
catboost_ab,5.0,1,AMD,wf_2023,0.8487972508591066,8.147021802068226,230.48968929050505,1.9019607843137254,1.166067879350301,0.8247422680412371
catboost_ab,5.0,1,AMD,wf_2024,1.0258992805755396,-1.231902205552526,310.60331559781605,0.7843137254901961,0.7511428828842157,0.725
catboost_ab,5.0,1,AMD,wf_2025,,,,0.0,,
catboost_ab,5.0,1,KGS,oot,1.1367521367521367,-23.15091206297257,259.40333068450894,0.24528301886792453,0.6637809981566803,0.5384615384615384
catboost_ab,5.0,1,KGS,wf_2022,0.973638827297364,17.275904728032653,472.5213703678366,0.6470588235294118,1.0313015964561083,0.5454545454545454
catboost_ab,5.0,1,KGS,wf_2023,0.8821428571428571,7.688594952886356,173.15484090417942,2.0,1.1928104475205403,0.7843137254901961
catboost_ab,5.0,1,KGS,wf_2024,0.8051948051948051,2.040184991618933,238.657305373986,1.0784313725490196,0.8515281410532527,0.7454545454545455
catboost_ab,5.0,1,KGS,wf_2025,,,,0.0,,
catboost_ab,5.0,1,KZT,oot,0.869718309859155,-21.27765546764722,179.27143080132657,0.5660377358490566,0.9767019543822579,0.6
catboost_ab,5.0,1,KZT,wf_2022,0.896551724137931,20.66588604560645,368.54618969322405,0.7450980392156863,2.3369546343396648,0.6578947368421053
catboost_ab,5.0,1,KZT,wf_2023,0.9475703324808183,8.405524850461578,225.88370554653272,2.0,1.281044865104029,0.803921568627451
catboost_ab,5.0,1,KZT,wf_2024,0.7630769230769231,8.966496298641237,167.81847906671476,0.7647058823529411,1.4361316511123623,0.717948717948718
catboost_ab,5.0,1,KZT,wf_2025,,,,0.0,,
catboost_ab,5.0,1,TJS,oot,1.52,-16.889510885193353,227.36607122663008,0.5094339622641509,0.5131165396035834,0.6296296296296297
catboost_ab,5.0,1,TJS,wf_2022,1.063613231552163,17.351287776141845,919.3616803912853,0.7647058823529411,2.2400323191064837,0.5641025641025641
catboost_ab,5.0,1,TJS,wf_2023,0.855517070757051,8.80126887814103,170.06479688358445,1.6862745098039216,1.3480000809153985,0.7790697674418605
catboost_ab,5.0,1,TJS,wf_2024,0.8871224165341813,-0.19542458843769311,290.7894090877816,0.7254901960784313,0.626073013444861,0.7027027027027027
catboost_ab,5.0,1,TJS,wf_2025,,,,0.0,,
catboost_ab,5.0,1,UZS,oot,0.9837622549019608,-23.450322105051885,197.78414564744608,0.4528301886792453,0.8598181780611743,0.5
catboost_ab,5.0,1,UZS,wf_2022,0.9285714285714286,22.64465486530947,747.539146519951,0.7450980392156863,1.130257244829225,0.6052631578947368
catboost_ab,5.0,1,UZS,wf_2023,0.85431654676259,7.516945853970999,172.9604916720651,2.0392156862745097,1.2546599290329625,0.8365384615384616
catboost_ab,5.0,1,UZS,wf_2024,0.6818538884524745,-3.9968511734639036,324.74878050843927,0.7450980392156863,0.9423162313692015,0.7368421052631579
catboost_ab,5.0,1,UZS,wf_2025,,,,0.0,,
catboost_abc,5.0,1,AMD,oot,1.1227272727272726,-13.979862931175145,126.36853859142593,0.37735849056603776,0.9873677042339993,0.5
catboost_abc,5.0,1,AMD,wf_2022,0.995967741935484,19.63847882360111,126.85703260659986,0.11764705882352941,3.2421822464479884,0.3333333333333333
catboost_abc,5.0,1,AMD,wf_2023,0.8758865248226951,1.5502698921149871,154.38039220964095,0.39215686274509803,1.1255500962899732,0.6
catboost_abc,5.0,1,AMD,wf_2024,,,,0.0,,
catboost_abc,5.0,1,AMD,wf_2025,0.0,-11.246063877645707,37.58537795246042,0.029411764705882353,0.0,0.0
catboost_abc,5.0,1,KGS,oot,1.2314814814814816,-12.966309231765145,118.04887180612344,0.4528301886792453,1.194651166188019,0.5416666666666666
catboost_abc,5.0,1,KGS,wf_2022,0.926829268292683,9.818178629888216,415.72439012654394,0.2549019607843137,0.9724372309851612,0.5384615384615384
catboost_abc,5.0,1,KGS,wf_2023,0.973399014778325,7.689184799618439,179.526825494033,0.5686274509803921,0.9000735761900571,0.6896551724137931
catboost_abc,5.0,1,KGS,wf_2024,1.7714285714285714,23.58325763398783,0.0,0.0196078431372549,1.7142994337489643,0.0
catboost_abc,5.0,1,KGS,wf_2025,0.5919117647058824,-0.5481697537274011,19.442298695504512,0.11764705882352941,0.6203012405793145,0.75
catboost_abc,5.0,1,KZT,oot,0.7323943661971831,-26.01338259573357,139.56725451448992,0.3584905660377358,1.0593105484809413,0.47368421052631576
catboost_abc,5.0,1,KZT,wf_2022,1.0646551724137931,19.702124377920654,284.5139977006039,0.1568627450980392,2.3066889407836473,0.5
catboost_abc,5.0,1,KZT,wf_2023,1.0440821256038646,6.681521448643387,152.22348916761553,0.23529411764705882,0.7963159746273133,0.6666666666666666
catboost_abc,5.0,1,KZT,wf_2024,,,,0.0,,
catboost_abc,5.0,1,KZT,wf_2025,,,,0.0,,
catboost_abc,5.0,1,TJS,oot,1.3012682926829269,-12.108902541912126,201.94531030640618,0.7924528301886793,0.7752624196278701,0.5714285714285714
catboost_abc,5.0,1,TJS,wf_2022,0.8570437196391394,39.64443254485033,740.8980299595358,0.21568627450980393,1.9730533226020754,0.45454545454545453
catboost_abc,5.0,1,TJS,wf_2023,0.9432624113475178,-0.032346307186156324,149.67379410573133,0.2549019607843137,1.0313199271486837,0.6153846153846154
catboost_abc,5.0,1,TJS,wf_2024,,,,0.0,,
catboost_abc,5.0,1,TJS,wf_2025,1.2777777777777777,-9.51592542712709,44.89282672351713,0.17647058823529413,1.1033616203936536,0.5
catboost_abc,5.0,1,UZS,oot,1.059436274509804,-18.93052913241822,206.96253948174427,0.4528301886792453,0.8470074308577344,0.5833333333333334
catboost_abc,5.0,1,UZS,wf_2022,0.7547746371275783,11.44788740697728,646.95520613822,0.21568627450980393,1.3210581192495967,0.5454545454545454
catboost_abc,5.0,1,UZS,wf_2023,0.8884892086330936,0.4951944917335842,127.38816217009452,0.47058823529411764,1.1858052347272097,0.7083333333333334
catboost_abc,5.0,1,UZS,wf_2024,1.8507462686567164,17.253777358667843,0.0,0.0196078431372549,1.894334613888065,0.0
catboost_abc,5.0,1,UZS,wf_2025,1.1180555555555556,-14.591996042900846,50.26815827788855,0.058823529411764705,1.2755734143538673,0.5
catboost_abcd,5.0,1,AMD,oot,1.2107843137254901,-13.198512003141927,126.36853859142593,0.32075471698113206,1.1169778682811267,0.29411764705882354
catboost_abcd,5.0,1,AMD,wf_2022,0.497983870967742,4.452215762061895,246.0504075892045,0.0784313725490196,1.2408005253487984,0.25
catboost_abcd,5.0,1,AMD,wf_2023,0.812416486792065,2.3317610210367423,188.6372168945083,1.3529411764705883,1.090074810413092,0.8405797101449275
catboost_abcd,5.0,1,AMD,wf_2024,1.4273381294964032,-9.872669478587117,11.252733864377529,0.19607843137254902,1.2603776185434032,0.5
catboost_abcd,5.0,1,AMD,wf_2025,1.5268703898840883,-18.603197390875128,48.95949995794568,0.38235294117647056,2.988496365888136,0.46153846153846156
catboost_abcd,5.0,1,KGS,oot,1.3722222222222225,-10.93634395855364,127.95269999284153,0.37735849056603776,1.6702488587416773,0.4
catboost_abcd,5.0,1,KGS,wf_2022,0.0,155.4677929752013,379.06342772675794,0.0196078431372549,0.0,0.0
catboost_abcd,5.0,1,KGS,wf_2023,0.8953091684434968,4.703244410319675,181.26599417175316,1.3137254901960784,0.8915470717485803,0.7313432835820896
catboost_abcd,5.0,1,KGS,wf_2024,1.1387755102040815,-9.609738421347348,80.01869049705013,0.27450980392156865,0.8959316698285615,0.42857142857142855
catboost_abcd,5.0,1,KGS,wf_2025,1.352941176470588,-20.192139306076424,49.83910211129539,0.4117647058823529,2.4566637979440564,0.2857142857142857
catboost_abcd,5.0,1,KZT,oot,1.3380281690140847,-12.434407085616469,218.9756070881632,0.24528301886792453,1.5462168232335964,0.46153846153846156
catboost_abcd,5.0,1,KZT,wf_2022,0.0,234.29812597868693,113.84396571806121,0.0196078431372549,0.0,0.0
catboost_abcd,5.0,1,KZT,wf_2023,1.0067934782608694,1.7189069354709745,201.41671028522657,1.2549019607843137,1.0429539845982534,0.765625
catboost_abcd,5.0,1,KZT,wf_2024,1.1573333333333333,-11.284155755463175,84.31570784950715,0.23529411764705882,0.880594957067321,0.16666666666666666
catboost_abcd,5.0,1,KZT,wf_2025,1.1500000000000001,-23.228101728097105,163.9514879913806,0.35294117647058826,1.1554772921906313,0.3333333333333333
catboost_abcd,5.0,1,TJS,oot,1.352,-7.813190957411604,122.4653635743067,0.3584905660377358,1.0452982073117278,0.47368421052631576
catboost_abcd,5.0,1,TJS,wf_2022,0.0,105.00398499867336,277.586919977586,0.0392156862745098,0.0,0.0
catboost_abcd,5.0,1,TJS,wf_2023,0.8281108961960026,5.916739797116187,134.95939676820907,1.0784313725490196,1.1230819751736094,0.7636363636363637
catboost_abcd,5.0,1,TJS,wf_2024,1.32620320855615,-12.621194722759872,83.2032413752004,0.21568627450980393,1.0246907085631871,0.36363636363636365
catboost_abcd,5.0,1,TJS,wf_2025,1.3416666666666666,-14.756975859530508,42.77382359722193,0.29411764705882354,3.939051394880384,0.4
catboost_abcd,5.0,1,UZS,oot,1.2573529411764706,-17.22112101177513,154.76498163713882,0.24528301886792453,1.4332343061505497,0.46153846153846156
catboost_abcd,5.0,1,UZS,wf_2022,0.0,97.54017760691698,298.0539397303472,0.058823529411764705,0.0,0.0
catboost_abcd,5.0,1,UZS,wf_2023,0.8607239208633094,3.8237435777326203,154.67975225167964,1.2549019607843137,1.0379900446478454,0.8125
catboost_abcd,5.0,1,UZS,wf_2024,1.2955223880597015,-15.64950761703632,80.0709312872283,0.19607843137254902,0.8380064756240906,0.2
catboost_abcd,5.0,1,UZS,wf_2025,1.4907407407407407,-16.02843910346809,62.95688670658883,0.35294117647058826,3.827765895431576,0.3333333333333333
level,,1,AMD,oot,0.8910533910533909,11.807055949505164,134.72902622787035,0.7924528301886793,1.2517564664843552,0.8095238095238095
level,,1,AMD,wf_2022,0.8714717741935485,22.537015775913982,525.3528468486912,0.6274509803921569,1.5444723819916983,0.84375
level,,1,AMD,wf_2023,0.6306382978723405,3.4886982458481435,172.85141293372442,0.49019607843137253,1.0924267451629937,0.92
level,,1,AMD,wf_2024,0.8283658787255911,17.620047115402073,324.91459407336777,0.5490196078431373,1.2943486384361507,0.8571428571428571
level,,1,AMD,wf_2025,1.052615193026152,4.916240691530683,247.33999262281878,2.588235294117647,1.0976360927516975,0.8863636363636364
level,,1,KGS,oot,0.8306010928961749,9.126877173037894,146.45654781022867,1.150943396226415,1.1526946486334348,0.8524590163934426
level,,1,KGS,wf_2022,0.8606271777003485,39.78623137582037,507.89916564686126,0.8235294117647058,2.88600187705074,0.8095238095238095
level,,1,KGS,wf_2023,0.8821428571428571,6.551338004409975,200.06988469025933,0.27450980392156865,0.9333141559003045,0.8571428571428571
level,,1,KGS,wf_2024,1.0467532467532468,22.042430032109362,349.221840334083,0.43137254901960786,1.1882597160441033,0.8181818181818182
level,,1,KGS,wf_2025,1.0044563279857397,4.008034438362759,248.7383457503136,2.911764705882353,1.0730316508329036,0.9090909090909091
level,,1,KZT,oot,1.1901408450704225,25.931616284346802,218.9756070881632,0.3584905660377358,1.3909712320344405,0.6842105263157895
level,,1,KZT,wf_2022,0.7097701149425287,41.16863303787176,545.6508559596725,1.0,2.1747891496644556,0.8431372549019608
level,,1,KZT,wf_2023,0.937543133195307,12.092788963708546,125.13853020470921,0.4117647058823529,1.408776972396428,0.8571428571428571
level,,1,KZT,wf_2024,0.9258666666666667,3.881562318770434,395.8538230620349,0.8823529411764706,0.9934635256689685,0.9777777777777777
level,,1,KZT,wf_2025,1.1,9.768505708177267,265.3008354227282,3.3823529411764706,1.3589816399932002,0.8695652173913043
level,,1,TJS,oot,0.9315428571428571,5.902711836100091,141.78159849274618,1.320754716981132,1.0642976379129876,0.8571428571428571
level,,1,TJS,wf_2022,0.9669211195928752,41.22205813593298,519.4456113158918,0.7647058823529411,10.763892415209366,0.8717948717948718
level,,1,TJS,wf_2023,0.729905437352246,9.314355143191973,70.70418778673427,0.23529411764705882,1.6121861481401782,0.9166666666666666
level,,1,TJS,wf_2024,0.911764705882353,13.82751281860776,424.73423125200304,0.5882352941176471,0.8692581202322216,0.8333333333333334
level,,1,TJS,wf_2025,0.8468992248062016,6.110612863982558,292.99327574416515,1.2647058823529411,1.0815763315006361,0.9534883720930233
level,,1,UZS,oot,0.9266206482593038,12.3161485381036,173.75189038400262,0.9245283018867925,1.3322346374301492,0.7755102040816326
level,,1,UZS,wf_2022,0.8122031421264159,24.439080670419848,501.4564144090361,0.9019607843137255,1.7425707211334485,0.8478260869565217
level,,1,UZS,wf_2023,0.592326139088729,3.444230856436126,166.983789040982,0.5294117647058824,1.0027544198720337,0.9259259259259259
level,,1,UZS,wf_2024,0.9435177055896986,6.9098144480407475,346.4670318502469,1.0,1.1172630992733346,0.8823529411764706
level,,1,UZS,wf_2025,1.0607193732193732,7.030106774043913,275.74757684083795,2.2941176470588234,1.095091418640325,0.8846153846153846
logreg_a,5.0,1,AMD,oot,0.9356060606060606,-8.747906382481611,159.55191210229037,0.7169811320754716,0.8830232935968085,0.5789473684210527
logreg_a,5.0,1,AMD,wf_2022,1.991935483870968,-64.01241099282029,0.0,0.0392156862745098,16.803615059968664,0.0
logreg_a,5.0,1,AMD,wf_2023,0.5005065856129686,-15.167056208529791,65.76435726362018,0.13725490196078433,1.5564074353903323,0.0
logreg_a,5.0,1,AMD,wf_2024,0.9991366906474822,-2.067490255143811,129.55198555340442,0.9803921568627451,1.4227678261427807,0.7
logreg_a,5.0,1,AMD,wf_2025,1.0024906600249066,-14.732344443095132,146.61782660201905,0.6470588235294118,1.0338579081183226,0.45454545454545453
logreg_a,5.0,1,KGS,oot,1.0555555555555556,0.08589924507806934,56.86729549774672,0.07547169811320754,2.0713279228185946,0.0
logreg_a,5.0,1,KGS,wf_2022,,,,0.0,,
logreg_a,5.0,1,KGS,wf_2023,0.8821428571428571,-17.007886808031817,70.0895051036432,0.11764705882352941,1.7114013055831079,0.0
logreg_a,5.0,1,KGS,wf_2024,0.9358490566037735,-5.917406471959152,102.47122554682149,1.0392156862745099,1.2141023872605006,0.7169811320754716
logreg_a,5.0,1,KGS,wf_2025,0.7533422459893048,-20.9031258421466,133.43387694028542,0.6470588235294118,0.8615297638264906,0.2727272727272727
logreg_a,5.0,1,KZT,oot,1.391549295774648,-16.12618883851913,89.71670057911885,0.09433962264150944,2.050685373746411,0.2
logreg_a,5.0,1,KZT,wf_2022,,,,0.0,,
logreg_a,5.0,1,KZT,wf_2023,1.1932367149758452,-17.672766518240174,98.05357124180291,0.17647058823529413,1.4798673570603138,0.0
logreg_a,5.0,1,KZT,wf_2024,0.868,-5.548508812124875,119.70261963049215,0.9411764705882353,1.4664955176265193,0.6041666666666666
logreg_a,5.0,1,KZT,wf_2025,0.8846153846153847,-24.083749471212833,138.13448746221036,0.7647058823529411,1.1617582053749653,0.38461538461538464
logreg_a,5.0,1,TJS,oot,1.374608695652174,-9.805806111435672,201.72935492670817,0.8867924528301887,0.7443537482911535,0.574468085106383
logreg_a,5.0,1,TJS,wf_2022,0.9427480916030534,-11.158887395196214,80.36723505601584,0.0392156862745098,3.9469635582474427,0.0
logreg_a,5.0,1,TJS,wf_2023,0.5839243498817968,-16.32771780169332,70.52955954605756,0.11764705882352941,1.1306293317963407,0.0
logreg_a,5.0,1,TJS,wf_2024,1.1305882352941177,-2.077085426445913,175.2065311292631,0.9803921568627451,1.8077566197739636,0.68
logreg_a,5.0,1,TJS,wf_2025,1.0648148148148149,-13.501050729523055,161.87361402950074,0.7941176470588235,1.124097906380312,0.5185185185185185
logreg_a,5.0,1,UZS,oot,0.9080882352941176,-32.631932624536674,83.10971450158355,0.07547169811320754,1.4375022089910774,0.0
logreg_a,5.0,1,UZS,wf_2022,,,,0.0,,
logreg_a,5.0,1,UZS,wf_2023,0.5077081192189106,-18.079911157158346,79.12334332897953,0.13725490196078433,0.9020374837785912,0.0
logreg_a,5.0,1,UZS,wf_2024,0.9253731343283582,-7.652744423407413,189.8871464386572,0.9411764705882353,1.1589316740992137,0.6666666666666666
logreg_a,5.0,1,UZS,wf_2025,0.8131313131313131,-20.55032899706362,133.0214785509476,0.6470588235294118,1.0519952211610635,0.2727272727272727
logreg_ab,5.0,1,AMD,oot,,,,0.0,,
logreg_ab,5.0,1,AMD,wf_2022,1.3279569892473118,4.176758929519038,54.41158477339059,0.11764705882352941,18.22670506114291,0.0
logreg_ab,5.0,1,AMD,wf_2023,,,,0.0,,
logreg_ab,5.0,1,AMD,wf_2024,1.0258992805755396,-5.946502231630957,104.97291976390821,0.7843137254901961,1.5788391724188302,0.65
logreg_ab,5.0,1,AMD,wf_2025,,,,0.0,,
logreg_ab,5.0,1,KGS,oot,,,,0.0,,
logreg_ab,5.0,1,KGS,wf_2022,1.3387533875338753,20.109887111569765,6.082988059155081,0.058823529411764705,4.1042287746309984,0.0
logreg_ab,5.0,1,KGS,wf_2023,,,,0.0,,
logreg_ab,5.0,1,KGS,wf_2024,0.8303571428571428,-5.792941581132805,82.55926696819404,0.6274509803921569,0.9859699324087808,0.59375
logreg_ab,5.0,1,KGS,wf_2025,2.3676470588235294,3.720557822581849,0.0,0.029411764705882353,2.4361328558736703,0.0
logreg_ab,5.0,1,KZT,oot,,,,0.0,,
logreg_ab,5.0,1,KZT,wf_2022,0.3871473354231975,-3.3868752708069185,376.4796879203658,0.21568627450980393,0.5775602493417242,0.7272727272727273
logreg_ab,5.0,1,KZT,wf_2023,,,,0.0,,
logreg_ab,5.0,1,KZT,wf_2024,0.992,-6.135582307424761,81.68180553726256,0.5882352941176471,2.1082491312786944,0.4666666666666667
logreg_ab,5.0,1,KZT,wf_2025,,,,0.0,,
logreg_ab,5.0,1,TJS,oot,,,,0.0,,
logreg_ab,5.0,1,TJS,wf_2022,1.5083969465648857,24.966330881072693,80.36723505601584,0.19607843137254902,100.99202513350406,0.0
logreg_ab,5.0,1,TJS,wf_2023,,,,0.0,,
logreg_ab,5.0,1,TJS,wf_2024,1.2018716577540107,-4.440846258568902,87.35701355916763,0.8627450980392157,1.6035332934201132,0.6136363636363636
logreg_ab,5.0,1,TJS,wf_2025,1.2777777777777777,-9.881836241063533,14.996883025577556,0.08823529411764706,1.0795562693897804,0.3333333333333333
logreg_ab,5.0,1,UZS,oot,,,,0.0,,
logreg_ab,5.0,1,UZS,wf_2022,1.0378151260504203,4.243752431442372,848.1230869016821,0.19607843137254902,0.574870499818798,0.3
logreg_ab,5.0,1,UZS,wf_2023,,,,0.0,,
logreg_ab,5.0,1,UZS,wf_2024,1.0796019900497513,-5.441958060938141,58.21284225497769,0.47058823529411764,2.053793764809509,0.4166666666666667
logreg_ab,5.0,1,UZS,wf_2025,0.7453703703703703,-11.43107717187138,66.02899957794506,0.08823529411764706,0.7925154891657523,0.6666666666666666
logreg_abc,5.0,1,AMD,oot,1.1695075757575757,-29.05872768220685,126.36853859142593,0.1509433962264151,1.007589427984042,0.125
logreg_abc,5.0,1,AMD,wf_2022,1.991935483870968,62.578062449960555,0.0,0.0196078431372549,4.724556509882456,0.0
logreg_abc,5.0,1,AMD,wf_2023,,,,0.0,,
logreg_abc,5.0,1,AMD,wf_2024,,,,0.0,,
logreg_abc,5.0,1,AMD,wf_2025,,,,0.0,,
logreg_abc,5.0,1,KGS,oot,1.1728395061728396,-15.58240932482697,127.95269999284153,0.33962264150943394,1.880697850358498,0.5
logreg_abc,5.0,1,KGS,wf_2022,2.008130081300813,59.600706188804864,0.0,0.0196078431372549,4.322357563137863,0.0
logreg_abc,5.0,1,KGS,wf_2023,,,,0.0,,
logreg_abc,5.0,1,KGS,wf_2024,,,,0.0,,
logreg_abc,5.0,1,KGS,wf_2025,,,,0.0,,
logreg_abc,5.0,1,KZT,oot,1.391549295774648,-19.631205669283112,62.155042649272296,0.09433962264150944,2.170337908479627,0.4
logreg_abc,5.0,1,KZT,wf_2022,,,,0.0,,
logreg_abc,5.0,1,KZT,wf_2023,,,,0.0,,
logreg_abc,5.0,1,KZT,wf_2024,,,,0.0,,
logreg_abc,5.0,1,KZT,wf_2025,,,,0.0,,
logreg_abc,5.0,1,TJS,oot,1.2027826086956523,-16.45093871312668,248.8423274218876,0.4528301886792453,0.6075863821473251,0.3333333333333333
logreg_abc,5.0,1,TJS,wf_2022,1.8854961832061068,61.99794243952006,0.0,0.0196078431372549,4.455120422760178,0.0
logreg_abc,5.0,1,TJS,wf_2023,,,,0.0,,
logreg_abc,5.0,1,TJS,wf_2024,,,,0.0,,
logreg_abc,5.0,1,TJS,wf_2025,1.2777777777777777,-26.96633353430215,181.76560759842087,0.08823529411764706,0.8609139190222546,0.3333333333333333
logreg_abc,5.0,1,UZS,oot,1.1098856209150327,-20.328983664127385,136.40819396854243,0.33962264150943394,1.8690665516204517,0.6111111111111112
logreg_abc,5.0,1,UZS,wf_2022,1.3837535014005602,196.8801210906923,13.220318224227423,0.058823529411764705,27.77212091101193,0.0
logreg_abc,5.0,1,UZS,wf_2023,,,,0.0,,
logreg_abc,5.0,1,UZS,wf_2024,,,,0.0,,
logreg_abc,5.0,1,UZS,wf_2025,,,,0.0,,
logreg_abcd,5.0,1,AMD,oot,,,,0.0,,
logreg_abcd,5.0,1,AMD,wf_2022,0.6337976539589443,18.04018844589149,625.2110551170009,0.8627450980392157,1.086478858985933,0.6818181818181818
logreg_abcd,5.0,1,AMD,wf_2023,,,,0.0,,
logreg_abcd,5.0,1,AMD,wf_2024,1.115107913669065,-3.4462347159198523,219.55945855039127,0.47058823529411764,0.6835681136019051,0.5
logreg_abcd,5.0,1,AMD,wf_2025,0.902241594022416,-7.4569018713282,190.4706559532221,0.6470588235294118,0.897710341371687,0.5
logreg_abcd,5.0,1,KGS,oot,,,,0.0,,
logreg_abcd,5.0,1,KGS,wf_2022,0.6477838971938107,17.695130890135225,529.238591331832,0.6078431372549019,0.6242776324496533,0.6774193548387096
logreg_abcd,5.0,1,KGS,wf_2023,,,,0.0,,
logreg_abcd,5.0,1,KGS,wf_2024,0.3936507936507936,-1.6127522171560666,109.67699419135445,0.17647058823529413,0.4599813860347172,0.4444444444444444
logreg_abcd,5.0,1,KGS,wf_2025,1.1838235294117647,-14.41201254195159,181.69888457073347,0.35294117647058826,1.238445373967904,0.3333333333333333
logreg_abcd,5.0,1,KZT,oot,,,,0.0,,
logreg_abcd,5.0,1,KZT,wf_2022,0.42586206896551726,26.558162234909936,394.2023260512084,0.49019607843137253,1.3827876699499664,0.68
logreg_abcd,5.0,1,KZT,wf_2023,,,,0.0,,
logreg_abcd,5.0,1,KZT,wf_2024,0.9156923076923077,0.68517802893067,79.04790322501798,0.2549019607843137,1.3421278883697192,0.38461538461538464
logreg_abcd,5.0,1,KZT,wf_2025,2.3000000000000003,-35.79075192534975,0.0,0.029411764705882353,4.392331346359345,0.0
logreg_abcd,5.0,1,TJS,oot,,,,0.0,,
logreg_abcd,5.0,1,TJS,wf_2022,1.1998612074947952,37.49055379545815,291.3496459844844,0.43137254901960786,2.598292458705337,0.5454545454545454
logreg_abcd,5.0,1,TJS,wf_2023,,,,0.0,,
logreg_abcd,5.0,1,TJS,wf_2024,1.0420168067226891,0.15475805851742713,252.97271895434514,0.4117647058823529,0.5207619926891079,0.6190476190476191
logreg_abcd,5.0,1,TJS,wf_2025,1.15,-8.822684610952257,181.76560759842087,0.29411764705882354,1.6128046245896384,0.4
logreg_abcd,5.0,1,UZS,oot,,,,0.0,,
logreg_abcd,5.0,1,UZS,wf_2022,0.6170792641380877,27.281748050292656,785.8092140627771,0.7254901960784313,0.7842284062705238,0.6216216216216216
logreg_abcd,5.0,1,UZS,wf_2023,,,,0.0,,
logreg_abcd,5.0,1,UZS,wf_2024,0.9253731343283582,1.9023264701198024,156.80854853072245,0.27450980392156865,0.6395673466286407,0.6428571428571429
logreg_abcd,5.0,1,UZS,wf_2025,1.1180555555555556,-11.056801009111217,168.94764350364744,0.29411764705882354,1.2998838110501034,0.3
momentum,,1,AMD,oot,0.8316498316498315,21.549467080489002,128.49437506535332,0.6792452830188679,1.5211330804101528,0.5277777777777778
momentum,,1,AMD,wf_2022,0.6639784946236559,44.43673365075664,517.6899307614387,1.0,2.6442531311457773,0.6666666666666666
momentum,,1,AMD,wf_2023,0.7507598784194529,24.481647993504097,283.9829016401096,0.6862745098039216,1.3058005285538528,0.5428571428571428
momentum,,1,AMD,wf_2024,1.011031175059952,30.31890231549339,310.60331559781605,0.5882352941176471,1.8334903737410906,0.43333333333333335
momentum,,1,AMD,wf_2025,1.1027397260273972,28.638560928505125,268.0259257027329,0.7058823529411765,1.510148617740023,0.5
momentum,,1,KGS,oot,0.8616780045351474,19.465037516692682,168.79659462954555,0.9245283018867925,1.433784427107339,0.5714285714285714
momentum,,1,KGS,wf_2022,0.8406125921724334,56.27849772104008,437.03610411041836,0.8431372549019608,3.6044787681173758,0.5581395348837209
momentum,,1,KGS,wf_2023,0.7264705882352941,20.731489812966995,208.38701854178578,0.6666666666666666,1.911863180758896,0.5588235294117647
momentum,,1,KGS,wf_2024,0.9714285714285713,27.929953947007313,292.87165065835507,0.6078431372549019,1.7694930707986536,0.45161290322580644
momentum,,1,KGS,wf_2025,1.0522875816993462,28.739372657048648,315.1844587969588,0.7941176470588235,1.2440143644213153,0.5555555555555556
momentum,,1,KZT,oot,0.7730829420970265,26.184863480110792,140.102020659163,0.5094339622641509,1.3953740773478138,0.5185185185185185
momentum,,1,KZT,wf_2022,0.7097701149425287,29.47320342238462,451.4259649125981,0.8823529411764706,1.7111916130447153,0.6444444444444445
momentum,,1,KZT,wf_2023,0.9588509316770185,27.60821982767305,254.46904847061916,0.5490196078431373,2.1723260575883003,0.4642857142857143
momentum,,1,KZT,wf_2024,1.0879999999999999,24.203276862410046,297.7563151270002,0.6078431372549019,1.9101014724348802,0.45161290322580644
momentum,,1,KZT,wf_2025,1.2880000000000003,38.736059734103456,184.9128481811635,0.7352941176470589,2.1307205032887437,0.44
momentum,,1,TJS,oot,0.8675121951219512,19.272382476915386,164.4761943809366,0.7735849056603774,1.5480140901087616,0.5365853658536586
momentum,,1,TJS,wf_2022,0.70706106870229,38.22385645577017,436.5009134641218,0.7843137254901961,3.0976854081071754,0.625
momentum,,1,TJS,wf_2023,0.8211436170212767,23.954274583874586,211.23832968816038,0.6274509803921569,1.8382937056613606,0.5
momentum,,1,TJS,wf_2024,0.8581314878892734,17.120213278979914,290.7894090877816,0.6666666666666666,1.2241906085022174,0.5294117647058824
momentum,,1,TJS,wf_2025,1.078125,36.227101540645265,335.06989842100097,0.47058823529411764,1.6114755922374144,0.4375
momentum,,1,UZS,oot,0.6053921568627451,21.397763689393084,189.27938027845204,0.6792452830188679,1.3059403053199665,0.6388888888888888
momentum,,1,UZS,wf_2022,0.7049310290153797,36.45508892284441,739.5245447545914,1.0392156862745099,1.0456298167767666,0.6415094339622641
momentum,,1,UZS,wf_2023,0.7290167865707434,23.82185092862941,209.52197051283594,0.7647058823529411,1.6532388458874134,0.5641025641025641
momentum,,1,UZS,wf_2024,0.8460554371002132,22.837902740511073,297.5205252584012,0.6862745098039216,1.5685445681152834,0.5428571428571428
momentum,,1,UZS,wf_2025,1.431111111111111,38.11053980321777,283.0676084501904,0.7352941176470589,1.7624692804372866,0.36
random,,1,AMD,oot,1.0754092650644373,-1.097814226102141,180.1504964474221,1.6603773584905661,1.031251897154535,0.5795454545454546
random,,1,AMD,wf_2022,1.10663082437276,21.563304981849104,367.4408690480138,1.588235294117647,2.2187717272916903,0.48148148148148145
random,,1,AMD,wf_2023,1.0744208037825058,4.634848109578358,203.64826588698372,1.4705882352941178,1.0301990894759463,0.4266666666666667
random,,1,AMD,wf_2024,1.0903277378097525,2.594431120113989,196.0526991603948,1.7647058823529411,0.9412898796675319,0.5444444444444444
random,,1,AMD,wf_2025,1.1027397260273972,7.243015739718185,230.98365359016586,1.5294117647058822,1.0584594352058048,0.4807692307692308
random,,1,KGS,oot,1.1932367149758454,-0.17038320292574818,160.01254348798733,1.320754716981132,1.2899531435518914,0.42857142857142855
random,,1,KGS,wf_2022,0.8527675687715781,-19.597176220190676,720.1652008928711,1.4313725490196079,0.4213398771826263,0.4657534246575342
random,,1,KGS,wf_2023,1.0910714285714287,8.601914625190332,157.7306838126452,1.4901960784313726,1.267380160881429,0.42105263157894735
random,,1,KGS,wf_2024,1.018062397372742,-1.0121742374941696,192.39261658230913,1.7058823529411764,1.0391219186569498,0.5517241379310345
random,,1,KGS,wf_2025,1.056985294117647,4.155439059498472,171.20360749350343,1.6470588235294117,1.1959838823444047,0.5535714285714286
random,,1,KZT,oot,0.8797150720414442,-1.0843472438151918,264.2602639275857,1.6415094339622642,0.8594296052749112,0.5057471264367817
random,,1,KZT,wf_2022,0.9408580593424218,10.340389921924682,478.33157188378374,1.6862745098039216,0.9296530024047819,0.5232558139534884
random,,1,KZT,wf_2023,1.1216425120772946,6.440051538311352,256.25116143990437,1.4705882352941178,1.022960564257105,0.44
random,,1,KZT,wf_2024,0.9336470588235294,-3.660724026566107,357.76452604553924,1.3333333333333333,0.45148818931906204,0.4411764705882353
random,,1,KZT,wf_2025,0.887719298245614,-10.34121796095479,322.8214614877093,1.6764705882352942,0.6502566151063932,0.5263157894736842
random,,1,TJS,oot,1.0286027397260273,-9.1198002268494,285.83707495589306,1.3773584905660377,0.7448547239631194,0.5068493150684932
random,,1,TJS,wf_2022,1.168476507902376,48.810752618900814,384.23787408855657,1.392156862745098,8.610826651480577,0.4507042253521127
random,,1,TJS,wf_2023,1.1094562647754138,3.54390708588052,256.5294784358955,1.1764705882352942,0.8620009877588075,0.36666666666666664
random,,1,TJS,wf_2024,0.8313148788927336,-4.315636854792232,225.6862214666716,1.3333333333333333,1.074358226448087,0.4264705882352941
random,,1,TJS,wf_2025,1.0720338983050848,-1.0662785484784263,202.4327608391019,1.7352941176470589,1.1967737272631875,0.559322033898305
random,,1,UZS,oot,0.8936741363211951,1.7426679066036832,151.0722127555497,1.1886792452830188,0.9661438583736083,0.3968253968253968
random,,1,UZS,wf_2022,1.325402450136681,23.344495957113143,351.2350945376621,1.6274509803921569,2.6471544035312617,0.5903614457831325
random,,1,UZS,wf_2023,1.0490595475426887,-2.686583741219142,277.3627145040591,1.6274509803921569,0.7947285112394581,0.5301204819277109
random,,1,UZS,wf_2024,1.015653440116491,-0.08585041791582353,241.11120115028092,1.607843137254902,1.1044878009852428,0.4878048780487805
random,,1,UZS,wf_2025,0.8385416666666666,-5.633838486853912,252.98478555336587,1.411764705882353,0.6998141243793294,0.5
reversal,,1,AMD,oot,1.1227272727272726,-19.518053116706515,126.36853859142593,0.18867924528301888,1.474022143748145,0.0
reversal,,1,AMD,wf_2022,1.2675953079178885,-64.10806009157301,463.16730650506344,0.21568627450980393,2.217849864317899,0.0
reversal,,1,AMD,wf_2023,0.5005065856129686,-15.167056208529791,65.76435726362018,0.13725490196078433,1.505910043188138,0.0
reversal,,1,AMD,wf_2024,0.973185088293002,-11.381867970326324,65.83696812764384,0.21568627450980393,3.089502628360119,0.0
reversal,,1,AMD,wf_2025,1.2029887920298878,-21.68622165675846,172.71690690458863,0.3235294117647059,1.239797488207799,0.09090909090909091
reversal,,1,KGS,oot,0.7676767676767677,-18.125553834593287,127.95269999284153,0.20754716981132076,1.019199077063818,0.0
reversal,,1,KGS,wf_2022,1.5060975609756098,-78.08940948979809,180.36658486427103,0.23529411764705882,8.171454089695368,0.0
reversal,,1,KGS,wf_2023,0.8821428571428571,-17.007886808031817,70.0895051036432,0.11764705882352941,1.5620690428134862,0.0
reversal,,1,KGS,wf_2024,1.107142857142857,-14.721988055631378,56.38028749043844,0.1568627450980392,2.866214258725919,0.0
reversal,,1,KGS,wf_2025,0.8878676470588235,-25.220980936556735,181.69888457073347,0.47058823529411764,0.8910761951244411,0.125
reversal,,1,KZT,oot,1.3528951486697967,-9.447884811762334,218.9756070881632,0.16981132075471697,1.3993097289698015,0.1111111111111111
reversal,,1,KZT,wf_2022,1.146551724137931,-41.488734026408416,244.16987590928585,0.2549019607843137,5.863568154998704,0.15384615384615385
reversal,,1,KZT,wf_2023,1.1932367149758452,-17.672766518240174,98.05357124180291,0.17647058823529413,1.42703418080178,0.0
reversal,,1,KZT,wf_2024,1.6232727272727274,-4.324746965277201,79.04790322501798,0.21568627450980393,6.314729202225793,0.0
reversal,,1,KZT,wf_2025,0.8846153846153847,-39.06568083638036,162.1233129380628,0.38235294117647056,1.517297460698013,0.07692307692307693
reversal,,1,TJS,oot,0.988,-22.218245118052852,122.4653635743067,0.22641509433962265,1.0694656133585545,0.0
reversal,,1,TJS,wf_2022,1.450381679389313,-55.47488923494984,1591.6580820487459,0.2549019607843137,0.13781949301391186,0.07692307692307693
reversal,,1,TJS,wf_2023,0.5839243498817968,-16.32771780169332,70.52955954605756,0.11764705882352941,1.266533256361836,0.0
reversal,,1,TJS,wf_2024,1.0637254901960786,-10.349864221972647,53.42752264822836,0.23529411764705882,3.6926114386411095,0.0
reversal,,1,TJS,wf_2025,0.9583333333333334,-22.985361481788537,181.76560759842087,0.29411764705882354,1.3029863523497154,0.1
reversal,,1,UZS,oot,1.0089869281045754,-25.586524719400927,83.10971450158355,0.16981132075471697,2.1491849999863817,0.0
reversal,,1,UZS,wf_2022,1.5221288515406162,-22.830908546564626,77.71327452245069,0.29411764705882354,24.45409872697906,0.06666666666666667
reversal,,1,UZS,wf_2023,0.5077081192189106,-18.079911157158346,79.12334332897953,0.13725490196078433,0.8728054805954111,0.0
reversal,,1,UZS,wf_2024,1.2955223880597015,-1.2867354851473496,25.53409504082227,0.19607843137254902,4.65311459694035,0.0
reversal,,1,UZS,wf_2025,0.978298611111111,-23.96946134035842,168.94764350364744,0.47058823529411764,1.0921791761212043,0.125
seasonality,,1,AMD,oot,0.9356060606060606,1.4142197345226037,132.74561654448365,0.9433962264150944,1.1210930868119868,0.84
seasonality,,1,AMD,wf_2022,0.8130348913759052,13.535677611445466,621.1147238355749,0.9607843137254902,1.1165256803658339,0.8367346938775511
seasonality,,1,AMD,wf_2023,1.0218676122931443,0.9178276703232978,166.14834145050568,0.9411764705882353,1.1387501834325253,0.8333333333333334
seasonality,,1,AMD,wf_2024,0.9991366906474822,4.242842597765506,129.55198555340442,0.9803921568627451,1.2378821884933253,0.84
seasonality,,1,AMD,wf_2025,0.9286229271809661,-0.8107437169044708,186.6756871262687,1.1176470588235294,0.9474858424054527,0.8421052631578947
seasonality,,1,KGS,oot,1.0826210826210825,-1.2134175942358796,183.77418715195716,0.7358490566037735,1.155383415899308,0.8205128205128205
seasonality,,1,KGS,wf_2022,1.0987881576928977,11.150648109020374,737.4165225175599,1.0392156862745099,0.6910970371070894,0.7924528301886793
seasonality,,1,KGS,wf_2023,0.9390552995391704,2.8609061027973404,163.87721145962263,1.2156862745098038,0.9873043549294738,0.8064516129032258
seasonality,,1,KGS,wf_2024,0.916256157635468,0.5816419882114389,102.47122554682149,1.1372549019607843,1.1453356312402094,0.8275862068965517
seasonality,,1,KGS,wf_2025,1.087837837837838,3.3276685677378346,221.31071957580238,1.088235294117647,1.1466860666414789,0.8108108108108109
seasonality,,1,KZT,oot,0.8362676056338029,-6.034771840216503,242.16431306186632,0.9811320754716981,0.9468000342815938,0.8269230769230769
seasonality,,1,KZT,wf_2022,1.1650943396226414,7.998215961112519,524.5879284723673,1.0392156862745099,1.0619186455067848,0.8301886792452831
seasonality,,1,KZT,wf_2023,0.9404323262097765,1.1906031478313297,251.647756880109,1.1568627450980393,0.9117251620587106,0.847457627118644
seasonality,,1,KZT,wf_2024,0.8857142857142858,-0.10621026911826371,149.72798547323214,1.0980392156862746,1.1404033792811765,0.8214285714285714
seasonality,,1,KZT,wf_2025,1.2075,-0.852533871922273,300.83213899501084,1.1764705882352942,0.7760221601872692,0.825
seasonality,,1,TJS,oot,1.374608695652174,-2.5949680893734377,187.6278061762345,0.8867924528301887,0.8250136595937194,0.7872340425531915
seasonality,,1,TJS,wf_2022,0.9427480916030534,-6.184247724227987,804.8357487982339,0.9411764705882353,0.8385835504945754,0.8125
seasonality,,1,TJS,wf_2023,0.8758865248226951,1.2101198532414366,176.13331655256692,0.9411764705882353,1.0370732989338614,0.8333333333333334
seasonality,,1,TJS,wf_2024,1.1084198385236448,4.250830036698307,198.47590719366409,1.0,1.67516029078149,0.8235294117647058
seasonality,,1,TJS,wf_2025,1.1035353535353536,-2.4380385956300543,246.00135430085766,0.9705882352941176,1.0564792757953214,0.8484848484848485
seasonality,,1,UZS,oot,0.9459252450980393,0.29425174054273,190.78950119755098,0.9056603773584906,1.0662451571860325,0.8333333333333334
seasonality,,1,UZS,wf_2022,0.9978991596638656,4.134122919970223,561.2718743093052,1.0196078431372548,1.1967174962329288,0.8269230769230769
seasonality,,1,UZS,wf_2023,1.0859312549960034,2.8790829896101977,159.64560376187913,1.0588235294117647,1.0970791759365788,0.8333333333333334
seasonality,,1,UZS,wf_2024,0.8568269762299614,-1.6855042502619721,276.9659636510339,1.0588235294117647,1.0071222487203089,0.8333333333333334
seasonality,,1,UZS,wf_2025,1.081989247311828,2.8857426352757813,248.96526924766627,0.9117647058823529,0.9915805393034319,0.8064516129032258
catboost_a,5.0,3,AMD,oot,,,,0.0,,
catboost_a,5.0,3,AMD,wf_2022,,,,0.0,,
catboost_a,5.0,3,AMD,wf_2023,0.6301020408163265,32.209812393233825,298.7104823417597,0.13725490196078433,1.1335666928051726,0.0
catboost_a,5.0,3,AMD,wf_2024,0.8316831683168315,16.769324894598956,577.4706223220816,1.2156862745098038,0.8115890195671176,0.7741935483870968
catboost_a,5.0,3,AMD,wf_2025,1.2196969696969697,-9.31151892424956,317.64481962121783,0.6470588235294118,0.8303714430465735,0.45454545454545453
catboost_a,5.0,3,KGS,oot,,,,0.0,,
catboost_a,5.0,3,KGS,wf_2022,,,,0.0,,
catboost_a,5.0,3,KGS,wf_2023,0.7417417417417417,3.09341403753216,289.02311186542073,0.11764705882352941,0.8922688448896227,0.0
catboost_a,5.0,3,KGS,wf_2024,0.8584615384615384,11.28470767668926,459.83345567878536,1.4705882352941178,1.4751677512810772,0.76
catboost_a,5.0,3,KGS,wf_2025,0.5933660933660934,-15.885544619723136,345.608302655942,0.6470588235294118,0.44483346586737116,0.2727272727272727
catboost_a,5.0,3,KZT,oot,,,,0.0,,
catboost_a,5.0,3,KZT,wf_2022,,,,0.0,,
catboost_a,5.0,3,KZT,wf_2023,0.8233333333333334,16.149864664400198,164.87247650883052,0.17647058823529413,1.0495096452255468,0.0
catboost_a,5.0,3,KZT,wf_2024,0.8734012974976831,17.06206617364716,491.1255855553526,1.2745098039215685,1.3170950124960004,0.7692307692307693
catboost_a,5.0,3,KZT,wf_2025,0.6351084812623274,-22.378122024398184,416.95431450315067,0.7647058823529411,0.4685840497508814,0.38461538461538464
catboost_a,5.0,3,TJS,oot,,,,0.0,,
catboost_a,5.0,3,TJS,wf_2022,2.271264367816092,214.11744005729778,751.9102206849304,0.09803921568627451,88.39076921380587,0.0
catboost_a,5.0,3,TJS,wf_2023,0.3742424242424242,4.159088630285948,289.5604920373307,0.11764705882352941,0.4291002498257017,0.0
catboost_a,5.0,3,TJS,wf_2024,0.9672967296729672,15.32819340349686,578.8750525642572,1.2941176470588236,1.0673847282096218,0.7575757575757576
catboost_a,5.0,3,TJS,wf_2025,1.0841750841750841,-10.6254953201613,352.42910287523466,0.7941176470588235,0.8907836950200998,0.5185185185185185
catboost_a,5.0,3,UZS,oot,,,,0.0,,
catboost_a,5.0,3,UZS,wf_2022,,,,0.0,,
catboost_a,5.0,3,UZS,wf_2023,0.3207792207792208,7.609278048556091,291.92918632415797,0.13725490196078433,0.3730465883165694,0.0
catboost_a,5.0,3,UZS,wf_2024,0.8928162330224185,8.013970957563236,688.8313655374278,1.2352941176470589,0.510538703588471,0.8095238095238095
catboost_a,5.0,3,UZS,wf_2025,0.9147727272727273,-12.13643844196366,365.1847485929005,0.6470588235294118,0.8023705394402555,0.2727272727272727
catboost_ab,5.0,3,AMD,oot,1.2290969899665551,-1.326390041022256,132.34971948907992,0.24528301886792453,0.8741853215302029,0.46153846153846156
catboost_ab,5.0,3,AMD,wf_2022,0.817279411764706,17.674207318815917,993.7978399937585,0.6274509803921569,0.4404493587180074,0.65625
catboost_ab,5.0,3,AMD,wf_2023,0.7957474226804123,28.545085704766798,401.60930021569374,1.9019607843137254,1.318275365322767,0.8247422680412371
catboost_ab,5.0,3,AMD,wf_2024,0.798019801980198,6.928145104507235,587.0623471191805,0.7843137254901961,0.7566870945996567,0.725
catboost_ab,5.0,3,AMD,wf_2025,,,,0.0,,
catboost_ab,5.0,3,KGS,oot,1.2997347480106103,-23.14379439157244,406.37414806059536,0.24528301886792453,1.1035651105212987,0.5384615384615384
catboost_ab,5.0,3,KGS,wf_2022,0.8910533910533911,55.92170177617608,914.469949694886,0.6470588235294118,0.8899327239182773,0.5454545454545454
catboost_ab,5.0,3,KGS,wf_2023,0.894453276806218,24.32857513700569,321.9835542778072,2.0,1.5460825488734453,0.7843137254901961
catboost_ab,5.0,3,KGS,wf_2024,0.737062937062937,11.130732378088522,524.3458739665786,1.0784313725490196,1.2269824828721647,0.7454545454545455
catboost_ab,5.0,3,KGS,wf_2025,,,,0.0,,
catboost_ab,5.0,3,KZT,oot,0.7819148936170213,-24.17946215078763,274.3989606814889,0.5660377358490566,1.2931571477262778,0.6
catboost_ab,5.0,3,KZT,wf_2022,0.9533333333333335,70.8628056981058,846.4375051656591,0.7450980392156863,1.4328174291342073,0.6578947368421053
catboost_ab,5.0,3,KZT,wf_2023,0.871764705882353,22.113045604205656,367.44273444660394,2.0,2.1164036415438328,0.803921568627451
catboost_ab,5.0,3,KZT,wf_2024,0.8427556379363609,17.19776786349668,597.9124120717039,0.7647058823529411,0.7259819262876617,0.717948717948718
catboost_ab,5.0,3,KZT,wf_2025,,,,0.0,,
catboost_ab,5.0,3,TJS,oot,1.7603550295857988,-24.135499895820505,406.2139208181237,0.5094339622641509,0.9185807243325439,0.6296296296296297
catboost_ab,5.0,3,TJS,wf_2022,0.6551724137931035,40.68110005753888,1487.566812478326,0.7647058823529411,1.8841640225862222,0.5641025641025641
catboost_ab,5.0,3,TJS,wf_2023,0.8094080338266384,27.262970926801408,363.02706171410114,1.6862745098039216,1.4749537527545846,0.7790697674418605
catboost_ab,5.0,3,TJS,wf_2024,0.7963607171527963,9.382436495696346,715.2420027669405,0.7254901960784313,0.62064819869896,0.7027027027027027
catboost_ab,5.0,3,TJS,wf_2025,,,,0.0,,
catboost_ab,5.0,3,UZS,oot,1.1096014492753623,-30.0799167270549,435.54501880033735,0.4528301886792453,0.9143516034500522,0.5
catboost_ab,5.0,3,UZS,wf_2022,0.9050632911392404,31.13924864273886,1238.206494265226,0.7450980392156863,1.1167874280603227,0.6052631578947368
catboost_ab,5.0,3,UZS,wf_2023,0.8636363636363638,25.16641576324526,349.3040052720867,2.0392156862745097,1.4694124157485076,0.8365384615384616
catboost_ab,5.0,3,UZS,wf_2024,0.672816060770483,1.406435850430535,788.5833221267292,0.7450980392156863,0.4481221108718405,0.7368421052631579
catboost_ab,5.0,3,UZS,wf_2025,,,,0.0,,
catboost_abc,5.0,3,AMD,oot,1.1983695652173914,-12.52621064130116,252.78378012523862,0.37735849056603776,0.8518852072822476,0.5
catboost_abc,5.0,3,AMD,wf_2022,0.9686274509803922,28.765961858399265,288.879017582071,0.11764705882352941,2.915510436205687,0.3333333333333333
catboost_abc,5.0,3,AMD,wf_2023,0.6616071428571428,1.7479890953038826,325.3208115638273,0.39215686274509803,1.4240006997604366,0.6
catboost_abc,5.0,3,AMD,wf_2024,,,,0.0,,
catboost_abc,5.0,3,AMD,wf_2025,0.0,-3.183744844236225,37.58537795246042,0.029411764705882353,0.0,0.0
catboost_abc,5.0,3,KGS,oot,1.2907088122605364,-3.435016281013214,198.650986950889,0.4528301886792453,2.1652361383759753,0.5416666666666666
catboost_abc,5.0,3,KGS,wf_2022,0.9047619047619049,83.07139314679583,779.7342788279593,0.2549019607843137,2.598482372678131,0.5384615384615384
catboost_abc,5.0,3,KGS,wf_2023,1.074246660453557,13.681620834142965,284.6187616226037,0.5686274509803921,1.551941739216625,0.6896551724137931
catboost_abc,5.0,3,KGS,wf_2024,2.3846153846153846,259.35344440340737,0.0,0.0196078431372549,4.841612760079764,0.0
catboost_abc,5.0,3,KGS,wf_2025,1.087837837837838,-4.8404061972343015,47.229445236256495,0.11764705882352941,0.616521732203518,0.75
catboost_abc,5.0,3,KZT,oot,0.41153415453527437,-28.40785555644674,329.8223142748147,0.3584905660377358,0.3755567976909915,0.47368421052631576
catboost_abc,5.0,3,KZT,wf_2022,1.235,58.746248414097984,607.4595789527804,0.1568627450980392,5.1655413292812735,0.5
catboost_abc,5.0,3,KZT,wf_2023,1.4408333333333334,27.77774159713115,215.5966397019582,0.23529411764705882,0.8856485391039669,0.6666666666666666
catboost_abc,5.0,3,KZT,wf_2024,,,,0.0,,
catboost_abc,5.0,3,KZT,wf_2025,,,,0.0,,
catboost_abc,5.0,3,TJS,oot,1.3789868667917449,-13.591944321768185,321.78690842957025,0.7924528301886793,1.1352660640672823,0.5714285714285714
catboost_abc,5.0,3,TJS,wf_2022,0.5161964472309301,6.7012244766522935,1678.1682660634933,0.21568627450980393,0.5975112089216178,0.45454545454545453
catboost_abc,5.0,3,TJS,wf_2023,0.8636363636363638,8.002598076968237,339.91524531330475,0.2549019607843137,1.230703186857422,0.6153846153846154
catboost_abc,5.0,3,TJS,wf_2024,,,,0.0,,
catboost_abc,5.0,3,TJS,wf_2025,0.9757575757575757,-12.681199598866451,112.65552197774475,0.17647058823529413,0.7367578950603407,0.5
catboost_abc,5.0,3,UZS,oot,1.3315217391304348,-28.124714237998937,435.54501880033735,0.4528301886792453,0.9632714959425883,0.5833333333333334
catboost_abc,5.0,3,UZS,wf_2022,0.8527042577675488,27.505937933794453,925.0398724082931,0.21568627450980393,7.522898980039802,0.5454545454545454
catboost_abc,5.0,3,UZS,wf_2023,0.7484848484848484,-3.4352323300249537,292.18788052672755,0.47058823529411764,1.2175889254738295,0.7083333333333334
catboost_abc,5.0,3,UZS,wf_2024,2.5567010309278353,253.20405764255315,0.0,0.0196078431372549,3.7075362369154146,0.0
catboost_abc,5.0,3,UZS,wf_2025,0.0,-75.48524695881298,168.1428305053134,0.058823529411764705,0.0,0.5
catboost_abcd,5.0,3,AMD,oot,1.0965473145780051,-4.315820090341678,252.78378012523862,0.32075471698113206,0.83867602940199,0.29411764705882354
catboost_abcd,5.0,3,AMD,wf_2022,0.7264705882352942,29.64744686948406,446.79876885508565,0.0784313725490196,2.754222662391384,0.25
catboost_abcd,5.0,3,AMD,wf_2023,0.7351190476190476,15.106190350274446,393.2970102013994,1.3529411764705883,0.9118543645070725,0.8405797101449275
catboost_abcd,5.0,3,AMD,wf_2024,1.7188118811881186,-8.014144210345965,49.343711649272315,0.19607843137254902,1.406138543749535,0.5
catboost_abcd,5.0,3,AMD,wf_2025,1.1794871794871795,-27.05283116049963,333.0131867031416,0.38235294117647056,1.0466105455566956,0.46153846153846156
catboost_abcd,5.0,3,KGS,oot,1.4080459770114944,2.0124638615686146,244.68476337141442,0.37735849056603776,2.9500070673594228,0.4
catboost_abcd,5.0,3,KGS,wf_2022,0.0,813.6337542222494,379.06342772675794,0.0196078431372549,0.0,0.0
catboost_abcd,5.0,3,KGS,wf_2023,0.8303079198601587,20.20722445554123,296.72661178541284,1.3137254901960784,1.1218126808570799,0.7313432835820896
catboost_abcd,5.0,3,KGS,wf_2024,1.021978021978022,-10.37787937467711,96.17724648826709,0.27450980392156865,0.8920743895818632,0.42857142857142855
catboost_abcd,5.0,3,KGS,wf_2025,0.6216216216216216,-40.758095476873414,348.0114353830177,0.4117647058823529,0.5401660191900547,0.2857142857142857
catboost_abcd,5.0,3,KZT,oot,1.6039279869067105,-3.741447408941445,234.15718230183734,0.24528301886792453,4.410853587326974,0.46153846153846156
catboost_abcd,5.0,3,KZT,wf_2022,0.0,512.3546857749072,113.84396571806121,0.0196078431372549,0.0,0.0
catboost_abcd,5.0,3,KZT,wf_2023,0.92625,9.70086771444183,352.2775013993834,1.2549019607843137,1.2454228860894794,0.765625
catboost_abcd,5.0,3,KZT,wf_2024,1.244979919678715,2.369668833946309,95.7097304087351,0.23529411764705882,1.1609459490897909,0.16666666666666666
catboost_abcd,5.0,3,KZT,wf_2025,1.032051282051282,-37.17775681908758,328.93263320310285,0.35294117647058826,0.8623002047893578,0.3333333333333333
catboost_abcd,5.0,3,TJS,oot,1.700404858299595,5.87362664226093,234.82964066508183,0.3584905660377358,3.032182192134825,0.47368421052631576
catboost_abcd,5.0,3,TJS,wf_2022,0.0,221.22315380625145,507.0438864044369,0.0392156862745098,0.0,0.0
catboost_abcd,5.0,3,TJS,wf_2023,0.7757024793388431,26.653273694756198,224.70853950905757,1.0784313725490196,1.5951649185139474,0.7636363636363637
catboost_abcd,5.0,3,TJS,wf_2024,1.3393339333933392,-4.155916740916845,83.2032413752004,0.21568627450980393,1.2555090277934366,0.36363636363636365
catboost_abcd,5.0,3,TJS,wf_2025,0.8781818181818182,-19.123307307305048,358.06888177782434,0.29411764705882354,1.245867610166329,0.4
catboost_abcd,5.0,3,UZS,oot,1.374198717948718,-11.316718015443106,315.66055563662763,0.24528301886792453,2.079097049086664,0.46153846153846156
catboost_abcd,5.0,3,UZS,wf_2022,0.0,196.2361743719058,526.256713517137,0.058823529411764705,0.0,0.0
catboost_abcd,5.0,3,UZS,wf_2023,0.8069602272727273,21.11645700183802,282.65181976480255,1.2549019607843137,1.1127846423345062,0.8125
catboost_abcd,5.0,3,UZS,wf_2024,1.7896907216494844,5.070647166738883,83.47470965621272,0.19607843137254902,1.3817261354314576,0.2
catboost_abcd,5.0,3,UZS,wf_2025,1.3416666666666666,-20.25862351834477,379.0690617521264,0.35294117647058826,1.3138874867587873,0.3333333333333333
level,,3,AMD,oot,0.8876811594202898,35.28242754960548,264.2066638650069,0.7924528301886793,1.5937062478046382,0.8095238095238095
level,,3,AMD,wf_2022,0.6356617647058824,82.22568363945197,883.2649200752429,0.6274509803921569,1.3105143809829574,0.84375
level,,3,AMD,wf_2023,0.4410714285714286,11.493751781779206,324.19054780615244,0.49019607843137253,0.9725773366273072,0.92
level,,3,AMD,wf_2024,0.9646393210749645,52.149119623743196,399.72570991943064,0.5490196078431373,2.3959546661354914,0.8571428571428571
level,,3,AMD,wf_2025,1.0018939393939394,14.173693747441302,548.452158718412,2.588235294117647,1.2252384205225098,0.8863636363636364
level,,3,KGS,oot,0.8309779536461278,27.2719601434004,259.15950825779964,1.150943396226415,1.3099131988698522,0.8524590163934426
level,,3,KGS,wf_2022,0.7701247165532881,108.93054009348359,847.0024793902354,0.8235294117647058,8.154404403594588,0.8095238095238095
level,,3,KGS,wf_2023,0.6357786357786357,24.583680708493546,254.3591740628526,0.27450980392156865,1.328053167801779,0.8571428571428571
level,,3,KGS,wf_2024,0.9755244755244755,47.601828074106045,709.4558186808897,0.43137254901960786,0.6989037948559623,0.8181818181818182
level,,3,KGS,wf_2025,0.879060879060879,11.524035411638556,535.1712629845289,2.911764705882353,1.11831033379268,0.9090909090909091
level,,3,KZT,oot,1.371780515117581,68.32781762084367,370.06399037409653,0.3584905660377358,1.4247733492283354,0.6842105263157895
level,,3,KZT,wf_2022,0.710326797385621,106.71609501930804,806.7131851417756,1.0,2.073414057447326,0.8431372549019608
level,,3,KZT,wf_2023,0.7057142857142857,22.324598939311507,204.59006858115413,0.4117647058823529,1.4316510663618296,0.8571428571428571
level,,3,KZT,wf_2024,0.9295850066934405,12.829654133409463,845.6056919356233,0.8823529411764706,0.9993654335216682,0.9777777777777777
level,,3,KZT,wf_2025,1.1487179487179486,19.439092313830283,552.6865994753794,3.3823529411764706,1.3830123933256697,0.8695652173913043
level,,3,TJS,oot,0.8461538461538461,20.295617174190898,259.82670547534394,1.320754716981132,1.2115668959082426,0.8571428571428571
level,,3,TJS,wf_2022,0.8735632183908046,114.42480094574384,882.3929258734287,0.7647058823529411,34.99670054860173,0.8717948717948718
level,,3,TJS,wf_2023,0.5613636363636364,33.19359326866713,141.73242085505632,0.23529411764705882,2.0733647475340464,0.9166666666666666
level,,3,TJS,wf_2024,0.9821782178217822,44.2589261151957,424.73423125200304,0.5882352941176471,2.819067404292764,0.8333333333333334
level,,3,TJS,wf_2025,0.7488372093023257,21.862109782275635,617.8694563326367,1.2647058823529411,1.1052877369907346,0.9534883720930233
level,,3,UZS,oot,0.8854166666666667,31.836470442050377,336.817366163528,0.9245283018867925,1.3681227607210777,0.7755102040816326
level,,3,UZS,wf_2022,0.47578425976884975,81.37255948295086,885.7542881951257,0.9019607843137255,1.9115948403125498,0.8478260869565217
level,,3,UZS,wf_2023,0.4158249158249158,13.784760230343265,329.2833587568089,0.5294117647058824,0.9208933409909288,0.9259259259259259
level,,3,UZS,wf_2024,0.902365069739236,28.241122405337116,376.43520227645496,1.0,4.799592600579688,0.8823529411764706
level,,3,UZS,wf_2025,1.032051282051282,19.064989861611302,610.720501210204,2.2941176470588234,1.1707439885838686,0.8846153846153846
logreg_a,5.0,3,AMD,oot,0.7708810068649886,-13.339925898501717,274.75684243962405,0.7169811320754716,0.63471067818675,0.5789473684210527
logreg_a,5.0,3,AMD,wf_2022,1.4529411764705884,-22.047931467183417,90.31544961386916,0.0392156862745098,4.021703995556341,0.0
logreg_a,5.0,3,AMD,wf_2023,0.6301020408163265,32.209812393233825,298.7104823417597,0.13725490196078433,1.1069431358058652,0.0
logreg_a,5.0,3,AMD,wf_2024,0.8839603960396039,8.98628015159042,418.034270603606,0.9803921568627451,0.8042260305739034,0.7
logreg_a,5.0,3,AMD,wf_2025,1.2196969696969697,-9.31151892424956,317.64481962121783,0.6470588235294118,0.8094739017902162,0.45454545454545453
logreg_a,5.0,3,KGS,oot,0.7040229885057472,21.082472909503267,230.8824932855269,0.07547169811320754,1.0333875554324192,0.0
logreg_a,5.0,3,KGS,wf_2022,,,,0.0,,
logreg_a,5.0,3,KGS,wf_2023,0.7417417417417417,3.09341403753216,289.02311186542073,0.11764705882352941,0.951000693674708,0.0
logreg_a,5.0,3,KGS,wf_2024,0.8998548621190131,-7.376872630172888,237.80759540303453,1.0392156862745099,2.101210356609337,0.7169811320754716
logreg_a,5.0,3,KGS,wf_2025,0.5933660933660934,-15.885544619723136,345.608302655942,0.6470588235294118,0.47519077120948594,0.2727272727272727
logreg_a,5.0,3,KZT,oot,1.0425531914893618,26.554439025011867,217.0743149859877,0.09433962264150944,1.519498941608673,0.2
logreg_a,5.0,3,KZT,wf_2022,,,,0.0,,
logreg_a,5.0,3,KZT,wf_2023,0.8233333333333334,16.149864664400198,164.87247650883052,0.17647058823529413,1.0195742610012273,0.0
logreg_a,5.0,3,KZT,wf_2024,0.746987951807229,-7.784747853151728,535.2362959894748,0.9411764705882353,0.5016775140335074,0.6041666666666666
logreg_a,5.0,3,KZT,wf_2025,0.6351084812623274,-22.378122024398184,416.95431450315067,0.7647058823529411,0.4640030489900381,0.38461538461538464
logreg_a,5.0,3,TJS,oot,1.463210702341137,-8.135647318139075,405.26079807831,0.8867924528301887,0.782103999164764,0.574468085106383
logreg_a,5.0,3,TJS,wf_2022,0.0,-42.35898067509125,565.1365578526901,0.0392156862745098,,0.0
logreg_a,5.0,3,TJS,wf_2023,0.3742424242424242,4.159088630285948,289.5604920373307,0.11764705882352941,0.5074211553597063,0.0
logreg_a,5.0,3,TJS,wf_2024,1.0803960396039602,5.888223512708501,466.12115874978446,0.9803921568627451,2.0738063167478207,0.68
logreg_a,5.0,3,TJS,wf_2025,1.0841750841750841,-10.6254953201613,352.42910287523466,0.7941176470588235,0.9068539943136745,0.5185185185185185
logreg_a,5.0,3,UZS,oot,0.6380208333333334,-12.56202023535463,237.86951921429102,0.07547169811320754,0.9818135164654374,0.0
logreg_a,5.0,3,UZS,wf_2022,,,,0.0,,
logreg_a,5.0,3,UZS,wf_2023,0.3207792207792208,7.609278048556091,291.92918632415797,0.13725490196078433,0.37774518741489077,0.0
logreg_a,5.0,3,UZS,wf_2024,1.0120274914089347,-7.224529926300645,637.5131879399095,0.9411764705882353,0.42211678307926176,0.6666666666666666
logreg_a,5.0,3,UZS,wf_2025,0.9147727272727273,-12.13643844196366,365.1847485929005,0.6470588235294118,0.8345954873056565,0.2727272727272727
logreg_ab,5.0,3,AMD,oot,,,,0.0,,
logreg_ab,5.0,3,AMD,wf_2022,0.9686274509803922,10.447002230956626,888.4783862569944,0.11764705882352941,1.3048266091817753,0.0
logreg_ab,5.0,3,AMD,wf_2023,,,,0.0,,
logreg_ab,5.0,3,AMD,wf_2024,0.8594059405940593,3.071256022766755,499.1298516824805,0.7843137254901961,0.6081979890564202,0.65
logreg_ab,5.0,3,AMD,wf_2025,,,,0.0,,
logreg_ab,5.0,3,KGS,oot,,,,0.0,,
logreg_ab,5.0,3,KGS,wf_2022,0.9801587301587301,38.678543406337106,163.74676625276584,0.058823529411764705,4.299350076622285,0.0
logreg_ab,5.0,3,KGS,wf_2023,,,,0.0,,
logreg_ab,5.0,3,KGS,wf_2024,0.7451923076923077,-3.956035325515424,163.88919784892875,0.6274509803921569,0.8557421457069657,0.59375
logreg_ab,5.0,3,KGS,wf_2025,4.351351351351352,21.66284690432896,0.0,0.029411764705882353,3.34797617206121,0.0
logreg_ab,5.0,3,KZT,oot,,,,0.0,,
logreg_ab,5.0,3,KZT,wf_2022,0.29939393939393943,37.86575157256929,782.7212806026384,0.21568627450980393,0.374834697487519,0.7272727272727273
logreg_ab,5.0,3,KZT,wf_2023,,,,0.0,,
logreg_ab,5.0,3,KZT,wf_2024,0.5975903614457831,5.564439930700106,568.7689710485444,0.5882352941176471,0.4757569467107696,0.4666666666666667
logreg_ab,5.0,3,KZT,wf_2025,,,,0.0,,
logreg_ab,5.0,3,TJS,oot,,,,0.0,,
logreg_ab,5.0,3,TJS,wf_2022,1.135632183908046,83.58040293435108,751.9102206849304,0.19607843137254902,19.69103757233694,0.0
logreg_ab,5.0,3,TJS,wf_2023,,,,0.0,,
logreg_ab,5.0,3,TJS,wf_2024,1.171917191719172,5.455305283194146,362.15125115891095,0.8627450980392157,1.8256877645099079,0.6136363636363636
logreg_ab,5.0,3,TJS,wf_2025,0.9757575757575757,-25.123505578749832,32.300273475649455,0.08823529411764706,0.6264117613589227,0.3333333333333333
logreg_ab,5.0,3,UZS,oot,,,,0.0,,
logreg_ab,5.0,3,UZS,wf_2022,0.31265822784810127,40.79381415505689,929.6291712456739,0.19607843137254902,0.8961054262995142,0.3
logreg_ab,5.0,3,UZS,wf_2023,,,,0.0,,
logreg_ab,5.0,3,UZS,wf_2024,1.1718213058419245,12.451161265155756,127.73725157957384,0.47058823529411764,2.476676429031075,0.4166666666666667
logreg_ab,5.0,3,UZS,wf_2025,0.0,-60.65679941884597,168.1428305053134,0.08823529411764706,0.0,0.6666666666666666
logreg_abc,5.0,3,AMD,oot,0.3328804347826087,-20.219239730622366,252.78378012523862,0.1509433962264151,0.21673698336387096,0.125
logreg_abc,5.0,3,AMD,wf_2022,2.905882352941177,47.727324716915206,0.0,0.0196078431372549,3.4245429299715733,0.0
logreg_abc,5.0,3,AMD,wf_2023,,,,0.0,,
logreg_abc,5.0,3,AMD,wf_2024,,,,0.0,,
logreg_abc,5.0,3,AMD,wf_2025,,,,0.0,,
logreg_abc,5.0,3,KGS,oot,0.9939148073022314,-14.794368313213461,479.00912393187724,0.33962264150943394,0.8532816915427598,0.5
logreg_abc,5.0,3,KGS,wf_2022,2.9404761904761907,51.39821569571268,0.0,0.0196078431372549,4.286655744369184,0.0
logreg_abc,5.0,3,KGS,wf_2023,,,,0.0,,
logreg_abc,5.0,3,KGS,wf_2024,,,,0.0,,
logreg_abc,5.0,3,KGS,wf_2025,,,,0.0,,
logreg_abc,5.0,3,KZT,oot,1.0425531914893618,-14.56514714900625,171.93076974880483,0.09433962264150944,0.8954562330676011,0.4
logreg_abc,5.0,3,KZT,wf_2022,,,,0.0,,
logreg_abc,5.0,3,KZT,wf_2023,,,,0.0,,
logreg_abc,5.0,3,KZT,wf_2024,,,,0.0,,
logreg_abc,5.0,3,KZT,wf_2025,,,,0.0,,
logreg_abc,5.0,3,TJS,oot,1.1705685618729096,-10.399965772180218,404.7842367084031,0.4528301886792453,0.7057843137748261,0.3333333333333333
logreg_abc,5.0,3,TJS,wf_2022,2.839080459770115,54.63014586472692,0.0,0.0196078431372549,5.183627695918588,0.0
logreg_abc,5.0,3,TJS,wf_2023,,,,0.0,,
logreg_abc,5.0,3,TJS,wf_2024,,,,0.0,,
logreg_abc,5.0,3,TJS,wf_2025,1.9515151515151514,17.222793266274962,270.15632920581953,0.08823529411764706,0.6332701803837153,0.3333333333333333
logreg_abc,5.0,3,UZS,oot,0.95703125,-37.09401459409095,482.3244610418076,0.33962264150943394,0.845532146729474,0.6111111111111112
logreg_abc,5.0,3,UZS,wf_2022,1.0421940928270041,207.94165372194507,1083.6426854019066,0.058823529411764705,2.122779351889178,0.0
logreg_abc,5.0,3,UZS,wf_2023,,,,0.0,,
logreg_abc,5.0,3,UZS,wf_2024,,,,0.0,,
logreg_abc,5.0,3,UZS,wf_2025,,,,0.0,,
logreg_abcd,5.0,3,AMD,oot,,,,0.0,,
logreg_abcd,5.0,3,AMD,wf_2022,0.5283422459893049,40.862924972194094,1063.7339719709823,0.8627450980392157,1.0856502739939569,0.6818181818181818
logreg_abcd,5.0,3,AMD,wf_2023,,,,0.0,,
logreg_abcd,5.0,3,AMD,wf_2024,1.1254125412541254,13.996766072930981,285.40971609531726,0.47058823529411764,1.1721044430648688,0.5
logreg_abcd,5.0,3,AMD,wf_2025,1.0454545454545454,1.8246574518342007,396.08158164859185,0.6470588235294118,0.7812645086276927,0.5
logreg_abcd,5.0,3,KGS,oot,,,,0.0,,
logreg_abcd,5.0,3,KGS,wf_2022,0.47427035330261136,23.54271116900629,863.3525209591963,0.6078431372549019,0.45339542069985433,0.6774193548387096
logreg_abcd,5.0,3,KGS,wf_2023,,,,0.0,,
logreg_abcd,5.0,3,KGS,wf_2024,0.5299145299145299,11.39483702909024,253.31079984341142,0.17647058823529413,0.4991804584948031,0.4444444444444444
logreg_abcd,5.0,3,KGS,wf_2025,0.7252252252252253,-4.412255915410371,265.2174355529757,0.35294117647058826,0.5799791839971035,0.3333333333333333
logreg_abcd,5.0,3,KZT,oot,,,,0.0,,
logreg_abcd,5.0,3,KZT,wf_2022,0.13173333333333334,40.589878623843134,770.5850194472519,0.49019607843137253,0.4012171881755314,0.68
logreg_abcd,5.0,3,KZT,wf_2023,,,,0.0,,
logreg_abcd,5.0,3,KZT,wf_2024,0.9193697868396664,21.54077232988925,200.8295022986206,0.2549019607843137,1.2811274246670796,0.38461538461538464
logreg_abcd,5.0,3,KZT,wf_2025,0.0,46.367626717065406,5.575439290665951,0.029411764705882353,0.0,0.0
logreg_abcd,5.0,3,TJS,oot,,,,0.0,,
logreg_abcd,5.0,3,TJS,wf_2022,1.0323928944618601,65.75384153061086,540.4769546747978,0.43137254901960786,1.6214467938958568,0.5454545454545454
logreg_abcd,5.0,3,TJS,wf_2023,,,,0.0,,
logreg_abcd,5.0,3,TJS,wf_2024,1.2861857614332861,22.955143213182268,252.97271895434514,0.4117647058823529,0.7592209654058679,0.6190476190476191
logreg_abcd,5.0,3,TJS,wf_2025,1.4636363636363636,32.67029534347144,270.15632920581953,0.29411764705882354,2.207714872760474,0.4
logreg_abcd,5.0,3,UZS,oot,,,,0.0,,
logreg_abcd,5.0,3,UZS,wf_2022,0.4225111187136504,58.88945323057738,1076.325894263397,0.7254901960784313,0.9737824413845722,0.6216216216216216
logreg_abcd,5.0,3,UZS,wf_2023,,,,0.0,,
logreg_abcd,5.0,3,UZS,wf_2024,1.0957290132547863,17.567897266166685,290.59305431864635,0.27450980392156865,0.48155160855653206,0.6428571428571429
logreg_abcd,5.0,3,UZS,wf_2025,1.2075,6.2198276670131225,240.09488636293818,0.29411764705882354,1.7185764685560219,0.3
momentum,,3,AMD,oot,0.813707729468599,57.448111320358244,278.1485562291608,0.6792452830188679,1.5462469671766537,0.5277777777777778
momentum,,3,AMD,wf_2022,0.5697808535178778,123.73621730124265,1135.9501243572074,1.0,1.040293078363855,0.6666666666666666
momentum,,3,AMD,wf_2023,0.7561224489795918,76.58242307746681,462.32012254320165,0.6862745098039216,1.7585346822341976,0.5428571428571428
momentum,,3,AMD,wf_2024,1.1458745874587457,80.70536215388124,587.0623471191805,0.5882352941176471,2.295655084275727,0.43333333333333335
momentum,,3,AMD,wf_2025,1.1180555555555556,66.68490740364551,414.02052586171357,0.7058823529411765,4.986075162076151,0.5
momentum,,3,KGS,oot,0.8620689655172414,51.05049303913928,287.95980650416254,0.9245283018867925,1.513252128751958,0.5714285714285714
momentum,,3,KGS,wf_2022,0.8205980066445183,185.37152819110713,881.3684607227245,0.8431372549019608,8.612453870478085,0.5581395348837209
momentum,,3,KGS,wf_2023,0.7199258081611023,64.412305490817,371.38085442060435,0.6666666666666666,2.7812426340745584,0.5588235294117647
momentum,,3,KGS,wf_2024,1.0,75.13251170515564,584.8382854799495,0.6078431372549019,1.812782248692886,0.45161290322580644
momentum,,3,KGS,wf_2025,0.9669669669669669,68.20496412274136,356.4521460175729,0.7941176470588235,6.068898603242317,0.5555555555555556
momentum,,3,KZT,oot,0.9653270291568163,64.93519932359533,321.9000650173831,0.5094339622641509,2.1369871196622183,0.5185185185185185
momentum,,3,KZT,wf_2022,0.5122962962962964,71.02007839325029,765.4354409574271,0.8823529411764706,2.80038994417438,0.6444444444444445
momentum,,3,KZT,wf_2023,0.9703571428571428,78.42823091428015,379.18202980613876,0.5490196078431373,7.342027986065687,0.4642857142857143
momentum,,3,KZT,wf_2024,1.2530120481927711,67.96184207170961,597.9124120717039,0.6078431372549019,1.9705571593165516,0.45161290322580644
momentum,,3,KZT,wf_2025,1.321025641025641,86.84605228104392,232.01477340707433,0.7352941176470589,6.663176661721888,0.44
momentum,,3,TJS,oot,0.7223264540337712,47.0004369245689,246.2223965293631,0.7735849056603774,1.7989193973580964,0.5365853658536586
momentum,,3,TJS,wf_2022,0.567816091954023,108.52036526661746,938.9118086848947,0.7843137254901961,8.217356556051412,0.625
momentum,,3,TJS,wf_2023,0.771875,68.90312015959898,383.7395204713745,0.6274509803921569,2.556854618431704,0.5
momentum,,3,TJS,wf_2024,0.8666278392545137,51.80525452563802,588.0321173109937,0.6666666666666666,1.1899228227960454,0.5294117647058824
momentum,,3,TJS,wf_2025,0.5488636363636364,93.39013984433944,409.87876893402444,0.47058823529411764,4.011206646151219,0.4375
momentum,,3,UZS,oot,0.7089120370370371,64.22274723475056,326.3243999499455,0.6792452830188679,1.7051093950949858,0.6388888888888888
momentum,,3,UZS,wf_2022,0.6489133030809648,115.27079787665502,1075.6865619718826,1.0392156862745099,2.6924038778597086,0.6415094339622641
momentum,,3,UZS,wf_2023,0.6909090909090909,70.26722165617637,345.12703415807255,0.7647058823529411,2.8496490178016787,0.5641025641025641
momentum,,3,UZS,wf_2024,1.0226804123711342,71.86913214216678,589.0794089481266,0.6862745098039216,1.9297533593367997,0.5428571428571428
momentum,,3,UZS,wf_2025,1.61,97.04274619865262,330.32607553518,0.7352941176470589,12.862504918739903,0.36
random,,3,AMD,oot,1.040729635182409,-4.160906402522082,317.9554242158034,1.6603773584905661,0.9412271705317504,0.5795454545454546
random,,3,AMD,wf_2022,1.0403776325344953,35.63860654571648,972.9598590451878,1.588235294117647,0.7893952132973637,0.48148148148148145
random,,3,AMD,wf_2023,1.0879761904761904,8.443505806886012,368.292597534235,1.4705882352941178,1.2529172427662107,0.4266666666666667
random,,3,AMD,wf_2024,1.064026402640264,7.542032167045235,311.06886983361284,1.7647058823529411,1.5304831402685461,0.5444444444444444
random,,3,AMD,wf_2025,1.032051282051282,22.130843648711526,403.07083596569464,1.5294117647058822,1.5447227606450027,0.4807692307692308
random,,3,KGS,oot,1.1595672751859365,0.17806968673668172,283.02095973542663,1.320754716981132,1.524178976485561,0.42857142857142855
random,,3,KGS,wf_2022,0.7653294194390085,-36.65654743848473,1442.9266582803145,1.4313725490196079,0.17083873788408074,0.4657534246575342
random,,3,KGS,wf_2023,1.2004504504504505,9.25175456981875,361.65107199890355,1.4901960784313726,1.211863824754432,0.42105263157894735
random,,3,KGS,wf_2024,1.0141467727674622,4.371330387742271,310.5237418401297,1.7058823529411764,1.4895640291777419,0.5517241379310345
random,,3,KGS,wf_2025,1.398648648648649,9.522088860465656,336.6236342962033,1.6470588235294117,1.7083458416889779,0.5535714285714286
random,,3,KZT,oot,0.838835901198337,-7.106204233953106,450.7139654552299,1.6415094339622642,0.8890266900871283,0.5057471264367817
random,,3,KZT,wf_2022,1.1871317829457364,37.00927037067205,836.8051667128973,1.6862745098039216,1.1387460763770558,0.5232558139534884
random,,3,KZT,wf_2023,1.1526666666666667,8.701932976201626,593.8704782245546,1.4705882352941178,0.6696794751247632,0.44
random,,3,KZT,wf_2024,0.8788093550673283,-8.759822839620359,686.591192818657,1.3333333333333333,0.3464830838320989,0.4411764705882353
random,,3,KZT,wf_2025,1.013945119208277,-12.33464458192899,530.2133553061217,1.6764705882352942,0.6735199531354916,0.5263157894736842
random,,3,TJS,oot,0.9722222222222222,-14.011713789599717,417.94600431289246,1.3773584905660377,0.8637519833009908,0.5068493150684932
random,,3,TJS,wf_2022,1.15962441314554,53.87578603501849,973.6945774402723,1.392156862745098,7.380820296554467,0.4507042253521127
random,,3,TJS,wf_2023,0.9730303030303031,5.6404564180040015,401.1806953963666,1.1764705882352942,1.0830546729439878,0.36666666666666664
random,,3,TJS,wf_2024,0.8305183459522423,-10.030401715324867,553.2005477749508,1.3333333333333333,0.6978606567582615,0.4264705882352941
random,,3,TJS,wf_2025,1.0915254237288137,-2.225568169505994,476.13266971118446,1.7352941176470589,1.1431676025502948,0.559322033898305
random,,3,UZS,oot,0.9722222222222222,5.476643770268583,335.1536481133144,1.1886792452830188,0.8136736189690472,0.3968253968253968
random,,3,UZS,wf_2022,1.3184383102028367,42.246669189980814,751.5245345427365,1.6274509803921569,2.755553563242305,0.5903614457831325
random,,3,UZS,wf_2023,1.055093099671413,-9.224671719800632,483.89308489189625,1.6274509803921569,0.7429595901983488,0.5301204819277109
random,,3,UZS,wf_2024,1.0600955494091022,-0.985363537185125,587.3020112740885,1.607843137254902,0.5836092730875712,0.4878048780487805
random,,3,UZS,wf_2025,0.6708333333333333,-10.95110360027874,495.1026391487885,1.411764705882353,0.6474216337341832,0.5
reversal,,3,AMD,oot,0.266304347826087,-2.9863710218424053,296.7299047540095,0.18867924528301888,0.2674520228362321,0.0
reversal,,3,AMD,wf_2022,1.3208556149732622,-38.325795982439324,888.4783862569944,0.21568627450980393,1.5949175905634563,0.0
reversal,,3,AMD,wf_2023,0.6301020408163265,32.209812393233825,298.7104823417597,0.13725490196078433,1.20897473287829,0.0
reversal,,3,AMD,wf_2024,1.116111611161116,24.74720328232523,781.5990331121459,0.21568627450980393,0.3680835137691003,0.0
reversal,,3,AMD,wf_2025,1.7424242424242424,11.78031225168645,302.27645253929404,0.3235294117647059,1.1927845604456302,0.09090909090909091
reversal,,3,KGS,oot,0.5120167189132707,3.1869909955493285,244.68476337141442,0.20754716981132076,0.6796657708537165,0.0
reversal,,3,KGS,wf_2022,1.2251984126984128,-28.42684242557532,682.8037626060745,0.23529411764705882,1.2931362190368092,0.0
reversal,,3,KGS,wf_2023,0.7417417417417417,3.09341403753216,289.02311186542073,0.11764705882352941,0.9123763264041373,0.0
reversal,,3,KGS,wf_2024,1.1923076923076923,15.880375189680361,193.81578555028645,0.1568627450980392,3.142292901639962,0.0
reversal,,3,KGS,wf_2025,0.543918918918919,-5.086435608707694,343.20516992886627,0.47058823529411764,0.4751169791377261,0.125
reversal,,3,KZT,oot,1.1583924349881796,41.59993760373805,218.9756070881632,0.16981132075471697,2.239282597675884,0.1111111111111111
reversal,,3,KZT,wf_2022,1.2666666666666668,41.832198611770984,737.0774568680516,0.2549019607843137,1.9482604772616483,0.15384615384615385
reversal,,3,KZT,wf_2023,0.8233333333333334,16.149864664400198,164.87247650883052,0.17647058823529413,1.1185995510963056,0.0
reversal,,3,KZT,wf_2024,1.0865279299014239,29.432550534641255,936.7084397984681,0.21568627450980393,0.24079727322849315,0.0
reversal,,3,KZT,wf_2025,0.9526627218934911,-12.403448313273488,504.11944103054384,0.38235294117647056,0.6937812788380228,0.07692307692307693
reversal,,3,TJS,oot,0.4487179487179487,3.559638969007904,282.3609142997951,0.22641509433962265,0.40492408695339505,0.0
reversal,,3,TJS,wf_2022,1.310344827586207,50.53361130865723,1591.6580820487459,0.2549019607843137,4.056223084517372,0.07692307692307693
reversal,,3,TJS,wf_2023,0.3742424242424242,4.159088630285948,289.5604920373307,0.11764705882352941,0.5352945951054748,0.0
reversal,,3,TJS,wf_2024,1.2277227722772277,32.093901350665845,183.5679065712248,0.23529411764705882,4.309755970512353,0.0
reversal,,3,TJS,wf_2025,1.4636363636363636,16.78882283011263,346.7893239726449,0.29411764705882354,1.3347171079429325,0.1
reversal,,3,UZS,oot,0.5671296296296297,-8.533791358436385,327.84029897438893,0.16981132075471697,0.8459379240643147,0.0
reversal,,3,UZS,wf_2022,1.0421940928270041,19.64583624288544,929.6291712456739,0.29411764705882354,1.565856960863705,0.06666666666666667
reversal,,3,UZS,wf_2023,0.3207792207792208,7.609278048556091,291.92918632415797,0.13725490196078433,0.3883606531241143,0.0
reversal,,3,UZS,wf_2024,1.2783505154639176,40.43605312123011,79.71512797836367,0.19607843137254902,7.393497837251155,0.0
reversal,,3,UZS,wf_2025,1.2578125,3.2309634177500586,351.30043543367464,0.47058823529411764,0.9551891399335023,0.125
seasonality,,3,AMD,oot,0.9054347826086957,4.70331898736609,231.48532702516118,0.9433962264150944,0.9542610097410519,0.84
seasonality,,3,AMD,wf_2022,0.7709483793517408,40.07995633226056,908.0854556153639,0.9607843137254902,1.1898202742511483,0.8367346938775511
seasonality,,3,AMD,wf_2023,0.96484375,0.11482865972351892,351.36059310452157,0.9411764705882353,1.0742734952250128,0.8333333333333334
seasonality,,3,AMD,wf_2024,0.8839603960396039,15.01202602954435,211.05581170315577,0.9803921568627451,1.4386495081077182,0.84
seasonality,,3,AMD,wf_2025,0.8070175438596491,-5.919963430025891,354.9014537239381,1.1176470588235294,0.9700833736666933,0.8421052631578947
seasonality,,3,KGS,oot,1.1116152450090744,-2.310940826856759,442.6916359962363,0.7358490566037735,0.9785265488705929,0.8205128205128205
seasonality,,3,KGS,wf_2022,0.9986522911051212,21.87882583303112,1636.2061088449493,1.0392156862745099,0.22263813812092703,0.7924528301886793
seasonality,,3,KGS,wf_2023,0.9690496948561464,3.6614711837536986,335.42948126672803,1.2156862745098038,1.0445406478318306,0.8064516129032258
seasonality,,3,KGS,wf_2024,0.863395225464191,-0.04606087354838806,410.02217734002807,1.1372549019607843,1.0976130818966257,0.8275862068965517
seasonality,,3,KGS,wf_2025,0.9408327246165085,0.2968235139096071,510.97540143491545,1.088235294117647,0.5938642209588447,0.8108108108108109
seasonality,,3,KZT,oot,0.8019639934533552,-15.540999144624703,417.3087445630534,0.9811320754716981,0.9906961356981692,0.8269230769230769
seasonality,,3,KZT,wf_2022,1.1806289308176101,19.655094349770156,845.9092340220399,1.0392156862745099,1.0650262281115748,0.8301886792452831
seasonality,,3,KZT,wf_2023,0.8372881355932204,0.43179713457941976,380.95601255400646,1.1568627450980393,1.126092136697192,0.847457627118644
seasonality,,3,KZT,wf_2024,0.8537005163511188,-3.511187165770768,535.2362959894748,1.0980392156862746,1.0675065349247514,0.8214285714285714
seasonality,,3,KZT,wf_2025,1.2384615384615383,-8.286763674473947,710.7955693528545,1.1764705882352942,0.3665230995976502,0.825
seasonality,,3,TJS,oot,1.5802675585284283,-1.9071597836165068,405.26079807831,0.8867924528301887,0.8336126051469133,0.7872340425531915
seasonality,,3,TJS,wf_2022,0.5914750957854407,-27.90159724878211,1379.447608861811,0.9411764705882353,0.6947970568850077,0.8125
seasonality,,3,TJS,wf_2023,0.8420454545454545,0.5809612809584456,378.69604299318735,0.9411764705882353,1.0881540181793214,0.8333333333333334
seasonality,,3,TJS,wf_2024,1.1073577946029896,14.529963547986572,466.12115874978446,1.0,2.062422392317426,0.8235294117647058
seasonality,,3,TJS,wf_2025,0.8870523415977962,-12.857365245100048,556.4920044252242,0.9705882352941176,0.4856459278368333,0.8484848484848485
seasonality,,3,UZS,oot,0.8876811594202899,1.4493215196116673,395.5835310791008,0.9056603773584906,0.9461648305809209,0.8333333333333334
seasonality,,3,UZS,wf_2022,0.9620253164556962,1.2951798762079465,1130.7393576418974,1.0196078431372548,1.3014251019655538,0.8269230769230769
seasonality,,3,UZS,wf_2023,1.1227272727272728,4.83125347698736,373.943428976331,1.0588235294117647,1.1326502637672065,0.8333333333333334
seasonality,,3,UZS,wf_2024,0.8995799923634976,-0.3324586480980486,752.2337333583318,1.0588235294117647,0.6716173894897366,0.8333333333333334
seasonality,,3,UZS,wf_2025,1.1685483870967743,0.20608425252289003,575.2375416679768,0.9117647058823529,0.6005640838205931,0.8064516129032258
catboost_a,5.0,5,AMD,oot,,,,0.0,,
catboost_a,5.0,5,AMD,wf_2022,,,,0.0,,
catboost_a,5.0,5,AMD,wf_2023,0.7428571428571428,67.32637143515653,352.6135874855685,0.13725490196078433,1.4013502083981306,0.0
catboost_a,5.0,5,AMD,wf_2024,0.6818181818181818,31.046259361419718,577.7448510214333,1.2156862745098038,1.5040942119665615,0.7741935483870968
catboost_a,5.0,5,AMD,wf_2025,1.1434659090909092,2.5971210081134206,349.10396875611593,0.6470588235294118,1.195098242415445,0.45454545454545453
catboost_a,5.0,5,KGS,oot,,,,0.0,,
catboost_a,5.0,5,KGS,wf_2022,,,,0.0,,
catboost_a,5.0,5,KGS,wf_2023,0.875886524822695,30.22431896508674,343.7858497089863,0.11764705882352941,1.1711153248848047,0.0
catboost_a,5.0,5,KGS,wf_2024,0.7822222222222223,16.74380363322695,597.520154726257,1.4705882352941178,1.8151002408952408,0.76
catboost_a,5.0,5,KGS,wf_2025,0.5227272727272727,-6.623175485078685,571.6645052384117,0.6470588235294118,0.2526372711275795,0.2727272727272727
catboost_a,5.0,5,KZT,oot,,,,0.0,,
catboost_a,5.0,5,KZT,wf_2022,,,,0.0,,
catboost_a,5.0,5,KZT,wf_2023,0.9250936329588014,59.300470923707834,164.87247650883052,0.17647058823529413,1.424802235613265,0.0
catboost_a,5.0,5,KZT,wf_2024,0.7972445464982779,25.24317252709392,498.0491963092787,1.2745098039215685,1.9707993609336323,0.7692307692307693
catboost_a,5.0,5,KZT,wf_2025,0.688034188034188,-18.326713269029486,459.5888938205461,0.7647058823529411,0.9108900114631048,0.38461538461538464
catboost_a,5.0,5,TJS,oot,,,,0.0,,
catboost_a,5.0,5,TJS,wf_2022,1.9246753246753245,387.876516710346,754.9419590147654,0.09803921568627451,151.96266043397617,0.0
catboost_a,5.0,5,TJS,wf_2023,0.4379432624113475,32.11599616265473,349.48895076956086,0.11764705882352941,0.7238915472985569,0.0
catboost_a,5.0,5,TJS,wf_2024,0.9820936639118457,31.164747680046553,671.2482102023826,1.2941176470588236,1.5492758840817054,0.7575757575757576
catboost_a,5.0,5,TJS,wf_2025,1.1180555555555554,-5.4929465384109735,576.9339856370082,0.7941176470588235,0.7027020134625289,0.5185185185185185
catboost_a,5.0,5,UZS,oot,,,,0.0,,
catboost_a,5.0,5,UZS,wf_2022,,,,0.0,,
catboost_a,5.0,5,UZS,wf_2023,0.3714285714285714,45.53868818537525,344.21287953791955,0.13725490196078433,0.45658939785109426,0.0
catboost_a,5.0,5,UZS,wf_2024,0.9011283228150698,17.848997526453285,758.5005148734487,1.2352941176470589,0.7257399918639222,0.8095238095238095
catboost_a,5.0,5,UZS,wf_2025,0.8444055944055944,-6.242509629333219,600.6729039091208,0.6470588235294118,0.46008045512580886,0.2727272727272727
catboost_ab,5.0,5,AMD,oot,1.262993762993763,8.95725056820041,269.88540369372595,0.24528301886792453,0.5257570953253482,0.46153846153846156
catboost_ab,5.0,5,AMD,wf_2022,0.5360243055555556,1.3869676335501886,1127.2639044110965,0.6274509803921569,0.6881040798208137,0.65625
catboost_ab,5.0,5,AMD,wf_2023,0.8041237113402062,43.21585603557132,525.3980068946489,1.9019607843137254,1.2975421951443253,0.8247422680412371
catboost_ab,5.0,5,AMD,wf_2024,0.7045454545454545,21.50813399670501,587.0623471191805,0.7843137254901961,1.1798741893139506,0.725
catboost_ab,5.0,5,AMD,wf_2025,,,,0.0,,
catboost_ab,5.0,5,KGS,oot,1.157142857142857,-17.4413908815015,406.37414806059536,0.24528301886792453,1.1436459722791288,0.5384615384615384
catboost_ab,5.0,5,KGS,wf_2022,0.5757575757575758,53.539445231507635,1003.7819349466914,0.6470588235294118,0.8057553204917262,0.5454545454545454
catboost_ab,5.0,5,KGS,wf_2023,0.9016478931998332,36.2914854220402,453.52191820995955,2.0,1.4064659814907732,0.7843137254901961
catboost_ab,5.0,5,KGS,wf_2024,0.6303030303030303,15.313105598644265,662.2398559883973,1.0784313725490196,1.4474614835916861,0.7454545454545455
catboost_ab,5.0,5,KGS,wf_2025,,,,0.0,,
catboost_ab,5.0,5,KZT,oot,0.70875,-27.53243702846915,332.54755545865874,0.5660377358490566,1.1850114286404176,0.6
catboost_ab,5.0,5,KZT,wf_2022,1.015625,97.3151548404796,1141.0689967505816,0.7450980392156863,1.4315644217635641,0.6578947368421053
catboost_ab,5.0,5,KZT,wf_2023,0.8706763604318132,35.34580179470082,503.52036074522357,2.0,1.8614281447656085,0.803921568627451
catboost_ab,5.0,5,KZT,wf_2024,0.7592805204745503,23.404876137464203,597.9124120717039,0.7647058823529411,1.2082317586175657,0.717948717948718
catboost_ab,5.0,5,KZT,wf_2025,,,,0.0,,
catboost_ab,5.0,5,TJS,oot,1.9204425711275024,-29.282315904502266,420.3235767150504,0.5094339622641509,0.9499437033521417,0.6296296296296297
catboost_ab,5.0,5,TJS,wf_2022,0.49350649350649356,23.15807539273581,2226.3444591667203,0.7647058823529411,1.9962198102955826,0.5641025641025641
catboost_ab,5.0,5,TJS,wf_2023,0.7027461652647204,41.07230532174155,412.8242128683132,1.6862745098039216,1.643702843848541,0.7790697674418605
catboost_ab,5.0,5,TJS,wf_2024,0.8378378378378378,21.520659897745404,754.4643030937714,0.7254901960784313,0.9179243836933101,0.7027027027027027
catboost_ab,5.0,5,TJS,wf_2025,,,,0.0,,
catboost_ab,5.0,5,UZS,oot,1.1976998904709748,-32.219973578858486,440.6899525918517,0.4528301886792453,0.9508709115562136,0.5
catboost_ab,5.0,5,UZS,wf_2022,0.8,17.815909315422886,1780.7539369958313,0.7450980392156863,1.3453037042823832,0.6052631578947368
catboost_ab,5.0,5,UZS,wf_2023,0.8999999999999999,40.98980545631162,431.48489789242984,2.0392156862745097,1.3081676948162255,0.8365384615384616
catboost_ab,5.0,5,UZS,wf_2024,0.7076727964489538,8.433758045218323,788.5833221267292,0.7450980392156863,0.816346219992071,0.7368421052631579
catboost_ab,5.0,5,UZS,wf_2025,,,,0.0,,
catboost_abc,5.0,5,AMD,oot,1.3135135135135136,-1.264746385544025,252.78378012523862,0.37735849056603776,0.9590354831490908,0.5
catboost_abc,5.0,5,AMD,wf_2022,0.5717592592592593,32.44632606908937,315.93387462919287,0.11764705882352941,2.6998484212885185,0.3333333333333333
catboost_abc,5.0,5,AMD,wf_2023,0.52,1.5282983994041053,614.7246236867377,0.39215686274509803,0.9200099007741169,0.6
catboost_abc,5.0,5,AMD,wf_2024,,,,0.0,,
catboost_abc,5.0,5,AMD,wf_2025,0.0,-5.913903245260421,37.58537795246042,0.029411764705882353,0.0,0.0
catboost_abc,5.0,5,KGS,oot,1.5093167701863353,11.056471541781432,271.37151473613505,0.4528301886792453,1.963656594888447,0.5416666666666666
catboost_abc,5.0,5,KGS,wf_2022,0.5846153846153846,125.96141146376797,779.7342788279593,0.2549019607843137,2.5416269478328304,0.5384615384615384
catboost_abc,5.0,5,KGS,wf_2023,0.9060895084372709,22.420331700336366,394.14515276797067,0.5686274509803921,1.227293005071939,0.6896551724137931
catboost_abc,5.0,5,KGS,wf_2024,2.6666666666666665,364.3097172550047,0.0,0.0196078431372549,7.704223060122613,0.0
catboost_abc,5.0,5,KGS,wf_2025,1.4375,-2.1442953479444693,47.229445236256495,0.11764705882352941,0.6116887177832205,0.75
catboost_abc,5.0,5,KZT,oot,0.4796052631578947,-22.352072802759775,335.27279664250284,0.3584905660377358,0.5920805137585013,0.47368421052631576
catboost_abc,5.0,5,KZT,wf_2022,1.447265625,111.09822229380062,1102.4934646006025,0.1568627450980392,2.290815758292616,0.5
catboost_abc,5.0,5,KZT,wf_2023,1.6189138576779027,58.04813302924047,311.2152238570265,0.23529411764705882,0.8785209010645576,0.6666666666666666
catboost_abc,5.0,5,KZT,wf_2024,,,,0.0,,
catboost_abc,5.0,5,KZT,wf_2025,,,,0.0,,
catboost_abc,5.0,5,TJS,oot,1.3802205145339124,-9.848008078504014,321.78690842957025,0.7924528301886793,1.2780172184461387,0.5714285714285714
catboost_abc,5.0,5,TJS,wf_2022,0.29161747343565525,-25.530971472848705,2501.98750709824,0.21568627450980393,0.44608696305834444,0.45454545454545453
catboost_abc,5.0,5,TJS,wf_2023,0.8085106382978724,16.92032975307631,450.2419766580612,0.2549019607843137,0.8068859176242874,0.6153846153846154
catboost_abc,5.0,5,TJS,wf_2024,,,,0.0,,
catboost_abc,5.0,5,TJS,wf_2025,1.1180555555555554,-2.0798551151881193,338.0069587768664,0.17647058823529413,0.7163596375603817,0.5
catboost_abc,5.0,5,UZS,oot,1.463855421686747,-30.136509968531243,440.6899525918517,0.4528301886792453,1.040811914842873,0.5833333333333334
catboost_abc,5.0,5,UZS,wf_2022,1.0363636363636364,46.791142927792905,1989.9146573734772,0.21568627450980393,0.518517352302748,0.5454545454545454
catboost_abc,5.0,5,UZS,wf_2023,0.6499999999999999,-0.5847273996746623,399.9458130205369,0.47058823529411764,1.186036951353212,0.7083333333333334
catboost_abc,5.0,5,UZS,wf_2024,2.987951807228916,357.2432631117617,0.0,0.0196078431372549,4.7950515323169745,0.0
catboost_abc,5.0,5,UZS,wf_2025,0.0,-106.39330511596212,168.1428305053134,0.058823529411764705,0.0,0.5
catboost_abcd,5.0,5,AMD,oot,1.1589825119236885,18.98491272401518,252.78378012523862,0.32075471698113206,0.8139951338337594,0.29411764705882354
catboost_abcd,5.0,5,AMD,wf_2022,0.0,40.48580004670038,464.16673567274637,0.0784313725490196,0.0,0.25
catboost_abcd,5.0,5,AMD,wf_2023,0.6782608695652174,26.82511759154006,500.48760398084096,1.3529411764705883,1.045568291839508,0.8405797101449275
catboost_abcd,5.0,5,AMD,wf_2024,1.409090909090909,-1.4629715743501563,101.03036459711223,0.19607843137254902,1.1256494446728054,0.5
catboost_abcd,5.0,5,AMD,wf_2025,1.1610576923076925,-33.45422793105312,365.19475080909024,0.38235294117647056,0.8308931821894042,0.46153846153846156
catboost_abcd,5.0,5,KGS,oot,1.3885714285714286,13.046816687086018,298.05826610085575,0.37735849056603776,2.2906612315887753,0.4
catboost_abcd,5.0,5,KGS,wf_2022,0.0,999.9975059918543,379.06342772675794,0.0196078431372549,0.0,0.0
catboost_abcd,5.0,5,KGS,wf_2023,0.8235947919974596,31.72579053535494,417.85116159872405,1.3137254901960784,1.22680736983016,0.7313432835820896
catboost_abcd,5.0,5,KGS,wf_2024,0.7619047619047619,-15.231676830801321,209.17413131213758,0.27450980392156865,0.6678103411070484,0.42857142857142855
catboost_abcd,5.0,5,KGS,wf_2025,0.8214285714285714,-53.795400687697274,371.9530058288134,0.4117647058823529,0.7664693217403049,0.2857142857142857
catboost_abcd,5.0,5,KZT,oot,1.401923076923077,-3.564766061840122,389.3431415445181,0.24528301886792453,2.0045193899559317,0.46153846153846156
catboost_abcd,5.0,5,KZT,wf_2022,0.0,607.1388226866392,113.84396571806121,0.0196078431372549,0.0,0.0
catboost_abcd,5.0,5,KZT,wf_2023,0.8672752808988764,17.46369817719693,527.8409805855295,1.2549019607843137,1.0824063925487315,0.765625
catboost_abcd,5.0,5,KZT,wf_2024,0.9253731343283582,9.015007524545984,200.56036511288733,0.23529411764705882,0.8476338375260245,0.16666666666666666
catboost_abcd,5.0,5,KZT,wf_2025,0.4969135802469135,-44.542633865948524,453.47790223968286,0.35294117647058826,0.5692488323067338,0.3333333333333333
catboost_abcd,5.0,5,TJS,oot,1.5767844268204756,15.56754513171505,234.82964066508183,0.3584905660377358,2.9803607218912886,0.47368421052631576
catboost_abcd,5.0,5,TJS,wf_2022,0.0,234.62063230064888,601.3018602426889,0.0392156862745098,0.0,0.0
catboost_abcd,5.0,5,TJS,wf_2023,0.7166344294003868,43.61483365944457,335.8516780567666,1.0784313725490196,1.427956883668172,0.7636363636363637
catboost_abcd,5.0,5,TJS,wf_2024,1.5371900826446279,-0.834407274513771,86.85739492544809,0.21568627450980393,1.4107850606977097,0.36363636363636365
catboost_abcd,5.0,5,TJS,wf_2025,1.0062499999999999,-32.01373636547045,382.98572024840996,0.29411764705882354,1.7085112632266544,0.4
catboost_abcd,5.0,5,UZS,oot,1.3512511584800742,-4.597613719551195,315.66055563662763,0.24528301886792453,1.8741065823255276,0.46153846153846156
catboost_abcd,5.0,5,UZS,wf_2022,0.0,221.980540420584,589.5628473624059,0.058823529411764705,0.0,0.0
catboost_abcd,5.0,5,UZS,wf_2023,0.8125,36.27995563579777,381.59972166095463,1.2549019607843137,1.0675453306128644,0.8125
catboost_abcd,5.0,5,UZS,wf_2024,2.091566265060241,24.586465937117445,133.9935019030958,0.19607843137254902,1.3361616443785946,0.2
catboost_abcd,5.0,5,UZS,wf_2025,1.5480769230769231,-30.32039709565809,401.64070429489,0.35294117647058826,1.5737171649272776,0.3333333333333333
level,,5,AMD,oot,0.9382239382239381,58.28907932565816,324.66588751324315,0.7924528301886793,1.5552052921353439,0.8095238095238095
level,,5,AMD,wf_2022,0.5360243055555556,134.23828318332988,1111.9585916953502,0.6274509803921569,1.269680354084385,0.84375
level,,5,AMD,wf_2023,0.416,23.718121948923667,379.1247344194537,0.49019607843137253,0.8752215586112129,0.92
level,,5,AMD,wf_2024,1.0064935064935066,79.43353988829331,399.72570991943064,0.5490196078431373,2.7393689615888097,0.8571428571428571
level,,5,AMD,wf_2025,1.0291193181818183,22.986073531644134,664.4145528844567,2.588235294117647,1.036964680623,0.8863636363636364
level,,5,KGS,oot,0.7967213114754098,44.604550588887335,337.22955025843214,1.150943396226415,1.3908756605464692,0.8524590163934426
level,,5,KGS,wf_2022,0.6333333333333333,154.50944312084522,1071.9174435940342,0.8235294117647058,8.89740735719479,0.8095238095238095
level,,5,KGS,wf_2023,0.7507598784194529,45.20787759372742,349.43486285370363,0.27450980392156865,1.019174199373806,0.8571428571428571
level,,5,KGS,wf_2024,0.9696969696969697,76.46143705291949,709.4558186808897,0.43137254901960786,1.2109428841342862,0.8181818181818182
level,,5,KGS,wf_2025,0.8712121212121212,17.940762208619073,663.4491635147932,2.911764705882353,0.8850941608182075,0.9090909090909091
level,,5,KZT,oot,1.119078947368421,96.52780856926024,370.06399037409653,0.3584905660377358,1.5924361421283204,0.6842105263157895
level,,5,KZT,wf_2022,0.7567401960784313,157.67849718769025,1103.744411985179,1.0,1.7064078052406952,0.8431372549019608
level,,5,KZT,wf_2023,0.5286249331193151,37.71646806437785,303.4462497421542,0.4117647058823529,1.423847982409978,0.8571428571428571
level,,5,KZT,wf_2024,0.7402985074626867,21.864151789856145,965.5117624344812,0.8823529411764706,0.9749127675064567,0.9777777777777777
level,,5,KZT,wf_2025,1.1925925925925926,26.14950957575361,720.5620479170251,3.3823529411764706,1.2649921601657255,0.8695652173913043
level,,5,TJS,oot,0.855968688845401,34.23766520465856,306.46418709496083,1.320754716981132,1.2272069627140199,0.8571428571428571
level,,5,TJS,wf_2022,0.6580086580086579,171.5802761740401,984.1090784246398,0.7647058823529411,21.434181593433802,0.8717948717948718
level,,5,TJS,wf_2023,0.6569148936170213,64.25163444540942,178.58633999578765,0.23529411764705882,2.4393287617587176,0.9166666666666666
level,,5,TJS,wf_2024,1.0333333333333332,64.98981505775515,585.8712479545502,0.5882352941176471,1.7540280598407447,0.8333333333333334
level,,5,TJS,wf_2025,0.7800387596899224,38.5903474246317,710.5133233323772,1.2647058823529411,0.9630160252145378,0.9534883720930233
level,,5,UZS,oot,0.9559872141627734,49.46357063673564,372.84464173054977,0.9245283018867925,1.4909066883080777,0.7755102040816326
level,,5,UZS,wf_2022,0.41304347826086957,122.2564441173365,1107.30079689657,0.9019607843137255,1.5527485843648046,0.8478260869565217
level,,5,UZS,wf_2023,0.38518518518518513,28.577266945864306,400.0428079428775,0.5294117647058824,0.9102191926932378,0.9259259259259259
level,,5,UZS,wf_2024,0.8788093550673283,45.11851572620949,663.6500523653581,1.0,2.198017801450053,0.8823529411764706
level,,5,UZS,wf_2025,0.8732741617357002,27.995918888553653,672.2365807222758,2.2941176470588234,1.187332533654135,0.8846153846153846
logreg_a,5.0,5,AMD,oot,0.6913229018492176,-10.695222499976495,294.8383565512347,0.7169811320754716,0.667605590752275,0.5789473684210527
logreg_a,5.0,5,AMD,wf_2022,1.715277777777778,128.09180256258045,90.31544961386916,0.0392156862745098,4.6503741129873015,0.0
logreg_a,5.0,5,AMD,wf_2023,0.7428571428571428,67.32637143515653,352.6135874855685,0.13725490196078433,1.6536527962269738,0.0
logreg_a,5.0,5,AMD,wf_2024,0.7890909090909092,22.209266034831117,420.3412153286249,0.9803921568627451,1.3272986425755875,0.7
logreg_a,5.0,5,AMD,wf_2025,1.1434659090909092,2.5971210081134206,349.10396875611593,0.6470588235294118,1.2419325556026233,0.45454545454545453
logreg_a,5.0,5,KGS,oot,0.8678571428571428,38.618303092670395,381.84712971919276,0.07547169811320754,0.8962916723040292,0.0
logreg_a,5.0,5,KGS,wf_2022,,,,0.0,,
logreg_a,5.0,5,KGS,wf_2023,0.875886524822695,30.22431896508674,343.7858497089863,0.11764705882352941,1.2372909064979924,0.0
logreg_a,5.0,5,KGS,wf_2024,0.7547169811320754,-6.9229335875468525,457.6428060922103,1.0392156862745099,1.6247247990271714,0.7169811320754716
logreg_a,5.0,5,KGS,wf_2025,0.5227272727272727,-6.623175485078685,571.6645052384117,0.6470588235294118,0.27035895966580237,0.2727272727272727
logreg_a,5.0,5,KZT,oot,1.215,59.649340631291906,217.0743149859877,0.09433962264150944,1.581415285834396,0.2
logreg_a,5.0,5,KZT,wf_2022,,,,0.0,,
logreg_a,5.0,5,KZT,wf_2023,0.9250936329588014,59.300470923707834,164.87247650883052,0.17647058823529413,1.5417486385566208,0.0
logreg_a,5.0,5,KZT,wf_2024,0.6940298507462687,-4.042913305605086,558.2352163653429,0.9411764705882353,0.9046119736598007,0.6041666666666666
logreg_a,5.0,5,KZT,wf_2025,0.688034188034188,-18.326713269029486,459.5888938205461,0.7647058823529411,0.8859461296873553,0.38461538461538464
logreg_a,5.0,5,TJS,oot,1.6643835616438356,-4.888382718336244,415.62035808274146,0.8867924528301887,0.8668817800564117,0.574468085106383
logreg_a,5.0,5,TJS,wf_2022,0.0,-46.41569222419261,1002.2372546282487,0.0392156862745098,,0.0
logreg_a,5.0,5,TJS,wf_2023,0.4379432624113475,32.11599616265473,349.48895076956086,0.11764705882352941,0.7037173889772274,0.0
logreg_a,5.0,5,TJS,wf_2024,1.1272727272727272,17.019795309997114,725.9848112260414,0.9803921568627451,1.2190003790106418,0.68
logreg_a,5.0,5,TJS,wf_2025,1.1180555555555554,-5.4929465384109735,576.9339856370082,0.7941176470588235,0.7227163021652666,0.5185185185185185
logreg_a,5.0,5,UZS,oot,0.7319277108433735,11.412789946474154,237.86951921429102,0.07547169811320754,0.857934441964473,0.0
logreg_a,5.0,5,UZS,wf_2022,,,,0.0,,
logreg_a,5.0,5,UZS,wf_2023,0.3714285714285714,45.53868818537525,344.21287953791955,0.13725490196078433,0.48890509419256073,0.0
logreg_a,5.0,5,UZS,wf_2024,0.9959839357429718,-1.407370648593351,783.1854315235299,0.9411764705882353,0.3540292013477062,0.6666666666666666
logreg_a,5.0,5,UZS,wf_2025,0.8444055944055944,-6.242509629333219,600.6729039091208,0.6470588235294118,0.44439408684584203,0.2727272727272727
logreg_ab,5.0,5,AMD,oot,,,,0.0,,
logreg_ab,5.0,5,AMD,wf_2022,1.1435185185185186,50.99665453904501,1153.6322484811355,0.11764705882352941,1.3486150569604767,0.0
logreg_ab,5.0,5,AMD,wf_2023,,,,0.0,,
logreg_ab,5.0,5,AMD,wf_2024,0.775,17.396702442820736,502.59026877000906,0.7843137254901961,1.155567763481111,0.65
logreg_ab,5.0,5,AMD,wf_2025,,,,0.0,,
logreg_ab,5.0,5,KGS,oot,,,,0.0,,
logreg_ab,5.0,5,KGS,wf_2022,1.2666666666666666,53.207163579872905,429.4347914597907,0.058823529411764705,3.115757165927181,0.0
logreg_ab,5.0,5,KGS,wf_2023,,,,0.0,,
logreg_ab,5.0,5,KGS,wf_2024,0.5833333333333334,4.966173854822653,201.494958431212,0.6274509803921569,0.7467427843574513,0.59375
logreg_ab,5.0,5,KGS,wf_2025,5.75,45.896769651878614,0.0,0.029411764705882353,3.0565316288194135,0.0
logreg_ab,5.0,5,KZT,oot,,,,0.0,,
logreg_ab,5.0,5,KZT,wf_2022,0.3508522727272727,121.63705058567857,1179.6445289005608,0.21568627450980393,0.3052146726091394,0.7272727272727273
logreg_ab,5.0,5,KZT,wf_2023,,,,0.0,,
logreg_ab,5.0,5,KZT,wf_2024,0.4935323383084577,17.92776239903363,579.367965173514,0.5882352941176471,1.1674360910885895,0.4666666666666667
logreg_ab,5.0,5,KZT,wf_2025,,,,0.0,,
logreg_ab,5.0,5,TJS,oot,,,,0.0,,
logreg_ab,5.0,5,TJS,wf_2022,0.6415584415584416,134.84012011299075,1002.2372546282487,0.19607843137254902,7.63118899874513,0.0
logreg_ab,5.0,5,TJS,wf_2023,,,,0.0,,
logreg_ab,5.0,5,TJS,wf_2024,1.2169421487603305,17.464791916598752,725.9848112260414,0.8627450980392157,1.2108791013712532,0.6136363636363636
logreg_ab,5.0,5,TJS,wf_2025,1.1180555555555554,-0.0466714258684533,32.300273475649455,0.08823529411764706,0.6234066679699899,0.3333333333333333
logreg_ab,5.0,5,UZS,oot,,,,0.0,,
logreg_ab,5.0,5,UZS,wf_2022,0.38000000000000006,97.4000009489756,1152.1628929846538,0.19607843137254902,1.128588701924052,0.3
logreg_ab,5.0,5,UZS,wf_2023,,,,0.0,,
logreg_ab,5.0,5,UZS,wf_2024,1.1204819277108435,30.70885859090627,135.6656713862048,0.47058823529411764,2.6590841504506364,0.4166666666666667
logreg_ab,5.0,5,UZS,wf_2025,0.0,-88.44539808058032,168.1428305053134,0.08823529411764706,0.0,0.6666666666666666
logreg_abc,5.0,5,AMD,oot,0.41047297297297297,9.01451605174158,252.78378012523862,0.1509433962264151,0.22447435870753368,0.125
logreg_abc,5.0,5,AMD,wf_2022,3.430555555555556,65.9261955018553,0.0,0.0196078431372549,3.7648216395124563,0.0
logreg_abc,5.0,5,AMD,wf_2023,,,,0.0,,
logreg_abc,5.0,5,AMD,wf_2024,,,,0.0,,
logreg_abc,5.0,5,AMD,wf_2025,,,,0.0,,
logreg_abc,5.0,5,KGS,oot,0.9257142857142856,-6.982518785033126,510.4106968162836,0.33962264150943394,0.7874332845617715,0.5
logreg_abc,5.0,5,KGS,wf_2022,3.8000000000000003,72.96223935703506,0.0,0.0196078431372549,3.823139509995549,0.0
logreg_abc,5.0,5,KGS,wf_2023,,,,0.0,,
logreg_abc,5.0,5,KGS,wf_2024,,,,0.0,,
logreg_abc,5.0,5,KGS,wf_2025,,,,0.0,,
logreg_abc,5.0,5,KZT,oot,1.215,6.121958948422489,326.17315685845585,0.09433962264150944,0.5041646016822523,0.4
logreg_abc,5.0,5,KZT,wf_2022,,,,0.0,,
logreg_abc,5.0,5,KZT,wf_2023,,,,0.0,,
logreg_abc,5.0,5,KZT,wf_2024,,,,0.0,,
logreg_abc,5.0,5,KZT,wf_2025,,,,0.0,,
logreg_abc,5.0,5,TJS,oot,1.157832042882668,-15.596793601946032,420.3235767150504,0.4528301886792453,0.6904443097827891,0.3333333333333333
logreg_abc,5.0,5,TJS,wf_2022,3.207792207792208,76.79769864338937,0.0,0.0196078431372549,3.737155478631931,0.0
logreg_abc,5.0,5,TJS,wf_2023,,,,0.0,,
logreg_abc,5.0,5,TJS,wf_2024,,,,0.0,,
logreg_abc,5.0,5,TJS,wf_2025,2.2361111111111107,77.4465412636771,270.15632920581953,0.08823529411764706,0.6268683186962797,0.3333333333333333
logreg_abc,5.0,5,UZS,oot,0.9759036144578312,-46.81303259820954,492.61432862483633,0.33962264150943394,0.8923469223838041,0.6111111111111112
logreg_abc,5.0,5,UZS,wf_2022,1.2666666666666666,251.04668897078332,1133.28811893878,0.058823529411764705,24.53664705190481,0.0
logreg_abc,5.0,5,UZS,wf_2023,,,,0.0,,
logreg_abc,5.0,5,UZS,wf_2024,,,,0.0,,
logreg_abc,5.0,5,UZS,wf_2025,,,,0.0,,
logreg_abcd,5.0,5,AMD,oot,,,,0.0,,
logreg_abcd,5.0,5,AMD,wf_2022,0.3898358585858586,71.45490915688798,1219.022316230635,0.8627450980392157,1.864665224983206,0.6818181818181818
logreg_abcd,5.0,5,AMD,wf_2023,,,,0.0,,
logreg_abcd,5.0,5,AMD,wf_2024,0.9393939393939393,29.80883276558826,285.40971609531726,0.47058823529411764,1.5112489829810765,0.5
logreg_abcd,5.0,5,AMD,wf_2025,0.9147727272727274,7.313662676975065,456.2969494713176,0.6470588235294118,0.8008003055875109,0.5
logreg_abcd,5.0,5,KGS,oot,,,,0.0,,
logreg_abcd,5.0,5,KGS,wf_2022,0.36774193548387096,54.56849387035709,1017.3690703532701,0.6078431372549019,0.5214678521840286,0.6774193548387096
logreg_abcd,5.0,5,KGS,wf_2023,,,,0.0,,
logreg_abcd,5.0,5,KGS,wf_2024,0.5925925925925926,37.02603366719175,253.31079984341142,0.17647058823529413,0.7462557980472854,0.4444444444444444
logreg_abcd,5.0,5,KGS,wf_2025,0.9583333333333333,6.77983174032078,309.62410724207245,0.35294117647058826,0.7555120246412133,0.3333333333333333
logreg_abcd,5.0,5,KZT,oot,,,,0.0,,
logreg_abcd,5.0,5,KZT,wf_2022,0.154375,73.35645302774032,1135.9995967011728,0.49019607843137253,0.3717987375207828,0.68
logreg_abcd,5.0,5,KZT,wf_2023,,,,0.0,,
logreg_abcd,5.0,5,KZT,wf_2024,1.1389207807118256,34.15742273385361,222.02749054855974,0.2549019607843137,1.7497419260794513,0.38461538461538464
logreg_abcd,5.0,5,KZT,wf_2025,0.0,147.75123974865022,5.575439290665951,0.029411764705882353,0.0,0.0
logreg_abcd,5.0,5,TJS,oot,,,,0.0,,
logreg_abcd,5.0,5,TJS,wf_2022,1.0206611570247934,102.67915407902181,581.984004475643,0.43137254901960786,3.8807217402046064,0.5454545454545454
logreg_abcd,5.0,5,TJS,wf_2023,,,,0.0,,
logreg_abcd,5.0,5,TJS,wf_2024,1.3419913419913418,42.306913206518026,252.97271895434514,0.4117647058823529,0.822196788353078,0.6190476190476191
logreg_abcd,5.0,5,TJS,wf_2025,1.6770833333333333,57.64476499233673,382.98572024840996,0.29411764705882354,1.9509354588521581,0.4
logreg_abcd,5.0,5,UZS,oot,,,,0.0,,
logreg_abcd,5.0,5,UZS,wf_2022,0.41081081081081083,84.9406057608943,1937.7268637216084,0.7254901960784313,0.6310291345007082,0.6216216216216216
logreg_abcd,5.0,5,UZS,wf_2023,,,,0.0,,
logreg_abcd,5.0,5,UZS,wf_2024,1.0671256454388984,37.90819561876078,290.59305431864635,0.27450980392156865,0.7999021233004137,0.6428571428571429
logreg_abcd,5.0,5,UZS,wf_2025,1.2384615384615385,16.544454321848033,343.64204663510645,0.29411764705882354,1.286604130579025,0.3
momentum,,5,AMD,oot,0.7297297297297297,70.09009653928048,333.96453789622416,0.6792452830188679,1.76088584232672,0.5277777777777778
momentum,,5,AMD,wf_2022,0.6053921568627452,174.5248337460911,1254.3598493421794,1.0,4.960818614175609,0.6666666666666666
momentum,,5,AMD,wf_2023,0.8171428571428571,112.42247488265004,499.0921987525254,0.6862745098039216,1.983443738493167,0.5428571428571428
momentum,,5,AMD,wf_2024,1.0333333333333332,108.01993090778572,587.0623471191805,0.5882352941176471,4.180807490597949,0.43333333333333335
momentum,,5,AMD,wf_2025,1.0481770833333335,66.3210450149318,594.748909222379,0.7058823529411765,2.7939677396612286,0.5
momentum,,5,KGS,oot,0.8501457725947521,61.3422837875355,348.39072944106374,0.9245283018867925,1.9098476111475238,0.5714285714285714
momentum,,5,KGS,wf_2022,0.530232558139535,241.59321047950507,910.9459072574952,0.8431372549019608,115.31542732868118,0.5581395348837209
momentum,,5,KGS,wf_2023,0.6182728410513142,88.11847115058751,468.21322644552856,0.6666666666666666,2.512966424264927,0.5588235294117647
momentum,,5,KGS,wf_2024,1.032258064516129,101.03297475924471,587.3104604849433,0.6078431372549019,3.6683498437039304,0.45161290322580644
momentum,,5,KGS,wf_2025,0.8518518518518519,68.85593387654065,607.2936996847877,0.7941176470588235,2.5302360724979183,0.5555555555555556
momentum,,5,KZT,oot,0.8999999999999999,79.67172005546921,503.76106245732853,0.5094339622641509,1.9425088961791106,0.5185185185185185
momentum,,5,KZT,wf_2022,0.4288194444444444,103.39917675342545,1109.344190207692,0.8823529411764706,1.9788997099877166,0.6444444444444445
momentum,,5,KZT,wf_2023,0.7929373996789726,101.11780714976794,389.48878284842726,0.5490196078431373,10.618063049927427,0.4642857142857143
momentum,,5,KZT,wf_2024,1.074626865671642,92.61575398762608,597.9124120717039,0.6078431372549019,4.372301166933248,0.45161290322580644
momentum,,5,KZT,wf_2025,1.431111111111111,88.1343958875813,549.3590614829125,0.7352941176470589,2.6534487861556966,0.44
momentum,,5,TJS,oot,0.7307049782826595,56.75711213308847,314.5587265719999,0.7735849056603774,1.8367798790498324,0.5365853658536586
momentum,,5,TJS,wf_2022,0.6415584415584416,127.46152524134725,2096.573455584506,0.7843137254901961,1.3355372288789202,0.625
momentum,,5,TJS,wf_2023,0.6569148936170213,93.86563995513474,493.4669897816102,0.6274509803921569,2.1831267411082846,0.5
momentum,,5,TJS,wf_2024,0.8288770053475936,77.17554268140458,588.0321173109937,0.6666666666666666,2.2694557945141627,0.5294117647058824
momentum,,5,TJS,wf_2025,0.4192708333333333,104.13726110705922,643.0124561426709,0.47058823529411764,1.5056900620398883,0.4375
momentum,,5,UZS,oot,0.7319277108433735,88.37180294453972,403.7678207731632,0.6792452830188679,1.898549606214126,0.6388888888888888
momentum,,5,UZS,wf_2022,0.6452830188679245,155.76119859746518,1751.5644660130345,1.0392156862745099,1.9587975626251577,0.6415094339622641
momentum,,5,UZS,wf_2023,0.6666666666666665,100.57489506193144,409.32278853554993,0.7647058823529411,2.7852867805802246,0.5641025641025641
momentum,,5,UZS,wf_2024,0.9390705679862307,100.02893328569318,591.5350134989606,0.6862745098039216,3.4700271643951446,0.5428571428571428
momentum,,5,UZS,wf_2025,1.2384615384615385,96.70975951729757,636.5306550216965,0.7352941176470589,4.536975364429181,0.36
random,,5,AMD,oot,1.1836895034569452,-1.2633884175815915,386.8002396907654,1.6603773584905661,0.9272376024338127,0.5795454545454546
random,,5,AMD,wf_2022,1.1435185185185186,44.49233046150261,1117.8064352593547,1.588235294117647,2.407222673084951,0.48148148148148145
random,,5,AMD,wf_2023,1.144,10.840986326505657,510.1861276539238,1.4705882352941178,1.093599175297919,0.4266666666666667
random,,5,AMD,wf_2024,1.1585858585858584,8.852789556376127,493.33885090459796,1.7647058823529411,1.638262436958404,0.5444444444444444
random,,5,AMD,wf_2025,0.8707932692307693,28.87763494058282,464.21602348403644,1.5294117647058822,1.5864649604952215,0.4807692307692308
random,,5,KGS,oot,1.1741596638655463,5.653922426577206,338.66474214455263,1.320754716981132,1.4989542695224214,0.42857142857142855
random,,5,KGS,wf_2022,0.7287671232876712,-44.67424561068107,1593.3823260423653,1.4313725490196079,0.5076842760826905,0.4657534246575342
random,,5,KGS,wf_2023,1.2101063829787235,12.529979529575956,465.9581037264504,1.4901960784313726,1.0238406951861618,0.42105263157894735
random,,5,KGS,wf_2024,1.011494252873563,3.9837535666494848,493.64873012575447,1.7058823529411764,1.126172926873815,0.5517241379310345
random,,5,KGS,wf_2025,1.4375,14.151360935136205,364.0541415967946,1.6470588235294117,2.064777077535598,0.5535714285714286
random,,5,KZT,oot,0.7681034482758622,-12.444843761117632,530.9914974586078,1.6415094339622642,0.9113143323173075,0.5057471264367817
random,,5,KZT,wf_2022,1.2565406976744187,40.89287896431126,1092.9313417765195,1.6862745098039216,1.0740261793015835,0.5232558139534884
random,,5,KZT,wf_2023,1.2211235955056179,10.035794358940436,896.4105702689995,1.4705882352941178,0.35385306434835856,0.44
random,,5,KZT,wf_2024,0.9253731343283582,-7.645235408747247,933.4250637820735,1.3333333333333333,0.21708483190066125,0.4411764705882353
random,,5,KZT,wf_2025,0.9415204678362572,-16.419110546045392,677.282437047871,1.6764705882352942,0.7302399389943973,0.5263157894736842
random,,5,TJS,oot,0.8439127918194095,-18.79762279014738,427.44962847151345,1.3773584905660377,0.8755505623054367,0.5068493150684932
random,,5,TJS,wf_2022,1.1746844704591184,52.38944626727367,1159.7504348240534,1.392156862745098,19.204475184268983,0.4507042253521127
random,,5,TJS,wf_2023,0.875886524822695,-1.9915478343170998,473.55885127727294,1.1764705882352942,1.0785285738287105,0.36666666666666664
random,,5,TJS,wf_2024,0.8288770053475936,-10.314141273698565,649.1193112725457,1.3333333333333333,1.3296202772259313,0.4264705882352941
random,,5,TJS,wf_2025,0.966454802259887,2.0086392721605852,586.4492361182183,1.7352941176470589,1.2069820055619502,0.559322033898305
random,,5,UZS,oot,1.0223752151462995,12.234543393778049,402.26441772998004,1.1886792452830188,0.9155804596728211,0.3968253968253968
random,,5,UZS,wf_2022,1.1903614457831326,45.08905984918299,1087.2248908329811,1.6274509803921569,1.9719971548757755,0.5903614457831325
random,,5,UZS,wf_2023,1.0963855421686748,-8.751922094666632,650.1629834349262,1.6274509803921569,0.5732459757972062,0.5301204819277109
random,,5,UZS,wf_2024,1.093153100205701,0.8933038416773018,597.9768855925948,1.607843137254902,1.1031333729098045,0.4878048780487805
random,,5,UZS,wf_2025,0.7740384615384616,-18.137152198487577,648.8132781390118,1.411764705882353,0.6629637432165509,0.5
reversal,,5,AMD,oot,0.3283783783783784,23.376393018105897,319.7913094087435,0.18867924528301888,0.41627479948300133,0.0
reversal,,5,AMD,wf_2022,1.2474747474747476,12.079513546244103,1153.6322484811355,0.21568627450980393,1.0708526351040122,0.0
reversal,,5,AMD,wf_2023,0.7428571428571428,67.32637143515653,352.6135874855685,0.13725490196078433,1.4631743626196962,0.0
reversal,,5,AMD,wf_2024,0.7685950413223139,58.574313043011536,781.5990331121459,0.21568627450980393,0.7969481302810242,0.0
reversal,,5,AMD,wf_2025,1.8295454545454548,52.77588492081829,318.7753586558295,0.3235294117647059,1.5917276268957405,0.09090909090909091
reversal,,5,KGS,oot,0.3155844155844156,27.42285214917938,381.84712971919276,0.20754716981132076,0.30430566641643125,0.0
reversal,,5,KGS,wf_2022,1.2666666666666666,26.554253339108225,2009.8322013880465,0.23529411764705882,0.00962028088599822,0.0
reversal,,5,KGS,wf_2023,0.875886524822695,30.22431896508674,343.7858497089863,0.11764705882352941,1.2293624822364844,0.0
reversal,,5,KGS,wf_2024,0.6666666666666666,49.69523829688294,193.81578555028645,0.1568627450980392,1.9801255391718076,0.0
reversal,,5,KGS,wf_2025,0.359375,18.051654081003704,771.37600464801,0.47058823529411764,0.09640050696093769,0.125
reversal,,5,KZT,oot,1.3499999999999999,75.44742386803829,326.17315685845585,0.16981132075471697,2.1846889673496457,0.1111111111111111
reversal,,5,KZT,wf_2022,1.1875,129.52400817734667,863.9750324183026,0.2549019607843137,1.595390433228572,0.15384615384615385
reversal,,5,KZT,wf_2023,0.9250936329588014,59.300470923707834,164.87247650883052,0.17647058823529413,1.5042780346639355,0.0
reversal,,5,KZT,wf_2024,1.0094979647218454,51.788436634460595,936.7084397984681,0.21568627450980393,0.6796261222696887,0.0
reversal,,5,KZT,wf_2025,1.376068376068376,22.130703000221146,516.4458318617337,0.38235294117647056,1.4212127780042114,0.07692307692307693
reversal,,5,TJS,oot,0.5547945205479451,30.488909068943084,282.3609142997951,0.22641509433962265,0.6064103942513406,0.0
reversal,,5,TJS,wf_2022,1.2337662337662338,146.32383508552383,1591.6580820487459,0.2549019607843137,3.7951771485090964,0.07692307692307693
reversal,,5,TJS,wf_2023,0.4379432624113475,32.11599616265473,349.48895076956086,0.11764705882352941,0.657834684385352,0.0
reversal,,5,TJS,wf_2024,0.9393939393939393,67.9402383001602,183.5679065712248,0.23529411764705882,4.691147903620677,0.0
reversal,,5,TJS,wf_2025,1.6770833333333333,60.25254216010778,770.8822510256064,0.29411764705882354,0.4934530535120982,0.1
reversal,,5,UZS,oot,0.6506024096385542,13.757754388465568,395.11308397216726,0.16981132075471697,0.7662023240672199,0.0
reversal,,5,UZS,wf_2022,1.0133333333333334,77.90137416965119,1126.8531421822693,0.29411764705882354,1.2940420335463434,0.06666666666666667
reversal,,5,UZS,wf_2023,0.3714285714285714,45.53868818537525,344.21287953791955,0.13725490196078433,0.4599947601546814,0.0
reversal,,5,UZS,wf_2024,0.8963855421686747,68.78558335523222,137.54173729173758,0.19607843137254902,5.308101000086795,0.0
reversal,,5,UZS,wf_2025,1.1610576923076923,25.853500080150333,799.7051035233516,0.47058823529411764,0.26557285020775523,0.125
seasonality,,5,AMD,oot,0.8537837837837838,9.995164485210916,262.00190660236194,0.9433962264150944,0.9707475714382209,0.84
seasonality,,5,AMD,wf_2022,0.7701247165532881,44.981229696793314,1139.2951833511358,0.9607843137254902,1.2223507409003065,0.8367346938775511
seasonality,,5,AMD,wf_2023,0.9208333333333333,-3.8111931743983742,542.9352123227312,0.9411764705882353,1.1152089640233909,0.8333333333333334
seasonality,,5,AMD,wf_2024,0.7890909090909092,26.021883613647947,232.24780870343338,0.9803921568627451,1.322786487650394,0.84
seasonality,,5,AMD,wf_2025,0.5296052631578947,-5.889369770756009,427.31705715002397,1.1176470588235294,0.9361248309487442,0.8421052631578947
seasonality,,5,KGS,oot,1.0607142857142857,3.768945942187771,458.39242243843944,0.7358490566037735,0.9771889841204958,0.8205128205128205
seasonality,,5,KGS,wf_2022,0.7886792452830189,10.231447572365516,2038.9747373581552,1.0392156862745099,0.16106771801744274,0.7924528301886793
seasonality,,5,KGS,wf_2023,0.9323953328757723,4.826515536166222,499.6593723738241,1.2156862745098038,1.0670114506002468,0.8064516129032258
seasonality,,5,KGS,wf_2024,0.7816091954022988,-0.3246046295484736,740.0426419408204,1.1372549019607843,1.021785741248416,0.8275862068965517
seasonality,,5,KGS,wf_2025,1.2432432432432434,0.0700220318878802,510.97540143491545,1.088235294117647,1.2629852977586953,0.8108108108108109
seasonality,,5,KZT,oot,0.759375,-27.345768700281067,454.62856039252046,0.9811320754716981,0.9582204440426788,0.8269230769230769
seasonality,,5,KZT,wf_2022,1.2379127358490565,20.979385356891708,1023.8045164322199,1.0392156862745099,1.2670869454122629,0.8301886792452831
seasonality,,5,KZT,wf_2023,0.8466958674538183,7.203897402806901,558.6338602660343,1.1568627450980393,0.7449254668092087,0.847457627118644
seasonality,,5,KZT,wf_2024,0.7270788912579957,-8.337176086763769,923.1658897714009,1.0980392156862746,1.0815142753087348,0.8214285714285714
seasonality,,5,KZT,wf_2025,1.0435185185185183,-8.13356671727522,710.7955693528545,1.1764705882352942,1.1451199165956043,0.825
seasonality,,5,TJS,oot,1.809112567004169,1.1099944016844823,415.62035808274146,0.8867924528301887,0.9083343856514491,0.7872340425531915
seasonality,,5,TJS,wf_2022,0.46780303030303033,-84.34968504759655,2064.6096440809197,0.9411764705882353,1.408278561600544,0.8125
seasonality,,5,TJS,wf_2023,0.6569148936170213,2.2106511121091983,451.8476892000112,0.9411764705882353,1.0038444832567945,0.8333333333333334
seasonality,,5,TJS,wf_2024,1.105169340463458,25.397942339968903,725.9848112260414,1.0,1.1518322683375024,0.8235294117647058
seasonality,,5,TJS,wf_2025,0.9147727272727272,-14.892681298081742,556.4920044252242,0.9705882352941176,0.9163515139090544,0.8484848484848485
seasonality,,5,UZS,oot,0.9315443592552026,9.59860378294269,411.5991533389463,0.9056603773584906,0.9681316379999113,0.8333333333333334
seasonality,,5,UZS,wf_2022,1.023076923076923,-34.78338459790425,1609.8663583093828,1.0196078431372548,0.8808918580193258,0.8269230769230769
seasonality,,5,UZS,wf_2023,1.1555555555555554,7.968271902660456,471.51156668257937,1.0588235294117647,1.1144180071990657,0.8333333333333334
seasonality,,5,UZS,wf_2024,0.9406514948683624,5.7880584154979395,783.1854315235299,1.0588235294117647,1.0014110712791622,0.8333333333333334
seasonality,,5,UZS,wf_2025,1.1985111662531016,1.788270515953886,575.2375416679768,0.9117647058823529,1.3115903732230692,0.8064516129032258
catboost_a,5.0,10,AMD,oot,,,,0.0,,
catboost_a,5.0,10,AMD,wf_2022,,,,0.0,,
catboost_a,5.0,10,AMD,wf_2023,0.8933092224231464,120.28479189733629,495.7779639146076,0.13725490196078433,1.565666653384932,0.0
catboost_a,5.0,10,AMD,wf_2024,0.7222222222222222,39.4897147165831,676.794514119501,1.2156862745098038,1.6094036326982664,0.7741935483870968
catboost_a,5.0,10,AMD,wf_2025,0.6363636363636365,26.58107263775713,923.1260749666092,0.6470588235294118,0.5023715416848744,0.45454545454545453
catboost_a,5.0,10,KGS,oot,,,,0.0,,
catboost_a,5.0,10,KGS,wf_2022,,,,0.0,,
catboost_a,5.0,10,KGS,wf_2023,1.1126126126126126,87.14505186724229,481.6896121531955,0.11764705882352941,1.4747091062905247,0.0
catboost_a,5.0,10,KGS,wf_2024,0.7247488584474886,22.848646452618024,698.2518117027353,1.4705882352941178,1.3361618480066149,0.76
catboost_a,5.0,10,KGS,wf_2025,0.3659090909090909,16.82987637526809,997.4306223704876,0.6470588235294118,0.268546082479745,0.2727272727272727
catboost_a,5.0,10,KZT,oot,,,,0.0,,
catboost_a,5.0,10,KZT,wf_2022,,,,0.0,,
catboost_a,5.0,10,KZT,wf_2023,0.784126984126984,142.4705839063202,305.46748927206215,0.17647058823529413,0.8779505742773099,0.0
catboost_a,5.0,10,KZT,wf_2024,0.6733031674208145,39.540880646422885,599.9803330632596,1.2745098039215685,1.742056700184526,0.7692307692307693
catboost_a,5.0,10,KZT,wf_2025,0.38701923076923084,-2.4826976273722967,1023.3166173760244,0.7647058823529411,0.39744241516564904,0.38461538461538464
catboost_a,5.0,10,TJS,oot,,,,0.0,,
catboost_a,5.0,10,TJS,wf_2022,1.7333333333333334,674.5126505232427,796.8806741944667,0.09803921568627451,1476.6144454049227,0.0
catboost_a,5.0,10,TJS,wf_2023,0.5966183574879226,91.22773402496233,489.01604395306776,0.11764705882352941,1.0068622749532776,0.0
catboost_a,5.0,10,TJS,wf_2024,1.0809464508094644,49.83751779233539,737.698290502652,1.2941176470588236,1.3268741175075505,0.7575757575757576
catboost_a,5.0,10,TJS,wf_2025,0.7846003898635477,5.804371998741351,1025.8510572328316,0.7941176470588235,0.6312555216882465,0.5185185185185185
catboost_a,5.0,10,UZS,oot,,,,0.0,,
catboost_a,5.0,10,UZS,wf_2022,,,,0.0,,
catboost_a,5.0,10,UZS,wf_2023,0.4704761904761905,115.97470989227429,527.9873184728601,0.13725490196078433,0.4634792413183929,0.0
catboost_a,5.0,10,UZS,wf_2024,0.8478632478632478,22.861781265417193,758.5005148734487,1.2352941176470589,0.7967061315957887,0.8095238095238095
catboost_a,5.0,10,UZS,wf_2025,0.9147727272727274,19.386923783169628,1038.8785397003064,0.6470588235294118,0.6774030856509357,0.2727272727272727
catboost_ab,5.0,10,AMD,oot,0.9807692307692308,13.46262376761113,385.44240206191074,0.24528301886792453,0.6589287836432232,0.46153846153846156
catboost_ab,5.0,10,AMD,wf_2022,0.392478813559322,-9.28725301525622,1758.1777601866731,0.6274509803921569,0.1401132371715467,0.65625
catboost_ab,5.0,10,AMD,wf_2023,0.8058201748662402,53.71944860906165,738.5229405074427,1.9019607843137254,1.180194303959937,0.8247422680412371
catboost_ab,5.0,10,AMD,wf_2024,0.6888888888888889,26.47039482966801,587.0623471191805,0.7843137254901961,1.3636387101007055,0.725
catboost_ab,5.0,10,AMD,wf_2025,,,,0.0,,
catboost_ab,5.0,10,KGS,oot,0.8981132075471698,-64.61553955260413,535.6729584858399,0.24528301886792453,0.8546513128137279,0.5384615384615384
catboost_ab,5.0,10,KGS,wf_2022,0.2935234699940582,4.574139917376289,1887.693083692703,0.6470588235294118,0.5783548059281092,0.5454545454545454
catboost_ab,5.0,10,KGS,wf_2023,0.9817170111287759,48.029725330835944,672.9081631452312,2.0,1.2999859537801983,0.7843137254901961
catboost_ab,5.0,10,KGS,wf_2024,0.6176836861768369,12.932898588082773,767.9576714674341,1.0784313725490196,1.0692178576413909,0.7454545454545455
catboost_ab,5.0,10,KGS,wf_2025,,,,0.0,,
catboost_ab,5.0,10,KZT,oot,0.7323076923076924,-39.92196499680259,738.3982869214401,0.5660377358490566,0.7201393556617817,0.6
catboost_ab,5.0,10,KZT,wf_2022,1.0196078431372548,125.44753052684504,1754.5023079803946,0.7450980392156863,1.4815950593851022,0.6578947368421053
catboost_ab,5.0,10,KZT,wf_2023,0.8302521008403361,64.94100783656846,548.9417255283377,2.0,1.4740408720410192,0.803921568627451
catboost_ab,5.0,10,KZT,wf_2024,0.6234288587229763,23.333450797581825,597.9124120717039,0.7647058823529411,1.0349508356269481,0.717948717948718
catboost_ab,5.0,10,KZT,wf_2025,,,,0.0,,
catboost_ab,5.0,10,TJS,oot,2.0341880341880345,-41.1418189496145,642.180953132585,0.5094339622641509,0.6685154403476952,0.6296296296296297
catboost_ab,5.0,10,TJS,wf_2022,0.3333333333333333,-53.04761166916227,4067.7104940544714,0.7647058823529411,0.8679559697604483,0.5641025641025641
catboost_ab,5.0,10,TJS,wf_2023,0.7908661948095719,59.93954580046619,601.9660943603169,1.6862745098039216,1.3584832628871872,0.7790697674418605
catboost_ab,5.0,10,TJS,wf_2024,1.0099962976675305,28.4535468361713,760.1545782383635,0.7254901960784313,1.1248890393345146,0.7027027027027027
catboost_ab,5.0,10,TJS,wf_2025,,,,0.0,,
catboost_ab,5.0,10,UZS,oot,0.7555555555555555,-65.8442753275138,636.521209764016,0.4528301886792453,0.5878816149943334,0.5
catboost_ab,5.0,10,UZS,wf_2022,0.7647058823529411,-29.21163249435869,3302.5111014528575,0.7450980392156863,0.8393676237920551,0.6052631578947368
catboost_ab,5.0,10,UZS,wf_2023,0.8233333333333334,60.4035681360854,578.7502443072423,2.0392156862745097,1.3166858507731387,0.8365384615384616
catboost_ab,5.0,10,UZS,wf_2024,0.8032388663967611,5.760130814742493,788.5833221267292,0.7450980392156863,0.9687154450528851,0.7368421052631579
catboost_ab,5.0,10,UZS,wf_2025,,,,0.0,,
catboost_abc,5.0,10,AMD,oot,1.0625,13.747912288810392,564.9611823028722,0.37735849056603776,0.8371816449858585,0.5
catboost_abc,5.0,10,AMD,wf_2022,0.6977401129943502,118.05199283636362,613.9395589436414,0.11764705882352941,1.79814406231299,0.3333333333333333
catboost_abc,5.0,10,AMD,wf_2023,0.46898734177215184,-13.951634164728773,749.0937970920064,0.39215686274509803,1.2685456463780476,0.6
catboost_abc,5.0,10,AMD,wf_2024,,,,0.0,,
catboost_abc,5.0,10,AMD,wf_2025,0.0,42.20781277860741,37.58537795246042,0.029411764705882353,0.0,0.0
catboost_abc,5.0,10,KGS,oot,1.710691823899371,23.81302158978519,447.7721231916953,0.4528301886792453,1.7918747986885395,0.5416666666666666
catboost_abc,5.0,10,KGS,wf_2022,0.7450980392156863,119.5662477657075,1976.3295014832781,0.2549019607843137,0.9761468431756253,0.5384615384615384
catboost_abc,5.0,10,KGS,wf_2023,1.0358807082945014,21.780645770772544,498.37204917990925,0.5686274509803921,1.557805812163387,0.6896551724137931
catboost_abc,5.0,10,KGS,wf_2024,3.3972602739726026,441.9677171406633,0.0,0.0196078431372549,33.51579648226966,0.0
catboost_abc,5.0,10,KGS,wf_2025,2.0125,39.749287695529105,47.229445236256495,0.11764705882352941,0.5728783854502382,0.75
catboost_abc,5.0,10,KZT,oot,0.3854251012145749,-6.478019872059602,688.3276163991848,0.3584905660377358,0.6289144926040366,0.47368421052631576
catboost_abc,5.0,10,KZT,wf_2022,1.8161764705882353,44.905361491206634,1760.1696219414187,0.1568627450980392,2.970732255861755,0.5
catboost_abc,5.0,10,KZT,wf_2023,1.7642857142857142,97.57272701020291,363.80385860553366,0.23529411764705882,1.1783162257292588,0.6666666666666666
catboost_abc,5.0,10,KZT,wf_2024,,,,0.0,,
catboost_abc,5.0,10,KZT,wf_2025,,,,0.0,,
catboost_abc,5.0,10,TJS,oot,1.3974706413730804,2.2900505809306044,597.9305257673732,0.7924528301886793,0.7503385924760841,0.5714285714285714
catboost_abc,5.0,10,TJS,wf_2022,0.3939393939393939,-94.88258766637388,3928.9271325200857,0.21568627450980393,1.2758121464162224,0.45454545454545453
catboost_abc,5.0,10,TJS,wf_2023,1.1014492753623188,19.47396801158851,455.72448122825904,0.2549019607843137,2.7373651263548884,0.6153846153846154
catboost_abc,5.0,10,TJS,wf_2024,,,,0.0,,
catboost_abc,5.0,10,TJS,wf_2025,1.412280701754386,36.92767969010394,338.0069587768664,0.17647058823529413,0.938662559692826,0.5
catboost_abc,5.0,10,UZS,oot,1.1333333333333333,-58.9867410846393,524.1784850579334,0.4528301886792453,0.8985259869153468,0.5833333333333334
catboost_abc,5.0,10,UZS,wf_2022,1.320855614973262,-16.14500426757148,3094.6770178327674,0.21568627450980393,3.8491727039372603,0.5454545454545454
catboost_abc,5.0,10,UZS,wf_2023,0.6861111111111112,-9.30690231421625,594.3953630976562,0.47058823529411764,1.147728734705035,0.7083333333333334
catboost_abc,5.0,10,UZS,wf_2024,3.8153846153846156,436.91197430232086,0.0,0.0196078431372549,52.3702108244659,0.0
catboost_abc,5.0,10,UZS,wf_2025,0.0,-112.30342633674894,168.1428305053134,0.058823529411764705,0.0,0.5
catboost_abcd,5.0,10,AMD,oot,1.0,48.80430133920667,385.44240206191074,0.32075471698113206,0.6302725433346416,0.29411764705882354
catboost_abcd,5.0,10,AMD,wf_2022,0.0,32.335723965715445,1565.0453723063483,0.0784313725490196,0.0,0.25
catboost_abcd,5.0,10,AMD,wf_2023,0.634379013025133,36.232670808683324,753.4569990571027,1.3529411764705883,1.0201623208535429,0.8405797101449275
catboost_abcd,5.0,10,AMD,wf_2024,1.722222222222222,6.97224557541698,230.14840335625397,0.19607843137254902,0.8292343261090355,0.5
catboost_abcd,5.0,10,AMD,wf_2025,0.5384615384615385,-25.376345595203,940.1093463242138,0.38235294117647056,0.4176623472823476,0.46153846153846156
catboost_abcd,5.0,10,KGS,oot,1.4180734856007944,16.59266053858665,389.1043246385029,0.37735849056603776,2.351211395634191,0.4
catboost_abcd,5.0,10,KGS,wf_2022,0.0,1149.3719155464,379.06342772675794,0.0196078431372549,0.0,0.0
catboost_abcd,5.0,10,KGS,wf_2023,0.9465510286405808,43.71720542481382,713.8937273210495,1.3137254901960784,0.978268812448542,0.7313432835820896
catboost_abcd,5.0,10,KGS,wf_2024,0.7279843444227005,-18.38126763615555,266.8804878290243,0.27450980392156865,0.6857573452654037,0.42857142857142855
catboost_abcd,5.0,10,KGS,wf_2025,0.575,-50.69543658667503,961.8423300307466,0.4117647058823529,0.5435462675408911,0.2857142857142857
catboost_abcd,5.0,10,KZT,oot,1.4082840236686394,8.124472187424411,531.9729659474914,0.24528301886792453,1.0661924631098518,0.46153846153846156
catboost_abcd,5.0,10,KZT,wf_2022,0.0,810.8472423671742,113.84396571806121,0.0196078431372549,0.0,0.0
catboost_abcd,5.0,10,KZT,wf_2023,0.8270089285714285,35.87269610424427,579.5572990585929,1.2549019607843137,0.986076302876784,0.765625
catboost_abcd,5.0,10,KZT,wf_2024,0.8104575163398692,4.793788566104419,320.3358439313497,0.23529411764705882,0.5286072905015684,0.16666666666666666
catboost_abcd,5.0,10,KZT,wf_2025,0.0,-50.968796576466104,1041.777647152471,0.35294117647058826,0.0,0.3333333333333333
catboost_abcd,5.0,10,TJS,oot,1.8557504873294346,25.886495906450694,277.38023890220734,0.3584905660377358,4.6529789475297205,0.47368421052631576
catboost_abcd,5.0,10,TJS,wf_2022,0.0,354.6084864314053,1625.3673738101604,0.0392156862745098,,0.0
catboost_abcd,5.0,10,TJS,wf_2023,0.7810276679841897,70.74779241490003,652.5440930027945,1.0784313725490196,1.2489699123383395,0.7636363636363637
catboost_abcd,5.0,10,TJS,wf_2024,1.8530510585305104,8.549269508676504,144.08071992140225,0.21568627450980393,1.1619684615334887,0.36363636363636365
catboost_abcd,5.0,10,TJS,wf_2025,0.8473684210526317,-19.89422882909619,1008.2134835227463,0.29411764705882354,1.067002158487237,0.4
catboost_abcd,5.0,10,UZS,oot,0.9444444444444444,0.6251573328818397,315.66055563662763,0.24528301886792453,1.685887852460694,0.46153846153846156
catboost_abcd,5.0,10,UZS,wf_2022,0.0,274.6108965514945,1536.3214160534721,0.058823529411764705,,0.0
catboost_abcd,5.0,10,UZS,wf_2023,0.7718750000000001,55.71107401956196,591.8722253366398,1.2549019607843137,1.0478520292577314,0.8125
catboost_abcd,5.0,10,UZS,wf_2024,1.9076923076923078,36.96354593083017,259.7916111586662,0.19607843137254902,0.8929813982110929,0.2
catboost_abcd,5.0,10,UZS,wf_2025,1.6770833333333333,-24.349039392347425,1050.8687759952284,0.35294117647058826,1.2823838007277328,0.3333333333333333
level,,10,AMD,oot,1.0119047619047619,110.86335455835868,384.25954604270896,0.7924528301886793,1.5510240087527942,0.8095238095238095
level,,10,AMD,wf_2022,0.392478813559322,262.3603598195999,1605.4867782076187,0.6274509803921569,2.5777963081354063,0.84375
level,,10,AMD,wf_2023,0.3751898734177215,62.04192128846535,513.5496009626927,0.49019607843137253,1.075398882793983,0.92
level,,10,AMD,wf_2024,0.984126984126984,145.6452379275674,401.3919747248717,0.5490196078431373,2.6847316773407544,0.8571428571428571
level,,10,AMD,wf_2025,1.0340909090909092,44.60482385122784,931.5594870505571,2.588235294117647,1.3351838647901875,0.8863636363636364
level,,10,KGS,oot,0.8097742035261367,86.1130724138207,463.03696329837885,1.150943396226415,1.7952651188543058,0.8524590163934426
level,,10,KGS,wf_2022,0.6918767507002801,259.0577357425592,1569.8831538012262,0.8235294117647058,4.182833773281634,0.8095238095238095
level,,10,KGS,wf_2023,0.9536679536679536,105.7236297691317,425.30647471520354,0.27450980392156865,1.076559613789394,0.8571428571428571
level,,10,KGS,wf_2024,1.2353673723536738,137.67679549531883,709.4558186808897,0.43137254901960786,1.5715913846539307,0.8181818181818182
level,,10,KGS,wf_2025,0.7318181818181818,35.9128693267832,992.529037582079,2.911764705882353,1.0953060572289495,0.9090909090909091
level,,10,KZT,oot,1.1562753036437248,149.69588297779936,370.06399037409653,0.3584905660377358,2.438074406602385,0.6842105263157895
level,,10,KZT,wf_2022,0.8546712802768166,265.4228525898356,1872.9450363858987,1.0,1.626896255561473,0.8431372549019608
level,,10,KZT,wf_2023,0.5040816326530612,84.98414886879286,407.8382860000529,0.4117647058823529,1.5714911896012003,0.8571428571428571
level,,10,KZT,wf_2024,0.43224400871459695,40.6513232559083,1015.1185111693707,0.8823529411764706,0.930321165130147,0.9777777777777777
level,,10,KZT,wf_2025,1.05,42.00610371739744,876.5103981903195,3.3823529411764706,1.6438807625781022,0.8695652173913043
level,,10,TJS,oot,0.7555555555555555,71.53929471749184,366.3247249197826,1.320754716981132,1.5311959810294307,0.8571428571428571
level,,10,TJS,wf_2022,0.6666666666666666,325.9090968181194,1832.4122428495261,0.7647058823529411,21.867644097796024,0.8717948717948718
level,,10,TJS,wf_2023,0.8949275362318839,145.9064228410878,178.58633999578765,0.23529411764705882,4.141739001159825,0.9166666666666666
level,,10,TJS,wf_2024,1.0191780821917806,123.73241259685143,585.8712479545502,0.5882352941176471,2.2783601143700034,0.8333333333333334
level,,10,TJS,wf_2025,0.7882496940024479,83.09402036267757,1028.3306276965966,1.2647058823529411,1.2369724974934717,0.9534883720930233
level,,10,UZS,oot,1.0022675736961453,83.16024597046436,500.9577215788866,0.9245283018867925,1.8096558163732823,0.7755102040816326
level,,10,UZS,wf_2022,0.4211423699914748,209.0118231123845,1867.0056311403412,0.9019607843137255,1.3325273279138738,0.8478260869565217
level,,10,UZS,wf_2023,0.48790123456790124,67.24706595877613,537.6574641228715,0.5294117647058824,1.1606198990118923,0.9259259259259259
level,,10,UZS,wf_2024,0.7481146304675717,79.90582739927108,757.53593245066,1.0,1.2659518836371693,0.8823529411764706
level,,10,UZS,wf_2025,1.0320512820512822,56.681420377823194,974.6096938274312,2.2941176470588234,1.560334711634006,0.8846153846153846
logreg_a,5.0,10,AMD,oot,0.4473684210526316,-7.584126217025908,555.3082617465054,0.7169811320754716,0.5695277283862602,0.5789473684210527
logreg_a,5.0,10,AMD,wf_2022,2.0932203389830506,258.3138926197226,143.86806245979324,0.0392156862745098,2.5470727281033376,0.0
logreg_a,5.0,10,AMD,wf_2023,0.8933092224231464,120.28479189733629,495.7779639146076,0.13725490196078433,1.515902249129934,0.0
logreg_a,5.0,10,AMD,wf_2024,0.7577777777777778,37.16843148045133,495.39423686871214,0.9803921568627451,1.3653895148631687,0.7
logreg_a,5.0,10,AMD,wf_2025,0.6363636363636365,26.58107263775713,923.1260749666092,0.6470588235294118,0.5528243449456753,0.45454545454545453
logreg_a,5.0,10,KGS,oot,0.0,41.33040696478351,557.519965859905,0.07547169811320754,0.0,0.0
logreg_a,5.0,10,KGS,wf_2022,,,,0.0,,
logreg_a,5.0,10,KGS,wf_2023,1.1126126126126126,87.14505186724229,481.6896121531955,0.11764705882352941,1.4553027420534594,0.0
logreg_a,5.0,10,KGS,wf_2024,0.7050917549754459,-1.3401852089959254,672.6056182754124,1.0392156862745099,0.768168890831736,0.7169811320754716
logreg_a,5.0,10,KGS,wf_2025,0.3659090909090909,16.82987637526809,997.4306223704876,0.6470588235294118,0.2595405489491176,0.2727272727272727
logreg_a,5.0,10,KZT,oot,0.7323076923076924,134.51023357307523,229.69344601657448,0.09433962264150944,0.8955307661666746,0.2
logreg_a,5.0,10,KZT,wf_2022,,,,0.0,,
logreg_a,5.0,10,KZT,wf_2023,0.784126984126984,142.4705839063202,305.46748927206215,0.17647058823529413,0.798347045100686,0.0
logreg_a,5.0,10,KZT,wf_2024,0.4052287581699346,10.045267474617809,868.1899676975598,0.9411764705882353,0.6443783556601221,0.6041666666666666
logreg_a,5.0,10,KZT,wf_2025,0.38701923076923084,-2.4826976273722967,1023.3166173760244,0.7647058823529411,0.3970169724766316,0.38461538461538464
logreg_a,5.0,10,TJS,oot,1.820450885668277,-1.7306546991663108,611.9047504821447,0.8867924528301887,0.7966807669006746,0.574468085106383
logreg_a,5.0,10,TJS,wf_2022,0.0,-26.73337705055068,1486.630468391501,0.0392156862745098,,0.0
logreg_a,5.0,10,TJS,wf_2023,0.5966183574879226,91.22773402496233,489.01604395306776,0.11764705882352941,0.9345402288937124,0.0
logreg_a,5.0,10,TJS,wf_2024,1.155068493150685,46.27160501542081,754.9487658958952,0.9803921568627451,1.0863760383940009,0.68
logreg_a,5.0,10,TJS,wf_2025,0.7846003898635477,5.804371998741351,1025.8510572328316,0.7941176470588235,0.655327638424026,0.5185185185185185
logreg_a,5.0,10,UZS,oot,0.0,72.5494966150314,354.06870074190743,0.07547169811320754,0.0,0.0
logreg_a,5.0,10,UZS,wf_2022,,,,0.0,,
logreg_a,5.0,10,UZS,wf_2023,0.4704761904761905,115.97470989227429,527.9873184728601,0.13725490196078433,0.47631993025734415,0.0
logreg_a,5.0,10,UZS,wf_2024,0.7948717948717949,10.035379974883986,783.1854315235299,0.9411764705882353,0.34666133228945006,0.6666666666666666
logreg_a,5.0,10,UZS,wf_2025,0.9147727272727274,19.386923783169628,1038.8785397003064,0.6470588235294118,0.6903288193382956,0.2727272727272727
logreg_ab,5.0,10,AMD,oot,,,,0.0,,
logreg_ab,5.0,10,AMD,wf_2022,1.3954802259887005,251.4134479014781,1361.999971314236,0.11764705882352941,5.02087673736642,0.0
logreg_ab,5.0,10,AMD,wf_2023,,,,0.0,,
logreg_ab,5.0,10,AMD,wf_2024,0.6888888888888889,33.41962422329492,593.2321979015942,0.7843137254901961,1.1049638635066563,0.65
logreg_ab,5.0,10,AMD,wf_2025,,,,0.0,,
logreg_ab,5.0,10,KGS,oot,,,,0.0,,
logreg_ab,5.0,10,KGS,wf_2022,1.61437908496732,271.87530501318463,429.4347914597907,0.058823529411764705,8.515043975974587,0.0
logreg_ab,5.0,10,KGS,wf_2023,,,,0.0,,
logreg_ab,5.0,10,KGS,wf_2024,0.636986301369863,19.269530304684633,249.5075183876305,0.6274509803921569,0.8123413404196684,0.59375
logreg_ab,5.0,10,KGS,wf_2025,8.05,129.8890147551557,0.0,0.029411764705882353,4.27603812938233,0.0
logreg_ab,5.0,10,KZT,oot,,,,0.0,,
logreg_ab,5.0,10,KZT,wf_2022,0.44028520499108736,412.1410441255015,1433.2834117814875,0.21568627450980393,0.7328835286301415,0.7272727272727273
logreg_ab,5.0,10,KZT,wf_2023,,,,0.0,,
logreg_ab,5.0,10,KZT,wf_2024,0.32418300653594767,28.726963969875765,972.7079742155753,0.5882352941176471,0.5131083657053674,0.4666666666666667
logreg_ab,5.0,10,KZT,wf_2025,,,,0.0,,
logreg_ab,5.0,10,TJS,oot,,,,0.0,,
logreg_ab,5.0,10,TJS,wf_2022,0.8666666666666667,321.17333038348215,1486.630468391501,0.19607843137254902,59.69653506068557,0.0
logreg_ab,5.0,10,TJS,wf_2023,,,,0.0,,
logreg_ab,5.0,10,TJS,wf_2024,1.2353673723536738,41.83157450075082,754.9487658958952,0.8627450980392157,1.149205664873431,0.6136363636363636
logreg_ab,5.0,10,TJS,wf_2025,1.412280701754386,83.41619287793422,32.300273475649455,0.08823529411764706,0.5885143531369788,0.3333333333333333
logreg_ab,5.0,10,UZS,oot,,,,0.0,,
logreg_ab,5.0,10,UZS,wf_2022,0.4843137254901961,270.45686218573076,2390.0562584061236,0.19607843137254902,0.310751980206692,0.3
logreg_ab,5.0,10,UZS,wf_2023,,,,0.0,,
logreg_ab,5.0,10,UZS,wf_2024,0.9538461538461539,54.56674678652439,223.02193230107625,0.47058823529411764,2.151827744887059,0.4166666666666667
logreg_ab,5.0,10,UZS,wf_2025,0.0,-81.54743233881248,168.1428305053134,0.08823529411764706,0.0,0.6666666666666666
logreg_abc,5.0,10,AMD,oot,0.0,53.292780517862205,385.44240206191074,0.1509433962264151,0.0,0.125
logreg_abc,5.0,10,AMD,wf_2022,4.186440677966101,381.83689808989783,0.0,0.0196078431372549,7.097999052159266,0.0
logreg_abc,5.0,10,AMD,wf_2023,,,,0.0,,
logreg_abc,5.0,10,AMD,wf_2024,,,,0.0,,
logreg_abc,5.0,10,AMD,wf_2025,,,,0.0,,
logreg_abc,5.0,10,KGS,oot,0.3742138364779874,-39.12165372984713,560.86720347996,0.33962264150943394,0.4047676570527406,0.5
logreg_abc,5.0,10,KGS,wf_2022,4.8431372549019605,398.4863288772611,0.0,0.0196078431372549,8.241985789215072,0.0
logreg_abc,5.0,10,KGS,wf_2023,,,,0.0,,
logreg_abc,5.0,10,KGS,wf_2024,,,,0.0,,
logreg_abc,5.0,10,KGS,wf_2025,,,,0.0,,
logreg_abc,5.0,10,KZT,oot,1.4646153846153849,154.72112592782406,326.17315685845585,0.09433962264150944,1.269871166867815,0.4
logreg_abc,5.0,10,KZT,wf_2022,,,,0.0,,
logreg_abc,5.0,10,KZT,wf_2023,,,,0.0,,
logreg_abc,5.0,10,KZT,wf_2024,,,,0.0,,
logreg_abc,5.0,10,KZT,wf_2025,,,,0.0,,
logreg_abc,5.0,10,TJS,oot,1.1497584541062802,0.41235755247885425,623.5330754595125,0.4528301886792453,0.536357134699078,0.3333333333333333
logreg_abc,5.0,10,TJS,wf_2022,4.333333333333333,403.2541675354606,0.0,0.0196078431372549,8.33290607068557,0.0
logreg_abc,5.0,10,TJS,wf_2023,,,,0.0,,
logreg_abc,5.0,10,TJS,wf_2024,,,,0.0,,
logreg_abc,5.0,10,TJS,wf_2025,1.412280701754386,183.3975720453392,270.15632920581953,0.08823529411764706,0.9277458555783585,0.3333333333333333
logreg_abc,5.0,10,UZS,oot,0.0,-109.63438949056219,524.1784850579334,0.33962264150943394,0.0,0.6111111111111112
logreg_abc,5.0,10,UZS,wf_2022,1.61437908496732,492.9285949276337,2434.6699312440646,0.058823529411764705,4.294914790753135,0.0
logreg_abc,5.0,10,UZS,wf_2023,,,,0.0,,
logreg_abc,5.0,10,UZS,wf_2024,,,,0.0,,
logreg_abc,5.0,10,UZS,wf_2025,,,,0.0,,
logreg_abcd,5.0,10,AMD,oot,,,,0.0,,
logreg_abcd,5.0,10,AMD,wf_2022,0.38058551617873654,184.56178526930174,2098.745373183709,0.8627450980392157,1.2690394551234803,0.6818181818181818
logreg_abcd,5.0,10,AMD,wf_2023,,,,0.0,,
logreg_abcd,5.0,10,AMD,wf_2024,1.148148148148148,40.55382125977216,326.93853837038375,0.47058823529411764,1.7583062938974119,0.5
logreg_abcd,5.0,10,AMD,wf_2025,0.6363636363636365,24.56700755073598,913.1090676736497,0.6470588235294118,0.5041408990386987,0.5
logreg_abcd,5.0,10,KGS,oot,,,,0.0,,
logreg_abcd,5.0,10,KGS,wf_2022,0.4686907020872865,188.18603158208083,1621.0100442209864,0.6078431372549019,0.7173293240917791,0.6774193548387096
logreg_abcd,5.0,10,KGS,wf_2023,,,,0.0,,
logreg_abcd,5.0,10,KGS,wf_2024,0.7549467275494672,48.79731996507277,253.31079984341142,0.17647058823529413,1.1807854862373275,0.4444444444444444
logreg_abcd,5.0,10,KGS,wf_2025,1.3416666666666666,51.99790201587368,895.9685685001695,0.35294117647058826,0.6065844068847028,0.3333333333333333
logreg_abcd,5.0,10,KZT,oot,,,,0.0,,
logreg_abcd,5.0,10,KZT,wf_2022,0.19372549019607843,197.59258350831507,1901.5537266956308,0.49019607843137253,0.38830228827537855,0.68
logreg_abcd,5.0,10,KZT,wf_2023,,,,0.0,,
logreg_abcd,5.0,10,KZT,wf_2024,1.1221719457013575,43.857244699074045,320.3358439313497,0.2549019607843137,4.696684517725742,0.38461538461538464
logreg_abcd,5.0,10,KZT,wf_2025,0.0,264.17649314543155,5.575439290665951,0.029411764705882353,0.0,0.0
logreg_abcd,5.0,10,TJS,oot,,,,0.0,,
logreg_abcd,5.0,10,TJS,wf_2022,0.7878787878787878,227.5341643917673,1304.9122376750065,0.43137254901960786,4.060556811316224,0.5454545454545454
logreg_abcd,5.0,10,TJS,wf_2023,,,,0.0,,
logreg_abcd,5.0,10,TJS,wf_2024,1.6177429876060012,70.60602694883167,279.9412612845509,0.4117647058823529,0.9965289211495358,0.6190476190476191
logreg_abcd,5.0,10,TJS,wf_2025,1.6947368421052633,121.75303807367166,1008.2134835227463,0.29411764705882354,1.596671559130776,0.4
logreg_abcd,5.0,10,UZS,oot,,,,0.0,,
logreg_abcd,5.0,10,UZS,wf_2022,0.5235824059353471,197.132875725875,2538.504278225069,0.7254901960784313,1.241097020817123,0.6216216216216216
logreg_abcd,5.0,10,UZS,wf_2023,,,,0.0,,
logreg_abcd,5.0,10,UZS,wf_2024,1.3626373626373627,62.00834980612666,290.59305431864635,0.27450980392156865,1.007200219480822,0.6428571428571429
logreg_abcd,5.0,10,UZS,wf_2025,2.0125,57.481932855438785,989.2500782144542,0.29411764705882354,0.9886397850620828,0.3
momentum,,10,AMD,oot,0.5902777777777778,79.88036522162133,513.8720066954827,0.6792452830188679,2.6638348983216047,0.5277777777777778
momentum,,10,AMD,wf_2022,0.656696576935859,215.73132090463992,2323.0930415333655,1.0,1.9122153121021046,0.6666666666666666
momentum,,10,AMD,wf_2023,0.8933092224231464,136.83662894435756,539.6766410379128,0.6862745098039216,1.7189481953532433,0.5428571428571428
momentum,,10,AMD,wf_2024,1.148148148148148,138.43531863278477,739.00831995928,0.5882352941176471,3.1252070492765993,0.43333333333333335
momentum,,10,AMD,wf_2025,1.4583333333333335,77.63846091166238,883.9787302994506,0.7058823529411765,3.970495538021635,0.5
momentum,,10,KGS,oot,0.654874213836478,68.36209327268124,606.6504383442561,0.9245283018867925,2.3001668310613215,0.5714285714285714
momentum,,10,KGS,wf_2022,0.6757865937072504,259.7797934788618,1907.8140449733585,0.8431372549019608,2.7607937626040138,0.5581395348837209
momentum,,10,KGS,wf_2023,0.687201907790143,93.97226380962104,597.5220835758954,0.6666666666666666,2.157344555853079,0.5588235294117647
momentum,,10,KGS,wf_2024,1.095890410958904,127.15376258758809,587.3104604849433,0.6078431372549019,4.851486894892142,0.45161290322580644
momentum,,10,KGS,wf_2025,0.8944444444444444,84.51988837736177,947.0751621802453,0.7941176470588235,2.318243323252061,0.5555555555555556
momentum,,10,KZT,oot,0.6780626780626781,75.22122268271151,707.9878975288567,0.5094339622641509,2.217870942355018,0.5185185185185185
momentum,,10,KZT,wf_2022,0.5381263616557733,161.25952102160835,1898.3093661894575,0.8823529411764706,1.6758117591163966,0.6444444444444445
momentum,,10,KZT,wf_2023,0.7561224489795918,119.38143289566639,434.8571983097938,0.5490196078431373,7.437035261484216,0.4642857142857143
momentum,,10,KZT,wf_2024,1.2549019607843137,102.22316949802487,972.4308415410765,0.6078431372549019,1.7721553427398251,0.45161290322580644
momentum,,10,KZT,wf_2025,2.415,105.27454093647442,699.192674453093,0.7352941176470589,4.689206926110018,0.44
momentum,,10,TJS,oot,0.5509259259259259,68.714469118994,608.61289604334,0.7735849056603774,1.8994836577223864,0.5365853658536586
momentum,,10,TJS,wf_2022,0.43333333333333335,165.23641386323737,2879.3782769905083,0.7843137254901961,14.954936821707564,0.625
momentum,,10,TJS,wf_2023,0.8949275362318839,108.85846306748434,623.0916922545904,0.6274509803921569,2.455888229789126,0.5
momentum,,10,TJS,wf_2024,0.8992747784045124,105.37640661859835,588.0321173109937,0.6666666666666666,2.929661975149262,0.5294117647058824
momentum,,10,TJS,wf_2025,0.5296052631578947,144.9399670637991,955.6591855900054,0.47058823529411764,1.7306902657380232,0.4375
momentum,,10,UZS,oot,0.7345679012345679,100.14857013846905,480.4257625075526,0.6792452830188679,4.201358516861445,0.6388888888888888
momentum,,10,UZS,wf_2022,0.7310395856455789,188.15691110104908,3082.453609370596,1.0392156862745099,1.3669207955414042,0.6415094339622641
momentum,,10,UZS,wf_2023,0.6755555555555556,117.50462063037409,506.88481986286286,0.7647058823529411,3.3284443313136625,0.5641025641025641
momentum,,10,UZS,wf_2024,1.09010989010989,111.71471222501948,704.243431910706,0.6862745098039216,3.3957925905971096,0.5428571428571428
momentum,,10,UZS,wf_2025,2.0125,98.7071673671119,892.554114568147,0.7352941176470589,6.353605266081165,0.36
random,,10,AMD,oot,1.1636904761904763,-4.662739717156191,502.73632240745945,1.6603773584905661,0.9606796923314199,0.5795454545454546
random,,10,AMD,wf_2022,1.1887424147311152,63.35885096930689,2475.627439679791,1.588235294117647,1.2523475065167282,0.48148148148148145
random,,10,AMD,wf_2023,1.0838818565400843,22.651316996567946,614.357827225231,1.4705882352941178,1.3599155782031827,0.4266666666666667
random,,10,AMD,wf_2024,1.1864197530864196,7.79023242513497,802.2727015580856,1.7647058823529411,1.0874585039740776,0.5444444444444444
random,,10,AMD,wf_2025,1.076923076923077,44.70897787894261,823.8681695834142,1.5294117647058822,1.5250273758703603,0.4807692307692308
random,,10,KGS,oot,1.2064207265558997,1.668841271434249,627.5363770095948,1.320754716981132,1.0626297531987132,0.42857142857142855
random,,10,KGS,wf_2022,0.7297878055331721,-41.37424633962998,1963.1350952092957,1.4313725490196079,1.0372638523999693,0.4657534246575342
random,,10,KGS,wf_2023,1.2297297297297296,19.05463410861874,606.6199963037377,1.4901960784313726,1.349470248759842,0.42105263157894735
random,,10,KGS,wf_2024,1.1324200913242009,-1.0006354557921913,769.3709603379427,1.7058823529411764,0.6643557143400152,0.5517241379310345
random,,10,KGS,wf_2025,1.4375,30.948836288421713,673.6831616265741,1.6470588235294117,2.044858437375142,0.5535714285714286
random,,10,KZT,oot,0.851520572450805,-19.103426797293572,707.4436315817021,1.6415094339622642,1.077298354099713,0.5057471264367817
random,,10,KZT,wf_2022,1.2952576379388963,54.37238519879611,1794.4454104237411,1.6862745098039216,1.065320416303771,0.5232558139534884
random,,10,KZT,wf_2023,1.2702857142857142,19.046518369822078,919.5808538032912,1.4705882352941178,0.6732469288658276,0.44
random,,10,KZT,wf_2024,1.0011534025374855,1.592604855002341,1021.5809675394372,1.3333333333333333,0.8247767603021888,0.4411764705882353
random,,10,KZT,wf_2025,1.0592105263157894,-16.855424481334914,1016.6550446775435,1.6764705882352942,0.6651206424833289,0.5263157894736842
random,,10,TJS,oot,0.6828377673448095,-20.57991313446098,599.8809135844135,1.3773584905660377,0.6626721196518546,0.5068493150684932
random,,10,TJS,wf_2022,1.1596244131455398,53.152625150105486,2484.498859168617,1.392156862745098,29.537900508340844,0.4507042253521127
random,,10,TJS,wf_2023,0.7756038647342994,-18.271963172206604,727.6720624566955,1.1764705882352942,0.9955112383908574,0.36666666666666664
random,,10,TJS,wf_2024,0.749395648670427,-11.778319110907276,890.4381660058064,1.3333333333333333,1.0270906879530277,0.4264705882352941
random,,10,TJS,wf_2025,1.0053523639607493,11.983632697077745,919.5629312474715,1.7352941176470589,1.3293954089936126,0.559322033898305
random,,10,UZS,oot,1.052823315118397,20.255475055247018,572.359995885755,1.1886792452830188,0.8273467523247485,0.3968253968253968
random,,10,UZS,wf_2022,1.1086699740137018,48.7929670710535,1706.1603899644404,1.6274509803921569,8.212261887180743,0.5903614457831325
random,,10,UZS,wf_2023,1.111004016064257,-9.759331323234525,776.6318862999436,1.6274509803921569,0.8564757483865494,0.5301204819277109
random,,10,UZS,wf_2024,1.0236397748592871,5.509862623037153,600.5608144876846,1.607843137254902,1.551312164658015,0.4878048780487805
random,,10,UZS,wf_2025,0.8385416666666666,-21.59751964143618,1025.6364776220946,1.411764705882353,0.6504416458999563,0.5
reversal,,10,AMD,oot,0.0,82.00042800799079,385.44240206191074,0.18867924528301888,0.0,0.0
reversal,,10,AMD,wf_2022,1.1417565485362093,168.0647356407255,1804.0556227134075,0.21568627450980393,0.4679212227279191,0.0
reversal,,10,AMD,wf_2023,0.8933092224231464,120.28479189733629,495.7779639146076,0.13725490196078433,1.5257407729260606,0.0
reversal,,10,AMD,wf_2024,0.6262626262626262,103.73491275888169,781.5990331121459,0.21568627450980393,1.0383232624664145,0.0
reversal,,10,AMD,wf_2025,0.6363636363636365,113.9266131490866,563.5570128639023,0.3235294117647059,0.5977539712186133,0.09090909090909091
reversal,,10,KGS,oot,0.0,78.8055600624037,557.519965859905,0.20754716981132076,0.0,0.0
reversal,,10,KGS,wf_2022,1.2107843137254901,165.36226642024576,2009.8322013880465,0.23529411764705882,0.079402709018642,0.0
reversal,,10,KGS,wf_2023,1.1126126126126126,87.14505186724229,481.6896121531955,0.11764705882352941,1.471333454122279,0.0
reversal,,10,KGS,wf_2024,0.4246575342465753,96.76115960617669,193.81578555028645,0.1568627450980392,1.389735785793813,0.0
reversal,,10,KGS,wf_2025,0.0,56.525448304491285,1033.0189147102287,0.47058823529411764,0.0,0.125
reversal,,10,KZT,oot,0.8136752136752137,132.56948530940963,326.17315685845585,0.16981132075471697,1.9045674958677552,0.1111111111111111
reversal,,10,KZT,wf_2022,1.1176470588235294,281.65171566028357,1746.448413438233,0.2549019607843137,0.5631673218614345,0.15384615384615385
reversal,,10,KZT,wf_2023,0.784126984126984,142.4705839063202,305.46748927206215,0.17647058823529413,0.8255606680391404,0.0
reversal,,10,KZT,wf_2024,0.8841354723707665,70.871324171612,1008.7075086326824,0.21568627450980393,1.5115626042231778,0.0
reversal,,10,KZT,wf_2025,0.7740384615384617,86.67629958516513,716.5579213783179,0.38235294117647056,0.3553139920677019,0.07692307692307693
reversal,,10,TJS,oot,0.3672839506172839,81.2042664283343,325.5946901078,0.22641509433962265,0.4506745192160162,0.0
reversal,,10,TJS,wf_2022,1.3333333333333333,336.3684529424466,2458.746728879877,0.2549019607843137,3.6273088588103124,0.07692307692307693
reversal,,10,TJS,wf_2023,0.5966183574879226,91.22773402496233,489.01604395306776,0.11764705882352941,0.9554352139979438,0.0
reversal,,10,TJS,wf_2024,0.5662100456621004,111.59202817630806,213.1307284836148,0.23529411764705882,3.8108549652747836,0.0
reversal,,10,TJS,wf_2025,1.2710526315789472,131.02007475532616,1043.488630942917,0.29411764705882354,1.1517056751078998,0.1
reversal,,10,UZS,oot,0.41975308641975306,77.94234612821496,395.11308397216726,0.16981132075471697,0.5543651646325608,0.0
reversal,,10,UZS,wf_2022,0.9686274509803922,224.56313505505332,1777.6052520464725,0.29411764705882354,1.4798821069050347,0.06666666666666667
reversal,,10,UZS,wf_2023,0.4704761904761905,115.97470989227429,527.9873184728601,0.13725490196078433,0.476285624428614,0.0
reversal,,10,UZS,wf_2024,0.38153846153846155,106.76253908898768,255.95843184597732,0.19607843137254902,1.4180298578103427,0.0
reversal,,10,UZS,wf_2025,1.2578125,73.17702204648273,999.152353465671,0.47058823529411764,1.0806016200410653,0.125
seasonality,,10,AMD,oot,0.5950000000000001,17.132597696629492,539.627585898413,0.9433962264150944,0.9853387268645438,0.84
seasonality,,10,AMD,wf_2022,0.6835005188516083,-5.528216600789154,1667.2040227868856,0.9607843137254902,1.1528550582698294,0.8367346938775511
seasonality,,10,AMD,wf_2023,0.9119198312236287,-19.972676885576085,761.5976159246821,0.9411764705882353,1.0152534935045086,0.8333333333333334
seasonality,,10,AMD,wf_2024,0.8266666666666665,40.02963909862587,304.3029541708631,0.9803921568627451,1.2454145570414834,0.84
seasonality,,10,AMD,wf_2025,0.3684210526315789,-6.999687516315157,923.1260749666092,1.1176470588235294,0.9065878326882184,0.8421052631578947
seasonality,,10,KGS,oot,0.9245283018867924,-0.9837414864715605,626.4385074439049,0.7358490566037735,0.945538194470777,0.8205128205128205
seasonality,,10,KGS,wf_2022,0.6396596374398816,-14.154273598260977,2038.9747373581552,1.0392156862745099,0.7138874928119417,0.7924528301886793
seasonality,,10,KGS,wf_2023,0.9690496948561466,5.880678171335708,713.8937273210495,1.2156862745098038,1.1035345873880982,0.8064516129032258
seasonality,,10,KGS,wf_2024,0.7028814359943315,6.604984095957785,776.281952400774,1.1372549019607843,1.0196779779170695,0.8275862068965517
seasonality,,10,KGS,wf_2025,1.087837837837838,11.92168342857417,949.1907242910825,1.088235294117647,1.1779120937655623,0.8108108108108109
seasonality,,10,KZT,oot,0.7041420118343197,-47.026408900587064,766.9149006174339,0.9811320754716981,0.9139428720996243,0.8269230769230769
seasonality,,10,KZT,wf_2022,1.1879393266740659,-21.801972609663007,1764.473620020058,1.0392156862745099,1.3140649456957756,0.8301886792452831
seasonality,,10,KZT,wf_2023,0.8372881355932204,32.957699594913,600.5452310538336,1.1568627450980393,0.7335494308576935,0.847457627118644
seasonality,,10,KZT,wf_2024,0.4341736694677871,3.173859692927528,991.1188215579658,1.0980392156862746,0.9159341545908727,0.8214285714285714
seasonality,,10,KZT,wf_2025,0.7546875000000001,-0.3034563722315866,1023.3166173760244,1.1764705882352942,0.9504787537969505,0.825
seasonality,,10,TJS,oot,2.0120772946859904,4.186134385749929,611.9047504821447,0.8867924528301887,0.8603188326934555,0.7872340425531915
seasonality,,10,TJS,wf_2022,0.2708333333333333,-211.70742462170134,4001.300666626584,0.9411764705882353,1.0549476047579407,0.8125
seasonality,,10,TJS,wf_2023,0.5966183574879226,9.363212570912594,594.9443001031736,0.9411764705882353,0.9354595885677639,0.8333333333333334
seasonality,,10,TJS,wf_2024,1.1990330378726832,55.33491354197993,754.9487658958952,1.0,1.0935755423841966,0.8235294117647058
seasonality,,10,TJS,wf_2025,0.7703349282296651,-3.47402665022046,995.0048610412687,0.9705882352941176,0.6848716551190659,0.8484848484848485
seasonality,,10,UZS,oot,0.8095238095238094,13.70773617833797,631.3934730657555,0.9056603773584906,0.9273992316895757,0.8333333333333334
seasonality,,10,UZS,wf_2022,0.9313725490196079,-140.42059701292007,3173.833327938191,1.0196078431372548,1.0944340669343569,0.8269230769230769
seasonality,,10,UZS,wf_2023,0.9758024691358025,10.674123620555541,619.9474316461195,1.0588235294117647,1.0879621982517726,0.8333333333333334
seasonality,,10,UZS,wf_2024,0.8478632478632478,13.0879863159402,783.1854315235299,1.0588235294117647,0.9868857374950368,0.8333333333333334
seasonality,,10,UZS,wf_2025,1.2983870967741935,20.647082712458907,1038.8785397003064,0.9117647058823529,1.123359502364661,0.8064516129032258
catboost_a,5.0,20,AMD,oot,,,,0.0,,
catboost_a,5.0,20,AMD,wf_2022,,,,0.0,,
catboost_a,5.0,20,AMD,wf_2023,0.4900793650793651,172.94290288343504,649.8593536682584,0.13725490196078433,1.0591275005282907,0.0
catboost_a,5.0,20,AMD,wf_2024,0.679245283018868,32.10719390686442,925.3624653759158,1.2156862745098038,1.274545119571557,0.7741935483870968
catboost_a,5.0,20,AMD,wf_2025,0.0,39.23496775913481,1133.8714585303069,0.6470588235294118,0.0,0.45454545454545453
catboost_a,5.0,20,KGS,oot,,,,0.0,,
catboost_a,5.0,20,KGS,wf_2022,,,,0.0,,
catboost_a,5.0,20,KGS,wf_2023,1.2864583333333333,175.45876131342507,610.7816700668756,0.11764705882352941,1.7039649392033698,0.0
catboost_a,5.0,20,KGS,wf_2024,0.5723076923076923,13.601915430182343,819.9962809803824,1.4705882352941178,1.0764455881593606,0.76
catboost_a,5.0,20,KGS,wf_2025,0.4573863636363637,46.477496903054536,1314.4626193685017,0.6470588235294118,0.6202411050936948,0.2727272727272727
catboost_a,5.0,20,KZT,oot,,,,0.0,,
catboost_a,5.0,20,KZT,wf_2022,,,,0.0,,
catboost_a,5.0,20,KZT,wf_2023,0.997979797979798,187.98513364785958,454.97854868002065,0.17647058823529413,1.2371240428994557,0.0
catboost_a,5.0,20,KZT,wf_2024,0.702834008097166,21.609557651662442,1067.2608483838435,1.2745098039215685,1.4023691530768783,0.7692307692307693
catboost_a,5.0,20,KZT,wf_2025,0.0,27.579539575857634,1051.7379304890505,0.7647058823529411,0.0,0.38461538461538464
catboost_a,5.0,20,TJS,oot,,,,0.0,,
catboost_a,5.0,20,TJS,wf_2022,2.1021276595744682,1039.9463748122014,2406.419521866301,0.09803921568627451,30.6067441363236,0.0
catboost_a,5.0,20,TJS,wf_2023,0.7222222222222221,174.77115126988758,640.9117138630327,0.11764705882352941,0.971089799500732,0.0
catboost_a,5.0,20,TJS,wf_2024,1.061923583662714,45.1525019241401,784.1322427729615,1.2941176470588236,1.1990434240360472,0.7575757575757576
catboost_a,5.0,20,TJS,wf_2025,0.8224776500638569,26.00429978505604,1310.458595325924,0.7941176470588235,1.1896805729793956,0.5185185185185185
catboost_a,5.0,20,UZS,oot,,,,0.0,,
catboost_a,5.0,20,UZS,wf_2022,,,,0.0,,
catboost_a,5.0,20,UZS,wf_2023,0.6415584415584416,183.5644029123789,719.5702139848125,0.13725490196078433,0.8090542598354463,0.0
catboost_a,5.0,20,UZS,wf_2024,0.3499118165784832,-6.0571899091779775,804.5639729589166,1.2352941176470589,0.5107501608627695,0.8095238095238095
catboost_a,5.0,20,UZS,wf_2025,0.6098484848484849,56.313190640258334,1249.6595490128593,0.6470588235294118,0.8687580945367025,0.2727272727272727
catboost_ab,5.0,20,AMD,oot,1.252747252747253,-18.86802956078818,597.7002567674527,0.24528301886792453,0.8098371158516389,0.46153846153846156
catboost_ab,5.0,20,AMD,wf_2022,0.18377976190476192,-6.52840809485571,2625.7875481335004,0.6274509803921569,0.4757105732801017,0.65625
catboost_ab,5.0,20,AMD,wf_2023,0.7426975945017184,51.74594696569306,786.4202541550532,1.9019607843137254,1.1387333979199339,0.8247422680412371
catboost_ab,5.0,20,AMD,wf_2024,0.7018867924528301,17.788094652121888,650.5609400422741,0.7843137254901961,1.4659886474979016,0.725
catboost_ab,5.0,20,AMD,wf_2025,,,,0.0,,
catboost_ab,5.0,20,KGS,oot,0.6000000000000001,-152.0829383181339,1165.0951510840214,0.24528301886792453,0.8690725609426035,0.5384615384615384
catboost_ab,5.0,20,KGS,wf_2022,0.36511456023651145,-75.28789646887941,3527.881013278793,0.6470588235294118,0.8665544432214581,0.5454545454545454
catboost_ab,5.0,20,KGS,wf_2023,0.9080882352941176,44.79456420730479,733.654268223447,2.0,1.221448654353298,0.7843137254901961
catboost_ab,5.0,20,KGS,wf_2024,0.43356643356643354,-3.7005936636489443,781.4171544825628,1.0784313725490196,1.051544029823586,0.7454545454545455
catboost_ab,5.0,20,KGS,wf_2025,,,,0.0,,
catboost_ab,5.0,20,KZT,oot,0.6333333333333334,-38.72434783711971,1169.0207285057963,0.5660377358490566,0.5262764649771416,0.6
catboost_ab,5.0,20,KZT,wf_2022,0.9027777777777778,81.63944593168429,3547.799752326536,0.7450980392156863,2.219185452010521,0.6578947368421053
catboost_ab,5.0,20,KZT,wf_2023,0.836541889483066,65.25951537006581,589.9675776590677,2.0,1.6219425255688702,0.803921568627451
catboost_ab,5.0,20,KZT,wf_2024,0.6693657219973009,0.21513766266891546,597.9124120717039,0.7647058823529411,1.1405517590344152,0.717948717948718
catboost_ab,5.0,20,KZT,wf_2025,,,,0.0,,
catboost_ab,5.0,20,TJS,oot,1.8461538461538463,-86.7128123538677,1114.0968357900415,0.5094339622641509,0.7797978622637121,0.6296296296296297
catboost_ab,5.0,20,TJS,wf_2022,0.4042553191489362,-237.04868848038439,6196.708088329844,0.7647058823529411,0.9966662846350708,0.5641025641025641
catboost_ab,5.0,20,TJS,wf_2023,0.9069767441860465,81.23885253591911,758.3681829561577,1.6862745098039216,1.2415056197427998,0.7790697674418605
catboost_ab,5.0,20,TJS,wf_2024,1.0199764982373678,25.252781196631133,760.1545782383635,0.7254901960784313,1.1210923395651793,0.7027027027027027
catboost_ab,5.0,20,TJS,wf_2025,,,,0.0,,
catboost_ab,5.0,20,UZS,oot,0.7125,-141.29305444715533,1274.934741501812,0.4528301886792453,0.8704213602931237,0.5
catboost_ab,5.0,20,UZS,wf_2022,1.026315789473684,-157.6713699994249,5717.135284312921,0.7450980392156863,0.9344880160031451,0.6052631578947368
catboost_ab,5.0,20,UZS,wf_2023,0.7772727272727272,63.11736757587711,788.8370334107912,2.0392156862745097,1.3801894341384293,0.8365384615384616
catboost_ab,5.0,20,UZS,wf_2024,0.4350877192982456,-33.09129829429102,827.2201165508519,0.7450980392156863,0.6850556260344068,0.7368421052631579
catboost_ab,5.0,20,UZS,wf_2025,,,,0.0,,
catboost_abc,5.0,20,AMD,oot,1.3571428571428572,31.685524324623515,597.7002567674527,0.37735849056603776,0.8228715250860373,0.5
catboost_abc,5.0,20,AMD,wf_2022,0.9801587301587301,382.48533114744095,867.2178167707112,0.11764705882352941,1.5179579618773988,0.3333333333333333
catboost_abc,5.0,20,AMD,wf_2023,0.5145833333333334,-54.44758998334059,809.0440335699323,0.39215686274509803,0.9667548148794616,0.6
catboost_abc,5.0,20,AMD,wf_2024,,,,0.0,,
catboost_abc,5.0,20,AMD,wf_2025,0.0,96.41172137330179,37.58537795246042,0.029411764705882353,0.0,0.0
catboost_abc,5.0,20,KGS,oot,1.7142857142857142,40.967314614795015,923.7082454698375,0.4528301886792453,2.520704537364768,0.5416666666666666
catboost_abc,5.0,20,KGS,wf_2022,0.9268292682926829,100.21533518463306,3399.500342926185,0.2549019607843137,3.717047343875353,0.5384615384615384
catboost_abc,5.0,20,KGS,wf_2023,1.1977370689655173,-8.763797019332547,735.626405030846,0.5686274509803921,1.4516661700977838,0.6896551724137931
catboost_abc,5.0,20,KGS,wf_2024,0.0,285.38085150259684,37.78812348211646,0.0196078431372549,,0.0
catboost_abc,5.0,20,KGS,wf_2025,2.515625,102.31673459341951,47.229445236256495,0.11764705882352941,0.5941458002405273,0.75
catboost_abc,5.0,20,KZT,oot,0.5,5.883041771186662,1196.7430540363155,0.3584905660377358,0.4568642158041263,0.47368421052631576
catboost_abc,5.0,20,KZT,wf_2022,1.715277777777778,-316.91140062020565,2997.094128177147,0.1568627450980392,37.53971890406586,0.5
catboost_abc,5.0,20,KZT,wf_2023,1.4969696969696968,63.02040580835175,363.80385860553366,0.23529411764705882,1.2681432104239085,0.6666666666666666
catboost_abc,5.0,20,KZT,wf_2024,,,,0.0,,
catboost_abc,5.0,20,KZT,wf_2025,,,,0.0,,
catboost_abc,5.0,20,TJS,oot,1.3170731707317074,14.030328492843736,892.8848603026872,0.7924528301886793,1.1460864031789364,0.5714285714285714
catboost_abc,5.0,20,TJS,wf_2022,0.4777562862669246,-362.2244398880005,4970.850082080691,0.21568627450980393,152.00662058851347,0.45454545454545453
catboost_abc,5.0,20,TJS,wf_2023,1.3333333333333333,-45.10007624617029,760.202210508909,0.2549019607843137,1.4290135525932268,0.6153846153846154
catboost_abc,5.0,20,TJS,wf_2024,,,,0.0,,
catboost_abc,5.0,20,TJS,wf_2025,1.850574712643678,54.01082298645277,338.0069587768664,0.17647058823529413,0.9172128009955919,0.5
catboost_abc,5.0,20,UZS,oot,1.1875,-135.18957242633292,1274.934741501812,0.4528301886792453,0.9714663764202545,0.5833333333333334
catboost_abc,5.0,20,UZS,wf_2022,1.7727272727272725,-237.47273316992386,4955.931421215462,0.21568627450980393,85.33537356359233,0.5454545454545454
catboost_abc,5.0,20,UZS,wf_2023,0.9356060606060607,-48.39458900536761,787.5998007757667,0.47058823529411764,1.294983118743698,0.7083333333333334
catboost_abc,5.0,20,UZS,wf_2024,0.0,264.49833692139936,85.87185797724884,0.0196078431372549,,0.0
catboost_abc,5.0,20,UZS,wf_2025,0.0,-22.210837462061097,168.1428305053134,0.058823529411764705,0.0,0.5
catboost_abcd,5.0,20,AMD,oot,0.9579831932773111,78.0543713351314,555.2437668236009,0.32075471698113206,0.6777196160215886,0.29411764705882354
catboost_abcd,5.0,20,AMD,wf_2022,0.0,124.3394637816067,3054.2024586190732,0.0784313725490196,0.0,0.25
catboost_abcd,5.0,20,AMD,wf_2023,0.5966183574879227,24.677450503871455,794.906399008135,1.3529411764705883,1.076796443898154,0.8405797101449275
catboost_abcd,5.0,20,AMD,wf_2024,1.8716981132075472,82.26322602828063,383.4341023368415,0.19607843137254902,0.8165134776003813,0.5
catboost_abcd,5.0,20,AMD,wf_2025,0.0,29.270564351773654,940.1093463242138,0.38235294117647056,0.0,0.46153846153846156
catboost_abcd,5.0,20,KGS,oot,0.9473684210526315,9.255522162971522,1048.88203869276,0.37735849056603776,1.8122591854460948,0.4
catboost_abcd,5.0,20,KGS,wf_2022,0.0,1325.0932926327418,379.06342772675794,0.0196078431372549,,0.0
catboost_abcd,5.0,20,KGS,wf_2023,0.8640391791044776,48.62355396177062,733.8560764600527,1.3137254901960784,1.0840894531862622,0.7313432835820896
catboost_abcd,5.0,20,KGS,wf_2024,1.021978021978022,22.69918352628583,325.7099124350216,0.27450980392156865,0.7665437959441347,0.42857142857142855
catboost_abcd,5.0,20,KGS,wf_2025,0.71875,13.852302342269068,961.8423300307466,0.4117647058823529,0.9609549367081816,0.2857142857142857
catboost_abcd,5.0,20,KZT,oot,1.0961538461538463,44.1786241129838,1079.769197112228,0.24528301886792453,1.0803803539969579,0.46153846153846156
catboost_abcd,5.0,20,KZT,wf_2022,0.0,1062.0589224531507,880.3899067442255,0.0196078431372549,,0.0
catboost_abcd,5.0,20,KZT,wf_2023,0.8420454545454545,43.077396915269965,579.5572990585929,1.2549019607843137,1.1166835950150238,0.765625
catboost_abcd,5.0,20,KZT,wf_2024,1.0877192982456139,45.95620901945781,561.96074665265,0.23529411764705882,0.605363360926107,0.16666666666666666
catboost_abcd,5.0,20,KZT,wf_2025,0.0,-38.08898269496921,1041.777647152471,0.35294117647058826,,0.3333333333333333
catboost_abcd,5.0,20,TJS,oot,0.9473684210526315,30.58848785129766,904.569545188143,0.3584905660377358,1.6518071305615039,0.47368421052631576
catboost_abcd,5.0,20,TJS,wf_2022,0.0,752.9003921422717,3029.6078920550885,0.0392156862745098,,0.0
catboost_abcd,5.0,20,TJS,wf_2023,0.8666666666666667,86.41240158163264,761.1484797829293,1.0784313725490196,1.2965027829303244,0.7636363636363637
catboost_abcd,5.0,20,TJS,wf_2024,2.450592885375494,80.07492442993511,275.39459834370115,0.21568627450980393,1.5544259924336568,0.36363636363636365
catboost_abcd,5.0,20,TJS,wf_2025,0.5551724137931034,54.54537466221332,1008.2134835227463,0.29411764705882354,1.2370068715893368,0.4
catboost_abcd,5.0,20,UZS,oot,0.7916666666666666,-28.62656726188388,1059.3994111747174,0.24528301886792453,1.4379444089340083,0.46153846153846156
catboost_abcd,5.0,20,UZS,wf_2022,0.0,528.1775408602259,3320.6663125349014,0.058823529411764705,,0.0
catboost_abcd,5.0,20,UZS,wf_2023,0.7017045454545455,61.36257075528244,794.3721113852231,1.2549019607843137,1.1300934621519985,0.8125
catboost_abcd,5.0,20,UZS,wf_2024,2.2044444444444444,68.46100715802427,379.6363073279063,0.19607843137254902,1.0364997293613618,0.2
catboost_abcd,5.0,20,UZS,wf_2025,1.1180555555555554,41.30833125736033,1050.8687759952284,0.35294117647058826,0.9820998845553709,0.3333333333333333
level,,20,AMD,oot,1.034013605442177,167.88319532153977,418.62833743855134,0.7924528301886793,1.718902786557562,0.8095238095238095
level,,20,AMD,wf_2022,0.5513392857142857,465.0096570826788,1733.9268130618902,0.6274509803921569,2.9986104394902537,0.84375
level,,20,AMD,wf_2023,0.4116666666666667,142.75976615804865,619.8059355500784,0.49019607843137253,1.3595910348233184,0.92
level,,20,AMD,wf_2024,1.169811320754717,244.26515225394263,401.3919747248717,0.5490196078431373,2.622128922072918,0.8571428571428571
level,,20,AMD,wf_2025,0.7318181818181818,74.51593576774539,1146.2687586372226,2.588235294117647,1.9201053673925335,0.8863636363636364
level,,20,KGS,oot,0.8852459016393442,148.06928488022305,636.0379694512942,1.150943396226415,1.62230176405587,0.8524590163934426
level,,20,KGS,wf_2022,0.5737514518002322,405.5785240139114,2213.9003150369044,0.8235294117647058,2.4755775517419902,0.8095238095238095
level,,20,KGS,wf_2023,1.1026785714285714,214.90750823691798,425.30647471520354,0.27450980392156865,1.0848738267027844,0.8571428571428571
level,,20,KGS,wf_2024,1.7342657342657342,226.0518706962762,709.4558186808897,0.43137254901960786,1.5903515704498477,0.8181818181818182
level,,20,KGS,wf_2025,0.5082070707070707,66.86020237910702,1232.5190587604059,2.911764705882353,1.487209008523547,0.9090909090909091
level,,20,KZT,oot,1.5,334.28790277386577,370.06399037409653,0.3584905660377358,2.662784553242152,0.6842105263157895
level,,20,KZT,wf_2022,0.6726579520697168,363.1543598455297,2875.743576887619,1.0,8.407339299057778,0.8431372549019608
level,,20,KZT,wf_2023,0.6415584415584416,154.04293747900473,441.21285499960527,0.4117647058823529,1.465594811407669,0.8571428571428571
level,,20,KZT,wf_2024,0.4350877192982456,100.01170179702919,1037.566257803595,0.8823529411764706,1.069302172664456,0.9777777777777777
level,,20,KZT,wf_2025,0.7000000000000001,48.910935724699485,1071.8965984656313,3.3823529411764706,2.1202727682932996,0.8695652173913043
level,,20,TJS,oot,0.8571428571428571,138.93439194768365,482.01791298581094,1.320754716981132,1.3965694849524928,0.8571428571428571
level,,20,TJS,wf_2022,0.8085106382978724,616.9256033294442,3394.7169236884274,0.7647058823529411,2.1857074239399683,0.8717948717948718
level,,20,TJS,wf_2023,1.0833333333333333,256.8337015280534,178.58633999578765,0.23529411764705882,4.467838689140119,0.9166666666666666
level,,20,TJS,wf_2024,1.2579710144927536,205.47255308195602,585.8712479545502,0.5882352941176471,2.241289200488796,0.8333333333333334
level,,20,TJS,wf_2025,0.516439454691259,136.84965961548002,1289.0769945325949,1.2647058823529411,2.326596053780444,0.9534883720930233
level,,20,UZS,oot,1.066326530612245,146.01703971216136,601.4919005278042,0.9245283018867925,1.88339680313562,0.7755102040816326
level,,20,UZS,wf_2022,0.4239130434782608,374.48707792762195,2895.5854735826083,0.9019607843137255,2.4866339382617997,0.8478260869565217
level,,20,UZS,wf_2023,0.6653198653198653,147.48892996754378,707.2746452798294,0.5294117647058824,1.512356415017169,0.9259259259259259
level,,20,UZS,wf_2024,0.8644880174291939,136.30572148436605,857.957300797451,1.0,1.2320553869923674,0.8823529411764706
level,,20,UZS,wf_2025,0.688034188034188,98.54763848590724,1159.8523923790538,2.2941176470588234,1.5168698312116322,0.8846153846153846
logreg_a,5.0,20,AMD,oot,0.5714285714285714,2.098116109971872,585.2280786846031,0.7169811320754716,0.7522639665144764,0.5789473684210527
logreg_a,5.0,20,AMD,wf_2022,2.9404761904761907,393.8197811423716,746.3426345422586,0.0392156862745098,0.35061143397319483,0.0
logreg_a,5.0,20,AMD,wf_2023,0.4900793650793651,172.94290288343504,649.8593536682584,0.13725490196078433,1.080312588999522,0.0
logreg_a,5.0,20,AMD,wf_2024,0.7486792452830189,54.375710087314644,926.835997447968,0.9803921568627451,1.0436776273798685,0.7
logreg_a,5.0,20,AMD,wf_2025,0.0,39.23496775913481,1133.8714585303069,0.6470588235294118,0.0,0.45454545454545453
logreg_a,5.0,20,KGS,oot,0.0,70.89964132330789,557.519965859905,0.07547169811320754,0.0,0.0
logreg_a,5.0,20,KGS,wf_2022,,,,0.0,,
logreg_a,5.0,20,KGS,wf_2023,1.2864583333333333,175.45876131342507,610.7816700668756,0.11764705882352941,1.6316936363530217,0.0
logreg_a,5.0,20,KGS,wf_2024,0.6298984034833092,6.287311958873509,818.1209230775713,1.0392156862745099,0.7059557571819646,0.7169811320754716
logreg_a,5.0,20,KGS,wf_2025,0.4573863636363637,46.477496903054536,1314.4626193685017,0.6470588235294118,0.6525865226407479,0.2727272727272727
logreg_a,5.0,20,KZT,oot,0.9500000000000001,187.10598059956897,429.68546919677664,0.09433962264150944,1.7237911221970923,0.2
logreg_a,5.0,20,KZT,wf_2022,,,,0.0,,
logreg_a,5.0,20,KZT,wf_2023,0.997979797979798,187.98513364785958,454.97854868002065,0.17647058823529413,1.2046284066158617,0.0
logreg_a,5.0,20,KZT,wf_2024,0.40789473684210525,3.7021645217943693,1175.6152807261617,0.9411764705882353,0.6045843192839967,0.6041666666666666
logreg_a,5.0,20,KZT,wf_2025,0.0,27.579539575857634,1051.7379304890505,0.7647058823529411,0.0,0.38461538461538464
logreg_a,5.0,20,TJS,oot,1.6956521739130435,-9.62686495966939,1109.0804822253428,0.8867924528301887,0.6823133414447256,0.574468085106383
logreg_a,5.0,20,TJS,wf_2022,0.0,203.98335370119202,2331.2092214925715,0.0392156862745098,,0.0
logreg_a,5.0,20,TJS,wf_2023,0.7222222222222221,174.77115126988758,640.9117138630327,0.11764705882352941,1.0682787196667463,0.0
logreg_a,5.0,20,TJS,wf_2024,1.2939130434782609,71.95221755109048,780.8112935200073,0.9803921568627451,1.0463527879529977,0.68
logreg_a,5.0,20,TJS,wf_2025,0.8224776500638569,26.00429978505604,1310.458595325924,0.7941176470588235,1.2179863944129006,0.5185185185185185
logreg_a,5.0,20,UZS,oot,0.0,132.9219744592769,354.06870074190743,0.07547169811320754,0.0,0.0
logreg_a,5.0,20,UZS,wf_2022,,,,0.0,,
logreg_a,5.0,20,UZS,wf_2023,0.6415584415584416,183.5644029123789,719.5702139848125,0.13725490196078433,0.7935311772186276,0.0
logreg_a,5.0,20,UZS,wf_2024,0.34444444444444444,5.526705905096534,814.0202686611168,0.9411764705882353,0.3171843303944836,0.6666666666666666
logreg_a,5.0,20,UZS,wf_2025,0.6098484848484849,56.313190640258334,1249.6595490128593,0.6470588235294118,0.8605537725917946,0.2727272727272727
logreg_ab,5.0,20,AMD,oot,,,,0.0,,
logreg_ab,5.0,20,AMD,wf_2022,1.9603174603174602,524.5746530979977,2683.5477492334658,0.11764705882352941,1.58634882446108,0.0
logreg_ab,5.0,20,AMD,wf_2023,,,,0.0,,
logreg_ab,5.0,20,AMD,wf_2024,0.8188679245283018,47.28070037172527,914.6636819804278,0.7843137254901961,1.0784970047977451,0.65
logreg_ab,5.0,20,AMD,wf_2025,,,,0.0,,
logreg_ab,5.0,20,KGS,oot,,,,0.0,,
logreg_ab,5.0,20,KGS,wf_2022,2.0081300813008127,562.7851564956953,429.4347914597907,0.058823529411764705,8.093697781742003,0.0
logreg_ab,5.0,20,KGS,wf_2023,,,,0.0,,
logreg_ab,5.0,20,KGS,wf_2024,0.4471153846153846,38.23802998659944,794.6129155634618,0.6274509803921569,0.5116097041573027,0.59375
logreg_ab,5.0,20,KGS,wf_2025,10.0625,142.75139841313012,0.0,0.029411764705882353,3.6142086340844357,0.0
logreg_ab,5.0,20,KZT,oot,,,,0.0,,
logreg_ab,5.0,20,KZT,wf_2022,0.6237373737373738,712.0562863292521,1992.7663223833858,0.21568627450980393,0.9514685810335797,0.7272727272727273
logreg_ab,5.0,20,KZT,wf_2023,,,,0.0,,
logreg_ab,5.0,20,KZT,wf_2024,0.2175438596491228,21.155398281978652,1259.0691667729016,0.5882352941176471,0.26359134986565197,0.4666666666666667
logreg_ab,5.0,20,KZT,wf_2025,,,,0.0,,
logreg_ab,5.0,20,TJS,oot,,,,0.0,,
logreg_ab,5.0,20,TJS,wf_2022,1.0510638297872341,616.8839830097595,2331.2092214925715,0.19607843137254902,6.663837585532765,0.0
logreg_ab,5.0,20,TJS,wf_2023,,,,0.0,,
logreg_ab,5.0,20,TJS,wf_2024,1.3478260869565217,65.55810772343717,780.8112935200073,0.8627450980392157,1.0525962125173605,0.6136363636363636
logreg_ab,5.0,20,TJS,wf_2025,1.850574712643678,110.60879488410318,32.300273475649455,0.08823529411764706,0.5666589001611473,0.3333333333333333
logreg_ab,5.0,20,UZS,oot,,,,0.0,,
logreg_ab,5.0,20,UZS,wf_2022,0.65,520.0458082070356,2815.981839355406,0.19607843137254902,1.1946142460346163,0.3
logreg_ab,5.0,20,UZS,wf_2023,,,,0.0,,
logreg_ab,5.0,20,UZS,wf_2024,0.6888888888888889,59.73257720444561,609.9320705035639,0.47058823529411764,1.1626438769139171,0.4166666666666667
logreg_ab,5.0,20,UZS,wf_2025,0.0,-2.076830341845396,168.1428305053134,0.08823529411764706,0.0,0.6666666666666666
logreg_abc,5.0,20,AMD,oot,0.0,57.98693991960327,597.7002567674527,0.1509433962264151,0.0,0.125
logreg_abc,5.0,20,AMD,wf_2022,5.880952380952381,1229.5135620691644,0.0,0.0196078431372549,8.970777175893843,0.0
logreg_abc,5.0,20,AMD,wf_2023,,,,0.0,,
logreg_abc,5.0,20,AMD,wf_2024,,,,0.0,,
logreg_abc,5.0,20,AMD,wf_2025,,,,0.0,,
logreg_abc,5.0,20,KGS,oot,0.0,-79.94609364398737,1276.7169272685842,0.33962264150943394,0.0,0.5
logreg_abc,5.0,20,KGS,wf_2022,6.024390243902438,959.2513512811074,0.0,0.0196078431372549,6.5039845683383355,0.0
logreg_abc,5.0,20,KGS,wf_2023,,,,0.0,,
logreg_abc,5.0,20,KGS,wf_2024,,,,0.0,,
logreg_abc,5.0,20,KGS,wf_2025,,,,0.0,,
logreg_abc,5.0,20,KZT,oot,1.9000000000000001,216.93143981805594,429.68546919677664,0.09433962264150944,0.9560383405574856,0.4
logreg_abc,5.0,20,KZT,wf_2022,,,,0.0,,
logreg_abc,5.0,20,KZT,wf_2023,,,,0.0,,
logreg_abc,5.0,20,KZT,wf_2024,,,,0.0,,
logreg_abc,5.0,20,KZT,wf_2025,,,,0.0,,
logreg_abc,5.0,20,TJS,oot,1.3043478260869565,1.3782255615993457,1114.0968357900415,0.4528301886792453,0.6040352688053061,0.3333333333333333
logreg_abc,5.0,20,TJS,wf_2022,5.25531914893617,1339.018302721644,0.0,0.0196078431372549,12.932378743792832,0.0
logreg_abc,5.0,20,TJS,wf_2023,,,,0.0,,
logreg_abc,5.0,20,TJS,wf_2024,,,,0.0,,
logreg_abc,5.0,20,TJS,wf_2025,1.850574712643678,257.9555185189886,812.9538368701606,0.08823529411764706,1.8405980301084137,0.3333333333333333
logreg_abc,5.0,20,UZS,oot,0.0,-208.1330480280531,1274.934741501812,0.33962264150943394,0.0,0.6111111111111112
logreg_abc,5.0,20,UZS,wf_2022,2.1666666666666665,763.4059843904865,2659.05219917844,0.058823529411764705,153.39632532841497,0.0
logreg_abc,5.0,20,UZS,wf_2023,,,,0.0,,
logreg_abc,5.0,20,UZS,wf_2024,,,,0.0,,
logreg_abc,5.0,20,UZS,wf_2025,,,,0.0,,
logreg_abcd,5.0,20,AMD,oot,,,,0.0,,
logreg_abcd,5.0,20,AMD,wf_2022,0.400974025974026,359.41067390173845,3009.4428168113623,0.8627450980392157,1.8269914511413472,0.6818181818181818
logreg_abcd,5.0,20,AMD,wf_2023,,,,0.0,,
logreg_abcd,5.0,20,AMD,wf_2024,1.5597484276729559,58.47132559859904,891.5496070842411,0.47058823529411764,0.8695829850509474,0.5
logreg_abcd,5.0,20,AMD,wf_2025,0.4878787878787879,34.98537788583476,1250.318314732045,0.6470588235294118,0.585819336236913,0.5
logreg_abcd,5.0,20,KGS,oot,,,,0.0,,
logreg_abcd,5.0,20,KGS,wf_2022,0.5830055074744295,405.9760640540378,1949.5403216565333,0.6078431372549019,0.8260536214611214,0.6774193548387096
logreg_abcd,5.0,20,KGS,wf_2023,,,,0.0,,
logreg_abcd,5.0,20,KGS,wf_2024,1.0598290598290598,30.705711593550504,408.6164338749176,0.17647058823529413,0.9278534412968209,0.4444444444444444
logreg_abcd,5.0,20,KGS,wf_2025,1.6770833333333333,90.41283751611341,1196.498438920286,0.35294117647058826,0.5781687147043096,0.3333333333333333
logreg_abcd,5.0,20,KZT,oot,,,,0.0,,
logreg_abcd,5.0,20,KZT,wf_2022,0.2744444444444445,358.70191680870465,2716.081133410161,0.49019607843137253,1.1312858962138066,0.68
logreg_abcd,5.0,20,KZT,wf_2023,,,,0.0,,
logreg_abcd,5.0,20,KZT,wf_2024,1.0040485829959513,6.756502909747507,1314.7174078118162,0.2549019607843137,0.5698061260405889,0.38461538461538464
logreg_abcd,5.0,20,KZT,wf_2025,0.0,234.40916031248315,508.69869094618105,0.029411764705882353,,0.0
logreg_abcd,5.0,20,TJS,oot,,,,0.0,,
logreg_abcd,5.0,20,TJS,wf_2022,0.9555125725338492,527.3318623135165,1304.9122376750065,0.43137254901960786,4.5587542910409375,0.5454545454545454
logreg_abcd,5.0,20,TJS,wf_2023,,,,0.0,,
logreg_abcd,5.0,20,TJS,wf_2024,2.053830227743271,104.74948693733744,323.7342931146459,0.4117647058823529,1.2720139613767698,0.6190476190476191
logreg_abcd,5.0,20,TJS,wf_2025,1.6655172413793102,170.19882539581812,1200.5934049890054,0.29411764705882354,1.2345075717100107,0.4
logreg_abcd,5.0,20,UZS,oot,,,,0.0,,
logreg_abcd,5.0,20,UZS,wf_2022,0.7027027027027027,387.3869804246716,3634.5344032449534,0.7254901960784313,2.4747806791718916,0.6216216216216216
logreg_abcd,5.0,20,UZS,wf_2023,,,,0.0,,
logreg_abcd,5.0,20,UZS,wf_2024,1.9682539682539681,77.98462944957467,376.1092081660955,0.27450980392156865,1.1576474449426215,0.6428571428571429
logreg_abcd,5.0,20,UZS,wf_2025,1.3416666666666668,96.47264846255023,1161.7379395911498,0.29411764705882354,0.7261872309364752,0.3
momentum,,20,AMD,oot,0.7539682539682541,86.26819677180542,703.7993526214825,0.6792452830188679,3.1088657059240523,0.5277777777777778
momentum,,20,AMD,wf_2022,0.8071895424836603,279.0334160858247,3239.2255617304672,1.0,7.267005231457933,0.6666666666666666
momentum,,20,AMD,wf_2023,0.6861111111111112,125.83771163994054,738.2202927608416,0.6862745098039216,1.7068414036705997,0.5428571428571428
momentum,,20,AMD,wf_2024,1.2477987421383647,154.7986817159714,836.198099143628,0.5882352941176471,2.720919152492949,0.43333333333333335
momentum,,20,AMD,wf_2025,1.3416666666666668,82.3329426368948,1250.318314732045,0.7058823529411765,3.190151819513962,0.5
momentum,,20,KGS,oot,0.6250000000000001,84.43479541299412,815.24721087606,0.9245283018867925,2.2965014082870114,0.5714285714285714
momentum,,20,KGS,wf_2022,0.5604083947816222,308.5180101496085,3147.452487047374,0.8431372549019608,4.062697036459535,0.5581395348837209
momentum,,20,KGS,wf_2023,0.6810661764705883,80.46421223953209,727.4205277668011,0.6666666666666666,2.1542525220343474,0.5588235294117647
momentum,,20,KGS,wf_2024,1.0769230769230769,117.44047927675769,775.7437461477246,0.6078431372549019,2.8616508877324205,0.45161290322580644
momentum,,20,KGS,wf_2025,0.7453703703703703,107.69786049142914,1111.6030083758233,0.7941176470588235,5.862397048161804,0.5555555555555556
momentum,,20,KZT,oot,0.8796296296296297,74.64652179164435,984.7065740538175,0.5094339622641509,3.300733236032171,0.5185185185185185
momentum,,20,KZT,wf_2022,0.7623456790123457,170.84259193854578,2980.8277852025312,0.8823529411764706,7.046176161594005,0.6444444444444445
momentum,,20,KZT,wf_2023,0.6415584415584416,94.26317885094828,471.848711332914,0.5490196078431373,9.26759484340386,0.4642857142857143
momentum,,20,KZT,wf_2024,1.263157894736842,97.06858761222186,1024.0329455323417,0.6078431372549019,2.186250742114307,0.45161290322580644
momentum,,20,KZT,wf_2025,1.61,108.9942171503481,871.5340814706518,0.7352941176470589,3.6686928572621236,0.44
momentum,,20,TJS,oot,0.6000000000000001,76.91978330397089,699.5691566875751,0.7735849056603774,2.2248842927861014,0.5365853658536586
momentum,,20,TJS,wf_2022,0.5255319148936171,249.90090368741326,3305.4790498661146,0.7843137254901961,104.60303719239096,0.625
momentum,,20,TJS,wf_2023,0.9479166666666666,93.50957658928331,753.488609954337,0.6274509803921569,2.1178553370217865,0.5
momentum,,20,TJS,wf_2024,0.9514066496163683,101.49165893575571,755.4570422006435,0.6666666666666666,2.0927303571711,0.5294117647058824
momentum,,20,TJS,wf_2025,0.6939655172413793,180.9884763074298,1277.6989522860927,0.47058823529411764,2.9066789653505944,0.4375
momentum,,20,UZS,oot,0.7916666666666666,117.73326362193211,750.8656574215645,0.6792452830188679,3.4760356183521672,0.6388888888888888
momentum,,20,UZS,wf_2022,0.7358490566037735,168.7902855098519,4811.2524908437135,1.0392156862745099,9.541233225084646,0.6415094339622641
momentum,,20,UZS,wf_2023,0.5757575757575757,87.41123224198506,804.223341957776,0.7647058823529411,2.5382448721159743,0.5641025641025641
momentum,,20,UZS,wf_2024,0.9447619047619047,99.16948767927124,841.5498123402288,0.6862745098039216,3.0045675743454994,0.5428571428571428
momentum,,20,UZS,wf_2025,2.1466666666666665,107.23932758061223,1044.776899962977,0.7352941176470589,13.371340891980362,0.36
random,,20,AMD,oot,1.1831501831501832,2.011855424199919,867.8642575891078,1.6603773584905661,0.7495643131808277,0.5795454545454546
random,,20,AMD,wf_2022,1.2342739564961787,76.36539651717996,3801.7934426854613,1.588235294117647,1.5900451591738052,0.48148148148148145
random,,20,AMD,wf_2023,1.1435185185185186,23.502636372751347,881.4912299626765,1.4705882352941178,0.9853422153027275,0.4266666666666667
random,,20,AMD,wf_2024,1.1958071278825995,15.37802531123156,920.575657182655,1.7647058823529411,1.0579638823659212,0.5444444444444444
random,,20,AMD,wf_2025,1.0320512820512822,61.94965913455059,1125.1873508239419,1.5294117647058822,1.5604829226327195,0.4807692307692308
random,,20,KGS,oot,1.0,10.59201511271555,962.8516090499461,1.320754716981132,0.9532034927013815,0.42857142857142855
random,,20,KGS,wf_2022,0.6602071500167056,-20.38933696998974,3756.896941593066,1.4313725490196079,0.285476907786175,0.4657534246575342
random,,20,KGS,wf_2023,1.3203125,22.22261325788614,864.3545745201991,1.4901960784313726,1.2449525058634485,0.42105263157894735
random,,20,KGS,wf_2024,1.0415561450044208,-5.245384039926326,872.7625533307526,1.7058823529411764,0.8558878536230143,0.5517241379310345
random,,20,KGS,wf_2025,1.4375,43.840692092897484,1094.0895543464203,1.6470588235294117,2.608861744063978,0.5535714285714286
random,,20,KZT,oot,1.0058823529411764,-14.318109253034107,1105.6317993333912,1.6415094339622642,0.6949234009841209,0.5057471264367817
random,,20,KZT,wf_2022,1.2764857881136953,46.23543556207602,3184.436247914046,1.6862745098039216,0.6850374642318351,0.5232558139534884
random,,20,KZT,wf_2023,1.377212121212121,26.558392975040427,924.0081775290571,1.4705882352941178,0.8571924932573636,0.44
random,,20,KZT,wf_2024,0.8637770897832817,-0.030882584941369876,1097.1550478746572,1.3333333333333333,1.3338718684237614,0.4411764705882353
random,,20,KZT,wf_2025,1.412280701754386,-1.322865955555733,1126.4774432318502,1.6764705882352942,0.8568714827993921,0.5263157894736842
random,,20,TJS,oot,0.6176470588235294,-10.524881362144649,1059.533228044221,1.3773584905660377,0.33286931439000605,0.5068493150684932
random,,20,TJS,wf_2022,1.2583158525621816,60.638882004088295,4817.547868729381,1.392156862745098,13.827741136938382,0.4507042253521127
random,,20,TJS,wf_2023,0.7944444444444444,-12.822495473407116,936.8441366520989,1.1764705882352942,0.8182049770682526,0.36666666666666664
random,,20,TJS,wf_2024,0.7135549872122762,-13.592050084871135,931.562174944477,1.3333333333333333,1.1963573181247515,0.4264705882352941
random,,20,TJS,wf_2025,1.1291642314436003,17.47814428369503,1437.8024415240786,1.7352941176470589,1.197266389503665,0.559322033898305
random,,20,UZS,oot,1.0466101694915255,44.55232101384246,713.5714577213284,1.1886792452830188,0.8262384350868025,0.3968253968253968
random,,20,UZS,wf_2022,1.1746987951807228,88.94422896829985,3597.165791344193,1.6274509803921569,7.81285829698755,0.5903614457831325
random,,20,UZS,wf_2023,1.1362541073384447,-23.387116392333056,985.8782394869388,1.6274509803921569,0.7780758766565385,0.5301204819277109
random,,20,UZS,wf_2024,1.008130081300813,9.82599677930897,694.2686315533373,1.607843137254902,1.6916121981991896,0.4878048780487805
random,,20,UZS,wf_2025,0.8385416666666666,-5.819018151128781,1296.4454101022886,1.411764705882353,0.9010417573106416,0.5
reversal,,20,AMD,oot,0.0,141.5861009508753,466.0202246957468,0.18867924528301888,0.0,0.0
reversal,,20,AMD,wf_2022,1.603896103896104,431.7548066178642,2683.5477492334658,0.21568627450980393,0.8721373432369018,0.0
reversal,,20,AMD,wf_2023,0.4900793650793651,172.94290288343504,649.8593536682584,0.13725490196078433,1.2910325497017572,0.0
reversal,,20,AMD,wf_2024,0.42538593481989706,135.90675127796547,950.4752140932383,0.21568627450980393,0.578630835196576,0.0
reversal,,20,AMD,wf_2025,0.0,112.30092027146078,1171.7674636236031,0.3235294117647059,0.0,0.09090909090909091
reversal,,20,KGS,oot,0.0,135.7028430849936,597.3615584075476,0.20754716981132076,0.0,0.0
reversal,,20,KGS,wf_2022,1.5060975609756095,347.3611145966088,2009.8322013880465,0.23529411764705882,12.56040063979711,0.0
reversal,,20,KGS,wf_2023,1.2864583333333333,175.45876131342507,610.7816700668756,0.11764705882352941,1.7123604572395743,0.0
reversal,,20,KGS,wf_2024,0.5961538461538461,123.22714623392697,835.9764433916595,0.1568627450980392,0.547828863877492,0.0
reversal,,20,KGS,wf_2025,0.0,66.90215631525436,1320.693269827702,0.47058823529411764,0.0,0.125
reversal,,20,KZT,oot,1.0555555555555556,237.7201456379193,429.68546919677664,0.16981132075471697,2.5342805890313933,0.1111111111111111
reversal,,20,KZT,wf_2022,1.0555555555555558,430.5859941098358,2074.4916530903,0.2549019607843137,319.5895718033777,0.15384615384615385
reversal,,20,KZT,wf_2023,0.997979797979798,187.98513364785958,454.97854868002065,0.17647058823529413,1.2282092550942991,0.0
reversal,,20,KZT,wf_2024,0.5933014354066986,70.26686921402099,1314.7174078118162,0.21568627450980393,0.90466246979797,0.0
reversal,,20,KZT,wf_2025,0.0,104.47164495082599,1061.6982138256303,0.38235294117647056,0.0,0.07692307692307693
reversal,,20,TJS,oot,0.5,139.9076510363521,428.6005082375177,0.22641509433962265,1.0565258501788366,0.0
reversal,,20,TJS,wf_2022,1.6170212765957448,633.4436034661296,2833.3522557205824,0.2549019607843137,6.938999340666108,0.07692307692307693
reversal,,20,TJS,wf_2023,0.7222222222222221,174.77115126988758,640.9117138630327,0.11764705882352941,1.0953692088382505,0.0
reversal,,20,TJS,wf_2024,0.4492753623188406,128.2358741551832,822.1247240832952,0.23529411764705882,0.6939687456648143,0.0
reversal,,20,TJS,wf_2025,1.110344827586207,136.0625593884618,1322.7483576135658,0.29411764705882354,3.7315698994524187,0.1
reversal,,20,UZS,oot,0.5277777777777778,146.54079330850107,395.11308397216726,0.16981132075471697,1.0230765409582474,0.0
reversal,,20,UZS,wf_2022,1.3,456.99821420258223,2815.981839355406,0.29411764705882354,1.2281281546538412,0.06666666666666667
reversal,,20,UZS,wf_2023,0.6415584415584416,183.5644029123789,719.5702139848125,0.13725490196078433,0.7794717425031763,0.0
reversal,,20,UZS,wf_2024,0.5511111111111111,136.99318938276073,782.7762631881363,0.19607843137254902,0.7385520457501984,0.0
reversal,,20,UZS,wf_2025,0.8385416666666666,95.52520532682733,1253.020910732945,0.47058823529411764,2.4838197143567196,0.125
seasonality,,20,AMD,oot,0.6514285714285715,20.445615127428837,579.9101390435972,0.9433962264150944,0.957053680110493,0.84
seasonality,,20,AMD,wf_2022,0.4800777453838678,-56.53473103812164,3160.8292874269105,0.9607843137254902,1.0276507147652836,0.8367346938775511
seasonality,,20,AMD,wf_2023,1.000578703703704,-27.023086196032978,797.3506504714029,0.9411764705882353,1.0341871639184868,0.8333333333333334
seasonality,,20,AMD,wf_2024,0.8422641509433961,51.282599801927205,940.8659038786819,0.9803921568627451,1.2085153472718508,0.84
seasonality,,20,AMD,wf_2025,0.0,9.455554637660622,1162.7083561474706,1.1176470588235294,0.0,0.8421052631578947
seasonality,,20,KGS,oot,0.8823529411764707,-21.393286713317472,1220.9060391763028,0.7358490566037735,0.8673915360723685,0.8205128205128205
seasonality,,20,KGS,wf_2022,0.6820064427059365,-91.83297295907764,3475.1548671849455,1.0392156862745099,1.3965224815191415,0.7924528301886793
seasonality,,20,KGS,wf_2023,0.8092237903225806,-15.305913563802255,733.0148021509498,1.2156862745098038,1.0821816937012787,0.8064516129032258
seasonality,,20,KGS,wf_2024,0.5755968169761273,8.674344944368615,776.281952400774,1.1372549019607843,0.9748943673156106,0.8275862068965517
seasonality,,20,KGS,wf_2025,0.8158783783783785,60.52089290967556,949.1907242910825,1.088235294117647,1.0813667396349123,0.8108108108108109
seasonality,,20,KZT,oot,0.639423076923077,-64.94194232432909,1161.826516329741,0.9811320754716981,0.80131301166548,0.8269230769230769
seasonality,,20,KZT,wf_2022,1.0356394129979036,-133.9098673027056,3364.231210943406,1.0392156862745099,1.1603738368037326,0.8301886792452831
seasonality,,20,KZT,wf_2023,0.7611710323574731,20.276276968028352,617.3459228010462,1.1568627450980393,0.7482480369101054,0.847457627118644
seasonality,,20,KZT,wf_2024,0.3496240601503759,2.321626220619972,991.1188215579658,1.0980392156862746,0.8373621019624233,0.8214285714285714
seasonality,,20,KZT,wf_2025,0.0,23.219876258690437,1023.3166173760244,1.1764705882352942,0.0,0.825
seasonality,,20,TJS,oot,1.9565217391304348,-17.600646242493216,1109.0804822253428,0.8867924528301887,0.703317780905271,0.7872340425531915
seasonality,,20,TJS,wf_2022,0.21897163120567376,-409.0647744389787,5926.869878626679,0.9411764705882353,1.206184855776583,0.8125
seasonality,,20,TJS,wf_2023,0.7222222222222221,29.339204821765296,757.3689622689013,0.9411764705882353,1.012798191196518,0.8333333333333334
seasonality,,20,TJS,wf_2024,1.3742540494458653,76.55250556351658,754.9487658958952,1.0,1.0464760215375462,0.8235294117647058
seasonality,,20,TJS,wf_2025,0.5047021943573667,46.080079788272656,995.0048610412687,0.9705882352941176,0.6385660431175872,0.8484848484848485
seasonality,,20,UZS,oot,0.9047619047619048,-19.302331390360212,1165.8924224526493,0.9056603773584906,0.9697589076145963,0.8333333333333334
seasonality,,20,UZS,wf_2022,0.75,-304.7727934521842,5463.400663280435,1.0196078431372548,1.1223926110602156,0.8269230769230769
seasonality,,20,UZS,wf_2023,0.8316498316498316,0.12923674512737918,783.8920164410301,1.0588235294117647,1.195022612071647,0.8333333333333334
seasonality,,20,UZS,wf_2024,0.4082304526748971,-9.454254337883016,814.0202686611168,1.0588235294117647,0.6701286128553605,0.8333333333333334
seasonality,,20,UZS,wf_2025,1.2983870967741935,77.80189883170978,1038.8785397003064,0.9117647058823529,1.1768913655291677,0.8064516129032258
