experiment,currency,fold,training_horizon,evaluation_horizon,hit_rate,base_hit_rate,eligible_days,target_positives,positive_target_per_week,all_signals,outcome_signals,excluded_outcome_signals,moment_signals,excluded_moment_signals,empty_week_share,over_two_week_share,weeks,period_start,period_end,small_sample,worst_five_mean_bps,random_hit_rate_lar,random_forward_bps_lar,random_cvar_lar,forward_bps_lar,method,feature_groups,corridor
catboost_a,AMD,oot,5.0,1,,0.5344129554655871,247,132,2.490566037735849,0,0,0,0,0,1.0,0.0,53,2025-09-02,2026-09-02,True,,,,,,catboost,A,RUB->AMD
catboost_a,AMD,wf_2022,5.0,1,,0.5020242914979757,247,124,2.4313725490196076,0,0,0,0,0,1.0,0.0,51,2022-01-11,2022-12-31,True,,,,,,catboost,A,RUB->AMD
catboost_a,AMD,wf_2023,5.0,1,0.2857142857142857,0.5708502024291497,247,141,2.764705882352941,7,7,0,7,0,0.8627450980392157,0.0,51,2023-01-10,2023-12-30,True,23.863947167757527,0.3957142857142857,3.3149331712253196,183.25814088981585,56.08946460302696,catboost,A,RUB->AMD
catboost_a,AMD,wf_2024,5.0,1,0.532258064516129,0.5604838709677419,248,139,2.7254901960784315,62,62,0,62,0,0.5882352941176471,0.2352941176470588,51,2024-01-10,2024-12-29,True,206.09331956294727,0.4808870967741936,-8.00902886024076,215.4677708880829,-4.180116760037598,catboost,A,RUB->AMD
catboost_a,AMD,wf_2025,5.0,1,0.4545454545454545,0.453416149068323,161,73,2.1470588235294117,22,22,0,22,0,0.5882352941176471,0.0588235294117647,34,2025-01-10,2025-08-30,True,110.9232479205864,0.5147727272727272,-3.0051214651187625,180.8379173282843,-6.39494307205431,catboost,A,RUB->AMD
catboost_a,KGS,oot,5.0,1,,0.4736842105263157,247,117,2.207547169811321,0,0,0,0,0,1.0,0.0,53,2025-09-02,2026-09-02,True,,,,,,catboost,A,RUB->KGS
catboost_a,KGS,wf_2022,5.0,1,,0.4979757085020243,247,123,2.411764705882353,0,0,0,0,0,1.0,0.0,51,2022-01-11,2022-12-31,True,,,,,,catboost,A,RUB->KGS
catboost_a,KGS,wf_2023,5.0,1,0.5,0.5668016194331984,247,140,2.7450980392156863,6,6,0,6,0,0.8823529411764706,0.0,51,2023-01-10,2023-12-30,True,23.71590449461758,0.4358333333333333,0.6577928165588872,117.83109155495872,22.69187421824174,catboost,A,RUB->KGS
catboost_a,KGS,wf_2024,5.0,1,0.5066666666666667,0.5645161290322581,248,140,2.7450980392156863,75,75,0,75,0,0.4901960784313725,0.2549019607843137,51,2024-01-10,2024-12-29,True,194.70526921538325,0.4596666666666666,-8.244671707171305,204.59873047469088,-5.911123157320917,catboost,A,RUB->KGS
catboost_a,KGS,wf_2025,5.0,1,0.3181818181818182,0.422360248447205,161,68,2.0,22,22,0,22,0,0.5294117647058824,0.0294117647058823,34,2025-01-10,2025-08-30,True,84.32287312670982,0.4420454545454545,-8.172607339198619,173.00153685341854,-10.615501644432692,catboost,A,RUB->KGS
catboost_a,KZT,oot,5.0,1,,0.5748987854251012,247,142,2.679245283018868,0,0,0,0,0,1.0,0.0,53,2025-09-02,2026-09-02,True,,,,,,catboost,A,RUB->KZT
catboost_a,KZT,wf_2022,5.0,1,,0.4696356275303643,247,116,2.2745098039215685,0,0,0,0,0,1.0,0.0,51,2022-01-11,2022-12-31,True,,,,,,catboost,A,RUB->KZT
catboost_a,KZT,wf_2023,5.0,1,0.6666666666666666,0.5587044534412956,247,138,2.7058823529411766,9,9,0,9,0,0.8431372549019608,0.0,51,2023-01-10,2023-12-30,True,41.09780259978457,0.525,20.88438976552464,122.92252341982925,56.1077129492281,catboost,A,RUB->KZT
catboost_a,KZT,wf_2024,5.0,1,0.4461538461538462,0.5040322580645161,248,125,2.450980392156863,65,65,0,65,0,0.5490196078431373,0.2352941176470588,51,2024-01-10,2024-12-29,True,206.0326083955726,0.4189230769230769,-7.716913170239621,258.5613091221409,-0.1292815641879428,catboost,A,RUB->KZT
catboost_a,KZT,wf_2025,5.0,1,0.3846153846153846,0.4347826086956521,161,70,2.0588235294117645,26,26,0,26,0,0.5294117647058824,0.088235294117647,34,2025-01-10,2025-08-30,True,112.38336504991864,0.4842307692307692,-13.5600515838838,209.41027514682057,-12.503229559116363,catboost,A,RUB->KZT
catboost_a,TJS,oot,5.0,1,,0.5060728744939271,247,125,2.358490566037736,0,0,0,0,0,1.0,0.0,53,2025-09-02,2026-09-02,True,,,,,,catboost,A,RUB->TJS
catboost_a,TJS,wf_2022,5.0,1,1.0,0.5303643724696356,247,131,2.5686274509803924,5,5,0,5,0,0.9019607843137256,0.0,51,2022-01-11,2022-12-31,True,0.0,0.655,-3.7068155894260246,696.0984498921703,142.65211564858004,catboost,A,RUB->TJS
catboost_a,TJS,wf_2023,5.0,1,0.3333333333333333,0.5708502024291497,247,141,2.764705882352941,6,6,0,6,0,0.8823529411764706,0.0,51,2023-01-10,2023-12-30,True,25.52523553432051,0.4058333333333332,-1.2581090029212154,111.42083002077868,21.2226091065972,catboost,A,RUB->TJS
catboost_a,TJS,wf_2024,5.0,1,0.5454545454545454,0.5483870967741935,248,136,2.6666666666666665,66,66,0,66,0,0.5686274509803921,0.2549019607843137,51,2024-01-10,2024-12-29,True,188.52847805016455,0.4936363636363636,-6.542363637445083,228.23750883580385,-3.571727442696019,catboost,A,RUB->TJS
catboost_a,TJS,wf_2025,5.0,1,0.5555555555555556,0.5217391304347826,161,84,2.4705882352941178,27,27,0,27,0,0.5588235294117647,0.088235294117647,34,2025-01-10,2025-08-30,True,102.37597031977018,0.5557407407407408,-1.17276617997072,180.84785570140983,5.829054374901982,catboost,A,RUB->TJS
catboost_a,UZS,oot,5.0,1,,0.5506072874493927,247,136,2.5660377358490565,0,0,0,0,0,1.0,0.0,53,2025-09-02,2026-09-02,True,,,,,,catboost,A,RUB->UZS
catboost_a,UZS,wf_2022,5.0,1,,0.4817813765182186,247,119,2.3333333333333335,0,0,0,0,0,1.0,0.0,51,2022-01-11,2022-12-31,True,,,,,,catboost,A,RUB->UZS
catboost_a,UZS,wf_2023,5.0,1,0.2857142857142857,0.562753036437247,247,139,2.7254901960784315,7,7,0,7,0,0.8627450980392157,0.0,51,2023-01-10,2023-12-30,True,37.38671923745862,0.4242857142857142,-2.842930906051871,125.17287960189871,15.715702981582268,catboost,A,RUB->UZS
catboost_a,UZS,wf_2024,5.0,1,0.4444444444444444,0.5403225806451613,248,134,2.627450980392157,63,63,0,63,0,0.6078431372549019,0.2549019607843137,51,2024-01-10,2024-12-29,True,232.9404979665548,0.4542857142857143,-14.23726054296851,257.1603019070356,-20.88740420479109,catboost,A,RUB->UZS
catboost_a,UZS,wf_2025,5.0,1,0.3636363636363636,0.4472049689440994,161,72,2.1176470588235294,22,22,0,22,0,0.5294117647058824,0.0294117647058823,34,2025-01-10,2025-08-30,True,97.71196823756644,0.4234090909090909,-14.022909503042174,170.98973254170988,-7.209766967648019,catboost,A,RUB->UZS
catboost_ab,AMD,oot,5.0,1,0.6923076923076923,0.5344129554655871,247,132,2.490566037735849,13,13,0,13,0,0.8679245283018868,0.0377358490566037,53,2025-09-02,2026-09-02,True,30.33355968312535,0.7211538461538461,31.91809402068404,78.74872131835711,28.82137898301257,catboost,"A,B",RUB->AMD
catboost_ab,AMD,wf_2022,5.0,1,0.4375,0.5020242914979757,247,124,2.4313725490196076,32,32,0,32,0,0.7254901960784313,0.0980392156862745,51,2022-01-11,2022-12-31,True,306.46140134165955,0.43015625,3.851552447459044,510.6054142686248,9.200829594315785,catboost,"A,B",RUB->AMD
catboost_ab,AMD,wf_2023,5.0,1,0.4845360824742268,0.5708502024291497,247,141,2.764705882352941,97,97,0,97,0,0.4705882352941176,0.392156862745098,51,2023-01-10,2023-12-30,True,230.48968929050503,0.4618041237113403,-6.974347332418117,248.2144811589751,-2.1797970772830855,catboost,"A,B",RUB->AMD
catboost_ab,AMD,wf_2024,5.0,1,0.575,0.5604838709677419,248,139,2.7254901960784315,40,40,0,40,0,0.7254901960784313,0.1372549019607843,51,2024-01-10,2024-12-29,True,199.83426357197453,0.553125,-4.897566818532309,252.243526086091,-12.03075950266097,catboost,"A,B",RUB->AMD
catboost_ab,AMD,wf_2025,5.0,1,,0.453416149068323,161,73,2.1470588235294117,0,0,0,0,0,1.0,0.0,34,2025-01-10,2025-08-30,True,,,,,,catboost,"A,B",RUB->AMD
catboost_ab,KGS,oot,5.0,1,0.5384615384615384,0.4736842105263157,247,117,2.207547169811321,13,13,0,13,0,0.8679245283018868,0.0377358490566037,53,2025-09-02,2026-09-02,True,86.97259729687134,0.6615384615384616,47.940509582108014,226.72029107294316,35.57079190776481,catboost,"A,B",RUB->KGS
catboost_ab,KGS,wf_2022,5.0,1,0.4848484848484848,0.4979757085020243,247,123,2.411764705882353,33,33,0,33,0,0.6862745098039216,0.0784313725490196,51,2022-01-11,2022-12-31,True,388.6892636578674,0.5328787878787878,-21.801029883820902,492.05042647123935,-13.109028605193505,catboost,"A,B",RUB->KGS
catboost_ab,KGS,wf_2023,5.0,1,0.5,0.5668016194331984,247,140,2.7450980392156863,102,102,0,102,0,0.392156862745098,0.4313725490196078,51,2023-01-10,2023-12-30,False,,0.4961764705882354,-1.7136750490565973,202.08074309681356,4.709964515331923,catboost,"A,B",RUB->KGS
catboost_ab,KGS,wf_2024,5.0,1,0.4545454545454545,0.5645161290322581,248,140,2.7450980392156863,55,55,0,55,0,0.6078431372549019,0.1764705882352941,51,2024-01-10,2024-12-29,True,187.51387498519412,0.4638181818181817,-11.560365595308973,214.13528257470244,-16.078501426112986,catboost,"A,B",RUB->KGS
catboost_ab,KGS,wf_2025,5.0,1,,0.422360248447205,161,68,2.0,0,0,0,0,0,1.0,0.0,34,2025-01-10,2025-08-30,True,,,,,,catboost,"A,B",RUB->KGS
catboost_ab,KZT,oot,5.0,1,0.5,0.5748987854251012,247,142,2.679245283018868,30,30,0,30,0,0.7358490566037735,0.0754716981132075,53,2025-09-02,2026-09-02,True,138.07174080430596,0.5603333333333333,20.108439752558553,197.58749079267884,17.91317837812386,catboost,"A,B",RUB->KZT
catboost_ab,KZT,wf_2022,5.0,1,0.4210526315789473,0.4696356275303643,247,116,2.2745098039215685,38,38,0,38,0,0.6470588235294118,0.0980392156862745,51,2022-01-11,2022-12-31,True,301.60322437913493,0.3988157894736841,-28.346134676395497,499.6545528285913,12.294859912693129,catboost,"A,B",RUB->KZT
catboost_ab,KZT,wf_2023,5.0,1,0.5294117647058824,0.5587044534412956,247,138,2.7058823529411766,102,102,0,102,0,0.3725490196078431,0.4117647058823529,51,2023-01-10,2023-12-30,False,,0.4889705882352941,-1.3246349890308755,253.17743062670215,8.201781420403693,catboost,"A,B",RUB->KZT
catboost_ab,KZT,wf_2024,5.0,1,0.3846153846153846,0.5040322580645161,248,125,2.450980392156863,39,39,0,39,0,0.7254901960784313,0.1176470588235294,51,2024-01-10,2024-12-29,True,116.60180458005476,0.4152564102564103,-8.023334524979148,250.76948692970677,-6.751098116179535,catboost,"A,B",RUB->KZT
catboost_ab,KZT,wf_2025,5.0,1,,0.4347826086956521,161,70,2.0588235294117645,0,0,0,0,0,1.0,0.0,34,2025-01-10,2025-08-30,True,,,,,,catboost,"A,B",RUB->KZT
catboost_ab,TJS,oot,5.0,1,0.7692307692307693,0.5060728744939271,247,125,2.358490566037736,27,26,1,26,1,0.7358490566037735,0.0754716981132075,53,2025-09-02,2026-09-02,True,109.47823306868364,0.7584615384615385,56.052409057100064,106.40655501223328,38.27478933051935,catboost,"A,B",RUB->TJS
catboost_ab,TJS,wf_2022,5.0,1,0.5641025641025641,0.5303643724696356,247,131,2.5686274509803924,39,39,0,39,0,0.6470588235294118,0.1176470588235294,51,2022-01-11,2022-12-31,True,611.4550762738858,0.4865384615384616,-34.632454435409336,1037.75210314709,-20.399631909776897,catboost,"A,B",RUB->TJS
catboost_ab,TJS,wf_2023,5.0,1,0.4883720930232558,0.5708502024291497,247,141,2.764705882352941,86,86,0,86,0,0.4705882352941176,0.3333333333333333,51,2023-01-10,2023-12-30,True,170.06479688358445,0.4594767441860465,-8.31036474803002,211.48706317251495,-0.5812815279254316,catboost,"A,B",RUB->TJS
catboost_ab,TJS,wf_2024,5.0,1,0.4864864864864865,0.5483870967741935,248,136,2.6666666666666665,37,37,0,37,0,0.7254901960784313,0.1568627450980392,51,2024-01-10,2024-12-29,True,188.52847805016455,0.545,-8.85237923633696,229.7023576584008,-21.876417815850193,catboost,"A,B",RUB->TJS
catboost_ab,TJS,wf_2025,5.0,1,,0.5217391304347826,161,84,2.4705882352941178,0,0,0,0,0,1.0,0.0,34,2025-01-10,2025-08-30,True,,,,,,catboost,"A,B",RUB->TJS
catboost_ab,UZS,oot,5.0,1,0.5416666666666666,0.5506072874493927,247,136,2.5660377358490565,24,24,0,24,0,0.7547169811320755,0.0754716981132075,53,2025-09-02,2026-09-02,True,132.85972776505696,0.598125,29.39720670353223,191.1199547475384,22.94950469100277,catboost,"A,B",RUB->UZS
catboost_ab,UZS,wf_2022,5.0,1,0.4473684210526316,0.4817813765182186,247,119,2.3333333333333335,38,38,0,38,0,0.6470588235294118,0.0980392156862745,51,2022-01-11,2022-12-31,True,488.86210061240126,0.3671052631578946,-56.309881936847304,719.9367555730711,-29.801301804576656,catboost,"A,B",RUB->UZS
catboost_ab,UZS,wf_2023,5.0,1,0.4807692307692308,0.562753036437247,247,139,2.7254901960784315,104,104,0,104,0,0.4509803921568627,0.4313725490196078,51,2023-01-10,2023-12-30,False,,0.4709134615384615,-4.172247766837579,209.0761191571027,2.171040104405705,catboost,"A,B",RUB->UZS
catboost_ab,UZS,wf_2024,5.0,1,0.3684210526315789,0.5403225806451613,248,134,2.627450980392157,38,38,0,38,0,0.6862745098039216,0.1176470588235294,51,2024-01-10,2024-12-29,True,232.9404979665548,0.4161842105263157,-21.398764478374545,345.6189302967225,-39.32211298558899,catboost,"A,B",RUB->UZS
catboost_ab,UZS,wf_2025,5.0,1,,0.4472049689440994,161,72,2.1176470588235294,0,0,0,0,0,1.0,0.0,34,2025-01-10,2025-08-30,True,,,,,,catboost,"A,B",RUB->UZS
catboost_abc,AMD,oot,5.0,1,0.6,0.5344129554655871,247,132,2.490566037735849,20,20,0,20,0,0.8113207547169812,0.0566037735849056,53,2025-09-02,2026-09-02,True,89.59418141889097,0.573,10.033502144106034,117.03133919821374,6.312815914547798,catboost,"A,B,C",RUB->AMD
catboost_abc,AMD,wf_2022,5.0,1,0.5,0.5020242914979757,247,124,2.4313725490196076,6,6,0,6,0,0.9215686274509804,0.0,51,2022-01-11,2022-12-31,True,44.59171610193691,0.2983333333333333,-28.737026373284053,216.5659598910117,43.34658342878199,catboost,"A,B,C",RUB->AMD
catboost_abc,AMD,wf_2023,5.0,1,0.5,0.5708502024291497,247,141,2.764705882352941,20,20,0,20,0,0.8235294117647058,0.0784313725490196,51,2023-01-10,2023-12-30,True,95.5240167665936,0.493,-4.264568094550636,173.51821807180923,-2.834749083675425,catboost,"A,B,C",RUB->AMD
catboost_abc,AMD,wf_2024,5.0,1,,0.5604838709677419,248,139,2.7254901960784315,0,0,0,0,0,1.0,0.0,51,2024-01-10,2024-12-29,True,,,,,,catboost,"A,B,C",RUB->AMD
catboost_abc,AMD,wf_2025,5.0,1,0.0,0.453416149068323,161,73,2.1470588235294117,1,1,0,1,0,0.9705882352941176,0.0,34,2025-01-10,2025-08-30,True,37.58537795246042,0.395,-5.041744819450995,10.35834354570322,-37.444640854578104,catboost,"A,B,C",RUB->AMD
catboost_abc,KGS,oot,5.0,1,0.5833333333333334,0.4736842105263157,247,117,2.207547169811321,24,24,0,24,0,0.7547169811320755,0.0754716981132075,53,2025-09-02,2026-09-02,True,87.3383551123843,0.606875,30.12150012129613,156.3234616652623,36.44118704033061,catboost,"A,B,C",RUB->KGS
catboost_abc,KGS,wf_2022,5.0,1,0.4615384615384615,0.4979757085020243,247,123,2.411764705882353,13,13,0,13,0,0.8823529411764706,0.0588235294117647,51,2022-01-11,2022-12-31,True,199.55330638021843,0.4546153846153846,-50.58887148564568,402.806949859688,-41.16757816213065,catboost,"A,B,C",RUB->KGS
catboost_abc,KGS,wf_2023,5.0,1,0.5517241379310345,0.5668016194331984,247,140,2.7450980392156863,29,29,0,29,0,0.7254901960784313,0.0784313725490196,51,2023-01-10,2023-12-30,True,109.29688643705404,0.5312068965517242,9.372537218049407,150.2411076733215,13.372761281270472,catboost,"A,B,C",RUB->KGS
catboost_abc,KGS,wf_2024,5.0,1,1.0,0.5645161290322581,248,140,2.7450980392156863,1,1,0,1,0,0.9803921568627452,0.0,51,2024-01-10,2024-12-29,True,0.0,0.655,65.42998042763739,21.73940707629296,66.12046677381133,catboost,"A,B,C",RUB->KGS
catboost_abc,KGS,wf_2025,5.0,1,0.25,0.422360248447205,161,68,2.0,4,4,0,4,0,0.9705882352941176,0.0294117647058823,34,2025-01-10,2025-08-30,True,11.789356886403034,0.4,-6.838304831370271,18.956366558742413,-8.742753689893188,catboost,"A,B,C",RUB->KGS
catboost_abc,KZT,oot,5.0,1,0.4210526315789473,0.5748987854251012,247,142,2.679245283018868,19,19,0,19,0,0.8113207547169812,0.0377358490566037,53,2025-09-02,2026-09-02,True,111.68948942656388,0.4918421052631578,4.037073772464209,186.017689142508,-7.67203325790786,catboost,"A,B,C",RUB->KZT
catboost_abc,KZT,wf_2022,5.0,1,0.5,0.4696356275303643,247,116,2.2745098039215685,8,8,0,8,0,0.9019607843137256,0.0196078431372549,51,2022-01-11,2022-12-31,True,101.6404022714017,0.405625,-72.68277203684276,378.3063908186642,-21.42629395979367,catboost,"A,B,C",RUB->KZT
catboost_abc,KZT,wf_2023,5.0,1,0.5833333333333334,0.5587044534412956,247,138,2.7058823529411766,12,12,0,12,0,0.9019607843137256,0.0392156862745098,51,2023-01-10,2023-12-30,True,67.11087784363512,0.60375,23.291578449145874,118.92940700983544,16.181523028683255,catboost,"A,B,C",RUB->KZT
catboost_abc,KZT,wf_2024,5.0,1,,0.5040322580645161,248,125,2.450980392156863,0,0,0,0,0,1.0,0.0,51,2024-01-10,2024-12-29,True,,,,,,catboost,"A,B,C",RUB->KZT
catboost_abc,KZT,wf_2025,5.0,1,,0.4347826086956521,161,70,2.0588235294117645,0,0,0,0,0,1.0,0.0,34,2025-01-10,2025-08-30,True,,,,,,catboost,"A,B,C",RUB->KZT
catboost_abc,TJS,oot,5.0,1,0.6585365853658537,0.5060728744939271,247,125,2.358490566037736,42,41,1,41,1,0.6037735849056604,0.1132075471698113,53,2025-09-02,2026-09-02,True,160.117571485852,0.6128048780487805,20.181940623394873,141.43359427263542,16.749703677004195,catboost,"A,B,C",RUB->TJS
catboost_abc,TJS,wf_2022,5.0,1,0.4545454545454545,0.5303643724696356,247,131,2.5686274509803924,11,11,0,11,0,0.8627450980392157,0.0196078431372549,51,2022-01-11,2022-12-31,True,274.44372316479985,0.3827272727272726,-88.66821024277824,825.1166943961421,-63.63140531203944,catboost,"A,B,C",RUB->TJS
catboost_abc,TJS,wf_2023,5.0,1,0.5384615384615384,0.5708502024291497,247,141,2.764705882352941,13,13,0,13,0,0.8627450980392157,0.0392156862745098,51,2023-01-10,2023-12-30,True,67.84481472498483,0.4853846153846154,4.385853962500582,139.8208005872789,-3.7072985435352495,catboost,"A,B,C",RUB->TJS
catboost_abc,TJS,wf_2024,5.0,1,,0.5483870967741935,248,136,2.6666666666666665,0,0,0,0,0,1.0,0.0,51,2024-01-10,2024-12-29,True,,,,,,catboost,"A,B,C",RUB->TJS
catboost_abc,TJS,wf_2025,5.0,1,0.6666666666666666,0.5217391304347826,161,84,2.4705882352941178,6,6,0,6,0,0.9117647058823528,0.0,34,2025-01-10,2025-08-30,True,11.977941949818938,0.6041666666666667,22.161057808907454,46.9206200641734,18.07553770576564,catboost,"A,B,C",RUB->TJS
catboost_abc,UZS,oot,5.0,1,0.5833333333333334,0.5506072874493927,247,136,2.5660377358490565,24,24,0,24,0,0.7924528301886793,0.0754716981132075,53,2025-09-02,2026-09-02,True,147.190781192168,0.6408333333333333,32.87397024811598,197.1469472444155,25.048985376347293,catboost,"A,B,C",RUB->UZS
catboost_abc,UZS,wf_2022,5.0,1,0.3636363636363636,0.4817813765182186,247,119,2.3333333333333335,11,11,0,11,0,0.8823529411764706,0.0392156862745098,51,2022-01-11,2022-12-31,True,198.0763816344724,0.28,-111.76100477807832,621.9651747094973,-55.27538489420488,catboost,"A,B,C",RUB->UZS
catboost_abc,UZS,wf_2023,5.0,1,0.5,0.562753036437247,247,139,2.7254901960784315,24,24,0,24,0,0.7843137254901961,0.0784313725490196,51,2023-01-10,2023-12-30,True,68.92084122982655,0.4539583333333333,-0.5606488380435001,137.00668488229547,8.338525260763175,catboost,"A,B,C",RUB->UZS
catboost_abc,UZS,wf_2024,5.0,1,1.0,0.5403225806451613,248,134,2.627450980392157,1,1,0,1,0,0.9803921568627452,0.0,51,2024-01-10,2024-12-29,True,0.0,0.6,48.330731578854774,24.985630221352253,47.16262126516213,catboost,"A,B,C",RUB->UZS
catboost_abc,UZS,wf_2025,5.0,1,0.5,0.4472049689440994,161,72,2.1176470588235294,2,2,0,2,0,0.9705882352941176,0.0,34,2025-01-10,2025-08-30,True,25.134079138944276,0.4075,-25.921113052805055,51.69035489457994,-13.965987535112802,catboost,"A,B,C",RUB->UZS
catboost_abcd,AMD,oot,5.0,1,0.6470588235294118,0.5344129554655871,247,132,2.490566037735849,17,17,0,17,0,0.7735849056603774,0.0188679245283018,53,2025-09-02,2026-09-02,True,77.22737269397628,0.6088235294117648,18.32050823701122,130.5580691457334,28.89141860009861,catboost,"A,B,C,D",RUB->AMD
catboost_abcd,AMD,wf_2022,5.0,1,0.25,0.5020242914979757,247,124,2.4313725490196076,4,4,0,4,0,0.9411764705882352,0.0,51,2022-01-11,2022-12-31,True,107.20650208696448,0.1525,-60.294017820307154,201.72949213846547,-77.81739432799722,catboost,"A,B,C,D",RUB->AMD
catboost_abcd,AMD,wf_2023,5.0,1,0.463768115942029,0.5708502024291497,247,141,2.764705882352941,69,69,0,69,0,0.6078431372549019,0.2549019607843137,51,2023-01-10,2023-12-30,True,181.17113356885991,0.4448550724637681,-2.5186101361026147,196.52920450934676,-1.299431577792972,catboost,"A,B,C,D",RUB->AMD
catboost_abcd,AMD,wf_2024,5.0,1,0.8,0.5604838709677419,248,139,2.7254901960784315,10,10,0,10,0,0.9019607843137256,0.0392156862745098,51,2024-01-10,2024-12-29,True,4.343593848621374,0.748,27.12617970152921,37.58388446807012,37.049621243686715,catboost,"A,B,C,D",RUB->AMD
catboost_abcd,AMD,wf_2025,5.0,1,0.6923076923076923,0.453416149068323,161,73,2.1470588235294117,13,13,0,13,0,0.7941176470588235,0.0294117647058823,34,2025-01-10,2025-08-30,True,23.46605029607618,0.5203846153846153,2.2372578963579515,192.6960629280157,23.231468077050938,catboost,"A,B,C,D",RUB->AMD
catboost_abcd,KGS,oot,5.0,1,0.65,0.4736842105263157,247,117,2.207547169811321,20,20,0,20,0,0.7547169811320755,0.0377358490566037,53,2025-09-02,2026-09-02,True,77.81438423382481,0.6134999999999999,29.59649300781676,203.21590501954788,52.561901561038574,catboost,"A,B,C,D",RUB->KGS
catboost_abcd,KGS,wf_2022,5.0,1,0.0,0.4979757085020243,247,123,2.411764705882353,1,1,0,1,0,0.9803921568627452,0.0,51,2022-01-11,2022-12-31,True,379.06342772675794,0.21,-98.77417521865968,414.7751488774144,-365.2192997627546,catboost,"A,B,C,D",RUB->KGS
catboost_abcd,KGS,wf_2023,5.0,1,0.5074626865671642,0.5668016194331984,247,140,2.7450980392156863,67,67,0,67,0,0.5490196078431373,0.2941176470588235,51,2023-01-10,2023-12-30,True,171.11574610575,0.4944776119402984,5.585056092924785,154.79924643811862,4.883826935075096,catboost,"A,B,C,D",RUB->KGS
catboost_abcd,KGS,wf_2024,5.0,1,0.6428571428571429,0.5645161290322581,248,140,2.7450980392156863,14,14,0,14,0,0.8235294117647058,0.0196078431372549,51,2024-01-10,2024-12-29,True,27.41950862191667,0.6389285714285715,12.921770347984255,59.78421070755823,9.16939098878506,catboost,"A,B,C,D",RUB->KGS
catboost_abcd,KGS,wf_2025,5.0,1,0.5714285714285714,0.422360248447205,161,68,2.0,14,14,0,14,0,0.7352941176470589,0.0294117647058823,34,2025-01-10,2025-08-30,True,33.806507822849326,0.41,0.0846487924434897,156.7964486736562,2.2138287176029903,catboost,"A,B,C,D",RUB->KGS
catboost_abcd,KZT,oot,5.0,1,0.7692307692307693,0.5748987854251012,247,142,2.679245283018868,13,13,0,13,0,0.8490566037735849,0.0377358490566037,53,2025-09-02,2026-09-02,True,59.944361809569635,0.6057692307692306,30.253682993900437,235.08578346083468,73.08900916730592,catboost,"A,B,C,D",RUB->KZT
catboost_abcd,KZT,wf_2022,5.0,1,0.0,0.4696356275303643,247,116,2.2745098039215685,1,1,0,1,0,0.9803921568627452,0.0,51,2022-01-11,2022-12-31,True,113.8439657180612,0.425,-7.141169486592953,217.0298255993901,-112.56250947112468,catboost,"A,B,C,D",RUB->KZT
catboost_abcd,KZT,wf_2023,5.0,1,0.5625,0.5587044534412956,247,138,2.7058823529411766,64,64,0,64,0,0.5882352941176471,0.2745098039215686,51,2023-01-10,2023-12-30,True,188.9564024319523,0.506796875,6.089058720197488,186.34403897645413,12.517834911966192,catboost,"A,B,C,D",RUB->KZT
catboost_abcd,KZT,wf_2024,5.0,1,0.5833333333333334,0.5040322580645161,248,125,2.450980392156863,12,12,0,12,0,0.803921568627451,0.0,51,2024-01-10,2024-12-29,True,32.70649481883491,0.62125,19.23385823593822,75.41736375738036,12.567339379968567,catboost,"A,B,C,D",RUB->KZT
catboost_abcd,KZT,wf_2025,5.0,1,0.5,0.4347826086956521,161,70,2.0588235294117645,12,12,0,12,0,0.7941176470588235,0.0294117647058823,34,2025-01-10,2025-08-30,True,59.24904655311635,0.5345833333333333,-10.046308805311227,203.77802872751957,-9.127050186184258,catboost,"A,B,C,D",RUB->KZT
catboost_abcd,TJS,oot,5.0,1,0.6842105263157895,0.5060728744939271,247,125,2.358490566037736,19,19,0,19,0,0.7735849056603774,0.0377358490566037,53,2025-09-02,2026-09-02,True,89.30706215560403,0.6889473684210526,35.39918116711859,125.96839496829566,47.90851736856537,catboost,"A,B,C,D",RUB->TJS
catboost_abcd,TJS,wf_2022,5.0,1,0.0,0.5303643724696356,247,131,2.5686274509803924,2,2,0,2,0,0.9607843137254902,0.0,51,2022-01-11,2022-12-31,True,232.62262861075575,0.1075,-128.43627186489138,318.00773463053406,-227.14561311822644,catboost,"A,B,C,D",RUB->TJS
catboost_abcd,TJS,wf_2023,5.0,1,0.4727272727272727,0.5708502024291497,247,141,2.764705882352941,55,55,0,55,0,0.6274509803921569,0.2156862745098039,51,2023-01-10,2023-12-30,True,121.01689613825472,0.447,0.5958294792872671,145.45395720901138,2.520131143747655,catboost,"A,B,C,D",RUB->TJS
catboost_abcd,TJS,wf_2024,5.0,1,0.7272727272727273,0.5483870967741935,248,136,2.6666666666666665,11,11,0,11,0,0.8431372549019608,0.0196078431372549,51,2024-01-10,2024-12-29,True,21.9675065441729,0.6304545454545455,13.06428826038344,59.35780351030449,15.600512749327097,catboost,"A,B,C,D",RUB->TJS
catboost_abcd,TJS,wf_2025,5.0,1,0.7,0.5217391304347826,161,84,2.4705882352941178,10,10,0,10,0,0.8235294117647058,0.0294117647058823,34,2025-01-10,2025-08-30,True,17.561921717324402,0.4395,-0.2550785124285848,195.02213833841583,40.37811199831609,catboost,"A,B,C,D",RUB->TJS
catboost_abcd,UZS,oot,5.0,1,0.6923076923076923,0.5506072874493927,247,136,2.5660377358490565,13,13,0,13,0,0.8490566037735849,0.0188679245283018,53,2025-09-02,2026-09-02,True,50.051190333516345,0.6723076923076923,29.117019510544125,207.759430892422,49.143474468470714,catboost,"A,B,C,D",RUB->UZS
catboost_abcd,UZS,wf_2022,5.0,1,0.0,0.4817813765182186,247,119,2.3333333333333335,3,3,0,3,0,0.9411764705882352,0.0,51,2022-01-11,2022-12-31,True,171.34904446053517,0.2083333333333333,-128.924520466092,387.9525723353982,-167.36542576192429,catboost,"A,B,C,D",RUB->UZS
catboost_abcd,UZS,wf_2023,5.0,1,0.484375,0.562753036437247,247,139,2.7254901960784315,64,64,0,64,0,0.6078431372549019,0.2352941176470588,51,2023-01-10,2023-12-30,True,148.58645993554822,0.461953125,1.484963183448269,151.8727616490555,3.2456065748758487,catboost,"A,B,C,D",RUB->UZS
catboost_abcd,UZS,wf_2024,5.0,1,0.7,0.5403225806451613,248,134,2.627450980392157,10,10,0,10,0,0.8235294117647058,0.0,51,2024-01-10,2024-12-29,True,27.064266968384043,0.7375,26.231190573668773,62.01644842540944,14.870392022406918,catboost,"A,B,C,D",RUB->UZS
catboost_abcd,UZS,wf_2025,5.0,1,0.6666666666666666,0.4472049689440994,161,72,2.1176470588235294,12,12,0,12,0,0.7941176470588235,0.0294117647058823,34,2025-01-10,2025-08-30,True,19.51660262840127,0.3829166666666667,-11.17273859914004,194.9108535926041,25.192130254612277,catboost,"A,B,C,D",RUB->UZS
level,AMD,oot,,1,0.4761904761904761,0.5344129554655871,247,132,2.490566037735849,42,42,0,42,0,0.7169811320754716,0.1320754716981132,53,2025-09-02,2026-09-02,True,124.6360457588098,0.414047619047619,-5.8432287126994344,143.55571418531954,8.790869108146987,level,,RUB->AMD
level,AMD,wf_2022,,1,0.4375,0.5020242914979757,247,124,2.4313725490196076,32,32,0,32,0,0.8235294117647058,0.1372549019607843,51,2022-01-11,2022-12-31,True,377.66287505869786,0.38125,-33.16573220188105,562.7331652309983,5.298263367895977,level,,RUB->AMD
level,AMD,wf_2023,,1,0.36,0.5708502024291497,247,141,2.764705882352941,25,25,0,25,0,0.8823529411764706,0.0980392156862745,51,2023-01-10,2023-12-30,True,120.69038066334905,0.3311999999999999,-15.38359107941718,172.85141293372445,-13.470226723855433,level,,RUB->AMD
level,AMD,wf_2024,,1,0.4642857142857143,0.5604838709677419,248,139,2.7254901960784315,28,28,0,28,0,0.8431372549019608,0.1372549019607843,51,2024-01-10,2024-12-29,True,183.61313078003593,0.39,-9.023679205588172,331.548915583433,9.592431491063802,level,,RUB->AMD
level,AMD,wf_2025,,1,0.4772727272727273,0.453416149068323,161,73,2.1470588235294117,88,88,0,88,0,0.2941176470588235,0.5294117647058824,34,2025-01-10,2025-08-30,True,247.3399926228188,0.4414204545454545,-18.667933484468698,247.33999262281884,-12.9245404441265,level,,RUB->AMD
level,KGS,oot,,1,0.3934426229508196,0.4736842105263157,247,117,2.207547169811321,61,61,0,61,0,0.6226415094339622,0.2075471698113207,53,2025-09-02,2026-09-02,True,138.87053485662858,0.3525409836065574,-10.278620728927756,148.54852326061194,-2.1384808832282447,level,,RUB->KGS
level,KGS,wf_2022,,1,0.4285714285714285,0.4979757085020243,247,123,2.411764705882353,42,42,0,42,0,0.7647058823529411,0.1764705882352941,51,2022-01-11,2022-12-31,True,452.6813774541755,0.3740476190476191,-58.18754040164748,656.3692631546937,-3.022692835939771,level,,RUB->KGS
level,KGS,wf_2023,,1,0.5,0.5668016194331984,247,140,2.7450980392156863,14,14,0,14,0,0.9215686274509804,0.0588235294117647,51,2023-01-10,2023-12-30,True,86.15908839848885,0.4846428571428571,-8.246123340329248,181.5695126736904,-9.44009112116269,level,,RUB->KGS
level,KGS,wf_2024,,1,0.5909090909090909,0.5645161290322581,248,140,2.7450980392156863,22,22,0,22,0,0.8627450980392157,0.0784313725490196,51,2024-01-10,2024-12-29,True,178.60994554350108,0.5534090909090909,7.537899888557906,362.541766285729,21.65250247253851,level,,RUB->KGS
level,KGS,wf_2025,,1,0.4242424242424242,0.422360248447205,161,68,2.0,99,99,0,99,0,0.2647058823529412,0.6176470588235294,34,2025-01-10,2025-08-30,True,248.7383457503136,0.3994444444444444,-18.926704667527492,248.73834575031364,-15.017023432277876,level,,RUB->KGS
level,KZT,oot,,1,0.6842105263157895,0.5748987854251012,247,142,2.679245283018868,19,19,0,19,0,0.8679245283018868,0.0754716981132075,53,2025-09-02,2026-09-02,True,156.21711620374825,0.5305263157894737,-6.433627964549319,218.15654251982764,24.02173989297318,level,,RUB->KZT
level,KZT,wf_2022,,1,0.3333333333333333,0.4696356275303643,247,116,2.2745098039215685,51,51,0,51,0,0.7058823529411765,0.2156862745098039,51,2022-01-11,2022-12-31,True,475.91927402666863,0.3207843137254902,-61.95141194210433,663.1376967074251,-15.424216869760128,level,,RUB->KZT
level,KZT,wf_2023,,1,0.5238095238095238,0.5587044534412956,247,138,2.7058823529411766,21,21,0,21,0,0.8823529411764706,0.0784313725490196,51,2023-01-10,2023-12-30,True,89.89802617133735,0.4295238095238095,-9.614579786671348,145.05409320890902,5.543106835494546,level,,RUB->KZT
level,KZT,wf_2024,,1,0.4666666666666667,0.5040322580645161,248,125,2.450980392156863,45,45,0,45,0,0.803921568627451,0.196078431372549,51,2024-01-10,2024-12-29,True,308.2500681417088,0.4673333333333334,-15.670771394956503,395.85382306203496,-17.62621248703377,level,,RUB->KZT
level,KZT,wf_2025,,1,0.4782608695652174,0.4347826086956521,161,70,2.0588235294117645,115,115,0,115,0,0.1176470588235294,0.6764705882352942,34,2025-01-10,2025-08-30,False,,0.4115652173913043,-20.087185104708936,288.33562290221676,-6.4890365867903945,level,,RUB->KZT
level,TJS,oot,,1,0.4714285714285714,0.5060728744939271,247,125,2.358490566037736,70,70,0,70,0,0.5849056603773585,0.2075471698113207,53,2025-09-02,2026-09-02,True,135.05553400928562,0.4732857142857143,-5.070266842316505,153.11129853480762,-2.4797565922878,level,,RUB->TJS
level,TJS,wf_2022,,1,0.5128205128205128,0.5303643724696356,247,131,2.5686274509803924,39,39,0,39,0,0.7843137254901961,0.1764705882352941,51,2022-01-11,2022-12-31,True,431.99963643628126,0.4258974358974359,-59.82737498856624,911.2258114688784,-8.491341338148473,level,,RUB->TJS
level,TJS,wf_2023,,1,0.4166666666666667,0.5708502024291497,247,141,2.764705882352941,12,12,0,12,0,0.9411764705882352,0.0588235294117647,51,2023-01-10,2023-12-30,True,49.09566435479729,0.4170833333333333,-3.3219180169512597,158.66544893606272,3.170118022110813,level,,RUB->TJS
level,TJS,wf_2024,,1,0.5,0.5483870967741935,248,136,2.6666666666666665,30,30,0,30,0,0.803921568627451,0.1176470588235294,51,2024-01-10,2024-12-29,True,229.89626236516347,0.4381666666666667,-2.3680055998404725,366.8223261080049,9.7359212058995,level,,RUB->TJS
level,TJS,wf_2025,,1,0.4418604651162791,0.5217391304347826,161,84,2.4705882352941178,43,43,0,43,0,0.6764705882352942,0.2352941176470588,34,2025-01-10,2025-08-30,True,255.37215985398197,0.4138372093023255,-30.1257967007572,292.99327574416515,-25.20969921664152,level,,RUB->TJS
level,UZS,oot,,1,0.5102040816326531,0.5506072874493927,247,136,2.5660377358490565,49,49,0,49,0,0.6981132075471698,0.1698113207547169,53,2025-09-02,2026-09-02,True,151.81416892241285,0.4411224489795918,-14.82032552862111,193.26359412919493,0.0391402335797837,level,,RUB->UZS
level,UZS,wf_2022,,1,0.391304347826087,0.4817813765182186,247,119,2.3333333333333335,46,46,0,46,0,0.7647058823529411,0.196078431372549,51,2022-01-11,2022-12-31,True,428.9936601462397,0.3294565217391305,-62.6290618173525,556.7839070372986,-27.18175595702604,level,,RUB->UZS
level,UZS,wf_2023,,1,0.3333333333333333,0.562753036437247,247,139,2.7254901960784315,27,27,0,27,0,0.8823529411764706,0.1176470588235294,51,2023-01-10,2023-12-30,True,121.66506679701784,0.3396296296296296,-18.806076663326778,170.0780020698901,-16.8137611919001,level,,RUB->UZS
level,UZS,wf_2024,,1,0.5098039215686274,0.5403225806451613,248,134,2.627450980392157,51,51,0,51,0,0.7058823529411765,0.2352941176470588,51,2024-01-10,2024-12-29,True,248.42576017169768,0.4462745098039216,-6.2543425798269165,339.2926144932941,-0.3707977094044533,level,,RUB->UZS
level,UZS,wf_2025,,1,0.4743589743589743,0.4472049689440994,161,72,2.1176470588235294,78,78,0,78,0,0.3823529411764705,0.5,34,2025-01-10,2025-08-30,True,259.1618894246137,0.4398717948717949,-19.701350001403263,275.747576840838,-13.848117136914144,level,,RUB->UZS
logreg_a,AMD,oot,5.0,1,0.5,0.5344129554655871,247,132,2.490566037735849,38,38,0,38,0,0.660377358490566,0.1320754716981132,53,2025-09-02,2026-09-02,True,118.55426430214864,0.5134210526315789,5.9357838632290125,142.45880891664592,2.801540594798745,logreg,A,RUB->AMD
logreg_a,AMD,wf_2022,5.0,1,1.0,0.5020242914979757,247,124,2.4313725490196076,2,2,0,2,0,0.9607843137254902,0.0,51,2022-01-11,2022-12-31,True,0.0,0.4725,112.50366766600708,226.6082713962088,448.9817570898724,logreg,A,RUB->AMD
logreg_a,AMD,wf_2023,5.0,1,0.2857142857142857,0.5708502024291497,247,141,2.764705882352941,7,7,0,7,0,0.8627450980392157,0.0,51,2023-01-10,2023-12-30,True,23.863947167757527,0.4057142857142857,3.2772690361344883,190.49109623292392,56.08946460302696,logreg,A,RUB->AMD
logreg_a,AMD,wf_2024,5.0,1,0.56,0.5604838709677419,248,139,2.7254901960784315,50,50,0,50,0,0.5882352941176471,0.1568627450980392,51,2024-01-10,2024-12-29,True,107.89061599016404,0.559,6.250667323025223,191.1121368221169,16.84401588729374,logreg,A,RUB->AMD
logreg_a,AMD,wf_2025,5.0,1,0.4545454545454545,0.453416149068323,161,73,2.1470588235294117,22,22,0,22,0,0.5882352941176471,0.0588235294117647,34,2025-01-10,2025-08-30,True,110.9232479205864,0.5168181818181817,-1.95323967087925,179.6528141615996,-6.39494307205431,logreg,A,RUB->AMD
logreg_a,KGS,oot,5.0,1,0.5,0.4736842105263157,247,117,2.207547169811321,4,4,0,4,0,0.9245283018867924,0.0,53,2025-09-02,2026-09-02,True,15.534565447138938,0.38625,-7.763432451772749,103.58514594107392,77.966516736076,logreg,A,RUB->KGS
logreg_a,KGS,wf_2022,5.0,1,,0.4979757085020243,247,123,2.411764705882353,0,0,0,0,0,1.0,0.0,51,2022-01-11,2022-12-31,True,,,,,,logreg,A,RUB->KGS
logreg_a,KGS,wf_2023,5.0,1,0.5,0.5668016194331984,247,140,2.7450980392156863,6,6,0,6,0,0.8823529411764706,0.0,51,2023-01-10,2023-12-30,True,23.71590449461758,0.42,-5.136538121542235,125.34613770399086,22.69187421824174,logreg,A,RUB->KGS
logreg_a,KGS,wf_2024,5.0,1,0.5283018867924528,0.5645161290322581,248,140,2.7450980392156863,53,53,0,53,0,0.5686274509803921,0.1764705882352941,51,2024-01-10,2024-12-29,True,94.5064421153705,0.5395283018867925,3.702154745724207,141.5097835318876,7.584521891304238,logreg,A,RUB->KGS
logreg_a,KGS,wf_2025,5.0,1,0.3181818181818182,0.422360248447205,161,68,2.0,22,22,0,22,0,0.5294117647058824,0.0294117647058823,34,2025-01-10,2025-08-30,True,84.32287312670982,0.4375,-7.888622306285198,167.08221194226368,-10.615501644432692,logreg,A,RUB->KGS
logreg_a,KZT,oot,5.0,1,0.8,0.5748987854251012,247,142,2.679245283018868,5,5,0,5,0,0.9245283018867924,0.0,53,2025-09-02,2026-09-02,True,17.94334011582377,0.505,-5.591209458119249,120.04781679989976,32.12915150078044,logreg,A,RUB->KZT
logreg_a,KZT,wf_2022,5.0,1,,0.4696356275303643,247,116,2.2745098039215685,0,0,0,0,0,1.0,0.0,51,2022-01-11,2022-12-31,True,,,,,,logreg,A,RUB->KZT
logreg_a,KZT,wf_2023,5.0,1,0.6666666666666666,0.5587044534412956,247,138,2.7058823529411766,9,9,0,9,0,0.8431372549019608,0.0,51,2023-01-10,2023-12-30,True,41.09780259978457,0.5511111111111111,23.756576586674814,120.29762778907858,56.1077129492281,logreg,A,RUB->KZT
logreg_a,KZT,wf_2024,5.0,1,0.4375,0.5040322580645161,248,125,2.450980392156863,48,48,0,48,0,0.5686274509803921,0.1568627450980392,51,2024-01-10,2024-12-29,True,102.17248382044008,0.4565625,5.165505420119096,196.78488422202835,13.189393905377852,logreg,A,RUB->KZT
logreg_a,KZT,wf_2025,5.0,1,0.3846153846153846,0.4347826086956521,161,70,2.0588235294117645,26,26,0,26,0,0.5294117647058824,0.088235294117647,34,2025-01-10,2025-08-30,True,112.38336504991864,0.4898076923076923,-14.625799412730824,211.7220058193051,-12.503229559116363,logreg,A,RUB->KZT
logreg_a,TJS,oot,5.0,1,0.6956521739130435,0.5060728744939271,247,125,2.358490566037736,47,46,1,46,1,0.5471698113207547,0.1132075471698113,53,2025-09-02,2026-09-02,True,151.8310579782889,0.66,34.10501558382045,135.9242526636265,33.132819837888526,logreg,A,RUB->TJS
logreg_a,TJS,wf_2022,5.0,1,0.5,0.5303643724696356,247,131,2.5686274509803924,2,2,0,2,0,0.9607843137254902,0.0,51,2022-01-11,2022-12-31,True,40.18361752800792,0.4175,-66.91292606198914,240.15710155158803,68.07496743176377,logreg,A,RUB->TJS
logreg_a,TJS,wf_2023,5.0,1,0.3333333333333333,0.5708502024291497,247,141,2.764705882352941,6,6,0,6,0,0.8823529411764706,0.0,51,2023-01-10,2023-12-30,True,25.52523553432051,0.405,-4.231628628425333,118.31344165766956,21.2226091065972,logreg,A,RUB->TJS
logreg_a,TJS,wf_2024,5.0,1,0.62,0.5483870967741935,248,136,2.6666666666666665,50,50,0,50,0,0.5686274509803921,0.1764705882352941,51,2024-01-10,2024-12-29,True,138.23810747128906,0.5855,6.891790343765311,270.2594500407988,20.63739777606466,logreg,A,RUB->TJS
logreg_a,TJS,wf_2025,5.0,1,0.5555555555555556,0.5217391304347826,161,84,2.4705882352941178,27,27,0,27,0,0.5588235294117647,0.088235294117647,34,2025-01-10,2025-08-30,True,102.37597031977018,0.5640740740740741,-0.1839674076416013,184.06066733642297,5.829054374901982,logreg,A,RUB->TJS
logreg_a,UZS,oot,5.0,1,0.5,0.5506072874493927,247,136,2.5660377358490565,4,4,0,4,0,0.9245283018867924,0.0,53,2025-09-02,2026-09-02,True,25.836355615608262,0.4425,0.3986930275803746,121.2624257471096,15.850963563832645,logreg,A,RUB->UZS
logreg_a,UZS,wf_2022,5.0,1,,0.4817813765182186,247,119,2.3333333333333335,0,0,0,0,0,1.0,0.0,51,2022-01-11,2022-12-31,True,,,,,,logreg,A,RUB->UZS
logreg_a,UZS,wf_2023,5.0,1,0.2857142857142857,0.562753036437247,247,139,2.7254901960784315,7,7,0,7,0,0.8627450980392157,0.0,51,2023-01-10,2023-12-30,True,37.38671923745862,0.4314285714285714,-2.3447963415217994,128.98267757600988,15.715702981582268,logreg,A,RUB->UZS
logreg_a,UZS,wf_2024,5.0,1,0.5,0.5403225806451613,248,134,2.627450980392157,48,48,0,48,0,0.5686274509803921,0.1764705882352941,51,2024-01-10,2024-12-29,True,158.63420914676274,0.530625,-3.612537899089874,229.08611788879753,-3.1330966313686477,logreg,A,RUB->UZS
logreg_a,UZS,wf_2025,5.0,1,0.3636363636363636,0.4472049689440994,161,72,2.1176470588235294,22,22,0,22,0,0.5294117647058824,0.0294117647058823,34,2025-01-10,2025-08-30,True,97.71196823756644,0.4361363636363636,-13.439177625788815,174.21333302230144,-7.209766967648019,logreg,A,RUB->UZS
logreg_ab,AMD,oot,5.0,1,,0.5344129554655871,247,132,2.490566037735849,0,0,0,0,0,1.0,0.0,53,2025-09-02,2026-09-02,True,,,,,,logreg,"A,B",RUB->AMD
logreg_ab,AMD,wf_2022,5.0,1,0.6666666666666666,0.5020242914979757,247,124,2.4313725490196076,6,6,0,6,0,0.8823529411764706,0.0,51,2022-01-11,2022-12-31,True,12.448863603657934,0.3358333333333332,-63.92734768878708,400.6460273895475,88.69319587916351,logreg,"A,B",RUB->AMD
logreg_ab,AMD,wf_2023,5.0,1,,0.5708502024291497,247,141,2.764705882352941,0,0,0,0,0,1.0,0.0,51,2023-01-10,2023-12-30,True,,,,,,logreg,"A,B",RUB->AMD
logreg_ab,AMD,wf_2024,5.0,1,0.575,0.5604838709677419,248,139,2.7254901960784315,40,40,0,40,0,0.6274509803921569,0.1176470588235294,51,2024-01-10,2024-12-29,True,83.56793917993866,0.54025,5.973486577745091,174.28996215179882,17.646392505568848,logreg,"A,B",RUB->AMD
logreg_ab,AMD,wf_2025,5.0,1,,0.453416149068323,161,73,2.1470588235294117,0,0,0,0,0,1.0,0.0,34,2025-01-10,2025-08-30,True,,,,,,logreg,"A,B",RUB->AMD
logreg_ab,KGS,oot,5.0,1,,0.4736842105263157,247,117,2.207547169811321,0,0,0,0,0,1.0,0.0,53,2025-09-02,2026-09-02,True,,,,,,logreg,"A,B",RUB->KGS
logreg_ab,KGS,wf_2022,5.0,1,0.6666666666666666,0.4979757085020243,247,123,2.411764705882353,3,3,0,3,0,0.9411764705882352,0.0,51,2022-01-11,2022-12-31,True,2.027662686385027,0.4533333333333333,-32.67337294020539,142.1582227247128,86.37096159870072,logreg,"A,B",RUB->KGS
logreg_ab,KGS,wf_2023,5.0,1,,0.5668016194331984,247,140,2.7450980392156863,0,0,0,0,0,1.0,0.0,51,2023-01-10,2023-12-30,True,,,,,,logreg,"A,B",RUB->KGS
logreg_ab,KGS,wf_2024,5.0,1,0.46875,0.5645161290322581,248,140,2.7450980392156863,32,32,0,32,0,0.6862745098039216,0.0980392156862745,51,2024-01-10,2024-12-29,True,60.32980257649045,0.50640625,3.472223363242721,94.25157091978112,4.153475290698955,logreg,"A,B",RUB->KGS
logreg_ab,KGS,wf_2025,5.0,1,1.0,0.422360248447205,161,68,2.0,1,1,0,1,0,0.9705882352941176,0.0,34,2025-01-10,2025-08-30,True,0.0,0.45,-5.709854494386468,8.605623895984193,12.108131159453972,logreg,"A,B",RUB->KGS
logreg_ab,KZT,oot,5.0,1,,0.5748987854251012,247,142,2.679245283018868,0,0,0,0,0,1.0,0.0,53,2025-09-02,2026-09-02,True,,,,,,logreg,"A,B",RUB->KZT
logreg_ab,KZT,wf_2022,5.0,1,0.1818181818181818,0.4696356275303643,247,116,2.2745098039215685,11,11,0,11,0,0.9019607843137256,0.0392156862745098,51,2022-01-11,2022-12-31,True,250.12823719172283,0.2854545454545454,-85.47511746372368,376.47968792036585,-122.77703241846184,logreg,"A,B",RUB->KZT
logreg_ab,KZT,wf_2023,5.0,1,,0.5587044534412956,247,138,2.7058823529411766,0,0,0,0,0,1.0,0.0,51,2023-01-10,2023-12-30,True,,,,,,logreg,"A,B",RUB->KZT
logreg_ab,KZT,wf_2024,5.0,1,0.5,0.5040322580645161,248,125,2.450980392156863,30,30,0,30,0,0.6470588235294118,0.0784313725490196,51,2024-01-10,2024-12-29,True,72.03340422948256,0.4728333333333333,-1.6531270238571425,203.137774654112,18.4252760427609,logreg,"A,B",RUB->KZT
logreg_ab,KZT,wf_2025,5.0,1,,0.4347826086956521,161,70,2.0588235294117645,0,0,0,0,0,1.0,0.0,34,2025-01-10,2025-08-30,True,,,,,,logreg,"A,B",RUB->KZT
logreg_ab,TJS,oot,5.0,1,,0.5060728744939271,247,125,2.358490566037736,0,0,0,0,0,1.0,0.0,53,2025-09-02,2026-09-02,True,,,,,,logreg,"A,B",RUB->TJS
logreg_ab,TJS,wf_2022,5.0,1,0.8,0.5303643724696356,247,131,2.5686274509803924,10,10,0,10,0,0.803921568627451,0.0,51,2022-01-11,2022-12-31,True,18.846700521789828,0.5495,-58.29367499127586,805.3938792016863,107.5128068846185,logreg,"A,B",RUB->TJS
logreg_ab,TJS,wf_2023,5.0,1,,0.5708502024291497,247,141,2.764705882352941,0,0,0,0,0,1.0,0.0,51,2023-01-10,2023-12-30,True,,,,,,logreg,"A,B",RUB->TJS
logreg_ab,TJS,wf_2024,5.0,1,0.6590909090909091,0.5483870967741935,248,136,2.6666666666666665,44,44,0,44,0,0.5882352941176471,0.1372549019607843,51,2024-01-10,2024-12-29,True,70.99705671879875,0.5980681818181818,8.121352841309317,151.1319485816549,23.522655085212627,logreg,"A,B",RUB->TJS
logreg_ab,TJS,wf_2025,5.0,1,0.6666666666666666,0.5217391304347826,161,84,2.4705882352941178,3,3,0,3,0,0.9411764705882352,0.0,34,2025-01-10,2025-08-30,True,4.9989610085258525,0.655,30.084944049899185,24.190599171102644,34.145370621804595,logreg,"A,B",RUB->TJS
logreg_ab,UZS,oot,5.0,1,,0.5506072874493927,247,136,2.5660377358490565,0,0,0,0,0,1.0,0.0,53,2025-09-02,2026-09-02,True,,,,,,logreg,"A,B",RUB->UZS
logreg_ab,UZS,wf_2022,5.0,1,0.5,0.4817813765182186,247,119,2.3333333333333335,10,10,0,10,0,0.8627450980392157,0.0196078431372549,51,2022-01-11,2022-12-31,True,218.87504445334784,0.3879999999999999,-95.2877509848932,672.9734767491665,-52.65742823106767,logreg,"A,B",RUB->UZS
logreg_ab,UZS,wf_2023,5.0,1,,0.562753036437247,247,139,2.7254901960784315,0,0,0,0,0,1.0,0.0,51,2023-01-10,2023-12-30,True,,,,,,logreg,"A,B",RUB->UZS
logreg_ab,UZS,wf_2024,5.0,1,0.5833333333333334,0.5403225806451613,248,134,2.627450980392157,24,24,0,24,0,0.6862745098039216,0.0392156862745098,51,2024-01-10,2024-12-29,True,40.26085192109453,0.5447916666666667,3.884874535611139,167.81027887684706,32.94537307674455,logreg,"A,B",RUB->UZS
logreg_ab,UZS,wf_2025,5.0,1,0.3333333333333333,0.4472049689440994,161,72,2.1176470588235294,3,3,0,3,0,0.9705882352941176,0.0294117647058823,34,2025-01-10,2025-08-30,True,38.76571928527787,0.4016666666666667,-26.45384760074572,59.61148094226974,-31.175950545851247,logreg,"A,B",RUB->UZS
logreg_abc,AMD,oot,5.0,1,0.625,0.5344129554655871,247,132,2.490566037735849,8,8,0,8,0,0.8679245283018868,0.0,53,2025-09-02,2026-09-02,True,48.92166149997967,0.559375,9.268162865582529,110.42640937445267,1.7527005523131098,logreg,"A,B,C",RUB->AMD
logreg_abc,AMD,wf_2022,5.0,1,1.0,0.5020242914979757,247,124,2.4313725490196076,1,1,0,1,0,0.9803921568627452,0.0,51,2022-01-11,2022-12-31,True,0.0,0.385,36.00510402228721,17.52453309241515,228.98318654923867,logreg,"A,B,C",RUB->AMD
logreg_abc,AMD,wf_2023,5.0,1,,0.5708502024291497,247,141,2.764705882352941,0,0,0,0,0,1.0,0.0,51,2023-01-10,2023-12-30,True,,,,,,logreg,"A,B,C",RUB->AMD
logreg_abc,AMD,wf_2024,5.0,1,,0.5604838709677419,248,139,2.7254901960784315,0,0,0,0,0,1.0,0.0,51,2024-01-10,2024-12-29,True,,,,,,logreg,"A,B,C",RUB->AMD
logreg_abc,AMD,wf_2025,5.0,1,,0.453416149068323,161,73,2.1470588235294117,0,0,0,0,0,1.0,0.0,34,2025-01-10,2025-08-30,True,,,,,,logreg,"A,B,C",RUB->AMD
logreg_abc,KGS,oot,5.0,1,0.5555555555555556,0.4736842105263157,247,117,2.207547169811321,18,18,0,18,0,0.7924528301886793,0.0377358490566037,53,2025-09-02,2026-09-02,True,76.37125624307339,0.5405555555555556,28.252212165688416,235.17483059242252,44.12579146771961,logreg,"A,B,C",RUB->KGS
logreg_abc,KGS,wf_2022,5.0,1,1.0,0.4979757085020243,247,123,2.411764705882353,1,1,0,1,0,0.9803921568627452,0.0,51,2022-01-11,2022-12-31,True,0.0,0.43,24.72316029271562,23.57320180848797,213.8249807125403,logreg,"A,B,C",RUB->KGS
logreg_abc,KGS,wf_2023,5.0,1,,0.5668016194331984,247,140,2.7450980392156863,0,0,0,0,0,1.0,0.0,51,2023-01-10,2023-12-30,True,,,,,,logreg,"A,B,C",RUB->KGS
logreg_abc,KGS,wf_2024,5.0,1,,0.5645161290322581,248,140,2.7450980392156863,0,0,0,0,0,1.0,0.0,51,2024-01-10,2024-12-29,True,,,,,,logreg,"A,B,C",RUB->KGS
logreg_abc,KGS,wf_2025,5.0,1,,0.422360248447205,161,68,2.0,0,0,0,0,0,1.0,0.0,34,2025-01-10,2025-08-30,True,,,,,,logreg,"A,B,C",RUB->KGS
logreg_abc,KZT,oot,5.0,1,0.8,0.5748987854251012,247,142,2.679245283018868,5,5,0,5,0,0.9433962264150944,0.0188679245283018,53,2025-09-02,2026-09-02,True,12.43100852985446,0.498,20.033613787951495,97.38020061830252,64.26020462693093,logreg,"A,B,C",RUB->KZT
logreg_abc,KZT,wf_2022,5.0,1,,0.4696356275303643,247,116,2.2745098039215685,0,0,0,0,0,1.0,0.0,51,2022-01-11,2022-12-31,True,,,,,,logreg,"A,B,C",RUB->KZT
logreg_abc,KZT,wf_2023,5.0,1,,0.5587044534412956,247,138,2.7058823529411766,0,0,0,0,0,1.0,0.0,51,2023-01-10,2023-12-30,True,,,,,,logreg,"A,B,C",RUB->KZT
logreg_abc,KZT,wf_2024,5.0,1,,0.5040322580645161,248,125,2.450980392156863,0,0,0,0,0,1.0,0.0,51,2024-01-10,2024-12-29,True,,,,,,logreg,"A,B,C",RUB->KZT
logreg_abc,KZT,wf_2025,5.0,1,,0.4347826086956521,161,70,2.0588235294117645,0,0,0,0,0,1.0,0.0,34,2025-01-10,2025-08-30,True,,,,,,logreg,"A,B,C",RUB->KZT
logreg_abc,TJS,oot,5.0,1,0.6086956521739131,0.5060728744939271,247,125,2.358490566037736,24,23,1,23,1,0.6792452830188679,0.0377358490566037,53,2025-09-02,2026-09-02,True,139.27259305932748,0.5854347826086956,21.611280872162716,147.86696424038809,18.799165206026995,logreg,"A,B,C",RUB->TJS
logreg_abc,TJS,wf_2022,5.0,1,1.0,0.5303643724696356,247,131,2.5686274509803924,1,1,0,1,0,0.9803921568627452,0.0,51,2022-01-11,2022-12-31,True,0.0,0.42,27.53461783100528,22.66531477788398,221.01453095604296,logreg,"A,B,C",RUB->TJS
logreg_abc,TJS,wf_2023,5.0,1,,0.5708502024291497,247,141,2.764705882352941,0,0,0,0,0,1.0,0.0,51,2023-01-10,2023-12-30,True,,,,,,logreg,"A,B,C",RUB->TJS
logreg_abc,TJS,wf_2024,5.0,1,,0.5483870967741935,248,136,2.6666666666666665,0,0,0,0,0,1.0,0.0,51,2024-01-10,2024-12-29,True,,,,,,logreg,"A,B,C",RUB->TJS
logreg_abc,TJS,wf_2025,5.0,1,0.6666666666666666,0.5217391304347826,161,84,2.4705882352941178,3,3,0,3,0,0.9411764705882352,0.0,34,2025-01-10,2025-08-30,True,60.58853586614029,0.505,18.05312037139185,105.423952968499,7.797890754535075,logreg,"A,B,C",RUB->TJS
logreg_abc,UZS,oot,5.0,1,0.6111111111111112,0.5506072874493927,247,136,2.5660377358490565,18,18,0,18,0,0.8301886792452831,0.0566037735849056,53,2025-09-02,2026-09-02,True,76.71386086240162,0.5630555555555555,29.335791813154465,236.44866392897805,36.424316907609686,logreg,"A,B,C",RUB->UZS
logreg_abc,UZS,wf_2022,5.0,1,0.6666666666666666,0.4817813765182186,247,119,2.3333333333333335,3,3,0,3,0,0.9411764705882352,0.0,51,2022-01-11,2022-12-31,True,4.406772741409141,0.2816666666666666,-132.95241782963797,379.2966994828199,73.46274749068128,logreg,"A,B,C",RUB->UZS
logreg_abc,UZS,wf_2023,5.0,1,,0.562753036437247,247,139,2.7254901960784315,0,0,0,0,0,1.0,0.0,51,2023-01-10,2023-12-30,True,,,,,,logreg,"A,B,C",RUB->UZS
logreg_abc,UZS,wf_2024,5.0,1,,0.5403225806451613,248,134,2.627450980392157,0,0,0,0,0,1.0,0.0,51,2024-01-10,2024-12-29,True,,,,,,logreg,"A,B,C",RUB->UZS
logreg_abc,UZS,wf_2025,5.0,1,,0.4472049689440994,161,72,2.1176470588235294,0,0,0,0,0,1.0,0.0,34,2025-01-10,2025-08-30,True,,,,,,logreg,"A,B,C",RUB->UZS
logreg_abcd,AMD,oot,5.0,1,,0.5344129554655871,247,132,2.490566037735849,0,0,0,0,0,1.0,0.0,53,2025-09-02,2026-09-02,True,,,,,,logreg,"A,B,C,D",RUB->AMD
logreg_abcd,AMD,wf_2022,5.0,1,0.3181818181818182,0.5020242914979757,247,124,2.4313725490196076,44,44,0,44,0,0.6862745098039216,0.1764705882352941,51,2022-01-11,2022-12-31,True,538.1875757746535,0.3111363636363636,-82.11753392493314,636.5372315088039,-81.69114447671366,logreg,"A,B,C,D",RUB->AMD
logreg_abcd,AMD,wf_2023,5.0,1,,0.5708502024291497,247,141,2.764705882352941,0,0,0,0,0,1.0,0.0,51,2023-01-10,2023-12-30,True,,,,,,logreg,"A,B,C,D",RUB->AMD
logreg_abcd,AMD,wf_2024,5.0,1,0.625,0.5604838709677419,248,139,2.7254901960784315,24,24,0,24,0,0.7058823529411765,0.0392156862745098,51,2024-01-10,2024-12-29,True,121.6803236294135,0.5939583333333334,9.772273790014658,144.29332618114992,-4.112461347785672,logreg,"A,B,C,D",RUB->AMD
logreg_abcd,AMD,wf_2025,5.0,1,0.4090909090909091,0.453416149068323,161,73,2.1470588235294117,22,22,0,22,0,0.6470588235294118,0.0588235294117647,34,2025-01-10,2025-08-30,True,150.09337921081834,0.416590909090909,-17.739335976867697,174.03891860524004,-19.080412216958756,logreg,"A,B,C,D",RUB->AMD
logreg_abcd,KGS,oot,5.0,1,,0.4736842105263157,247,117,2.207547169811321,0,0,0,0,0,1.0,0.0,53,2025-09-02,2026-09-02,True,,,,,,logreg,"A,B,C,D",RUB->KGS
logreg_abcd,KGS,wf_2022,5.0,1,0.3225806451612903,0.4979757085020243,247,123,2.411764705882353,31,31,0,31,0,0.7647058823529411,0.1372549019607843,51,2022-01-11,2022-12-31,True,447.7035209756265,0.3862903225806451,-63.341409784801165,485.2827450847355,-86.31525883033504,logreg,"A,B,C,D",RUB->KGS
logreg_abcd,KGS,wf_2023,5.0,1,,0.5668016194331984,247,140,2.7450980392156863,0,0,0,0,0,1.0,0.0,51,2023-01-10,2023-12-30,True,,,,,,logreg,"A,B,C,D",RUB->KGS
logreg_abcd,KGS,wf_2024,5.0,1,0.2222222222222222,0.5645161290322581,248,140,2.7450980392156863,9,9,0,9,0,0.8823529411764706,0.0,51,2024-01-10,2024-12-29,True,62.87324042345066,0.395,2.4599652256080597,83.48148590664198,-21.89779844494619,logreg,"A,B,C,D",RUB->KGS
logreg_abcd,KGS,wf_2025,5.0,1,0.5,0.422360248447205,161,68,2.0,12,12,0,12,0,0.7647058823529411,0.0294117647058823,34,2025-01-10,2025-08-30,True,64.84384638856434,0.4125,-9.727441538006683,182.3865961781759,-2.913879959460521,logreg,"A,B,C,D",RUB->KGS
logreg_abcd,KZT,oot,5.0,1,,0.5748987854251012,247,142,2.679245283018868,0,0,0,0,0,1.0,0.0,53,2025-09-02,2026-09-02,True,,,,,,logreg,"A,B,C,D",RUB->KZT
logreg_abcd,KZT,wf_2022,5.0,1,0.2,0.4696356275303643,247,116,2.2745098039215685,25,25,0,25,0,0.803921568627451,0.0980392156862745,51,2022-01-11,2022-12-31,True,328.1957022489999,0.2628000000000001,-80.5899183085392,520.4591396734078,-105.48968450631018,logreg,"A,B,C,D",RUB->KZT
logreg_abcd,KZT,wf_2023,5.0,1,,0.5587044534412956,247,138,2.7058823529411766,0,0,0,0,0,1.0,0.0,51,2023-01-10,2023-12-30,True,,,,,,logreg,"A,B,C,D",RUB->KZT
logreg_abcd,KZT,wf_2024,5.0,1,0.4615384615384615,0.5040322580645161,248,125,2.450980392156863,13,13,0,13,0,0.8235294117647058,0.0196078431372549,51,2024-01-10,2024-12-29,True,50.65962364831167,0.4407692307692308,-1.5295565815819625,124.12737461608764,2.9175221000597418,logreg,"A,B,C,D",RUB->KZT
logreg_abcd,KZT,wf_2025,5.0,1,1.0,0.4347826086956521,161,70,2.0588235294117645,1,1,0,1,0,0.9705882352941176,0.0,34,2025-01-10,2025-08-30,True,0.0,0.42,3.181422842180272,64.75464108632154,107.07266800882076,logreg,"A,B,C,D",RUB->KZT
logreg_abcd,TJS,oot,5.0,1,,0.5060728744939271,247,125,2.358490566037736,0,0,0,0,0,1.0,0.0,53,2025-09-02,2026-09-02,True,,,,,,logreg,"A,B,C,D",RUB->TJS
logreg_abcd,TJS,wf_2022,5.0,1,0.6363636363636364,0.5303643724696356,247,131,2.5686274509803924,22,22,0,22,0,0.7843137254901961,0.0392156862745098,51,2022-01-11,2022-12-31,True,170.74892342313942,0.4822727272727272,-30.004145355980913,397.8182756540523,15.323228641670816,logreg,"A,B,C,D",RUB->TJS
logreg_abcd,TJS,wf_2023,5.0,1,,0.5708502024291497,247,141,2.764705882352941,0,0,0,0,0,1.0,0.0,51,2023-01-10,2023-12-30,True,,,,,,logreg,"A,B,C,D",RUB->TJS
logreg_abcd,TJS,wf_2024,5.0,1,0.5714285714285714,0.5483870967741935,248,136,2.6666666666666665,21,21,0,21,0,0.803921568627451,0.0588235294117647,51,2024-01-10,2024-12-29,True,121.82426649979928,0.5759523809523809,12.60840162927926,137.8181531279776,-2.7625239821413974,logreg,"A,B,C,D",RUB->TJS
logreg_abcd,TJS,wf_2025,5.0,1,0.6,0.5217391304347826,161,84,2.4705882352941178,10,10,0,10,0,0.8235294117647058,0.0294117647058823,34,2025-01-10,2025-08-30,True,60.17872445185369,0.44,-0.3803226565411911,197.7044994420993,31.706297633400276,logreg,"A,B,C,D",RUB->TJS
logreg_abcd,UZS,oot,5.0,1,,0.5506072874493927,247,136,2.5660377358490565,0,0,0,0,0,1.0,0.0,53,2025-09-02,2026-09-02,True,,,,,,logreg,"A,B,C,D",RUB->UZS
logreg_abcd,UZS,wf_2022,5.0,1,0.2972972972972973,0.4817813765182186,247,119,2.3333333333333335,37,37,0,37,0,0.6862745098039216,0.1176470588235294,51,2022-01-11,2022-12-31,True,526.1885237265358,0.295,-91.7507108026908,735.4550684312333,-86.63937510753797,logreg,"A,B,C,D",RUB->UZS
logreg_abcd,UZS,wf_2023,5.0,1,,0.562753036437247,247,139,2.7254901960784315,0,0,0,0,0,1.0,0.0,51,2023-01-10,2023-12-30,True,,,,,,logreg,"A,B,C,D",RUB->UZS
logreg_abcd,UZS,wf_2024,5.0,1,0.5,0.5403225806451613,248,134,2.627450980392157,14,14,0,14,0,0.8431372549019608,0.0196078431372549,51,2024-01-10,2024-12-29,True,82.24538931159975,0.5207142857142857,14.391529804892302,91.83499613830242,-10.549057903703517,logreg,"A,B,C,D",RUB->UZS
logreg_abcd,UZS,wf_2025,5.0,1,0.5,0.4472049689440994,161,72,2.1176470588235294,10,10,0,10,0,0.7941176470588235,0.0294117647058823,34,2025-01-10,2025-08-30,True,75.54302752710828,0.4165,-20.442486033450617,178.1034548939687,-8.43243078218803,logreg,"A,B,C,D",RUB->UZS
momentum,AMD,oot,,1,0.4444444444444444,0.5344129554655871,247,132,2.490566037735849,36,36,0,36,0,0.6226415094339622,0.0754716981132075,53,2025-09-02,2026-09-02,True,106.15357081479848,0.3465277777777777,-16.766644642524327,153.1148125493477,-0.9859266232202668,momentum,,RUB->AMD
momentum,AMD,wf_2022,,1,0.3333333333333333,0.5020242914979757,247,124,2.4313725490196076,51,51,0,51,0,0.5882352941176471,0.1764705882352941,51,2022-01-11,2022-12-31,True,411.2014009890159,0.2553921568627451,-58.88587741646118,630.9171845782572,-16.231365811003446,momentum,,RUB->AMD
momentum,AMD,wf_2023,,1,0.4285714285714285,0.5708502024291497,247,141,2.764705882352941,35,35,0,35,0,0.7058823529411765,0.1176470588235294,51,2023-01-10,2023-12-30,True,217.7167074154771,0.3575714285714285,-22.11680954368879,300.2447500457537,-21.97828061331848,momentum,,RUB->AMD
momentum,AMD,wf_2024,,1,0.5666666666666667,0.5604838709677419,248,139,2.7254901960784315,30,30,0,30,0,0.6274509803921569,0.0392156862745098,51,2024-01-10,2024-12-29,True,188.1895011597963,0.3414999999999999,-27.18262284415624,315.723339874263,0.6152436152239124,momentum,,RUB->AMD
momentum,AMD,wf_2025,,1,0.5,0.453416149068323,161,73,2.1470588235294117,24,24,0,24,0,0.5882352941176471,0.0588235294117647,34,2025-01-10,2025-08-30,True,205.8093196074115,0.3185416666666666,-42.56240343552447,248.064714718143,-17.370166675582855,momentum,,RUB->AMD
momentum,KGS,oot,,1,0.4081632653061224,0.4736842105263157,247,117,2.207547169811321,49,49,0,49,0,0.490566037735849,0.0943396226415094,53,2025-09-02,2026-09-02,True,149.13137341688375,0.2937755102040816,-22.41534371752067,168.56556301909097,-9.960011642311123,momentum,,RUB->KGS
momentum,KGS,wf_2022,,1,0.4186046511627907,0.4979757085020243,247,123,2.411764705882353,43,43,0,43,0,0.5686274509803921,0.1176470588235294,51,2022-01-11,2022-12-31,True,395.1052062744811,0.3253488372093024,-40.444425544974834,613.1179542747536,0.0323152073924319,momentum,,RUB->KGS
momentum,KGS,wf_2023,,1,0.4117647058823529,0.5668016194331984,247,140,2.7450980392156863,34,34,0,34,0,0.7058823529411765,0.1176470588235294,51,2023-01-10,2023-12-30,True,147.17512806701149,0.3229411764705883,-32.96707642138214,276.65758892161756,-15.105954671462332,momentum,,RUB->KGS
momentum,KGS,wf_2024,,1,0.5483870967741935,0.5645161290322581,248,140,2.7450980392156863,31,31,0,31,0,0.6274509803921569,0.0588235294117647,51,2024-01-10,2024-12-29,True,194.70526921538325,0.3387096774193548,-21.848232765983816,298.1473421672463,1.4674271132956067,momentum,,RUB->KGS
momentum,KGS,wf_2025,,1,0.4444444444444444,0.422360248447205,161,68,2.0,27,27,0,27,0,0.6176470588235294,0.088235294117647,34,2025-01-10,2025-08-30,True,212.29452813774415,0.2831481481481481,-36.00595081212214,256.49111431601983,-7.240808563588801,momentum,,RUB->KGS
momentum,KZT,oot,,1,0.4444444444444444,0.5748987854251012,247,142,2.679245283018868,27,27,0,27,0,0.7169811320754716,0.0566037735849056,53,2025-09-02,2026-09-02,True,122.19588169054865,0.3631481481481481,-20.2025978165907,153.0911047598026,3.806355992578855,momentum,,RUB->KZT
momentum,KZT,wf_2022,,1,0.3333333333333333,0.4696356275303643,247,116,2.2745098039215685,45,45,0,45,0,0.5882352941176471,0.1176470588235294,51,2022-01-11,2022-12-31,True,384.5109571578615,0.2013333333333333,-99.9653675424638,442.74186922936735,-70.0158528082957,momentum,,RUB->KZT
momentum,KZT,wf_2023,,1,0.5357142857142857,0.5587044534412956,247,138,2.7058823529411766,28,28,0,28,0,0.6470588235294118,0.0588235294117647,51,2023-01-10,2023-12-30,True,199.06992459710304,0.3419642857142857,-34.16392238581286,308.44058949679584,-17.507778233330857,momentum,,RUB->KZT
momentum,KZT,wf_2024,,1,0.5483870967741935,0.5040322580645161,248,125,2.450980392156863,31,31,0,31,0,0.6078431372549019,0.0196078431372549,51,2024-01-10,2024-12-29,True,191.44927637814743,0.3906451612903225,-22.44638137930685,347.45759849157827,-4.4646001636402275,momentum,,RUB->KZT
momentum,KZT,wf_2025,,1,0.56,0.4347826086956521,161,70,2.0588235294117645,25,25,0,25,0,0.5588235294117647,0.0588235294117647,34,2025-01-10,2025-08-30,True,128.3196490213814,0.374,-21.571557056251415,230.93843496090795,20.83887427506972,momentum,,RUB->KZT
momentum,TJS,oot,,1,0.4390243902439024,0.5060728744939271,247,125,2.358490566037736,41,41,0,41,0,0.5660377358490566,0.0943396226415094,53,2025-09-02,2026-09-02,True,133.44857814412055,0.3009756097560975,-22.683638034782316,168.36194992869844,-7.796904126822755,momentum,,RUB->TJS
momentum,TJS,wf_2022,,1,0.375,0.5303643724696356,247,131,2.5686274509803924,40,40,0,40,0,0.6470588235294118,0.1176470588235294,51,2022-01-11,2022-12-31,True,343.6384754218449,0.286375,-54.79471818037797,586.6722712279135,-26.95580934707315,momentum,,RUB->TJS
momentum,TJS,wf_2023,,1,0.46875,0.5708502024291497,247,141,2.764705882352941,32,32,0,32,0,0.6862745098039216,0.0980392156862745,51,2023-01-10,2023-12-30,True,149.09806335975964,0.358125,-31.83843745172352,266.4718822773904,-12.848004510467304,momentum,,RUB->TJS
momentum,TJS,wf_2024,,1,0.4705882352941176,0.5483870967741935,248,136,2.6666666666666665,34,34,0,34,0,0.6470588235294118,0.0588235294117647,51,2024-01-10,2024-12-29,True,196.90877872753276,0.3444117647058823,-22.91853571765133,267.55187730539797,-18.31870504198399,momentum,,RUB->TJS
momentum,TJS,wf_2025,,1,0.5625,0.5217391304347826,161,84,2.4705882352941178,16,16,0,16,0,0.7352941176470589,0.0294117647058823,34,2025-01-10,2025-08-30,True,199.70458849903005,0.3059375,-53.84901245828586,296.7165657044703,-27.40072556337514,momentum,,RUB->TJS
momentum,UZS,oot,,1,0.3333333333333333,0.5506072874493927,247,136,2.5660377358490565,36,36,0,36,0,0.6981132075471698,0.1132075471698113,53,2025-09-02,2026-09-02,True,140.23061799035565,0.2663888888888889,-25.649343714185907,187.9844977569579,-6.7701800447660565,momentum,,RUB->UZS
momentum,UZS,wf_2022,,1,0.3396226415094339,0.4817813765182186,247,119,2.3333333333333335,53,53,0,53,0,0.5490196078431373,0.1568627450980392,51,2022-01-11,2022-12-31,True,599.8231141478611,0.2542452830188679,-75.97987604493238,690.3642731917237,-71.00902833188766,momentum,,RUB->UZS
momentum,UZS,wf_2023,,1,0.4102564102564102,0.562753036437247,247,139,2.7254901960784315,39,39,0,39,0,0.6470588235294118,0.1372549019607843,51,2023-01-10,2023-12-30,True,156.76109720334483,0.3571794871794871,-24.65102071968304,272.3791923264022,-11.553737428948464,momentum,,RUB->UZS
momentum,UZS,wf_2024,,1,0.4571428571428571,0.5403225806451613,248,134,2.627450980392157,35,35,0,35,0,0.6274509803921569,0.0784313725490196,51,2024-01-10,2024-12-29,True,194.08021096031013,0.3352857142857142,-22.553198107678476,318.1448550011766,-10.38937397061639,momentum,,RUB->UZS
momentum,UZS,wf_2025,,1,0.64,0.4472049689440994,161,72,2.1176470588235294,25,25,0,25,0,0.4705882352941176,0.0294117647058823,34,2025-01-10,2025-08-30,True,162.8382336081269,0.3576,-33.93139368707653,258.4659974274719,9.426021928805108,momentum,,RUB->UZS
random,AMD,oot,,1,0.5747126436781609,0.5344129554655871,247,132,2.490566037735849,88,87,1,87,1,0.1886792452830188,0.2264150943396226,53,2025-09-02,2026-09-02,True,180.1504964474221,0.5697126436781609,8.900972065335827,184.17868195851625,9.243394389300915,random,,RUB->AMD
random,AMD,wf_2022,,1,0.5555555555555556,0.5020242914979757,247,124,2.4313725490196076,81,81,0,81,0,0.1372549019607843,0.2156862745098039,51,2022-01-11,2022-12-31,True,367.4408690480138,0.5225308641975308,13.01950790371496,496.26902631824584,35.76311997591126,random,,RUB->AMD
random,AMD,wf_2023,,1,0.6133333333333333,0.5708502024291497,247,141,2.764705882352941,75,75,0,75,0,0.1372549019607843,0.1176470588235294,51,2023-01-10,2023-12-30,True,183.7964111746886,0.5894,17.901687934658266,197.21450916985577,26.938109000032117,random,,RUB->AMD
random,AMD,wf_2024,,1,0.6111111111111112,0.5604838709677419,248,139,2.7254901960784315,90,90,0,90,0,0.1568627450980392,0.2745098039215686,51,2024-01-10,2024-12-29,True,196.0526991603948,0.5965555555555555,9.50300140067996,179.92880571838953,9.501521068896723,random,,RUB->AMD
random,AMD,wf_2025,,1,0.5,0.453416149068323,161,73,2.1470588235294117,52,52,0,52,0,0.1176470588235294,0.1176470588235294,34,2025-01-10,2025-08-30,True,204.69451377787703,0.4623076923076923,-13.349584646096282,223.59848315618044,-6.797947054691325,random,,RUB->AMD
random,KGS,oot,,1,0.5652173913043478,0.4736842105263157,247,117,2.207547169811321,70,69,1,69,1,0.1886792452830188,0.1132075471698113,53,2025-09-02,2026-09-02,True,151.06149777335844,0.4993478260869565,3.226424751098666,179.8277926937169,13.41154198024408,random,,RUB->KGS
random,KGS,wf_2022,,1,0.4246575342465753,0.4979757085020243,247,123,2.411764705882353,73,73,0,73,0,0.2156862745098039,0.1764705882352941,51,2022-01-11,2022-12-31,True,672.0966460060475,0.486986301369863,-16.26432240845686,594.3818550414735,-41.93146492785112,random,,RUB->KGS
random,KGS,wf_2023,,1,0.618421052631579,0.5668016194331984,247,140,2.7450980392156863,76,76,0,76,0,0.1176470588235294,0.0784313725490196,51,2023-01-10,2023-12-30,True,148.07478563238917,0.5685526315789474,10.652571847263388,182.6897290178835,19.00318389491226,random,,RUB->KGS
random,KGS,wf_2024,,1,0.5747126436781609,0.5645161290322581,248,140,2.7450980392156863,87,87,0,87,0,0.1372549019607843,0.2156862745098039,51,2024-01-10,2024-12-29,True,192.39261658230913,0.5591379310344827,7.789436963177154,191.89240394325896,12.945180634721964,random,,RUB->KGS
random,KGS,wf_2025,,1,0.4464285714285714,0.422360248447205,161,68,2.0,56,56,0,56,0,0.2058823529411764,0.2352941176470588,34,2025-01-10,2025-08-30,True,153.50028330011824,0.4483035714285714,-4.406318813577151,203.5005780824813,0.8112229583990711,random,,RUB->KGS
random,KZT,oot,,1,0.5057471264367817,0.5748987854251012,247,142,2.679245283018868,87,87,0,87,0,0.1698113207547169,0.1886792452830188,53,2025-09-02,2026-09-02,True,264.2602639275857,0.556264367816092,3.685080576205129,257.5590487871533,-4.3633871506023025,random,,RUB->KZT
random,KZT,wf_2022,,1,0.4418604651162791,0.4696356275303643,247,116,2.2745098039215685,86,86,0,86,0,0.196078431372549,0.2352941176470588,51,2022-01-11,2022-12-31,True,478.33157188378374,0.4669767441860465,2.3202880226908387,478.700880168438,-5.148880259653346,random,,RUB->KZT
random,KZT,wf_2023,,1,0.6266666666666667,0.5587044534412956,247,138,2.7058823529411766,75,75,0,75,0,0.1176470588235294,0.1372549019607843,51,2023-01-10,2023-12-30,True,229.1333348671172,0.5474,9.08606219897862,227.08977040196987,24.516557223275218,random,,RUB->KZT
random,KZT,wf_2024,,1,0.4705882352941176,0.5040322580645161,248,125,2.450980392156863,68,68,0,68,0,0.1764705882352941,0.1176470588235294,51,2024-01-10,2024-12-29,True,319.21635007109563,0.5155882352941176,2.385111368323246,234.8635324662531,-20.096804375919632,random,,RUB->KZT
random,KZT,wf_2025,,1,0.3859649122807017,0.4347826086956521,161,70,2.0588235294117645,57,57,0,57,0,0.1470588235294117,0.2352941176470588,34,2025-01-10,2025-08-30,True,282.8847369593901,0.4614912280701755,-11.31435586450758,283.1163223571801,-27.82858173417537,random,,RUB->KZT
random,TJS,oot,,1,0.5205479452054794,0.5060728744939271,247,125,2.358490566037736,73,73,0,73,0,0.2452830188679245,0.1320754716981132,53,2025-09-02,2026-09-02,True,269.26182571605796,0.5063698630136986,-0.4379604729602832,227.39217699281969,-6.347175449020517,random,,RUB->TJS
random,TJS,wf_2022,,1,0.6197183098591549,0.5303643724696356,247,131,2.5686274509803924,71,71,0,71,0,0.1372549019607843,0.1176470588235294,51,2022-01-11,2022-12-31,True,360.84769791888857,0.529225352112676,18.661796125696497,728.2367308928519,91.1219254425206,random,,RUB->TJS
random,TJS,wf_2023,,1,0.6333333333333333,0.5708502024291497,247,141,2.764705882352941,60,60,0,60,0,0.2352941176470588,0.1176470588235294,51,2023-01-10,2023-12-30,True,209.7483572703731,0.5811666666666666,10.867257318587706,209.26535118658467,16.031908148886775,random,,RUB->TJS
random,TJS,wf_2024,,1,0.4558823529411764,0.5483870967741935,248,136,2.6666666666666665,68,68,0,68,0,0.2549019607843137,0.1176470588235294,51,2024-01-10,2024-12-29,True,207.165951126838,0.4848529411764706,-0.4823232931209408,250.92880888180392,-0.1471863247693353,random,,RUB->TJS
random,TJS,wf_2025,,1,0.559322033898305,0.5217391304347826,161,84,2.4705882352941178,59,59,0,59,0,0.1470588235294117,0.2352941176470588,34,2025-01-10,2025-08-30,True,186.20910211526143,0.5217796610169492,-6.769944343892089,223.8734002665228,-7.667848431569964,random,,RUB->TJS
random,UZS,oot,,1,0.492063492063492,0.5506072874493927,247,136,2.5660377358490565,63,63,0,63,0,0.2452830188679245,0.0754716981132075,53,2025-09-02,2026-09-02,True,140.9246187195268,0.5660317460317459,7.225011812013729,175.79820266552642,-1.9776322157224635,random,,RUB->UZS
random,UZS,wf_2022,,1,0.6385542168674698,0.4817813765182186,247,119,2.3333333333333335,83,83,0,83,0,0.2352941176470588,0.2941176470588235,51,2022-01-11,2022-12-31,True,351.2350945376621,0.5491566265060241,9.713820734948424,483.8328943144557,58.07554385945619,random,,RUB->UZS
random,UZS,wf_2023,,1,0.5903614457831325,0.562753036437247,247,139,2.7254901960784315,83,83,0,83,0,0.1176470588235294,0.2352941176470588,51,2023-01-10,2023-12-30,True,277.3627145040591,0.5509036144578313,5.7573460596018275,222.0073509121291,2.531130501925364,random,,RUB->UZS
random,UZS,wf_2024,,1,0.5487804878048781,0.5403225806451613,248,134,2.627450980392157,82,82,0,82,0,0.0588235294117647,0.196078431372549,51,2024-01-10,2024-12-29,True,241.11120115028092,0.5288414634146342,0.6731252766908006,249.44583961735563,7.776854731087808,random,,RUB->UZS
random,UZS,wf_2025,,1,0.375,0.4472049689440994,161,72,2.1176470588235294,48,48,0,48,0,0.2058823529411764,0.1176470588235294,34,2025-01-10,2025-08-30,True,214.131090853825,0.4632291666666666,-10.125124070510294,231.46530223750756,-22.59853829976538,random,,RUB->UZS
reversal,AMD,oot,,1,0.6,0.5344129554655871,247,132,2.490566037735849,10,10,0,10,0,0.8113207547169812,0.0,53,2025-09-02,2026-09-02,True,59.86519168886862,0.4295,1.5759731124355325,126.71778048361854,21.34022378887823,reversal,,RUB->AMD
reversal,AMD,wf_2022,,1,0.6363636363636364,0.5020242914979757,247,124,2.4313725490196076,11,11,0,11,0,0.7843137254901961,0.0,51,2022-01-11,2022-12-31,True,140.31027250292374,0.4413636363636363,-12.579940419472052,499.7147687933437,78.46225578595843,reversal,,RUB->AMD
reversal,AMD,wf_2023,,1,0.2857142857142857,0.5708502024291497,247,141,2.764705882352941,7,7,0,7,0,0.8627450980392157,0.0,51,2023-01-10,2023-12-30,True,23.863947167757527,0.377142857142857,4.756920616882274,171.02847956558966,56.08946460302696,reversal,,RUB->AMD
reversal,AMD,wf_2024,,1,0.5454545454545454,0.5604838709677419,248,139,2.7254901960784315,11,11,0,11,0,0.7843137254901961,0.0,51,2024-01-10,2024-12-29,True,28.623179932346865,0.4281818181818181,4.581996156064618,211.78567131919212,50.35959930850698,reversal,,RUB->AMD
reversal,AMD,wf_2025,,1,0.5454545454545454,0.453416149068323,161,73,2.1470588235294117,11,11,0,11,0,0.7058823529411765,0.0,34,2025-01-10,2025-08-30,True,68.66845754493944,0.5118181818181817,-3.190473995699099,192.6344150332376,14.64167091646177,reversal,,RUB->AMD
reversal,KGS,oot,,1,0.3636363636363636,0.4736842105263157,247,117,2.207547169811321,11,11,0,11,0,0.7924528301886793,0.0,53,2025-09-02,2026-09-02,True,62.5388499235151,0.3731818181818181,-5.337088789084389,125.9958737744952,15.70103071686126,reversal,,RUB->KGS
reversal,KGS,wf_2022,,1,0.75,0.4979757085020243,247,123,2.411764705882353,12,12,0,12,0,0.7647058823529411,0.0,51,2022-01-11,2022-12-31,True,40.141241263057736,0.5383333333333333,14.024295875932914,471.7269504728377,105.5766468711336,reversal,,RUB->KGS
reversal,KGS,wf_2023,,1,0.5,0.5668016194331984,247,140,2.7450980392156863,6,6,0,6,0,0.8823529411764706,0.0,51,2023-01-10,2023-12-30,True,23.71590449461758,0.4325,-0.8141349607577146,115.69672839167076,22.69187421824174,reversal,,RUB->KGS
reversal,KGS,wf_2024,,1,0.625,0.5645161290322581,248,140,2.7450980392156863,8,8,0,8,0,0.8431372549019608,0.0,51,2024-01-10,2024-12-29,True,17.085087121627485,0.469375,15.648825352922875,178.36904669915293,63.876672537201685,reversal,,RUB->KGS
reversal,KGS,wf_2025,,1,0.375,0.422360248447205,161,68,2.0,16,16,0,16,0,0.5882352941176471,0.0,34,2025-01-10,2025-08-30,True,83.99306873235847,0.46625,-11.547202118503314,198.76351163052345,-6.61983911781315,reversal,,RUB->KGS
reversal,KZT,oot,,1,0.7777777777777778,0.5748987854251012,247,142,2.679245283018868,9,9,0,9,0,0.8490566037735849,0.0,53,2025-09-02,2026-09-02,True,61.738461533456416,0.4888888888888889,-8.24967836173659,170.46452335197063,39.86089511148797,reversal,,RUB->KZT
reversal,KZT,wf_2022,,1,0.5384615384615384,0.4696356275303643,247,116,2.2745098039215685,13,13,0,13,0,0.7843137254901961,0.0,51,2022-01-11,2022-12-31,True,161.53256128887074,0.5926923076923076,31.572542274269352,585.2357333756553,60.1769643517885,reversal,,RUB->KZT
reversal,KZT,wf_2023,,1,0.6666666666666666,0.5587044534412956,247,138,2.7058823529411766,9,9,0,9,0,0.8431372549019608,0.0,51,2023-01-10,2023-12-30,True,41.09780259978457,0.5466666666666665,26.776374616553458,113.33621700936024,56.1077129492281,reversal,,RUB->KZT
reversal,KZT,wf_2024,,1,0.8181818181818182,0.5040322580645161,248,125,2.450980392156863,11,11,0,11,0,0.7843137254901961,0.0,51,2024-01-10,2024-12-29,True,16.391982901045928,0.4890909090909091,-5.781911258032405,293.79968330573934,71.01391837818407,reversal,,RUB->KZT
reversal,KZT,wf_2025,,1,0.3846153846153846,0.4347826086956521,161,70,2.0588235294117645,13,13,0,13,0,0.6764705882352942,0.0,34,2025-01-10,2025-08-30,True,103.3483219734075,0.4061538461538462,-19.130098040948848,247.13155187852627,-9.465493125653088,reversal,,RUB->KZT
reversal,TJS,oot,,1,0.5,0.5060728744939271,247,125,2.358490566037736,12,12,0,12,0,0.7735849056603774,0.0,53,2025-09-02,2026-09-02,True,74.02011848773782,0.5020833333333333,1.4632211009812215,135.02507734691247,3.5262710339561045,reversal,,RUB->TJS
reversal,TJS,wf_2022,,1,0.7692307692307693,0.5303643724696356,247,131,2.5686274509803924,13,13,0,13,0,0.7647058823529411,0.0,51,2022-01-11,2022-12-31,True,337.178316931539,0.6153846153846153,-24.877533601483936,1159.9241589983542,-1.8267418048633255,reversal,,RUB->TJS
reversal,TJS,wf_2023,,1,0.3333333333333333,0.5708502024291497,247,141,2.764705882352941,6,6,0,6,0,0.8823529411764706,0.0,51,2023-01-10,2023-12-30,True,25.52523553432051,0.375,-10.2045702453496,122.29209604287416,21.2226091065972,reversal,,RUB->TJS
reversal,TJS,wf_2024,,1,0.5833333333333334,0.5483870967741935,248,136,2.6666666666666665,12,12,0,12,0,0.7647058823529411,0.0,51,2024-01-10,2024-12-29,True,28.87184359165973,0.3966666666666667,8.171958716905948,205.96892643566665,54.002578986874305,reversal,,RUB->TJS
reversal,TJS,wf_2025,,1,0.5,0.5217391304347826,161,84,2.4705882352941178,10,10,0,10,0,0.7352941176470589,0.0,34,2025-01-10,2025-08-30,True,76.60630901184496,0.4759999999999999,-7.022008942168598,211.7086069617816,15.217727065869989,reversal,,RUB->TJS
reversal,UZS,oot,,1,0.5555555555555556,0.5506072874493927,247,136,2.5660377358490565,9,9,0,9,0,0.8301886792452831,0.0,53,2025-09-02,2026-09-02,True,26.506964256005183,0.4166666666666667,-15.54845564407753,157.72172367683612,17.190808626195277,reversal,,RUB->UZS
reversal,UZS,wf_2022,,1,0.7333333333333333,0.4817813765182186,247,119,2.3333333333333335,15,15,0,15,0,0.7254901960784313,0.0,51,2022-01-11,2022-12-31,True,49.250427073011416,0.498,-12.037582644945896,556.5146537703298,101.31250795095345,reversal,,RUB->UZS
reversal,UZS,wf_2023,,1,0.2857142857142857,0.562753036437247,247,139,2.7254901960784315,7,7,0,7,0,0.8627450980392157,0.0,51,2023-01-10,2023-12-30,True,37.38671923745862,0.4385714285714285,0.9573999306788592,127.48497961154932,15.715702981582268,reversal,,RUB->UZS
reversal,UZS,wf_2024,,1,0.7,0.5403225806451613,248,134,2.627450980392157,10,10,0,10,0,0.803921568627451,0.0,51,2024-01-10,2024-12-29,True,9.999616794048816,0.4715,5.2453502485827,209.6346813641235,72.46001844518369,reversal,,RUB->UZS
reversal,UZS,wf_2025,,1,0.4375,0.4472049689440994,161,72,2.1176470588235294,16,16,0,16,0,0.5882352941176471,0.0,34,2025-01-10,2025-08-30,True,92.72896294757382,0.4659375,-6.5845969426795365,192.27823040734015,4.364873759084079,reversal,,RUB->UZS
seasonality,AMD,oot,,1,0.5,0.5344129554655871,247,132,2.490566037735849,50,50,0,50,0,0.7547169811320755,0.1886792452830188,53,2025-09-02,2026-09-02,True,112.11435092939892,0.4725,-0.2129776468498165,142.78634731278035,1.7107787734322877,seasonality,,RUB->AMD
seasonality,AMD,wf_2022,,1,0.4081632653061224,0.5020242914979757,247,124,2.4313725490196076,49,49,0,49,0,0.7254901960784313,0.1764705882352941,51,2022-01-11,2022-12-31,True,517.9544423387199,0.3990816326530611,38.79034881589758,630.946207791107,52.56201333870527,seasonality,,RUB->AMD
seasonality,AMD,wf_2023,,1,0.5833333333333334,0.5708502024291497,247,141,2.764705882352941,48,48,0,48,0,0.7450980392156863,0.196078431372549,51,2023-01-10,2023-12-30,True,136.20740450457447,0.5511458333333333,-1.4466422798623728,177.24644653952117,4.246615265072774,seasonality,,RUB->AMD
seasonality,AMD,wf_2024,,1,0.56,0.5604838709677419,248,139,2.7254901960784315,50,50,0,50,0,0.7254901960784313,0.1764705882352941,51,2024-01-10,2024-12-29,True,107.89061599016404,0.5459,4.210208642756115,162.41309932213093,10.10635962423758,seasonality,,RUB->AMD
seasonality,AMD,wf_2025,,1,0.4210526315789473,0.453416149068323,161,73,2.1470588235294117,38,38,0,38,0,0.6470588235294118,0.2352941176470588,34,2025-01-10,2025-08-30,True,143.77392175174418,0.4467105263157894,-15.771293654603392,187.47263057992893,-15.37951874701521,seasonality,,RUB->AMD
seasonality,KGS,oot,,1,0.5128205128205128,0.4736842105263157,247,117,2.207547169811321,39,39,0,39,0,0.7924528301886793,0.1320754716981132,53,2025-09-02,2026-09-02,True,129.54939084693206,0.4873076923076923,15.125517325697714,199.1763890386032,19.921266561429743,seasonality,,RUB->KGS
seasonality,KGS,wf_2022,,1,0.5471698113207547,0.4979757085020243,247,123,2.411764705882353,53,53,0,53,0,0.7058823529411765,0.2156862745098039,51,2022-01-11,2022-12-31,True,621.5592768275955,0.5322641509433962,31.459815298523043,662.5031605268633,29.93424254639522,seasonality,,RUB->KGS
seasonality,KGS,wf_2023,,1,0.532258064516129,0.5668016194331984,247,140,2.7450980392156863,62,62,0,62,0,0.6274509803921569,0.2549019607843137,51,2023-01-10,2023-12-30,True,150.43157782951155,0.5428225806451613,6.904615481655124,163.87721145962266,9.525837005178174,seasonality,,RUB->KGS
seasonality,KGS,wf_2024,,1,0.5172413793103449,0.5645161290322581,248,140,2.7450980392156863,58,58,0,58,0,0.6666666666666666,0.2352941176470588,51,2024-01-10,2024-12-29,True,94.5064421153705,0.5190517241379311,0.7517205434704683,127.04221505589034,4.662550111951883,seasonality,,RUB->KGS
seasonality,KGS,wf_2025,,1,0.4594594594594595,0.422360248447205,161,68,2.0,37,37,0,37,0,0.6764705882352942,0.2352941176470588,34,2025-01-10,2025-08-30,True,160.6572764390215,0.4218918918918918,-4.346962050467348,228.8098202697776,0.3124266425208054,seasonality,,RUB->KGS
seasonality,KZT,oot,,1,0.4807692307692308,0.5748987854251012,247,142,2.679245283018868,52,52,0,52,0,0.6981132075471698,0.1698113207547169,53,2025-09-02,2026-09-02,True,201.53413103624908,0.4999038461538461,7.981668325017601,240.6516893967018,5.046127436447657,seasonality,,RUB->KZT
seasonality,KZT,wf_2022,,1,0.5471698113207547,0.4696356275303643,247,116,2.2745098039215685,53,53,0,53,0,0.7254901960784313,0.196078431372549,51,2022-01-11,2022-12-31,True,443.77809491675754,0.5420754716981132,57.84121356312733,534.967348075217,56.41555527248696,seasonality,,RUB->KZT
seasonality,KZT,wf_2023,,1,0.5254237288135594,0.5587044534412956,247,138,2.7058823529411766,59,59,0,59,0,0.6862745098039216,0.2352941176470588,51,2023-01-10,2023-12-30,True,214.0323548552088,0.5668644067796611,10.130431283777837,251.64775688010909,3.8408561142699846,seasonality,,RUB->KZT
seasonality,KZT,wf_2024,,1,0.4464285714285714,0.5040322580645161,248,125,2.450980392156863,56,56,0,56,0,0.6862745098039216,0.2156862745098039,51,2024-01-10,2024-12-29,True,121.24126425098191,0.4534821428571428,3.365709231248428,176.0367128496594,6.799531498713227,seasonality,,RUB->KZT
seasonality,KZT,wf_2025,,1,0.525,0.4347826086956521,161,70,2.0588235294117645,40,40,0,40,0,0.6176470588235294,0.2352941176470588,34,2025-01-10,2025-08-30,True,215.72081729351257,0.510625,-5.260330067199936,249.73971334755856,-10.306926550702366,seasonality,,RUB->KZT
seasonality,TJS,oot,,1,0.6956521739130435,0.5060728744939271,247,125,2.358490566037736,47,46,1,46,1,0.6981132075471698,0.1509433962264151,53,2025-09-02,2026-09-02,True,142.76564676461234,0.638695652173913,29.7220947769764,133.6887026193937,31.725720106811146,seasonality,,RUB->TJS
seasonality,TJS,wf_2022,,1,0.5,0.5303643724696356,247,131,2.5686274509803924,48,48,0,48,0,0.7647058823529411,0.196078431372549,51,2022-01-11,2022-12-31,True,676.1467757456896,0.4923958333333333,4.615816554046957,771.3275407863761,-1.3069027751258868,seasonality,,RUB->TJS
seasonality,TJS,wf_2023,,1,0.5,0.5708502024291497,247,141,2.764705882352941,48,48,0,48,0,0.7450980392156863,0.1764705882352941,51,2023-01-10,2023-12-30,True,149.75803407714938,0.4829166666666667,-5.092179385989028,176.1333165525669,-4.467621024118993,seasonality,,RUB->TJS
seasonality,TJS,wf_2024,,1,0.6078431372549019,0.5483870967741935,248,136,2.6666666666666665,51,51,0,51,0,0.7058823529411765,0.2156862745098039,51,2024-01-10,2024-12-29,True,153.60329571723864,0.5785294117647058,3.756248097748028,280.5948830586092,17.317431344639836,seasonality,,RUB->TJS
seasonality,TJS,wf_2025,,1,0.5757575757575758,0.5217391304347826,161,84,2.4705882352941178,33,33,0,33,0,0.7058823529411765,0.1764705882352941,34,2025-01-10,2025-08-30,True,169.67525343092893,0.5727272727272728,0.1740814883084399,255.92192103346076,-0.7373074952898507,seasonality,,RUB->TJS
seasonality,UZS,oot,,1,0.5208333333333334,0.5506072874493927,247,136,2.5660377358490565,48,48,0,48,0,0.7547169811320755,0.1698113207547169,53,2025-09-02,2026-09-02,True,164.72835636449724,0.5096875,7.301605134279242,197.69320040889576,9.697243302844576,seasonality,,RUB->UZS
seasonality,UZS,wf_2022,,1,0.4807692307692308,0.4817813765182186,247,119,2.3333333333333335,52,52,0,52,0,0.7058823529411765,0.2156862745098039,51,2022-01-11,2022-12-31,True,499.1910822160036,0.4863461538461539,23.674388602433226,595.9900520642394,27.081651903318736,seasonality,,RUB->UZS
seasonality,UZS,wf_2023,,1,0.6111111111111112,0.562753036437247,247,139,2.7254901960784315,54,54,0,54,0,0.7058823529411765,0.196078431372549,51,2023-01-10,2023-12-30,True,135.64638020748143,0.567962962962963,8.425758279134643,159.64560376187913,15.831023760962124,seasonality,,RUB->UZS
seasonality,UZS,wf_2024,,1,0.4629629629629629,0.5403225806451613,248,134,2.627450980392157,54,54,0,54,0,0.6862745098039216,0.2156862745098039,51,2024-01-10,2024-12-29,True,232.9404979665548,0.4767592592592592,-15.772347633810076,286.5205515480294,-20.98419865306691,seasonality,,RUB->UZS
seasonality,UZS,wf_2025,,1,0.4838709677419355,0.4472049689440994,161,72,2.1176470588235294,31,31,0,31,0,0.7352941176470589,0.1764705882352941,34,2025-01-10,2025-08-30,True,170.94901511358665,0.4674193548387096,-9.23471087379253,238.8880955917525,-5.487532968923804,seasonality,,RUB->UZS
catboost_a,AMD,wf_oos,5.0,1,0.4945054945054945,0.538109756097561,656,353,2.5579710144927534,91,91,0,91,0,0.6956521739130435,0.1014492753623188,138,2023-01-10,2025-08-30,True,218.8275466158469,0.4813186813186814,-5.461281011229261,230.57173274176523,-0.0794476317179896,catboost,A,RUB->AMD
catboost_a,KGS,wf_oos,5.0,1,0.4660194174757281,0.5304878048780488,656,348,2.5217391304347827,103,103,0,103,0,0.6521739130434783,0.1014492753623188,138,2023-01-10,2025-08-30,False,,0.4462135922330097,-9.548596518243176,200.8775745075257,-5.249747841428522,catboost,A,RUB->KGS
catboost_a,KZT,wf_oos,5.0,1,0.45,0.5076219512195121,656,333,2.4130434782608696,100,100,0,100,0,0.6594202898550725,0.108695652173913,138,2023-01-10,2025-08-30,False,,0.44515,-6.764724598886573,260.6286692403412,1.7148214633381127,catboost,A,RUB->KZT
catboost_a,TJS,wf_oos,5.0,1,0.5353535353535354,0.5503048780487805,656,361,2.6159420289855073,99,99,0,99,0,0.6884057971014492,0.1159420289855072,138,2023-01-10,2025-08-30,True,212.9039380115536,0.4968686868686868,-6.5583484955941085,232.14049592663628,0.4948092075151462,catboost,A,RUB->TJS
catboost_a,UZS,wf_oos,5.0,1,0.4130434782608695,0.5259146341463414,656,345,2.5,92,92,0,92,0,0.6884057971014492,0.1014492753623188,138,2023-01-10,2025-08-30,True,235.3683169611398,0.4414130434782609,-13.870506573309434,255.89673097239137,-14.831645840424116,catboost,A,RUB->UZS
catboost_ab,AMD,wf_oos,5.0,1,0.5109489051094891,0.538109756097561,656,353,2.5579710144927534,137,137,0,137,0,0.7028985507246377,0.1956521739130435,138,2023-01-10,2025-08-30,False,,0.4889416058394161,-6.651723546315318,251.730748286105,-5.055990486152541,catboost,"A,B",RUB->AMD
catboost_ab,KGS,wf_oos,5.0,1,0.4840764331210191,0.5304878048780488,656,348,2.5217391304347827,157,157,0,157,0,0.6304347826086957,0.2246376811594203,138,2023-01-10,2025-08-30,False,,0.4838853503184713,-5.088132106730496,214.60739412834343,-2.572619094728396,catboost,"A,B",RUB->KGS
catboost_ab,KZT,wf_oos,5.0,1,0.4893617021276595,0.5076219512195121,656,333,2.4130434782608696,141,141,0,141,0,0.6666666666666666,0.1956521739130435,138,2023-01-10,2025-08-30,False,,0.4708156028368794,-2.9596039277332977,255.218535489701,4.065878569859391,catboost,"A,B",RUB->KZT
catboost_ab,TJS,wf_oos,5.0,1,0.4878048780487805,0.5503048780487805,656,361,2.6159420289855073,123,123,0,123,0,0.7028985507246377,0.181159420289855,138,2023-01-10,2025-08-30,False,,0.4862601626016261,-8.394106596803788,219.87980361162977,-6.987135533236132,catboost,"A,B",RUB->TJS
catboost_ab,UZS,wf_oos,5.0,1,0.4507042253521127,0.5259146341463414,656,345,2.5,142,142,0,142,0,0.6811594202898551,0.2028985507246377,138,2023-01-10,2025-08-30,False,,0.4557746478873238,-9.013046616885056,248.82194497868488,-8.932761426719631,catboost,"A,B",RUB->UZS
catboost_abc,AMD,wf_oos,5.0,1,0.4761904761904761,0.538109756097561,656,353,2.5579710144927534,21,21,0,21,0,0.927536231884058,0.0289855072463768,138,2023-01-10,2025-08-30,True,95.5240167665936,0.49,-4.828344483869564,150.3214081485825,-4.482839168004125,catboost,"A,B,C",RUB->AMD
catboost_abc,KGS,wf_oos,5.0,1,0.5294117647058824,0.5304878048780488,656,348,2.5217391304347827,34,34,0,34,0,0.8840579710144928,0.036231884057971,138,2023-01-10,2025-08-30,True,109.29688643705404,0.5255882352941177,9.053158864352971,154.83559283604302,12.322339093267129,catboost,"A,B,C",RUB->KGS
catboost_abc,KZT,wf_oos,5.0,1,0.5833333333333334,0.5076219512195121,656,333,2.4130434782608696,12,12,0,12,0,0.9637681159420288,0.0144927536231884,138,2023-01-10,2025-08-30,True,67.11087784363512,0.5954166666666666,21.995127929904257,121.50572133351623,16.181523028683255,catboost,"A,B,C",RUB->KZT
catboost_abc,TJS,wf_oos,5.0,1,0.5789473684210527,0.5503048780487805,656,361,2.6159420289855073,19,19,0,19,0,0.927536231884058,0.0144927536231884,138,2023-01-10,2025-08-30,True,78.21262894544611,0.5160526315789474,8.733160958309625,137.73071542812215,3.171491850980821,catboost,"A,B,C",RUB->TJS
catboost_abc,UZS,wf_oos,5.0,1,0.5185185185185185,0.5259146341463414,656,345,2.5,27,27,0,27,0,0.9057971014492754,0.0289855072463768,138,2023-01-10,2025-08-30,True,75.72417167214508,0.4620370370370371,-0.2445659768126966,132.4106599913049,8.12426860937973,catboost,"A,B,C",RUB->UZS
catboost_abcd,AMD,wf_oos,5.0,1,0.532608695652174,0.538109756097561,656,353,2.5579710144927534,92,92,0,92,0,0.7681159420289855,0.1159420289855072,138,2023-01-10,2025-08-30,True,181.17113356885991,0.4945652173913044,2.44438716356627,199.67948400187967,6.335266506204504,catboost,"A,B,C,D",RUB->AMD
catboost_abcd,KGS,wf_oos,5.0,1,0.5368421052631579,0.5304878048780488,656,348,2.5217391304347827,95,95,0,95,0,0.7028985507246377,0.1231884057971014,138,2023-01-10,2025-08-30,True,171.11574610575,0.5043684210526316,5.986524592372291,157.6612248798002,5.121910321468046,catboost,"A,B,C,D",RUB->KGS
catboost_abcd,KZT,wf_oos,5.0,1,0.5568181818181818,0.5076219512195121,656,333,2.4130434782608696,88,88,0,88,0,0.7246376811594203,0.108695652173913,138,2023-01-10,2025-08-30,True,193.92366582645735,0.5252840909090909,6.263980380435372,193.87303672863248,9.573010280582364,catboost,"A,B,C,D",RUB->KZT
catboost_abcd,TJS,wf_oos,5.0,1,0.5394736842105263,0.5503048780487805,656,361,2.6159420289855073,76,76,0,76,0,0.7608695652173914,0.0942028985507246,138,2023-01-10,2025-08-30,True,121.01689613825472,0.4743421052631579,2.2917676934328965,163.72420282243667,9.394657541208948,catboost,"A,B,C,D",RUB->TJS
catboost_abcd,UZS,wf_oos,5.0,1,0.5348837209302325,0.5259146341463414,656,345,2.5,86,86,0,86,0,0.7391304347826086,0.0942028985507246,138,2023-01-10,2025-08-30,True,148.58645993554822,0.4872093023255813,3.167933664440616,161.32220596721945,7.65963144269152,catboost,"A,B,C,D",RUB->UZS
level,AMD,wf_oos,,1,0.4539007092198581,0.538109756097561,656,353,2.5579710144927534,141,141,0,141,0,0.7246376811594203,0.217391304347826,138,2023-01-10,2025-08-30,False,,0.4117375886524822,-15.662006483122662,262.9201873375431,-8.549837910849158,level,,RUB->AMD
level,KGS,wf_oos,,1,0.4592592592592592,0.5304878048780488,656,348,2.5217391304347827,135,135,0,135,0,0.7391304347826086,0.2028985507246377,138,2023-01-10,2025-08-30,False,,0.431074074074074,-13.764147002279485,285.2222688669528,-8.462900304414372,level,,RUB->KGS
level,KZT,wf_oos,,1,0.4806629834254143,0.5076219512195121,656,333,2.4130434782608696,181,181,0,181,0,0.6666666666666666,0.2681159420289855,138,2023-01-10,2025-08-30,False,,0.4283425414364641,-18.12041590582793,313.93154166811746,-7.861953181502924,level,,RUB->KZT
level,TJS,wf_oos,,1,0.4588235294117647,0.5503048780487805,656,361,2.6159420289855073,85,85,0,85,0,0.8260869565217391,0.1231884057971014,138,2023-01-10,2025-08-30,True,345.6896579473003,0.424235294117647,-16.536661234909108,324.74723982609584,-8.869388398509068,level,,RUB->TJS
level,UZS,wf_oos,,1,0.4615384615384615,0.5259146341463414,656,345,2.5,156,156,0,156,0,0.6956521739130435,0.2536231884057971,138,2023-01-10,2025-08-30,False,,0.4252564102564102,-14.776996677912052,290.6494338909002,-9.955354948975854,level,,RUB->UZS
logreg_a,AMD,wf_oos,5.0,1,0.5063291139240507,0.538109756097561,656,353,2.5579710144927534,79,79,0,79,0,0.6956521739130435,0.072463768115942,138,2023-01-10,2025-08-30,True,138.89256980886165,0.5284177215189874,3.5041582518302397,226.31781790038085,13.849851886084569,logreg,A,RUB->AMD
logreg_a,KGS,wf_oos,5.0,1,0.4691358024691358,0.5304878048780488,656,348,2.5217391304347827,81,81,0,81,0,0.6811594202898551,0.072463768115942,138,2023-01-10,2025-08-30,True,114.85628610420709,0.4997530864197531,-0.4412386499358962,164.4382630174588,3.760368757667354,logreg,A,RUB->KGS
logreg_a,KZT,wf_oos,5.0,1,0.4457831325301205,0.5076219512195121,656,333,2.4130434782608696,83,83,0,83,0,0.6666666666666666,0.0797101449275362,138,2023-01-10,2025-08-30,True,130.63399390076123,0.475722891566265,1.3242908985301909,210.84873046756985,9.794895848965837,logreg,A,RUB->KZT
logreg_a,TJS,wf_oos,5.0,1,0.5783132530120482,0.5503048780487805,656,361,2.6159420289855073,83,83,0,83,0,0.6884057971014492,0.0869565217391304,138,2023-01-10,2025-08-30,True,169.87336428935816,0.565722891566265,3.916533222579464,240.029105949837,15.862530259821318,logreg,A,RUB->TJS
logreg_a,UZS,wf_oos,5.0,1,0.4415584415584415,0.5259146341463414,656,345,2.5,77,77,0,77,0,0.6739130434782609,0.072463768115942,138,2023-01-10,2025-08-30,True,174.065624296182,0.493051948051948,-5.425542832078102,227.19088908482553,-2.5843323470503328,logreg,A,RUB->UZS
logreg_ab,AMD,wf_oos,5.0,1,0.575,0.538109756097561,656,353,2.5579710144927534,40,40,0,40,0,0.8623188405797102,0.0434782608695652,138,2023-01-10,2025-08-30,True,83.56793917993866,0.5351250000000001,5.954538244433616,170.91083274139552,17.646392505568848,logreg,"A,B",RUB->AMD
logreg_ab,KGS,wf_oos,5.0,1,0.4848484848484848,0.5304878048780488,656,348,2.5217391304347827,33,33,0,33,0,0.8768115942028986,0.036231884057971,138,2023-01-10,2025-08-30,True,60.32980257649045,0.5081818181818182,2.4311718231866473,93.96938844353532,4.3945254685400155,logreg,"A,B",RUB->KGS
logreg_ab,KZT,wf_oos,5.0,1,0.5,0.5076219512195121,656,333,2.4130434782608696,30,30,0,30,0,0.8695652173913043,0.0289855072463768,138,2023-01-10,2025-08-30,True,72.03340422948256,0.4711666666666667,-0.9334110237690864,207.9773928954394,18.4252760427609,logreg,"A,B",RUB->KZT
logreg_ab,TJS,wf_oos,5.0,1,0.6595744680851063,0.5503048780487805,656,361,2.6159420289855073,47,47,0,47,0,0.8333333333333334,0.0507246376811594,138,2023-01-10,2025-08-30,True,70.99705671879875,0.6011702127659575,9.445650538240384,154.4887020750325,24.20070075776105,logreg,"A,B",RUB->TJS
logreg_ab,UZS,wf_oos,5.0,1,0.5555555555555556,0.5259146341463414,656,345,2.5,27,27,0,27,0,0.8768115942028986,0.0217391304347826,138,2023-01-10,2025-08-30,True,52.48897968207622,0.5392592592592593,3.53936306693882,162.17114686537406,25.8207815631228,logreg,"A,B",RUB->UZS
logreg_abc,AMD,wf_oos,5.0,1,,0.538109756097561,656,353,2.5579710144927534,0,0,0,0,0,1.0,0.0,138,2023-01-10,2025-08-30,True,,,,,,logreg,"A,B,C",RUB->AMD
logreg_abc,KGS,wf_oos,5.0,1,,0.5304878048780488,656,348,2.5217391304347827,0,0,0,0,0,1.0,0.0,138,2023-01-10,2025-08-30,True,,,,,,logreg,"A,B,C",RUB->KGS
logreg_abc,KZT,wf_oos,5.0,1,,0.5076219512195121,656,333,2.4130434782608696,0,0,0,0,0,1.0,0.0,138,2023-01-10,2025-08-30,True,,,,,,logreg,"A,B,C",RUB->KZT
logreg_abc,TJS,wf_oos,5.0,1,0.6666666666666666,0.5503048780487805,656,361,2.6159420289855073,3,3,0,3,0,0.9855072463768116,0.0,138,2023-01-10,2025-08-30,True,60.58853586614029,0.545,24.837591040441097,102.64758309687257,7.797890754535075,logreg,"A,B,C",RUB->TJS
logreg_abc,UZS,wf_oos,5.0,1,,0.5259146341463414,656,345,2.5,0,0,0,0,0,1.0,0.0,138,2023-01-10,2025-08-30,True,,,,,,logreg,"A,B,C",RUB->UZS
logreg_abcd,AMD,wf_oos,5.0,1,0.5217391304347826,0.538109756097561,656,353,2.5579710144927534,46,46,0,46,0,0.8043478260869565,0.0289855072463768,138,2023-01-10,2025-08-30,True,203.49061254993208,0.5102173913043477,-2.603665227405695,185.4320737457705,-11.271046546085843,logreg,"A,B,C,D",RUB->AMD
logreg_abcd,KGS,wf_oos,5.0,1,0.3809523809523809,0.5304878048780488,656,348,2.5217391304347827,21,21,0,21,0,0.8985507246376812,0.0072463768115942,138,2023-01-10,2025-08-30,True,100.46681585020156,0.4071428571428571,-4.879737545924364,154.35910413002534,-11.049845024668665,logreg,"A,B,C,D",RUB->KGS
logreg_abcd,KZT,wf_oos,5.0,1,0.5,0.5076219512195121,656,333,2.4130434782608696,14,14,0,14,0,0.927536231884058,0.0072463768115942,138,2023-01-10,2025-08-30,True,50.65962364831167,0.4525,3.2109025664744415,138.01403136507977,10.357175379256956,logreg,"A,B,C,D",RUB->KZT
logreg_abcd,TJS,wf_oos,5.0,1,0.5806451612903226,0.5503048780487805,656,361,2.6159420289855073,31,31,0,31,0,0.8840579710144928,0.0289855072463768,138,2023-01-10,2025-08-30,True,162.4198234223342,0.5324193548387097,7.611927255906997,206.78913580526284,8.356450732549467,logreg,"A,B,C,D",RUB->TJS
logreg_abcd,UZS,wf_oos,5.0,1,0.5,0.5259146341463414,656,345,2.5,24,24,0,24,0,0.8913043478260869,0.0144927536231884,138,2023-01-10,2025-08-30,True,119.99363197553104,0.4827083333333333,-1.1335819566354055,152.02237509914758,-9.667129936405392,logreg,"A,B,C,D",RUB->UZS
momentum,AMD,wf_oos,,1,0.4943820224719101,0.538109756097561,656,353,2.5579710144927534,89,89,0,89,0,0.6521739130434783,0.072463768115942,138,2023-01-10,2025-08-30,True,303.432883549625,0.3402808988764045,-29.671763922080313,312.70737337548184,-13.119848463184466,momentum,,RUB->AMD
momentum,KGS,wf_oos,,1,0.4673913043478261,0.5304878048780488,656,348,2.5217391304347827,92,92,0,92,0,0.6594202898550725,0.0869565217391304,138,2023-01-10,2025-08-30,True,294.5122032172778,0.3105434782608696,-31.071095075289723,298.6146227404874,-7.213196190591883,momentum,,RUB->KGS
momentum,KZT,wf_oos,,1,0.5476190476190477,0.5076219512195121,656,333,2.4130434782608696,84,84,0,84,0,0.6159420289855072,0.0434782608695652,138,2023-01-10,2025-08-30,True,267.7832351858234,0.3664285714285714,-26.14170383168215,320.96301013262354,-1.2815302229686705,momentum,,RUB->KZT
momentum,TJS,wf_oos,,1,0.4878048780487805,0.5503048780487805,656,361,2.6159420289855073,82,82,0,82,0,0.6884057971014492,0.0652173913043478,138,2023-01-10,2025-08-30,True,300.1155316450004,0.3396341463414633,-32.31349228934281,284.82799736740884,-17.955899082639164,momentum,,RUB->TJS
momentum,UZS,wf_oos,,1,0.4848484848484848,0.5259146341463414,656,345,2.5,99,99,0,99,0,0.6014492753623188,0.0869565217391304,138,2023-01-10,2025-08-30,True,280.64483161878104,0.346010101010101,-27.006648625879993,307.6269738581351,-5.844174752327638,momentum,,RUB->UZS
random,AMD,wf_oos,,1,0.5852534562211982,0.538109756097561,656,353,2.5579710144927534,217,217,0,217,0,0.1521739130434782,0.1739130434782608,138,2023-01-10,2025-08-30,False,,0.5644930875576037,7.484163269827686,211.10824675525177,11.622128222853297,random,,RUB->AMD
random,KGS,wf_oos,,1,0.5570776255707762,0.5304878048780488,656,348,2.5217391304347827,219,219,0,219,0,0.1594202898550724,0.1666666666666666,138,2023-01-10,2025-08-30,False,,0.5317808219178082,5.183431141749185,202.6712774103009,11.944754232440593,random,,RUB->KGS
random,KZT,wf_oos,,1,0.505,0.5076219512195121,656,333,2.4130434782608696,200,200,0,200,0,0.1594202898550724,0.1521739130434782,138,2023-01-10,2025-08-30,False,,0.5144500000000001,1.5237230454396138,265.33695371108274,-5.5703503233244485,random,,RUB->KZT
random,TJS,wf_oos,,1,0.5454545454545454,0.5503048780487805,656,361,2.6159420289855073,187,187,0,187,0,0.2318840579710145,0.144927536231884,138,2023-01-10,2025-08-30,False,,0.5285561497326203,1.1348709226086549,236.49391100538784,2.671137761423871,random,,RUB->TJS
random,UZS,wf_oos,,1,0.5258215962441315,0.5259146341463414,656,345,2.5,213,213,0,213,0,0.1304347826086956,0.1884057971014492,138,2023-01-10,2025-08-30,False,,0.522206572769953,0.2373253060313256,253.2741684454485,-1.112412764224097,random,,RUB->UZS
reversal,AMD,wf_oos,,1,0.4827586206896552,0.538109756097561,656,353,2.5579710144927534,29,29,0,29,0,0.7971014492753623,0.0,138,2023-01-10,2025-08-30,True,90.48108082777962,0.46,2.2057028433992145,258.8091706040323,38.19449050675328,reversal,,RUB->AMD
reversal,KGS,wf_oos,,1,0.4666666666666667,0.5304878048780488,656,348,2.5217391304347827,30,30,0,30,0,0.7971014492753623,0.0,138,2023-01-10,2025-08-30,True,89.43856765629832,0.4593333333333333,-3.161863050535461,223.0037063180393,18.041573324068448,reversal,,RUB->KGS
reversal,KZT,wf_oos,,1,0.6060606060606061,0.5076219512195121,656,333,2.4130434782608696,33,33,0,33,0,0.782608695652174,0.0,138,2023-01-10,2025-08-30,True,112.67653578590053,0.4678787878787878,-3.90426546310468,281.62367102373804,35.24457903241175,reversal,,RUB->KZT
reversal,TJS,wf_oos,,1,0.5,0.5503048780487805,656,361,2.6159420289855073,28,28,0,28,0,0.8043478260869565,0.0,138,2023-01-10,2025-08-30,True,88.83660656328729,0.4355357142857143,0.8050825705402027,228.21214101177145,33.126566897884814,reversal,,RUB->TJS
reversal,UZS,wf_oos,,1,0.4848484848484848,0.5259146341463414,656,345,2.5,33,33,0,33,0,0.7753623188405797,0.0,138,2023-01-10,2025-08-30,True,100.33083698777334,0.4643939393939393,-1.1170798861152718,230.78286017962856,27.40751774146236,reversal,,RUB->UZS
seasonality,AMD,wf_oos,,1,0.5294117647058824,0.538109756097561,656,353,2.5579710144927534,136,136,0,136,0,0.717391304347826,0.1956521739130435,138,2023-01-10,2025-08-30,False,,0.5216544117647058,-3.1527349139875636,186.51126416584987,0.9171603055058388,seasonality,,RUB->AMD
seasonality,KGS,wf_oos,,1,0.5095541401273885,0.5304878048780488,656,348,2.5217391304347827,157,157,0,157,0,0.6594202898550725,0.2391304347826087,138,2023-01-10,2025-08-30,False,,0.506592356687898,2.0564369458143816,178.7060389501195,5.557895455971501,seasonality,,RUB->KGS
seasonality,KZT,wf_oos,,1,0.4967741935483871,0.5076219512195121,656,333,2.4130434782608696,155,155,0,155,0,0.6739130434782609,0.2246376811594203,138,2023-01-10,2025-08-30,False,,0.5085806451612903,3.4266500762939187,224.59489984914623,1.2587562105920975,seasonality,,RUB->KZT
seasonality,TJS,wf_oos,,1,0.5606060606060606,0.5503048780487805,656,361,2.6159420289855073,132,132,0,132,0,0.7246376811594203,0.1884057971014492,138,2023-01-10,2025-08-30,False,,0.5427272727272726,-0.5474833244133578,252.0749546851874,4.881909409654203,seasonality,,RUB->TJS
seasonality,UZS,wf_oos,,1,0.5251798561151079,0.5259146341463414,656,345,2.5,139,139,0,139,0,0.7101449275362319,0.1956521739130435,138,2023-01-10,2025-08-30,False,,0.5107553956834532,-4.706775046083141,245.90643611389612,-3.225791123815074,seasonality,,RUB->UZS
catboost_a,AMD,oot,5.0,3,,0.3755102040816326,245,92,1.7358490566037736,0,0,0,0,0,1.0,0.0,53,2025-09-02,2026-09-02,True,,,,,,catboost,A,RUB->AMD
catboost_a,AMD,wf_2022,5.0,3,,0.3441295546558704,247,85,1.6666666666666667,0,0,0,0,0,1.0,0.0,51,2022-01-11,2022-12-31,True,,,,,,catboost,A,RUB->AMD
catboost_a,AMD,wf_2023,5.0,3,0.2857142857142857,0.4534412955465587,247,112,2.196078431372549,7,7,0,7,0,0.8627450980392157,0.0,51,2023-01-10,2023-12-30,True,145.39961182507355,0.2907142857142856,33.10466723981202,307.32005057440784,70.28229315334217,catboost,A,RUB->AMD
catboost_a,AMD,wf_2024,5.0,3,0.3387096774193548,0.407258064516129,248,101,1.9803921568627452,62,62,0,62,0,0.5882352941176471,0.2352941176470588,51,2024-01-10,2024-12-29,True,513.1451195468366,0.2845161290322581,-12.424169431952246,500.0390259598378,-3.584898223481333,catboost,A,RUB->AMD
catboost_a,AMD,wf_2025,5.0,3,0.3181818181818182,0.2608695652173913,161,42,1.2352941176470589,22,22,0,22,0,0.5882352941176471,0.0588235294117647,34,2025-01-10,2025-08-30,True,257.2022326739117,0.3422727272727273,-7.524986055024256,306.0113650577462,-27.288809039893778,catboost,A,RUB->AMD
catboost_a,KGS,oot,5.0,3,,0.3551020408163265,245,87,1.6415094339622642,0,0,0,0,0,1.0,0.0,53,2025-09-02,2026-09-02,True,,,,,,catboost,A,RUB->KGS
catboost_a,KGS,wf_2022,5.0,3,,0.340080971659919,247,84,1.6470588235294117,0,0,0,0,0,1.0,0.0,51,2022-01-11,2022-12-31,True,,,,,,catboost,A,RUB->KGS
catboost_a,KGS,wf_2023,5.0,3,0.3333333333333333,0.4493927125506073,247,111,2.176470588235294,6,6,0,6,0,0.8823529411764706,0.0,51,2023-01-10,2023-12-30,True,135.85934399013678,0.2666666666666666,6.81194620975863,222.92584911574156,10.50903773312813,catboost,A,RUB->KGS
catboost_a,KGS,wf_2024,5.0,3,0.36,0.4193548387096774,248,104,2.0392156862745097,75,75,0,75,0,0.4901960784313725,0.2549019607843137,51,2024-01-10,2024-12-29,True,418.52892451171056,0.306,-16.111836032429515,497.4687757871214,-5.146348029208716,catboost,A,RUB->KGS
catboost_a,KGS,wf_2025,5.0,3,0.1363636363636363,0.2298136645962732,161,37,1.088235294117647,22,22,0,22,0,0.5294117647058824,0.0294117647058823,34,2025-01-10,2025-08-30,True,297.9183220087717,0.2511363636363636,-17.67489456258977,318.2389897747734,-38.93150486405125,catboost,A,RUB->KGS
catboost_a,KZT,oot,5.0,3,,0.3836734693877551,245,94,1.7735849056603774,0,0,0,0,0,1.0,0.0,53,2025-09-02,2026-09-02,True,,,,,,catboost,A,RUB->KZT
catboost_a,KZT,wf_2022,5.0,3,,0.3036437246963562,247,75,1.4705882352941178,0,0,0,0,0,1.0,0.0,51,2022-01-11,2022-12-31,True,,,,,,catboost,A,RUB->KZT
catboost_a,KZT,wf_2023,5.0,3,0.3333333333333333,0.4048582995951417,247,100,1.96078431372549,9,9,0,9,0,0.8431372549019608,0.0,51,2023-01-10,2023-12-30,True,87.55544887590848,0.3294444444444444,46.392277522450314,167.75809151320945,54.56646587986663,catboost,A,RUB->KZT
catboost_a,KZT,wf_2024,5.0,3,0.2923076923076923,0.3346774193548387,248,83,1.6274509803921569,65,65,0,65,0,0.5490196078431373,0.2352941176470588,51,2024-01-10,2024-12-29,True,456.91184102316566,0.2584615384615384,-13.311223690588854,514.453025199497,-1.8909413953186196,catboost,A,RUB->KZT
catboost_a,KZT,wf_2025,5.0,3,0.1538461538461538,0.2422360248447205,161,39,1.1470588235294117,26,26,0,26,0,0.5294117647058824,0.088235294117647,34,2025-01-10,2025-08-30,True,348.2267960493108,0.2525,-21.49631425125052,374.14699268171904,-35.96452506119952,catboost,A,RUB->KZT
catboost_a,TJS,oot,5.0,3,,0.3714285714285714,245,91,1.7169811320754718,0,0,0,0,0,1.0,0.0,53,2025-09-02,2026-09-02,True,,,,,,catboost,A,RUB->TJS
catboost_a,TJS,wf_2022,5.0,3,0.8,0.3522267206477733,247,87,1.7058823529411764,5,5,0,5,0,0.9019607843137256,0.0,51,2022-01-11,2022-12-31,True,150.38204413698608,0.409,14.927355994585964,1346.50659808055,278.24604731919055,catboost,A,RUB->TJS
catboost_a,TJS,wf_2023,5.0,3,0.1666666666666666,0.4453441295546558,247,110,2.156862745098039,6,6,0,6,0,0.8823529411764706,0.0,51,2023-01-10,2023-12-30,True,139.48067316882538,0.2683333333333333,10.259063299110569,220.1725945981686,8.074149778177768,catboost,A,RUB->TJS
catboost_a,TJS,wf_2024,5.0,3,0.3939393939393939,0.407258064516129,248,101,1.9803921568627452,66,66,0,66,0,0.5686274509803921,0.2549019607843137,51,2024-01-10,2024-12-29,True,499.8136233656507,0.3392424242424243,-6.7856207018192665,558.9812569120514,0.8822647296907031,catboost,A,RUB->TJS
catboost_a,TJS,wf_2025,5.0,3,0.3703703703703703,0.3416149068322981,161,55,1.6176470588235294,27,27,0,27,0,0.5588235294117647,0.088235294117647,34,2025-01-10,2025-08-30,True,303.61551047651324,0.3562962962962963,1.949469563288396,325.5655445560785,-3.170786227554208,catboost,A,RUB->TJS
catboost_a,UZS,oot,5.0,3,,0.3918367346938775,245,96,1.8113207547169812,0,0,0,0,0,1.0,0.0,53,2025-09-02,2026-09-02,True,,,,,,catboost,A,RUB->UZS
catboost_a,UZS,wf_2022,5.0,3,,0.3198380566801619,247,79,1.5490196078431373,0,0,0,0,0,1.0,0.0,51,2022-01-11,2022-12-31,True,,,,,,catboost,A,RUB->UZS
catboost_a,UZS,wf_2023,5.0,3,0.1428571428571428,0.4453441295546558,247,110,2.156862745098039,7,7,0,7,0,0.8627450980392157,0.0,51,2023-01-10,2023-12-30,True,154.34085623569337,0.2892857142857142,11.073725651397847,240.62154744836332,6.7833371547035695,catboost,A,RUB->UZS
catboost_a,UZS,wf_2024,5.0,3,0.3492063492063492,0.3911290322580645,248,97,1.9019607843137256,63,63,0,63,0,0.6078431372549019,0.2549019607843137,51,2024-01-10,2024-12-29,True,635.632283986916,0.3253968253968253,-21.455646994239856,550.1217867105482,-27.194867602231568,catboost,A,RUB->UZS
catboost_a,UZS,wf_2025,5.0,3,0.2272727272727272,0.2484472049689441,161,40,1.1764705882352942,22,22,0,22,0,0.5294117647058824,0.0294117647058823,34,2025-01-10,2025-08-30,True,291.89743989110093,0.221590909090909,-22.721743609292247,323.44083854849,-32.80709631671335,catboost,A,RUB->UZS
catboost_ab,AMD,oot,5.0,3,0.4615384615384615,0.3755102040816326,245,92,1.7358490566037736,13,13,0,13,0,0.8679245283018868,0.0377358490566037,53,2025-09-02,2026-09-02,True,65.48634709390288,0.6276923076923078,53.21164861621702,170.23910649302613,43.380046438167206,catboost,"A,B",RUB->AMD
catboost_ab,AMD,wf_2022,5.0,3,0.28125,0.3441295546558704,247,85,1.6666666666666667,32,32,0,32,0,0.7254901960784313,0.0980392156862745,51,2022-01-11,2022-12-31,True,647.3783235766128,0.27703125,4.589905582916773,836.6690805323478,0.5596260883869029,catboost,"A,B",RUB->AMD
catboost_ab,AMD,wf_2023,5.0,3,0.3608247422680412,0.4534412955465587,247,112,2.196078431372549,97,97,0,97,0,0.4705882352941176,0.392156862745098,51,2023-01-10,2023-12-30,True,401.60930021569374,0.3482474226804123,-0.8041288189847687,442.5582956112568,9.095896894076136,catboost,"A,B",RUB->AMD
catboost_ab,AMD,wf_2024,5.0,3,0.325,0.407258064516129,248,101,1.9803921568627452,40,40,0,40,0,0.7254901960784313,0.1372549019607843,51,2024-01-10,2024-12-29,True,384.6210415695799,0.336875,-4.588355775566645,544.9170661606504,-12.886127651016874,catboost,"A,B",RUB->AMD
catboost_ab,AMD,wf_2025,5.0,3,,0.2608695652173913,161,42,1.2352941176470589,0,0,0,0,0,1.0,0.0,34,2025-01-10,2025-08-30,True,,,,,,catboost,"A,B",RUB->AMD
catboost_ab,KGS,oot,5.0,3,0.4615384615384615,0.3551020408163265,245,87,1.6415094339622642,13,13,0,13,0,0.8679245283018868,0.0377358490566037,53,2025-09-02,2026-09-02,True,146.6056520251944,0.5826923076923077,72.94999184124013,467.3875277924721,77.32757767147358,catboost,"A,B",RUB->KGS
catboost_ab,KGS,wf_2022,5.0,3,0.303030303030303,0.340080971659919,247,84,1.6470588235294117,33,33,0,33,0,0.6862745098039216,0.0784313725490196,51,2022-01-11,2022-12-31,True,803.3312234601126,0.3406060606060606,-48.016207610483555,903.9646069483002,-26.897145598918915,catboost,"A,B",RUB->KGS
catboost_ab,KGS,wf_2023,5.0,3,0.4019607843137255,0.4493927125506073,247,111,2.176470588235294,102,102,0,102,0,0.392156862745098,0.4313725490196078,51,2023-01-10,2023-12-30,False,,0.381470588235294,4.34727688936333,388.99681664826306,16.454816915879743,catboost,"A,B",RUB->KGS
catboost_ab,KGS,wf_2024,5.0,3,0.3090909090909091,0.4193548387096774,248,104,2.0392156862745097,55,55,0,55,0,0.6078431372549019,0.1764705882352941,51,2024-01-10,2024-12-29,True,418.52892451171056,0.2871818181818181,-23.048489796550275,545.8471394694762,-16.105964564272917,catboost,"A,B",RUB->KGS
catboost_ab,KGS,wf_2025,5.0,3,,0.2298136645962732,161,37,1.088235294117647,0,0,0,0,0,1.0,0.0,34,2025-01-10,2025-08-30,True,,,,,,catboost,"A,B",RUB->KGS
catboost_ab,KZT,oot,5.0,3,0.3,0.3836734693877551,245,94,1.7735849056603774,30,30,0,30,0,0.7358490566037735,0.0754716981132075,53,2025-09-02,2026-09-02,True,210.65826971648872,0.3496666666666667,31.14082284360636,348.9530669510552,38.41231986871493,catboost,"A,B",RUB->KZT
catboost_ab,KZT,wf_2022,5.0,3,0.2894736842105263,0.3036437246963562,247,75,1.4705882352941178,38,38,0,38,0,0.6470588235294118,0.0980392156862745,51,2022-01-11,2022-12-31,True,751.3822014300869,0.258421052631579,-35.33054237657534,877.1671432559322,-2.962792934794636,catboost,"A,B",RUB->KZT
catboost_ab,KZT,wf_2023,5.0,3,0.3529411764705882,0.4048582995951417,247,100,1.96078431372549,102,102,0,102,0,0.3725490196078431,0.4117647058823529,51,2023-01-10,2023-12-30,False,,0.3164705882352941,-0.7876327017360322,483.061694975115,12.156769974800437,catboost,"A,B",RUB->KZT
catboost_ab,KZT,wf_2024,5.0,3,0.282051282051282,0.3346774193548387,248,83,1.6274509803921569,39,39,0,39,0,0.7254901960784313,0.1176470588235294,51,2024-01-10,2024-12-29,True,380.58436625497507,0.2565384615384615,-11.520106094446383,520.4213932945466,-14.730520927984143,catboost,"A,B",RUB->KZT
catboost_ab,KZT,wf_2025,5.0,3,,0.2422360248447205,161,39,1.1470588235294117,0,0,0,0,0,1.0,0.0,34,2025-01-10,2025-08-30,True,,,,,,catboost,"A,B",RUB->KZT
catboost_ab,TJS,oot,5.0,3,0.6538461538461539,0.3714285714285714,245,91,1.7169811320754718,27,26,1,26,1,0.7358490566037735,0.0754716981132075,53,2025-09-02,2026-09-02,True,272.6682744481064,0.6873076923076923,92.81543964058729,405.07732195089585,81.74249589087724,catboost,"A,B",RUB->TJS
catboost_ab,TJS,wf_2022,5.0,3,0.2307692307692307,0.3522267206477733,247,87,1.7058823529411764,39,39,0,39,0,0.6470588235294118,0.1176470588235294,51,2022-01-11,2022-12-31,True,1200.24112875909,0.1928205128205128,-77.03978374019398,1569.976325753502,-68.88335011042238,catboost,"A,B",RUB->TJS
catboost_ab,TJS,wf_2023,5.0,3,0.3604651162790697,0.4453441295546558,247,110,2.156862745098039,86,86,0,86,0,0.4705882352941176,0.3333333333333333,51,2023-01-10,2023-12-30,True,363.02706171410114,0.3291860465116279,-7.934017839893304,413.5025444424337,4.64211250619898,catboost,"A,B",RUB->TJS
catboost_ab,TJS,wf_2024,5.0,3,0.3243243243243243,0.407258064516129,248,101,1.9803921568627452,37,37,0,37,0,0.7254901960784313,0.1568627450980392,51,2024-01-10,2024-12-29,True,494.9387708160464,0.3422972972972974,-14.858699533550451,642.033490687449,-29.68895213268584,catboost,"A,B",RUB->TJS
catboost_ab,TJS,wf_2025,5.0,3,,0.3416149068322981,161,55,1.6176470588235294,0,0,0,0,0,1.0,0.0,34,2025-01-10,2025-08-30,True,,,,,,catboost,"A,B",RUB->TJS
catboost_ab,UZS,oot,5.0,3,0.4347826086956521,0.3918367346938775,245,96,1.8113207547169812,24,23,1,23,1,0.7547169811320755,0.0754716981132075,53,2025-09-02,2026-09-02,True,291.5988801857905,0.4650000000000001,42.90069331905583,435.5450188003373,34.382442741798876,catboost,"A,B",RUB->UZS
catboost_ab,UZS,wf_2022,5.0,3,0.2894736842105263,0.3198380566801619,247,79,1.5490196078431373,38,38,0,38,0,0.6470588235294118,0.0980392156862745,51,2022-01-11,2022-12-31,True,1109.8918320579735,0.2605263157894736,-113.93037180390758,1238.2646044781088,-112.10437643065228,catboost,"A,B",RUB->UZS
catboost_ab,UZS,wf_2023,5.0,3,0.3846153846153846,0.4453441295546558,247,110,2.156862745098039,104,104,0,104,0,0.4509803921568627,0.4313725490196078,51,2023-01-10,2023-12-30,False,,0.3698557692307692,0.9071696141867313,409.46275818000527,12.365188640969205,catboost,"A,B",RUB->UZS
catboost_ab,UZS,wf_2024,5.0,3,0.2631578947368421,0.3911290322580645,248,97,1.9019607843137256,38,38,0,38,0,0.6862745098039216,0.1176470588235294,51,2024-01-10,2024-12-29,True,635.632283986916,0.2703947368421053,-36.58495929680418,651.501980556341,-58.02688106775938,catboost,"A,B",RUB->UZS
catboost_ab,UZS,wf_2025,5.0,3,,0.2484472049689441,161,40,1.1764705882352942,0,0,0,0,0,1.0,0.0,34,2025-01-10,2025-08-30,True,,,,,,catboost,"A,B",RUB->UZS
catboost_abc,AMD,oot,5.0,3,0.45,0.3755102040816326,245,92,1.7358490566037736,20,20,0,20,0,0.8113207547169812,0.0566037735849056,53,2025-09-02,2026-09-02,True,145.58046645742317,0.47275,21.503540822951937,231.56658108700083,21.63630536026534,catboost,"A,B,C",RUB->AMD
catboost_abc,AMD,wf_2022,5.0,3,0.3333333333333333,0.3441295546558704,247,85,1.6666666666666667,6,6,0,6,0,0.9215686274509804,0.0,51,2022-01-11,2022-12-31,True,164.24145866221363,0.2158333333333333,-41.48059400179728,400.07177081351506,-21.68051657262193,catboost,"A,B,C",RUB->AMD
catboost_abc,AMD,wf_2023,5.0,3,0.3,0.4534412955465587,247,112,2.196078431372549,20,20,0,20,0,0.8235294117647058,0.0784313725490196,51,2023-01-10,2023-12-30,True,249.92828380200257,0.2629999999999999,-10.602703426399405,363.0778447599853,-1.5618620204715383,catboost,"A,B,C",RUB->AMD
catboost_abc,AMD,wf_2024,5.0,3,,0.407258064516129,248,101,1.9803921568627452,0,0,0,0,0,1.0,0.0,51,2024-01-10,2024-12-29,True,,,,,,catboost,"A,B,C",RUB->AMD
catboost_abc,AMD,wf_2025,5.0,3,0.0,0.2608695652173913,161,42,1.2352941176470589,1,1,0,1,0,0.9705882352941176,0.0,34,2025-01-10,2025-08-30,True,37.58537795246042,0.435,-0.2438078726505648,24.358472927083323,-23.220745978346223,catboost,"A,B,C",RUB->AMD
catboost_abc,KGS,oot,5.0,3,0.4583333333333333,0.3551020408163265,245,87,1.6415094339622642,24,24,0,24,0,0.7547169811320755,0.0754716981132075,53,2025-09-02,2026-09-02,True,145.91524100211694,0.499375,51.96535570882361,349.3968226762486,77.6104698946993,catboost,"A,B,C",RUB->KGS
catboost_abc,KGS,wf_2022,5.0,3,0.3076923076923077,0.340080971659919,247,84,1.6470588235294117,13,13,0,13,0,0.8823529411764706,0.0588235294117647,51,2022-01-11,2022-12-31,True,312.96964637359576,0.3096153846153846,-79.16577766679985,943.950560723462,-41.25343412372917,catboost,"A,B,C",RUB->KGS
catboost_abc,KGS,wf_2023,5.0,3,0.4827586206896552,0.4493927125506073,247,111,2.176470588235294,29,29,0,29,0,0.7254901960784313,0.0784313725490196,51,2023-01-10,2023-12-30,True,233.07480855503027,0.4010344827586206,14.698418994331632,327.53060847441213,25.70099060653127,catboost,"A,B,C",RUB->KGS
catboost_abc,KGS,wf_2024,5.0,3,1.0,0.4193548387096774,248,104,2.0392156862745097,1,1,0,1,0,0.9803921568627452,0.0,51,2024-01-10,2024-12-29,True,0.0,0.44,113.3658662256555,47.75012468416179,306.11650711574123,catboost,"A,B,C",RUB->KGS
catboost_abc,KGS,wf_2025,5.0,3,0.25,0.2298136645962732,161,37,1.088235294117647,4,4,0,4,0,0.9705882352941176,0.0294117647058823,34,2025-01-10,2025-08-30,True,24.166875197197403,0.395,-3.88124106843731,44.472055095580025,-8.366625662824255,catboost,"A,B,C",RUB->KGS
catboost_abc,KZT,oot,5.0,3,0.1578947368421052,0.3836734693877551,245,94,1.7735849056603774,19,19,0,19,0,0.8113207547169812,0.0377358490566037,53,2025-09-02,2026-09-02,True,194.16812222478976,0.3078947368421052,21.586769297365937,285.3947638770472,-8.29235937320287,catboost,"A,B,C",RUB->KZT
catboost_abc,KZT,wf_2022,5.0,3,0.375,0.3036437246963562,247,75,1.4705882352941178,8,8,0,8,0,0.9019607843137256,0.0196078431372549,51,2022-01-11,2022-12-31,True,336.64023046046015,0.25,-128.88624684726653,809.4344725941686,-61.527642074683385,catboost,"A,B,C",RUB->KZT
catboost_abc,KZT,wf_2023,5.0,3,0.5833333333333334,0.4048582995951417,247,100,1.96078431372549,12,12,0,12,0,0.9019607843137256,0.0392156862745098,51,2023-01-10,2023-12-30,True,102.3372385855863,0.5495833333333333,54.73406098565241,181.8734845612307,53.179566962895954,catboost,"A,B,C",RUB->KZT
catboost_abc,KZT,wf_2024,5.0,3,,0.3346774193548387,248,83,1.6274509803921569,0,0,0,0,0,1.0,0.0,51,2024-01-10,2024-12-29,True,,,,,,catboost,"A,B,C",RUB->KZT
catboost_abc,KZT,wf_2025,5.0,3,,0.2422360248447205,161,39,1.1470588235294117,0,0,0,0,0,1.0,0.0,34,2025-01-10,2025-08-30,True,,,,,,catboost,"A,B,C",RUB->KZT
catboost_abc,TJS,oot,5.0,3,0.5121951219512195,0.3714285714285714,245,91,1.7169811320754718,42,41,1,41,1,0.6037735849056604,0.1132075471698113,53,2025-09-02,2026-09-02,True,274.11327450963483,0.4920731707317073,37.325951428984126,335.6622577968262,42.654764399696354,catboost,"A,B,C",RUB->TJS
catboost_abc,TJS,wf_2022,5.0,3,0.1818181818181818,0.3522267206477733,247,87,1.7058823529411764,11,11,0,11,0,0.8627450980392157,0.0196078431372549,51,2022-01-11,2022-12-31,True,944.4590188642326,0.1313636363636363,-228.76967297960817,1513.5487212184514,-219.7037960368781,catboost,"A,B,C",RUB->TJS
catboost_abc,TJS,wf_2023,5.0,3,0.3846153846153846,0.4453441295546558,247,110,2.156862745098039,13,13,0,13,0,0.8627450980392157,0.0392156862745098,51,2023-01-10,2023-12-30,True,196.0634176923053,0.2888461538461538,9.727795217278707,331.5336403261135,-3.529822804008066,catboost,"A,B,C",RUB->TJS
catboost_abc,TJS,wf_2024,5.0,3,,0.407258064516129,248,101,1.9803921568627452,0,0,0,0,0,1.0,0.0,51,2024-01-10,2024-12-29,True,,,,,,catboost,"A,B,C",RUB->TJS
catboost_abc,TJS,wf_2025,5.0,3,0.3333333333333333,0.3416149068322981,161,55,1.6176470588235294,6,6,0,6,0,0.9117647058823528,0.0,34,2025-01-10,2025-08-30,True,40.55940541652747,0.4183333333333333,46.302744378071694,98.48204509632734,44.78268521794208,catboost,"A,B,C",RUB->TJS
catboost_abc,UZS,oot,5.0,3,0.5217391304347826,0.3918367346938775,245,96,1.8113207547169812,24,23,1,23,1,0.7924528301886793,0.0754716981132075,53,2025-09-02,2026-09-02,True,312.3372516631502,0.523695652173913,52.027542681149995,435.5450188003373,39.19157454475821,catboost,"A,B,C",RUB->UZS
catboost_abc,UZS,wf_2022,5.0,3,0.2727272727272727,0.3198380566801619,247,79,1.5490196078431373,11,11,0,11,0,0.8823529411764706,0.0392156862745098,51,2022-01-11,2022-12-31,True,618.6204625603912,0.2395454545454545,-220.80147660088073,1254.7790511884866,-160.5848469276934,catboost,"A,B,C",RUB->UZS
catboost_abc,UZS,wf_2023,5.0,3,0.3333333333333333,0.4453441295546558,247,110,2.156862745098039,24,24,0,24,0,0.7843137254901961,0.0784313725490196,51,2023-01-10,2023-12-30,True,221.0101421884292,0.283125,0.147051087553241,294.10172741946104,9.13288535722016,catboost,"A,B,C",RUB->UZS
catboost_abc,UZS,wf_2024,5.0,3,1.0,0.3911290322580645,248,97,1.9019607843137256,1,1,0,1,0,0.9803921568627452,0.0,51,2024-01-10,2024-12-29,True,0.0,0.49,135.08260979950376,40.25621205551523,282.1231576091443,catboost,"A,B,C",RUB->UZS
catboost_abc,UZS,wf_2025,5.0,3,0.0,0.2484472049689441,161,40,1.1764705882352942,2,2,0,2,0,0.9705882352941176,0.0,34,2025-01-10,2025-08-30,True,131.23940347836037,0.21,-40.11704754207649,124.10700631007548,-71.67927964642107,catboost,"A,B,C",RUB->UZS
catboost_abcd,AMD,oot,5.0,3,0.4117647058823529,0.3755102040816326,245,92,1.7358490566037736,17,17,0,17,0,0.7735849056603774,0.0188679245283018,53,2025-09-02,2026-09-02,True,150.9015694257707,0.4761764705882353,37.980238823201496,247.72375522263684,36.43926914993679,catboost,"A,B,C,D",RUB->AMD
catboost_abcd,AMD,wf_2022,5.0,3,0.25,0.3441295546558704,247,85,1.6666666666666667,4,4,0,4,0,0.9411764705882352,0.0,51,2022-01-11,2022-12-31,True,192.52877875172717,0.10125,-106.05569747814609,476.08302165877535,-122.9771304836433,catboost,"A,B,C,D",RUB->AMD
catboost_abcd,AMD,wf_2023,5.0,3,0.3333333333333333,0.4534412955465587,247,112,2.196078431372549,69,69,0,69,0,0.6078431372549019,0.2549019607843137,51,2023-01-10,2023-12-30,True,374.3825066182138,0.3121014492753623,4.152501255238192,362.3516814043333,5.7873586001511,catboost,"A,B,C,D",RUB->AMD
catboost_abcd,AMD,wf_2024,5.0,3,0.7,0.407258064516129,248,101,1.9803921568627452,10,10,0,10,0,0.9019607843137256,0.0392156862745098,51,2024-01-10,2024-12-29,True,18.78426920508725,0.557,47.74828815022978,67.36757538896453,54.51593080644534,catboost,"A,B,C,D",RUB->AMD
catboost_abcd,AMD,wf_2025,5.0,3,0.3076923076923077,0.2608695652173913,161,42,1.2352941176470589,13,13,0,13,0,0.7941176470588235,0.0294117647058823,34,2025-01-10,2025-08-30,True,140.7639422235656,0.2880769230769231,-2.4566185137439387,326.73064696213964,2.3650843036403764,catboost,"A,B,C,D",RUB->AMD
catboost_abcd,KGS,oot,5.0,3,0.5,0.3551020408163265,245,87,1.6415094339622642,20,20,0,20,0,0.7547169811320755,0.0377358490566037,53,2025-09-02,2026-09-02,True,132.83044421046822,0.5005,54.48384396215319,433.2870631023041,89.9905825306217,catboost,"A,B,C,D",RUB->KGS
catboost_abcd,KGS,wf_2022,5.0,3,0.0,0.340080971659919,247,84,1.6470588235294117,1,1,0,1,0,0.9803921568627452,0.0,51,2022-01-11,2022-12-31,True,379.06342772675794,0.165,-52.344942193711915,1015.5078506868234,545.7197055089647,catboost,"A,B,C,D",RUB->KGS
catboost_abcd,KGS,wf_2023,5.0,3,0.373134328358209,0.4493927125506073,247,111,2.176470588235294,67,67,0,67,0,0.5490196078431373,0.2941176470588235,51,2023-01-10,2023-12-30,True,283.6480633687537,0.3491791044776118,14.263243275888158,304.00155187240637,18.234308247936625,catboost,"A,B,C,D",RUB->KGS
catboost_abcd,KGS,wf_2024,5.0,3,0.4285714285714285,0.4193548387096774,248,104,2.0392156862745097,14,14,0,14,0,0.8235294117647058,0.0196078431372549,51,2024-01-10,2024-12-29,True,60.060583938339015,0.4571428571428571,22.658908071662673,90.5163464652313,15.050068897325804,catboost,"A,B,C,D",RUB->KGS
catboost_abcd,KGS,wf_2025,5.0,3,0.1428571428571428,0.2298136645962732,161,37,1.088235294117647,14,14,0,14,0,0.7352941176470589,0.0294117647058823,34,2025-01-10,2025-08-30,True,173.55098934608736,0.2478571428571428,-8.460493177880572,341.9094812024037,-20.982257904415786,catboost,"A,B,C,D",RUB->KGS
catboost_abcd,KZT,oot,5.0,3,0.6153846153846154,0.3836734693877551,245,94,1.7735849056603774,13,13,0,13,0,0.8490566037735849,0.0377358490566037,53,2025-09-02,2026-09-02,True,151.26442265392103,0.4842307692307692,52.26049325402898,436.62688203831,121.61676674101038,catboost,"A,B,C,D",RUB->KZT
catboost_abcd,KZT,wf_2022,5.0,3,0.0,0.3036437246963562,247,75,1.4705882352941178,1,1,0,1,0,0.9803921568627452,0.0,51,2022-01-11,2022-12-31,True,113.8439657180612,0.215,23.35599946635004,521.4976150895573,453.8465424054228,catboost,"A,B,C,D",RUB->KZT
catboost_abcd,KZT,wf_2023,5.0,3,0.375,0.4048582995951417,247,100,1.96078431372549,64,64,0,64,0,0.5882352941176471,0.2745098039215686,51,2023-01-10,2023-12-30,True,332.18342591702174,0.326484375,12.89605502480149,365.935059066322,16.42782560378189,catboost,"A,B,C,D",RUB->KZT
catboost_abcd,KZT,wf_2024,5.0,3,0.4166666666666667,0.3346774193548387,248,83,1.6274509803921569,12,12,0,12,0,0.803921568627451,0.0,51,2024-01-10,2024-12-29,True,80.0800957551453,0.4058333333333332,34.77526970395844,119.03110673745446,34.972421506688036,catboost,"A,B,C,D",RUB->KZT
catboost_abcd,KZT,wf_2025,5.0,3,0.25,0.2422360248447205,161,39,1.1470588235294117,12,12,0,12,0,0.7941176470588235,0.0294117647058823,34,2025-01-10,2025-08-30,True,182.7849546479734,0.2925,-14.031457253941785,332.1748860912355,-17.142048790875872,catboost,"A,B,C,D",RUB->KZT
catboost_abcd,TJS,oot,5.0,3,0.631578947368421,0.3714285714285714,245,91,1.7169811320754718,19,19,0,19,0,0.7735849056603774,0.0377358490566037,53,2025-09-02,2026-09-02,True,117.2630775055281,0.565,58.40624218895517,400.07666480373047,108.25566000721972,catboost,"A,B,C,D",RUB->TJS
catboost_abcd,TJS,wf_2022,5.0,3,0.0,0.3522267206477733,247,87,1.7058823529411764,2,2,0,2,0,0.9607843137254902,0.0,51,2022-01-11,2022-12-31,True,347.3511118241812,0.1025,-228.992553650382,813.127099984432,-96.2589653268381,catboost,"A,B,C,D",RUB->TJS
catboost_abcd,TJS,wf_2023,5.0,3,0.3454545454545454,0.4453441295546558,247,110,2.156862745098039,55,55,0,55,0,0.6274509803921569,0.2156862745098039,51,2023-01-10,2023-12-30,True,197.50804763325027,0.298,8.187624544420009,281.8914943998205,15.488261964472104,catboost,"A,B,C,D",RUB->TJS
catboost_abcd,TJS,wf_2024,5.0,3,0.5454545454545454,0.407258064516129,248,101,1.9803921568627452,11,11,0,11,0,0.8431372549019608,0.0196078431372549,51,2024-01-10,2024-12-29,True,35.78316673813564,0.433181818181818,25.432755199423465,77.0990581151634,36.52784436747648,catboost,"A,B,C,D",RUB->TJS
catboost_abcd,TJS,wf_2025,5.0,3,0.3,0.3416149068322981,161,55,1.6176470588235294,10,10,0,10,0,0.8235294117647058,0.0294117647058823,34,2025-01-10,2025-08-30,True,148.96259321956373,0.246,-2.3551414342442105,350.72377972655056,20.484504882455344,catboost,"A,B,C,D",RUB->TJS
catboost_abcd,UZS,oot,5.0,3,0.5384615384615384,0.3918367346938775,245,96,1.8113207547169812,13,13,0,13,0,0.8490566037735849,0.0188679245283018,53,2025-09-02,2026-09-02,True,129.53139605472953,0.5457692307692308,53.672404825715546,437.69331680459146,93.72097535733587,catboost,"A,B,C,D",RUB->UZS
catboost_abcd,UZS,wf_2022,5.0,3,0.0,0.3198380566801619,247,79,1.5490196078431373,3,3,0,3,0,0.9411764705882352,0.0,51,2022-01-11,2022-12-31,True,247.4166357227984,0.0683333333333333,-194.4637395756142,794.2300328894058,-63.93987862848394,catboost,"A,B,C,D",RUB->UZS
catboost_abcd,UZS,wf_2023,5.0,3,0.359375,0.4453441295546558,247,110,2.156862745098039,64,64,0,64,0,0.6078431372549019,0.2352941176470588,51,2023-01-10,2023-12-30,True,264.4164408347351,0.334921875,11.499223179995797,286.81448695286315,17.046374374644607,catboost,"A,B,C,D",RUB->UZS
catboost_abcd,UZS,wf_2024,5.0,3,0.7,0.3911290322580645,248,97,1.9019607843137256,10,10,0,10,0,0.8235294117647058,0.0,51,2024-01-10,2024-12-29,True,34.20742914851127,0.5429999999999999,50.095091253601346,90.59627475773593,62.289450679621766,catboost,"A,B,C,D",RUB->UZS
catboost_abcd,UZS,wf_2025,5.0,3,0.3333333333333333,0.2484472049689441,161,40,1.1764705882352942,12,12,0,12,0,0.7941176470588235,0.0294117647058823,34,2025-01-10,2025-08-30,True,157.53531831407798,0.25125,-16.204352853423458,366.2321310455357,5.770742235936638,catboost,"A,B,C,D",RUB->UZS
level,AMD,oot,,3,0.3333333333333333,0.3755102040816326,245,92,1.7358490566037736,42,42,0,42,0,0.7169811320754716,0.1320754716981132,53,2025-09-02,2026-09-02,True,238.96313812058125,0.2341666666666666,-6.530000516411722,272.0769325180047,20.78120919997024,level,,RUB->AMD
level,AMD,wf_2022,,3,0.21875,0.3441295546558704,247,85,1.6666666666666667,32,32,0,32,0,0.8235294117647058,0.1372549019607843,51,2022-01-11,2022-12-31,True,710.3252512814513,0.18390625,-29.07712616378314,883.2649200752427,7.862473532049549,level,,RUB->AMD
level,AMD,wf_2023,,3,0.2,0.4534412955465587,247,112,2.196078431372549,25,25,0,25,0,0.8823529411764706,0.0980392156862745,51,2023-01-10,2023-12-30,True,238.78112968909403,0.205,-21.41276108301459,324.19054780615244,-22.599306264038873,level,,RUB->AMD
level,AMD,wf_2024,,3,0.3928571428571428,0.407258064516129,248,101,1.9803921568627452,28,28,0,28,0,0.8431372549019608,0.1372549019607843,51,2024-01-10,2024-12-29,True,272.15778866313747,0.3167857142857143,5.487332925940134,510.3657041412597,35.21762756689175,level,,RUB->AMD
level,AMD,wf_2025,,3,0.2613636363636363,0.2608695652173913,161,42,1.2352941176470589,88,88,0,88,0,0.2941176470588235,0.5294117647058824,34,2025-01-10,2025-08-30,True,548.452158718412,0.2178977272727272,-33.083585697423935,548.4521587184119,-24.98469866942509,level,,RUB->AMD
level,KGS,oot,,3,0.2950819672131147,0.3551020408163265,245,87,1.6415094339622642,61,61,0,61,0,0.6226415094339622,0.2075471698113207,53,2025-09-02,2026-09-02,True,251.38728346570625,0.2490983606557377,-15.100270840633511,269.97598992606567,1.5934576418344133,level,,RUB->KGS
level,KGS,wf_2022,,3,0.2619047619047619,0.340080971659919,247,84,1.6470588235294117,42,42,0,42,0,0.7647058823529411,0.1764705882352941,51,2022-01-11,2022-12-31,True,789.7978754507076,0.1996428571428571,-78.17581553816527,1153.1400275205558,5.950072948078311,level,,RUB->KGS
level,KGS,wf_2023,,3,0.2857142857142857,0.4493927125506073,247,111,2.176470588235294,14,14,0,14,0,0.9215686274509804,0.0588235294117647,51,2023-01-10,2023-12-30,True,127.36235128287277,0.3275,-2.040459019607927,332.28952502211854,2.2615928155230103,level,,RUB->KGS
level,KGS,wf_2024,,3,0.4090909090909091,0.4193548387096774,248,104,2.0392156862745097,22,22,0,22,0,0.8627450980392157,0.0784313725490196,51,2024-01-10,2024-12-29,True,485.33636191654494,0.365909090909091,27.128922424589792,616.9477268312374,33.08311930271383,level,,RUB->KGS
level,KGS,wf_2025,,3,0.202020202020202,0.2298136645962732,161,37,1.088235294117647,99,99,0,99,0,0.2647058823529412,0.6176470588235294,34,2025-01-10,2025-08-30,True,535.1712629845289,0.1833333333333333,-34.83848432694504,535.1712629845289,-29.21378432342502,level,,RUB->KGS
level,KZT,oot,,3,0.5263157894736842,0.3836734693877551,245,94,1.7735849056603774,19,19,0,19,0,0.8679245283018868,0.0754716981132075,53,2025-09-02,2026-09-02,True,235.20949830033632,0.4026315789473684,1.2092156335602806,357.32478089624595,59.51729716409356,level,,RUB->KZT
level,KZT,wf_2022,,3,0.2156862745098039,0.3036437246963562,247,75,1.4705882352941178,51,51,0,51,0,0.7058823529411765,0.2156862745098039,51,2022-01-11,2022-12-31,True,787.7210034762036,0.1689215686274509,-97.28639268813586,854.997888934715,-9.07219418700093,level,,RUB->KZT
level,KZT,wf_2023,,3,0.2857142857142857,0.4048582995951417,247,100,1.96078431372549,21,21,0,21,0,0.8823529411764706,0.0784313725490196,51,2023-01-10,2023-12-30,True,176.57840346038657,0.2014285714285714,-10.597133241736572,201.2815567700354,-0.4465133221482035,level,,RUB->KZT
level,KZT,wf_2024,,3,0.3111111111111111,0.3346774193548387,248,83,1.6274509803921569,45,45,0,45,0,0.803921568627451,0.196078431372549,51,2024-01-10,2024-12-29,True,611.2045094665981,0.3099999999999999,-28.223647194406663,845.6056919356233,-29.829273348291935,level,,RUB->KZT
level,KZT,wf_2025,,3,0.2782608695652174,0.2422360248447205,161,39,1.1470588235294117,115,115,0,115,0,0.1176470588235294,0.6764705882352942,34,2025-01-10,2025-08-30,False,,0.232,-34.145063679477424,571.217375073092,-16.91479568633944,level,,RUB->KZT
level,TJS,oot,,3,0.3142857142857143,0.3714285714285714,245,91,1.7169811320754718,70,70,0,70,0,0.5849056603773585,0.2075471698113207,53,2025-09-02,2026-09-02,True,254.55734197834937,0.2857142857142856,-6.205604209274141,274.24230358418106,1.7838761865360644,level,,RUB->TJS
level,TJS,wf_2022,,3,0.3076923076923077,0.3522267206477733,247,87,1.7058823529411764,39,39,0,39,0,0.7843137254901961,0.1764705882352941,51,2022-01-11,2022-12-31,True,804.742848335073,0.2203846153846154,-98.58704348048052,1444.576402328635,4.929603759899555,level,,RUB->TJS
level,TJS,wf_2023,,3,0.25,0.4453441295546558,247,110,2.156862745098039,12,12,0,12,0,0.9411764705882352,0.0588235294117647,51,2023-01-10,2023-12-30,True,94.70102319760753,0.2995833333333333,13.418187032844694,310.99574169127584,21.777381304582587,level,,RUB->TJS
level,TJS,wf_2024,,3,0.4,0.407258064516129,248,101,1.9803921568627452,30,30,0,30,0,0.803921568627451,0.1176470588235294,51,2024-01-10,2024-12-29,True,331.3795000569368,0.3276666666666666,8.630801605770566,569.1195047176965,38.85888378507525,level,,RUB->TJS
level,TJS,wf_2025,,3,0.2558139534883721,0.3416149068322981,161,55,1.6176470588235294,43,43,0,43,0,0.6764705882352942,0.2352941176470588,34,2025-01-10,2025-08-30,True,552.1496385220534,0.2373255813953488,-53.922015958865806,617.8694563326368,-44.35965423487634,level,,RUB->TJS
level,UZS,oot,,3,0.3469387755102041,0.3918367346938775,245,96,1.8113207547169812,49,49,0,49,0,0.6981132075471698,0.1698113207547169,53,2025-09-02,2026-09-02,True,310.8620617743662,0.2690816326530612,-19.863340605292983,338.01426379396406,0.3473253064780121,level,,RUB->UZS
level,UZS,wf_2022,,3,0.1521739130434782,0.3198380566801619,247,79,1.5490196078431373,46,46,0,46,0,0.7647058823529411,0.196078431372549,51,2022-01-11,2022-12-31,True,842.5286445226026,0.1254347826086956,-104.43589543339723,940.8598590718848,-41.33844237510901,level,,RUB->UZS
level,UZS,wf_2023,,3,0.1851851851851851,0.4453441295546558,247,110,2.156862745098039,27,27,0,27,0,0.8823529411764706,0.1176470588235294,51,2023-01-10,2023-12-30,True,254.8172480403968,0.2009259259259259,-28.18557273754643,329.28335875680887,-28.5023347286571,level,,RUB->UZS
level,UZS,wf_2024,,3,0.3529411764705882,0.3911290322580645,248,97,1.9019607843137256,51,51,0,51,0,0.7058823529411765,0.2352941176470588,51,2024-01-10,2024-12-29,True,324.6769675069703,0.2796078431372548,-2.5826640416360256,620.3002564448059,18.75720299859284,level,,RUB->UZS
level,UZS,wf_2025,,3,0.2564102564102564,0.2484472049689441,161,40,1.1764705882352942,78,78,0,78,0,0.3823529411764705,0.5,34,2025-01-10,2025-08-30,True,575.2137603775639,0.2248076923076923,-35.65894293184257,610.720501210204,-25.708637966180124,level,,RUB->UZS
logreg_a,AMD,oot,5.0,3,0.2894736842105263,0.3755102040816326,245,92,1.7358490566037736,38,38,0,38,0,0.660377358490566,0.1320754716981132,53,2025-09-02,2026-09-02,True,248.79393319094635,0.3819736842105263,4.760148898972758,247.73784116613768,-8.779147811024167,logreg,A,RUB->AMD
logreg_a,AMD,wf_2022,5.0,3,0.5,0.3441295546558704,247,85,1.6666666666666667,2,2,0,2,0,0.9607843137254902,0.0,51,2022-01-11,2022-12-31,True,45.15772480693458,0.43,407.36442271635946,318.8565972773798,423.2439482741312,logreg,A,RUB->AMD
logreg_a,AMD,wf_2023,5.0,3,0.2857142857142857,0.4534412955465587,247,112,2.196078431372549,7,7,0,7,0,0.8627450980392157,0.0,51,2023-01-10,2023-12-30,True,145.39961182507355,0.3057142857142857,35.62558668646907,313.63898645678296,70.28229315334217,logreg,A,RUB->AMD
logreg_a,AMD,wf_2024,5.0,3,0.36,0.407258064516129,248,101,1.9803921568627452,50,50,0,50,0,0.5882352941176471,0.1568627450980392,51,2024-01-10,2024-12-29,True,302.5541586929452,0.3263999999999999,13.023394264624748,353.3276000954273,22.04864593497409,logreg,A,RUB->AMD
logreg_a,AMD,wf_2025,5.0,3,0.3181818181818182,0.2608695652173913,161,42,1.2352941176470589,22,22,0,22,0,0.5882352941176471,0.0588235294117647,34,2025-01-10,2025-08-30,True,257.2022326739117,0.3504545454545454,-7.252729160956413,305.7919870143761,-27.288809039893778,logreg,A,RUB->AMD
logreg_a,KGS,oot,5.0,3,0.25,0.3551020408163265,245,87,1.6415094339622642,4,4,0,4,0,0.9245283018867924,0.0,53,2025-09-02,2026-09-02,True,84.06807928441562,0.28875,-15.70670126276264,238.90407250044868,35.691732926089735,logreg,A,RUB->KGS
logreg_a,KGS,wf_2022,5.0,3,,0.340080971659919,247,84,1.6470588235294117,0,0,0,0,0,1.0,0.0,51,2022-01-11,2022-12-31,True,,,,,,logreg,A,RUB->KGS
logreg_a,KGS,wf_2023,5.0,3,0.3333333333333333,0.4493927125506073,247,111,2.176470588235294,6,6,0,6,0,0.8823529411764706,0.0,51,2023-01-10,2023-12-30,True,135.85934399013678,0.2633333333333333,5.701825376750085,232.1222171326353,10.50903773312813,logreg,A,RUB->KGS
logreg_a,KGS,wf_2024,5.0,3,0.3773584905660377,0.4193548387096774,248,104,2.0392156862745097,53,53,0,53,0,0.5686274509803921,0.1764705882352941,51,2024-01-10,2024-12-29,True,192.73048490675524,0.3629245283018868,4.836806021066336,372.2300558656849,4.135415643225851,logreg,A,RUB->KGS
logreg_a,KGS,wf_2025,5.0,3,0.1363636363636363,0.2298136645962732,161,37,1.088235294117647,22,22,0,22,0,0.5294117647058824,0.0294117647058823,34,2025-01-10,2025-08-30,True,297.9183220087717,0.2343181818181818,-20.176210974224738,316.3594804838981,-38.93150486405125,logreg,A,RUB->KGS
logreg_a,KZT,oot,5.0,3,0.4,0.3836734693877551,245,94,1.7735849056603774,5,5,0,5,0,0.9245283018867924,0.0,53,2025-09-02,2026-09-02,True,70.21266672151549,0.265,-4.795410933507899,207.53517353344415,16.815959214610878,logreg,A,RUB->KZT
logreg_a,KZT,wf_2022,5.0,3,,0.3036437246963562,247,75,1.4705882352941178,0,0,0,0,0,1.0,0.0,51,2022-01-11,2022-12-31,True,,,,,,logreg,A,RUB->KZT
logreg_a,KZT,wf_2023,5.0,3,0.3333333333333333,0.4048582995951417,247,100,1.96078431372549,9,9,0,9,0,0.8431372549019608,0.0,51,2023-01-10,2023-12-30,True,87.55544887590848,0.3405555555555555,48.48138334027651,169.60927778629238,54.56646587986663,logreg,A,RUB->KZT
logreg_a,KZT,wf_2024,5.0,3,0.25,0.3346774193548387,248,83,1.6274509803921569,48,48,0,48,0,0.5686274509803921,0.1568627450980392,51,2024-01-10,2024-12-29,True,403.2034463371143,0.2769791666666666,0.3840984942548755,425.0085359805891,-3.0157126733963247,logreg,A,RUB->KZT
logreg_a,KZT,wf_2025,5.0,3,0.1538461538461538,0.2422360248447205,161,39,1.1470588235294117,26,26,0,26,0,0.5294117647058824,0.088235294117647,34,2025-01-10,2025-08-30,True,348.2267960493108,0.2553846153846154,-20.63402145348516,374.8706887608157,-35.96452506119952,logreg,A,RUB->KZT
logreg_a,TJS,oot,5.0,3,0.5434782608695652,0.3714285714285714,245,91,1.7169811320754718,47,46,1,46,1,0.5471698113207547,0.1132075471698113,53,2025-09-02,2026-09-02,True,354.9858397411034,0.5653260869565218,58.591543938802616,366.12517369942213,58.21086421002029,logreg,A,RUB->TJS
logreg_a,TJS,wf_2022,5.0,3,0.0,0.3522267206477733,247,87,1.7058823529411764,2,2,0,2,0,0.9607843137254902,0.0,51,2022-01-11,2022-12-31,True,531.8167714112698,0.0,-198.64281841073415,590.9731333614031,-227.36108038694968,logreg,A,RUB->TJS
logreg_a,TJS,wf_2023,5.0,3,0.1666666666666666,0.4453441295546558,247,110,2.156862745098039,6,6,0,6,0,0.8823529411764706,0.0,51,2023-01-10,2023-12-30,True,139.48067316882538,0.2475,6.223636058430839,234.7027441515745,8.074149778177768,logreg,A,RUB->TJS
logreg_a,TJS,wf_2024,5.0,3,0.44,0.407258064516129,248,101,1.9803921568627452,50,50,0,50,0,0.5686274509803921,0.1764705882352941,51,2024-01-10,2024-12-29,True,373.2591007248858,0.3913,16.839481777443986,577.6167406638774,27.1443892191509,logreg,A,RUB->TJS
logreg_a,TJS,wf_2025,5.0,3,0.3703703703703703,0.3416149068322981,161,55,1.6176470588235294,27,27,0,27,0,0.5588235294117647,0.088235294117647,34,2025-01-10,2025-08-30,True,303.61551047651324,0.3529629629629629,0.8281458967759018,326.62101024603055,-3.170786227554208,logreg,A,RUB->TJS
logreg_a,UZS,oot,5.0,3,0.25,0.3918367346938775,245,96,1.8113207547169812,4,4,0,4,0,0.9245283018867924,0.0,53,2025-09-02,2026-09-02,True,110.43805442382038,0.225,12.86453408747913,215.50100828596217,10.44787579772832,logreg,A,RUB->UZS
logreg_a,UZS,wf_2022,5.0,3,,0.3198380566801619,247,79,1.5490196078431373,0,0,0,0,0,1.0,0.0,51,2022-01-11,2022-12-31,True,,,,,,logreg,A,RUB->UZS
logreg_a,UZS,wf_2023,5.0,3,0.1428571428571428,0.4453441295546558,247,110,2.156862745098039,7,7,0,7,0,0.8627450980392157,0.0,51,2023-01-10,2023-12-30,True,154.34085623569337,0.2864285714285713,12.392345031214052,241.7746186737982,6.7833371547035695,logreg,A,RUB->UZS
logreg_a,UZS,wf_2024,5.0,3,0.3958333333333333,0.3911290322580645,248,97,1.9019607843137256,48,48,0,48,0,0.5686274509803921,0.1764705882352941,51,2024-01-10,2024-12-29,True,496.8245645893847,0.39125,-0.1610923498691843,478.8563839787322,-16.017770875108795,logreg,A,RUB->UZS
logreg_a,UZS,wf_2025,5.0,3,0.2272727272727272,0.2484472049689441,161,40,1.1764705882352942,22,22,0,22,0,0.5294117647058824,0.0294117647058823,34,2025-01-10,2025-08-30,True,291.89743989110093,0.2145454545454545,-24.29211325790731,324.00212822779025,-32.80709631671335,logreg,A,RUB->UZS
logreg_ab,AMD,oot,5.0,3,,0.3755102040816326,245,92,1.7358490566037736,0,0,0,0,0,1.0,0.0,53,2025-09-02,2026-09-02,True,,,,,,logreg,"A,B",RUB->AMD
logreg_ab,AMD,wf_2022,5.0,3,0.3333333333333333,0.3441295546558704,247,85,1.6666666666666667,6,6,0,6,0,0.8823529411764706,0.0,51,2022-01-11,2022-12-31,True,318.57331860746507,0.2408333333333333,-76.83920165243397,827.5840187541673,22.47402827805631,logreg,"A,B",RUB->AMD
logreg_ab,AMD,wf_2023,5.0,3,,0.4534412955465587,247,112,2.196078431372549,0,0,0,0,0,1.0,0.0,51,2023-01-10,2023-12-30,True,,,,,,logreg,"A,B",RUB->AMD
logreg_ab,AMD,wf_2024,5.0,3,0.35,0.407258064516129,248,101,1.9803921568627452,40,40,0,40,0,0.6274509803921569,0.1176470588235294,51,2024-01-10,2024-12-29,True,273.09733251155865,0.307125,11.01199893668358,376.8685813386248,16.198159326449552,logreg,"A,B",RUB->AMD
logreg_ab,AMD,wf_2025,5.0,3,,0.2608695652173913,161,42,1.2352941176470589,0,0,0,0,0,1.0,0.0,34,2025-01-10,2025-08-30,True,,,,,,logreg,"A,B",RUB->AMD
logreg_ab,KGS,oot,5.0,3,,0.3551020408163265,245,87,1.6415094339622642,0,0,0,0,0,1.0,0.0,53,2025-09-02,2026-09-02,True,,,,,,logreg,"A,B",RUB->KGS
logreg_ab,KGS,wf_2022,5.0,3,0.3333333333333333,0.340080971659919,247,84,1.6470588235294117,3,3,0,3,0,0.9411764705882352,0.0,51,2022-01-11,2022-12-31,True,78.81101735436916,0.1866666666666666,-65.31666582841015,294.6188784434047,7.834326116669497,logreg,"A,B",RUB->KGS
logreg_ab,KGS,wf_2023,5.0,3,,0.4493927125506073,247,111,2.176470588235294,0,0,0,0,0,1.0,0.0,51,2023-01-10,2023-12-30,True,,,,,,logreg,"A,B",RUB->KGS
logreg_ab,KGS,wf_2024,5.0,3,0.3125,0.4193548387096774,248,104,2.0392156862745097,32,32,0,32,0,0.6862745098039216,0.0980392156862745,51,2024-01-10,2024-12-29,True,129.85195857808975,0.33875,8.624302058755106,152.38032375102685,3.0069474498636843,logreg,"A,B",RUB->KGS
logreg_ab,KGS,wf_2025,5.0,3,1.0,0.2298136645962732,161,37,1.088235294117647,1,1,0,1,0,0.9705882352941176,0.0,34,2025-01-10,2025-08-30,True,0.0,0.37,-4.983925269843897,20.803150805653235,35.01530831856448,logreg,"A,B",RUB->KGS
logreg_ab,KZT,oot,5.0,3,,0.3836734693877551,245,94,1.7735849056603774,0,0,0,0,0,1.0,0.0,53,2025-09-02,2026-09-02,True,,,,,,logreg,"A,B",RUB->KZT
logreg_ab,KZT,wf_2022,5.0,3,0.0909090909090909,0.3036437246963562,247,75,1.4705882352941178,11,11,0,11,0,0.9019607843137256,0.0392156862745098,51,2022-01-11,2022-12-31,True,668.276684727143,0.18,-97.2288640168676,764.152801034897,-173.74050439407168,logreg,"A,B",RUB->KZT
logreg_ab,KZT,wf_2023,5.0,3,,0.4048582995951417,247,100,1.96078431372549,0,0,0,0,0,1.0,0.0,51,2023-01-10,2023-12-30,True,,,,,,logreg,"A,B",RUB->KZT
logreg_ab,KZT,wf_2024,5.0,3,0.2,0.3346774193548387,248,83,1.6274509803921569,30,30,0,30,0,0.6470588235294118,0.0784313725490196,51,2024-01-10,2024-12-29,True,307.56309705596726,0.2226666666666666,-6.059791737082537,442.64939874842673,3.962809279097682,logreg,"A,B",RUB->KZT
logreg_ab,KZT,wf_2025,5.0,3,,0.2422360248447205,161,39,1.1470588235294117,0,0,0,0,0,1.0,0.0,34,2025-01-10,2025-08-30,True,,,,,,logreg,"A,B",RUB->KZT
logreg_ab,TJS,oot,5.0,3,,0.3714285714285714,245,91,1.7169811320754718,0,0,0,0,0,1.0,0.0,53,2025-09-02,2026-09-02,True,,,,,,logreg,"A,B",RUB->TJS
logreg_ab,TJS,wf_2022,5.0,3,0.4,0.3522267206477733,247,87,1.7058823529411764,10,10,0,10,0,0.803921568627451,0.0,51,2022-01-11,2022-12-31,True,494.1792628467554,0.2865,-59.666719611559365,1218.1567519863484,16.52849363610021,logreg,"A,B",RUB->TJS
logreg_ab,TJS,wf_2023,5.0,3,,0.4453441295546558,247,110,2.156862745098039,0,0,0,0,0,1.0,0.0,51,2023-01-10,2023-12-30,True,,,,,,logreg,"A,B",RUB->TJS
logreg_ab,TJS,wf_2024,5.0,3,0.4772727272727273,0.407258064516129,248,101,1.9803921568627452,44,44,0,44,0,0.5882352941176471,0.1372549019607843,51,2024-01-10,2024-12-29,True,261.5576133812225,0.3967045454545455,15.110539862229512,434.9597959968322,28.45582907108719,logreg,"A,B",RUB->TJS
logreg_ab,TJS,wf_2025,5.0,3,0.3333333333333333,0.3416149068322981,161,55,1.6176470588235294,3,3,0,3,0,0.9411764705882352,0.0,34,2025-01-10,2025-08-30,True,15.082892793791824,0.5166666666666666,66.46681504856174,34.69757524309067,50.43118846706125,logreg,"A,B",RUB->TJS
logreg_ab,UZS,oot,5.0,3,,0.3918367346938775,245,96,1.8113207547169812,0,0,0,0,0,1.0,0.0,53,2025-09-02,2026-09-02,True,,,,,,logreg,"A,B",RUB->UZS
logreg_ab,UZS,wf_2022,5.0,3,0.1,0.3198380566801619,247,79,1.5490196078431373,10,10,0,10,0,0.8627450980392157,0.0196078431372549,51,2022-01-11,2022-12-31,True,673.9777753934226,0.0984999999999999,-161.261227517149,925.2788413505364,-200.13215591997312,logreg,"A,B",RUB->UZS
logreg_ab,UZS,wf_2023,5.0,3,,0.4453441295546558,247,110,2.156862745098039,0,0,0,0,0,1.0,0.0,51,2023-01-10,2023-12-30,True,,,,,,logreg,"A,B",RUB->UZS
logreg_ab,UZS,wf_2024,5.0,3,0.4583333333333333,0.3911290322580645,248,97,1.9019607843137256,24,24,0,24,0,0.6862745098039216,0.0392156862745098,51,2024-01-10,2024-12-29,True,98.54231099968348,0.4497916666666666,24.15934432284254,289.24512007144057,39.64447168510891,logreg,"A,B",RUB->UZS
logreg_ab,UZS,wf_2025,5.0,3,0.0,0.2484472049689441,161,40,1.1764705882352942,3,3,0,3,0,0.9705882352941176,0.0294117647058823,34,2025-01-10,2025-08-30,True,126.58796952631576,0.1933333333333333,-43.12907433017819,144.94665436075138,-79.54401735573676,logreg,"A,B",RUB->UZS
logreg_abc,AMD,oot,5.0,3,0.125,0.3755102040816326,245,92,1.7358490566037736,8,8,0,8,0,0.8679245283018868,0.0,53,2025-09-02,2026-09-02,True,114.88985140635457,0.40875,22.59648268081471,199.59946713823484,-2.257310144838792,logreg,"A,B,C",RUB->AMD
logreg_abc,AMD,wf_2022,5.0,3,1.0,0.3441295546558704,247,85,1.6666666666666667,1,1,0,1,0,0.9803921568627452,0.0,51,2022-01-11,2022-12-31,True,0.0,0.405,64.20805718114094,28.23335327145922,132.41526554576888,logreg,"A,B,C",RUB->AMD
logreg_abc,AMD,wf_2023,5.0,3,,0.4534412955465587,247,112,2.196078431372549,0,0,0,0,0,1.0,0.0,51,2023-01-10,2023-12-30,True,,,,,,logreg,"A,B,C",RUB->AMD
logreg_abc,AMD,wf_2024,5.0,3,,0.407258064516129,248,101,1.9803921568627452,0,0,0,0,0,1.0,0.0,51,2024-01-10,2024-12-29,True,,,,,,logreg,"A,B,C",RUB->AMD
logreg_abc,AMD,wf_2025,5.0,3,,0.2608695652173913,161,42,1.2352941176470589,0,0,0,0,0,1.0,0.0,34,2025-01-10,2025-08-30,True,,,,,,logreg,"A,B,C",RUB->AMD
logreg_abc,KGS,oot,5.0,3,0.3529411764705882,0.3551020408163265,245,87,1.6415094339622642,18,17,1,17,1,0.7924528301886793,0.0377358490566037,53,2025-09-02,2026-09-02,True,227.4560779373789,0.4052941176470587,39.33236650729054,464.1189538782645,61.35481551031496,logreg,"A,B,C",RUB->KGS
logreg_abc,KGS,wf_2022,5.0,3,1.0,0.340080971659919,247,84,1.6470588235294117,1,1,0,1,0,0.9803921568627452,0.0,51,2022-01-11,2022-12-31,True,0.0,0.385,32.906986522610374,49.25093484149134,125.35907106458578,logreg,"A,B,C",RUB->KGS
logreg_abc,KGS,wf_2023,5.0,3,,0.4493927125506073,247,111,2.176470588235294,0,0,0,0,0,1.0,0.0,51,2023-01-10,2023-12-30,True,,,,,,logreg,"A,B,C",RUB->KGS
logreg_abc,KGS,wf_2024,5.0,3,,0.4193548387096774,248,104,2.0392156862745097,0,0,0,0,0,1.0,0.0,51,2024-01-10,2024-12-29,True,,,,,,logreg,"A,B,C",RUB->KGS
logreg_abc,KGS,wf_2025,5.0,3,,0.2298136645962732,161,37,1.088235294117647,0,0,0,0,0,1.0,0.0,34,2025-01-10,2025-08-30,True,,,,,,logreg,"A,B,C",RUB->KGS
logreg_abc,KZT,oot,5.0,3,0.4,0.3836734693877551,245,94,1.7735849056603774,5,5,0,5,0,0.9433962264150944,0.0188679245283018,53,2025-09-02,2026-09-02,True,67.1855046879064,0.455,72.98749261326822,174.36421371558686,75.13792424805654,logreg,"A,B,C",RUB->KZT
logreg_abc,KZT,wf_2022,5.0,3,,0.3036437246963562,247,75,1.4705882352941178,0,0,0,0,0,1.0,0.0,51,2022-01-11,2022-12-31,True,,,,,,logreg,"A,B,C",RUB->KZT
logreg_abc,KZT,wf_2023,5.0,3,,0.4048582995951417,247,100,1.96078431372549,0,0,0,0,0,1.0,0.0,51,2023-01-10,2023-12-30,True,,,,,,logreg,"A,B,C",RUB->KZT
logreg_abc,KZT,wf_2024,5.0,3,,0.3346774193548387,248,83,1.6274509803921569,0,0,0,0,0,1.0,0.0,51,2024-01-10,2024-12-29,True,,,,,,logreg,"A,B,C",RUB->KZT
logreg_abc,KZT,wf_2025,5.0,3,,0.2422360248447205,161,39,1.1470588235294117,0,0,0,0,0,1.0,0.0,34,2025-01-10,2025-08-30,True,,,,,,logreg,"A,B,C",RUB->KZT
logreg_abc,TJS,oot,5.0,3,0.4347826086956521,0.3714285714285714,245,91,1.7169811320754718,24,23,1,23,1,0.6792452830188679,0.0377358490566037,53,2025-09-02,2026-09-02,True,264.71055209724744,0.4673913043478261,42.035143902230494,349.09359416320495,48.17155819668612,logreg,"A,B,C",RUB->TJS
logreg_abc,TJS,wf_2022,5.0,3,1.0,0.3522267206477733,247,87,1.7058823529411764,1,1,0,1,0,0.9803921568627452,0.0,51,2022-01-11,2022-12-31,True,0.0,0.335,26.961220228020153,52.0228457240979,133.264446730621,logreg,"A,B,C",RUB->TJS
logreg_abc,TJS,wf_2023,5.0,3,,0.4453441295546558,247,110,2.156862745098039,0,0,0,0,0,1.0,0.0,51,2023-01-10,2023-12-30,True,,,,,,logreg,"A,B,C",RUB->TJS
logreg_abc,TJS,wf_2024,5.0,3,,0.407258064516129,248,101,1.9803921568627452,0,0,0,0,0,1.0,0.0,51,2024-01-10,2024-12-29,True,,,,,,logreg,"A,B,C",RUB->TJS
logreg_abc,TJS,wf_2025,5.0,3,0.6666666666666666,0.3416149068322981,161,55,1.6176470588235294,3,3,0,3,0,0.9411764705882352,0.0,34,2025-01-10,2025-08-30,True,90.05210973527318,0.525,81.24332301468891,151.45428873518696,53.46264933790682,logreg,"A,B,C",RUB->TJS
logreg_abc,UZS,oot,5.0,3,0.375,0.3918367346938775,245,96,1.8113207547169812,18,16,2,16,2,0.8301886792452831,0.0566037735849056,53,2025-09-02,2026-09-02,True,223.7340439397273,0.393125,32.9992675008724,458.93473992107255,33.81685241488998,logreg,"A,B,C",RUB->UZS
logreg_abc,UZS,wf_2022,5.0,3,0.3333333333333333,0.3198380566801619,247,79,1.5490196078431373,3,3,0,3,0,0.9411764705882352,0.0,51,2022-01-11,2022-12-31,True,454.637395973602,0.13,-272.02317329683245,973.0988867032418,-122.92796218948595,logreg,"A,B,C",RUB->UZS
logreg_abc,UZS,wf_2023,5.0,3,,0.4453441295546558,247,110,2.156862745098039,0,0,0,0,0,1.0,0.0,51,2023-01-10,2023-12-30,True,,,,,,logreg,"A,B,C",RUB->UZS
logreg_abc,UZS,wf_2024,5.0,3,,0.3911290322580645,248,97,1.9019607843137256,0,0,0,0,0,1.0,0.0,51,2024-01-10,2024-12-29,True,,,,,,logreg,"A,B,C",RUB->UZS
logreg_abc,UZS,wf_2025,5.0,3,,0.2484472049689441,161,40,1.1764705882352942,0,0,0,0,0,1.0,0.0,34,2025-01-10,2025-08-30,True,,,,,,logreg,"A,B,C",RUB->UZS
logreg_abcd,AMD,oot,5.0,3,,0.3755102040816326,245,92,1.7358490566037736,0,0,0,0,0,1.0,0.0,53,2025-09-02,2026-09-02,True,,,,,,logreg,"A,B,C,D",RUB->AMD
logreg_abcd,AMD,wf_2022,5.0,3,0.1818181818181818,0.3441295546558704,247,85,1.6666666666666667,44,44,0,44,0,0.6862745098039216,0.1764705882352941,51,2022-01-11,2022-12-31,True,991.5463512126864,0.1510227272727272,-133.9400896312029,1050.860218323885,-147.60256501474777,logreg,"A,B,C,D",RUB->AMD
logreg_abcd,AMD,wf_2023,5.0,3,,0.4534412955465587,247,112,2.196078431372549,0,0,0,0,0,1.0,0.0,51,2023-01-10,2023-12-30,True,,,,,,logreg,"A,B,C,D",RUB->AMD
logreg_abcd,AMD,wf_2024,5.0,3,0.4583333333333333,0.407258064516129,248,101,1.9803921568627452,24,24,0,24,0,0.7058823529411765,0.0392156862745098,51,2024-01-10,2024-12-29,True,174.54252322911935,0.42625,24.48008926315133,306.68365393837826,14.798774031646724,logreg,"A,B,C,D",RUB->AMD
logreg_abcd,AMD,wf_2025,5.0,3,0.2727272727272727,0.2608695652173913,161,42,1.2352941176470589,22,22,0,22,0,0.6470588235294118,0.0588235294117647,34,2025-01-10,2025-08-30,True,288.5769374848613,0.2484090909090908,-26.526642502705965,334.77890317327166,-33.60238192798984,logreg,"A,B,C,D",RUB->AMD
logreg_abcd,KGS,oot,5.0,3,,0.3551020408163265,245,87,1.6415094339622642,0,0,0,0,0,1.0,0.0,53,2025-09-02,2026-09-02,True,,,,,,logreg,"A,B,C,D",RUB->KGS
logreg_abcd,KGS,wf_2022,5.0,3,0.1612903225806451,0.340080971659919,247,84,1.6470588235294117,31,31,0,31,0,0.7647058823529411,0.1372549019607843,51,2022-01-11,2022-12-31,True,723.9137237070272,0.2283870967741935,-82.9569448134832,801.3985359682518,-127.95713254115688,logreg,"A,B,C,D",RUB->KGS
logreg_abcd,KGS,wf_2023,5.0,3,,0.4493927125506073,247,111,2.176470588235294,0,0,0,0,0,1.0,0.0,51,2023-01-10,2023-12-30,True,,,,,,logreg,"A,B,C,D",RUB->KGS
logreg_abcd,KGS,wf_2024,5.0,3,0.2222222222222222,0.4193548387096774,248,104,2.0392156862745097,9,9,0,9,0,0.8823529411764706,0.0,51,2024-01-10,2024-12-29,True,121.05985106520302,0.2722222222222223,15.1394950685853,175.08179535514063,-15.869628850483616,logreg,"A,B,C,D",RUB->KGS
logreg_abcd,KGS,wf_2025,5.0,3,0.1666666666666666,0.2298136645962732,161,37,1.088235294117647,12,12,0,12,0,0.7647058823529411,0.0294117647058823,34,2025-01-10,2025-08-30,True,122.42787963576252,0.3079166666666666,-8.834429648622816,281.68480775693087,-15.44306282544733,logreg,"A,B,C,D",RUB->KGS
logreg_abcd,KZT,oot,5.0,3,,0.3836734693877551,245,94,1.7735849056603774,0,0,0,0,0,1.0,0.0,53,2025-09-02,2026-09-02,True,,,,,,logreg,"A,B,C,D",RUB->KZT
logreg_abcd,KZT,wf_2022,5.0,3,0.04,0.3036437246963562,247,75,1.4705882352941178,25,25,0,25,0,0.803921568627451,0.0980392156862745,51,2022-01-11,2022-12-31,True,743.254470067526,0.1192,-144.15509686509756,819.9616098018113,-174.80795187589857,logreg,"A,B,C,D",RUB->KZT
logreg_abcd,KZT,wf_2023,5.0,3,,0.4048582995951417,247,100,1.96078431372549,0,0,0,0,0,1.0,0.0,51,2023-01-10,2023-12-30,True,,,,,,logreg,"A,B,C,D",RUB->KZT
logreg_abcd,KZT,wf_2024,5.0,3,0.3076923076923077,0.3346774193548387,248,83,1.6274509803921569,13,13,0,13,0,0.8235294117647058,0.0196078431372549,51,2024-01-10,2024-12-29,True,132.17720541948674,0.2476923076923077,1.0725595624605748,200.26277115645345,13.95590298038818,logreg,"A,B,C,D",RUB->KZT
logreg_abcd,KZT,wf_2025,5.0,3,0.0,0.2422360248447205,161,39,1.1470588235294117,1,1,0,1,0,0.9705882352941176,0.0,34,2025-01-10,2025-08-30,True,5.575439290665951,0.225,40.86874768719195,91.11961278731978,62.41411817339282,logreg,"A,B,C,D",RUB->KZT
logreg_abcd,TJS,oot,5.0,3,,0.3714285714285714,245,91,1.7169811320754718,0,0,0,0,0,1.0,0.0,53,2025-09-02,2026-09-02,True,,,,,,logreg,"A,B,C,D",RUB->TJS
logreg_abcd,TJS,wf_2022,5.0,3,0.3636363636363636,0.3522267206477733,247,87,1.7058823529411764,22,22,0,22,0,0.7843137254901961,0.0392156862745098,51,2022-01-11,2022-12-31,True,456.77447867801703,0.2811363636363636,-23.721348529929525,577.2061420227378,-11.038305316495098,logreg,"A,B,C,D",RUB->TJS
logreg_abcd,TJS,wf_2023,5.0,3,,0.4453441295546558,247,110,2.156862745098039,0,0,0,0,0,1.0,0.0,51,2023-01-10,2023-12-30,True,,,,,,logreg,"A,B,C,D",RUB->TJS
logreg_abcd,TJS,wf_2024,5.0,3,0.5238095238095238,0.407258064516129,248,101,1.9803921568627452,21,21,0,21,0,0.803921568627451,0.0588235294117647,51,2024-01-10,2024-12-29,True,147.67398262948862,0.5102380952380952,39.31028354020639,200.32984589491744,29.598256839655836,logreg,"A,B,C,D",RUB->TJS
logreg_abcd,TJS,wf_2025,5.0,3,0.5,0.3416149068322981,161,55,1.6176470588235294,10,10,0,10,0,0.8235294117647058,0.0294117647058823,34,2025-01-10,2025-08-30,True,130.8941262510177,0.3434999999999999,18.81457002984334,329.4332920574231,59.023500407077606,logreg,"A,B,C,D",RUB->TJS
logreg_abcd,UZS,oot,5.0,3,,0.3918367346938775,245,96,1.8113207547169812,0,0,0,0,0,1.0,0.0,53,2025-09-02,2026-09-02,True,,,,,,logreg,"A,B,C,D",RUB->UZS
logreg_abcd,UZS,wf_2022,5.0,3,0.1351351351351351,0.3198380566801619,247,79,1.5490196078431373,37,37,0,37,0,0.6862745098039216,0.1176470588235294,51,2022-01-11,2022-12-31,True,987.0607484873344,0.137027027027027,-163.55586608336537,1070.4626308409152,-156.65639191692927,logreg,"A,B,C,D",RUB->UZS
logreg_abcd,UZS,wf_2023,5.0,3,,0.4453441295546558,247,110,2.156862745098039,0,0,0,0,0,1.0,0.0,51,2023-01-10,2023-12-30,True,,,,,,logreg,"A,B,C,D",RUB->UZS
logreg_abcd,UZS,wf_2024,5.0,3,0.4285714285714285,0.3911290322580645,248,97,1.9019607843137256,14,14,0,14,0,0.8431372549019608,0.0196078431372549,51,2024-01-10,2024-12-29,True,132.39175416795933,0.4357142857142857,45.16933472731792,172.10438599889238,9.924930305246376,logreg,"A,B,C,D",RUB->UZS
logreg_abcd,UZS,wf_2025,5.0,3,0.3,0.2484472049689441,161,40,1.1764705882352942,10,10,0,10,0,0.7941176470588235,0.0294117647058823,34,2025-01-10,2025-08-30,True,137.71513349898078,0.2425,-23.771030655439255,298.5290640133085,-15.349628993716276,logreg,"A,B,C,D",RUB->UZS
momentum,AMD,oot,,3,0.3055555555555556,0.3755102040816326,245,92,1.7358490566037736,36,36,0,36,0,0.6226415094339622,0.0754716981132075,53,2025-09-02,2026-09-02,True,236.7555782057256,0.215,-32.746793381289656,279.63017301316796,-3.564986811494874,momentum,,RUB->AMD
momentum,AMD,wf_2022,,3,0.196078431372549,0.3441295546558704,247,85,1.6666666666666667,51,51,0,51,0,0.5882352941176471,0.1764705882352941,51,2022-01-11,2022-12-31,True,965.4639654917758,0.1477450980392156,-97.49795988638036,1051.8307171025644,-22.07810524473096,momentum,,RUB->AMD
momentum,AMD,wf_2023,,3,0.3428571428571428,0.4534412955465587,247,112,2.196078431372549,35,35,0,35,0,0.7058823529411765,0.1176470588235294,51,2023-01-10,2023-12-30,True,384.3720687371421,0.2868571428571428,-19.9088569566317,528.2252429894957,-4.537712220849996,momentum,,RUB->AMD
momentum,AMD,wf_2024,,3,0.4666666666666667,0.407258064516129,248,101,1.9803921568627452,30,30,0,30,0,0.6274509803921569,0.0392156862745098,51,2024-01-10,2024-12-29,True,365.5851511625676,0.2758333333333333,-32.591046049600955,617.5785426485869,22.70331753601314,momentum,,RUB->AMD
momentum,AMD,wf_2025,,3,0.2916666666666667,0.2608695652173913,161,42,1.2352941176470589,24,24,0,24,0,0.5882352941176471,0.0588235294117647,34,2025-01-10,2025-08-30,True,326.89141108498677,0.1570833333333333,-78.73027777194,576.1291453795883,-26.44276909692535,momentum,,RUB->AMD
momentum,KGS,oot,,3,0.3061224489795918,0.3551020408163265,245,87,1.6415094339622642,49,49,0,49,0,0.490566037735849,0.0943396226415094,53,2025-09-02,2026-09-02,True,270.11025991752956,0.2098979591836735,-39.851822974821296,282.7242988514379,-15.317389159224367,momentum,,RUB->KGS
momentum,KGS,wf_2022,,3,0.2790697674418604,0.340080971659919,247,84,1.6470588235294117,43,43,0,43,0,0.5686274509803921,0.1176470588235294,51,2022-01-11,2022-12-31,True,794.3876844192066,0.1826744186046511,-56.08445696614579,1152.260849233506,61.31082075120965,momentum,,RUB->KGS
momentum,KGS,wf_2023,,3,0.3235294117647059,0.4493927125506073,247,111,2.176470588235294,34,34,0,34,0,0.7058823529411765,0.1176470588235294,51,2023-01-10,2023-12-30,True,314.552927825805,0.2261764705882352,-46.62436768436743,480.382158294821,-11.191801791671526,momentum,,RUB->KGS
momentum,KGS,wf_2024,,3,0.4193548387096774,0.4193548387096774,248,104,2.0392156862745097,31,31,0,31,0,0.6274509803921569,0.0588235294117647,51,2024-01-10,2024-12-29,True,377.10840050992726,0.2446774193548387,-27.779801358788745,570.3180668804157,22.63781328958544,momentum,,RUB->KGS
momentum,KGS,wf_2025,,3,0.2222222222222222,0.2298136645962732,161,37,1.088235294117647,27,27,0,27,0,0.6176470588235294,0.088235294117647,34,2025-01-10,2025-08-30,True,280.1182578517425,0.1272222222222222,-67.40255244041357,565.2257272369898,-10.252980412441376,momentum,,RUB->KGS
momentum,KZT,oot,,3,0.3703703703703703,0.3836734693877551,245,94,1.7735849056603774,27,27,0,27,0,0.7169811320754716,0.0566037735849056,53,2025-09-02,2026-09-02,True,283.52061798414854,0.1994444444444444,-38.82526496539173,331.9883171185709,-5.477266919238877,momentum,,RUB->KZT
momentum,KZT,wf_2022,,3,0.1555555555555555,0.3036437246963562,247,75,1.4705882352941178,45,45,0,45,0,0.5882352941176471,0.1176470588235294,51,2022-01-11,2022-12-31,True,749.9284795090716,0.094111111111111,-183.0808836339372,849.0184237314522,-149.29270880774587,momentum,,RUB->KZT
momentum,KZT,wf_2023,,3,0.3928571428571428,0.4048582995951417,247,100,1.96078431372549,28,28,0,28,0,0.6470588235294118,0.0588235294117647,51,2023-01-10,2023-12-30,True,305.0006303133897,0.23875,-47.023419604842005,645.3625287037419,-9.342594960816768,momentum,,RUB->KZT
momentum,KZT,wf_2024,,3,0.4193548387096774,0.3346774193548387,248,83,1.6274509803921569,31,31,0,31,0,0.6078431372549019,0.0196078431372549,51,2024-01-10,2024-12-29,True,394.49165216192705,0.2711290322580645,-21.25623345723142,627.5162872532259,11.84802926657046,momentum,,RUB->KZT
momentum,KZT,wf_2025,,3,0.32,0.2422360248447205,161,39,1.1470588235294117,25,25,0,25,0,0.5588235294117647,0.0588235294117647,34,2025-01-10,2025-08-30,True,211.6515351245072,0.1858,-38.8624093728876,455.7174042879092,29.40704561918577,momentum,,RUB->KZT
momentum,TJS,oot,,3,0.2682926829268293,0.3714285714285714,245,91,1.7169811320754718,41,41,0,41,0,0.5660377358490566,0.0943396226415094,53,2025-09-02,2026-09-02,True,242.93977031738743,0.1764634146341463,-42.59851841553037,263.9876478979675,-14.011586007949465,momentum,,RUB->TJS
momentum,TJS,wf_2022,,3,0.2,0.3522267206477733,247,87,1.7058823529411764,40,40,0,40,0,0.6470588235294118,0.1176470588235294,51,2022-01-11,2022-12-31,True,714.0248297741025,0.16025,-105.68181973452504,1262.8572317595358,-35.233107113921776,momentum,,RUB->TJS
momentum,TJS,wf_2023,,3,0.34375,0.4453441295546558,247,110,2.156862745098039,32,32,0,32,0,0.6862745098039216,0.0980392156862745,51,2023-01-10,2023-12-30,True,329.5994984645336,0.2465625,-47.621622041669625,481.29067985344807,-11.56490636969529,momentum,,RUB->TJS
momentum,TJS,wf_2024,,3,0.3529411764705882,0.407258064516129,248,101,1.9803921568627452,34,34,0,34,0,0.6470588235294118,0.0588235294117647,51,2024-01-10,2024-12-29,True,374.65387857190535,0.2611764705882353,-29.148557521444623,553.295088502719,-8.163055621540336,momentum,,RUB->TJS
momentum,TJS,wf_2025,,3,0.1875,0.3416149068322981,161,55,1.6176470588235294,16,16,0,16,0,0.7352941176470589,0.0294117647058823,34,2025-01-10,2025-08-30,True,282.6899193864496,0.158125,-91.9834485944468,612.2300807259771,-32.17955035310818,momentum,,RUB->TJS
momentum,UZS,oot,,3,0.2777777777777778,0.3918367346938775,245,96,1.8113207547169812,36,36,0,36,0,0.6981132075471698,0.1132075471698113,53,2025-09-02,2026-09-02,True,289.24294680921304,0.1865277777777778,-40.64927282510162,336.30405724372855,-9.005520478530194,momentum,,RUB->UZS
momentum,UZS,wf_2022,,3,0.2075471698113207,0.3198380566801619,247,79,1.5490196078431373,53,53,0,53,0,0.5490196078431373,0.1568627450980392,51,2022-01-11,2022-12-31,True,1021.6817502072844,0.1472641509433962,-143.24096690113717,1166.4005551212426,-77.94948782803085,momentum,,RUB->UZS
momentum,UZS,wf_2023,,3,0.3076923076923077,0.4453441295546558,247,110,2.156862745098039,39,39,0,39,0,0.6470588235294118,0.1372549019607843,51,2023-01-10,2023-12-30,True,281.33874999079336,0.2665384615384615,-32.82917263833003,502.2073130765041,-2.577693872479923,momentum,,RUB->UZS
momentum,UZS,wf_2024,,3,0.4,0.3911290322580645,248,97,1.9019607843137256,35,35,0,35,0,0.6274509803921569,0.0784313725490196,51,2024-01-10,2024-12-29,True,387.24342368070495,0.2432857142857143,-31.512649020574074,595.6494105658817,16.393842198978565,momentum,,RUB->UZS
momentum,UZS,wf_2025,,3,0.4,0.2484472049689441,161,40,1.1764705882352942,25,25,0,25,0,0.4705882352941176,0.0294117647058823,34,2025-01-10,2025-08-30,True,240.39930735595763,0.1624,-70.70499021664557,599.6261842069666,20.702224108822744,momentum,,RUB->UZS
random,AMD,oot,,3,0.3908045977011494,0.3755102040816326,245,92,1.7358490566037736,88,87,1,87,1,0.1886792452830188,0.2264150943396226,53,2025-09-02,2026-09-02,True,317.9554242158034,0.4118390804597701,18.394788294244336,319.1632557177108,12.8743778153312,random,,RUB->AMD
random,AMD,wf_2022,,3,0.3580246913580246,0.3441295546558704,247,85,1.6666666666666667,81,81,0,81,0,0.1372549019607843,0.2156862745098039,51,2022-01-11,2022-12-31,True,972.9598590451878,0.3698765432098764,20.550981182194537,927.0451550803456,34.656065166413875,random,,RUB->AMD
random,AMD,wf_2023,,3,0.4933333333333333,0.4534412955465587,247,112,2.196078431372549,75,75,0,75,0,0.1372549019607843,0.1176470588235294,51,2023-01-10,2023-12-30,True,344.9850805556327,0.4883333333333333,37.500987706994735,407.3671718246458,41.40866252363765,random,,RUB->AMD
random,AMD,wf_2024,,3,0.4333333333333333,0.407258064516129,248,101,1.9803921568627452,90,90,0,90,0,0.1568627450980392,0.2745098039215686,51,2024-01-10,2024-12-29,True,311.06886983361284,0.4503888888888889,19.606034304767924,395.7500015467047,27.16863401207631,random,,RUB->AMD
random,AMD,wf_2025,,3,0.2692307692307692,0.2608695652173913,161,42,1.2352941176470589,52,52,0,52,0,0.1176470588235294,0.1176470588235294,34,2025-01-10,2025-08-30,True,349.3741022372987,0.2675,-22.04938824039018,478.50320183266007,-9.631544700868368,random,,RUB->AMD
random,KGS,oot,,3,0.4117647058823529,0.3551020408163265,245,87,1.6415094339622642,70,68,2,68,2,0.1886792452830188,0.1132075471698113,53,2025-09-02,2026-09-02,True,274.8426404342212,0.3550735294117647,6.2133638423575075,327.6838626670978,21.06664605450495,random,,RUB->KGS
random,KGS,wf_2022,,3,0.2602739726027397,0.340080971659919,247,84,1.6470588235294117,73,73,0,73,0,0.2156862745098039,0.1764705882352941,51,2022-01-11,2022-12-31,True,1322.870178561645,0.3160958904109589,-26.602606619940765,1163.4843731168412,-67.1611131590822,random,,RUB->KGS
random,KGS,wf_2023,,3,0.5394736842105263,0.4493927125506073,247,111,2.176470588235294,76,76,0,76,0,0.1176470588235294,0.0784313725490196,51,2023-01-10,2023-12-30,True,346.13643100779257,0.4585526315789474,23.335786971534983,363.2217116086166,31.492005177661756,random,,RUB->KGS
random,KGS,wf_2024,,3,0.425287356321839,0.4193548387096774,248,104,2.0392156862745097,87,87,0,87,0,0.1372549019607843,0.2156862745098039,51,2024-01-10,2024-12-29,True,310.5237418401297,0.4213793103448275,15.850815917383343,381.6283167151102,22.00478636306094,random,,RUB->KGS
random,KGS,wf_2025,,3,0.3214285714285714,0.2298136645962732,161,37,1.088235294117647,56,56,0,56,0,0.2058823529411764,0.2352941176470588,34,2025-01-10,2025-08-30,True,271.1302263180531,0.2866071428571428,-8.96538198469245,415.3776185764542,-6.061775124318046,random,,RUB->KGS
random,KZT,oot,,3,0.3218390804597701,0.3836734693877551,245,94,1.7735849056603774,87,87,0,87,0,0.1698113207547169,0.1886792452830188,53,2025-09-02,2026-09-02,True,450.7139654552299,0.3612068965517241,4.093662866723481,451.9191143136436,0.8338679719465585,random,,RUB->KZT
random,KZT,wf_2022,,3,0.3604651162790697,0.3036437246963562,247,75,1.4705882352941178,86,86,0,86,0,0.196078431372549,0.2352941176470588,51,2022-01-11,2022-12-31,True,836.8051667128973,0.3330813953488372,3.7114025521310383,835.5765575852283,25.57653350941723,random,,RUB->KZT
random,KZT,wf_2023,,3,0.4666666666666667,0.4048582995951417,247,100,1.96078431372549,75,75,0,75,0,0.1176470588235294,0.1372549019607843,51,2023-01-10,2023-12-30,True,525.055508620071,0.4017333333333333,20.94804056897457,483.4145056551446,31.92941994802556,random,,RUB->KZT
random,KZT,wf_2024,,3,0.2941176470588235,0.3346774193548387,248,83,1.6274509803921569,68,68,0,68,0,0.1764705882352941,0.1176470588235294,51,2024-01-10,2024-12-29,True,624.6377962310228,0.3343382352941176,-0.8603381223305979,522.9080478408862,-28.629291078565135,random,,RUB->KZT
random,KZT,wf_2025,,3,0.2456140350877192,0.2422360248447205,161,39,1.1470588235294117,57,57,0,57,0,0.1470588235294117,0.2352941176470588,34,2025-01-10,2025-08-30,True,463.2988646355196,0.2609649122807017,-26.35679592227852,474.3659849951837,-42.19963607456409,random,,RUB->KZT
random,TJS,oot,,3,0.3611111111111111,0.3714285714285714,245,91,1.7169811320754718,73,72,1,72,1,0.2452830188679245,0.1320754716981132,53,2025-09-02,2026-09-02,True,399.5770666243494,0.3655555555555556,-7.898107846053823,394.99653943250394,-13.163554296366495,random,,RUB->TJS
random,TJS,wf_2022,,3,0.4084507042253521,0.3522267206477733,247,87,1.7058823529411764,71,71,0,71,0,0.1372549019607843,0.1176470588235294,51,2022-01-11,2022-12-31,True,897.7285092985903,0.3607042253521126,39.764386157214176,1297.5439620273085,106.55768310345384,random,,RUB->TJS
random,TJS,wf_2023,,3,0.4333333333333333,0.4453441295546558,247,110,2.156862745098039,60,60,0,60,0,0.2352941176470588,0.1176470588235294,51,2023-01-10,2023-12-30,True,347.92977890537196,0.4169166666666667,19.228395627994065,403.3510247680513,30.577585733885613,random,,RUB->TJS
random,TJS,wf_2024,,3,0.3382352941176471,0.407258064516129,248,101,1.9803921568627452,68,68,0,68,0,0.2549019607843137,0.1176470588235294,51,2024-01-10,2024-12-29,True,479.2740195342056,0.334485294117647,2.1196571004555764,483.8022357155416,-0.4462263464393425,random,,RUB->TJS
random,TJS,wf_2025,,3,0.3728813559322034,0.3416149068322981,161,55,1.6176470588235294,59,59,0,59,0,0.1470588235294117,0.2352941176470588,34,2025-01-10,2025-08-30,True,426.8379604682479,0.3195762711864407,-10.266373316449709,475.7658165786845,-17.33148627108722,random,,RUB->TJS
random,UZS,oot,,3,0.3809523809523809,0.3918367346938775,245,96,1.8113207547169812,63,63,0,63,0,0.2452830188679245,0.0754716981132075,53,2025-09-02,2026-09-02,True,328.69374042022815,0.4123015873015873,17.82746304486014,314.14768190676995,11.389486891517802,random,,RUB->UZS
random,UZS,wf_2022,,3,0.4216867469879518,0.3198380566801619,247,79,1.5490196078431373,83,83,0,83,0,0.2352941176470588,0.2941176470588235,51,2022-01-11,2022-12-31,True,751.5245345427365,0.3686144578313253,21.95909553089562,895.6668197832591,68.74564840840846,random,,RUB->UZS
random,UZS,wf_2023,,3,0.4698795180722891,0.4453441295546558,247,110,2.156862745098039,83,83,0,83,0,0.1176470588235294,0.2352941176470588,51,2023-01-10,2023-12-30,True,483.89308489189625,0.4510843373493975,9.71197274367671,422.0782572061752,4.537647016404496,random,,RUB->UZS
random,UZS,wf_2024,,3,0.4146341463414634,0.3911290322580645,248,97,1.9019607843137256,82,82,0,82,0,0.0588235294117647,0.196078431372549,51,2024-01-10,2024-12-29,True,587.3020112740885,0.3714024390243902,3.638513622853671,463.0009897497284,5.014085244087169,random,,RUB->UZS
random,UZS,wf_2025,,3,0.1666666666666666,0.2484472049689441,161,40,1.1764705882352942,48,48,0,48,0,0.2058823529411764,0.1176470588235294,34,2025-01-10,2025-08-30,True,443.1354829264334,0.2521875,-23.224863830805088,496.7401111858085,-34.34404425562402,random,,RUB->UZS
reversal,AMD,oot,,3,0.1,0.3755102040816326,245,92,1.7358490566037736,10,10,0,10,0,0.8113207547169812,0.0,53,2025-09-02,2026-09-02,True,163.27868792512004,0.2739999999999999,8.035797946252776,240.42397928970297,2.164606664027627,reversal,,RUB->AMD
reversal,AMD,wf_2022,,3,0.4545454545454545,0.3441295546558704,247,85,1.6666666666666667,11,11,0,11,0,0.7843137254901961,0.0,51,2022-01-11,2022-12-31,True,472.8736640884778,0.2931818181818181,13.016547866110448,888.0183632481366,24.72964354505916,reversal,,RUB->AMD
reversal,AMD,wf_2023,,3,0.2857142857142857,0.4534412955465587,247,112,2.196078431372549,7,7,0,7,0,0.8627450980392157,0.0,51,2023-01-10,2023-12-30,True,145.39961182507355,0.2992857142857142,31.21267132941055,324.1854301934264,70.28229315334217,reversal,,RUB->AMD
reversal,AMD,wf_2024,,3,0.4545454545454545,0.407258064516129,248,101,1.9803921568627452,11,11,0,11,0,0.7843137254901961,0.0,51,2024-01-10,2024-12-29,True,238.22352094966703,0.3077272727272727,13.11548073272001,505.30245627793187,36.09022929545256,reversal,,RUB->AMD
reversal,AMD,wf_2025,,3,0.4545454545454545,0.2608695652173913,161,42,1.2352941176470589,11,11,0,11,0,0.7058823529411765,0.0,34,2025-01-10,2025-08-30,True,193.8318707862208,0.3690909090909091,0.038262246978588,296.8026882606128,-1.197422660259578,reversal,,RUB->AMD
reversal,KGS,oot,,3,0.1818181818181818,0.3551020408163265,245,87,1.6415094339622642,11,11,0,11,0,0.7924528301886793,0.0,53,2025-09-02,2026-09-02,True,166.22269656157627,0.2631818181818182,-2.718159065971705,241.3614852611367,-2.290507947769243,reversal,,RUB->KGS
reversal,KGS,wf_2022,,3,0.4166666666666667,0.340080971659919,247,84,1.6470588235294117,12,12,0,12,0,0.7647058823529411,0.0,51,2022-01-11,2022-12-31,True,366.11676689741745,0.39,76.28213133104401,714.5513129651799,85.56014370182311,reversal,,RUB->KGS
reversal,KGS,wf_2023,,3,0.3333333333333333,0.4493927125506073,247,111,2.176470588235294,6,6,0,6,0,0.8823529411764706,0.0,51,2023-01-10,2023-12-30,True,135.85934399013678,0.2658333333333333,5.916917567959106,226.128825803549,10.50903773312813,reversal,,RUB->KGS
reversal,KGS,wf_2024,,3,0.5,0.4193548387096774,248,104,2.0392156862745097,8,8,0,8,0,0.8431372549019608,0.0,51,2024-01-10,2024-12-29,True,61.509294978291166,0.381875,38.24025605700905,350.6091992783485,58.32615273100221,reversal,,RUB->KGS
reversal,KGS,wf_2025,,3,0.125,0.2298136645962732,161,37,1.088235294117647,16,16,0,16,0,0.5882352941176471,0.0,34,2025-01-10,2025-08-30,True,260.75928183837857,0.235,-15.681989772080358,329.2579865590321,-30.827957349996503,reversal,,RUB->KGS
reversal,KZT,oot,,3,0.4444444444444444,0.3836734693877551,245,94,1.7735849056603774,9,9,0,9,0,0.8490566037735849,0.0,53,2025-09-02,2026-09-02,True,148.3939420889091,0.3338888888888889,-8.820223106155357,291.86870305921667,43.64419411842476,reversal,,RUB->KZT
reversal,KZT,wf_2022,,3,0.3846153846153846,0.3036437246963562,247,75,1.4705882352941178,13,13,0,13,0,0.7843137254901961,0.0,51,2022-01-11,2022-12-31,True,578.1369804198957,0.3426923076923077,73.40868847529208,844.6162788497154,68.54490923780978,reversal,,RUB->KZT
reversal,KZT,wf_2023,,3,0.3333333333333333,0.4048582995951417,247,100,1.96078431372549,9,9,0,9,0,0.8431372549019608,0.0,51,2023-01-10,2023-12-30,True,87.55544887590848,0.31,44.319997836130426,167.27824216649466,54.56646587986663,reversal,,RUB->KZT
reversal,KZT,wf_2024,,3,0.3636363636363636,0.3346774193548387,248,83,1.6274509803921569,11,11,0,11,0,0.7843137254901961,0.0,51,2024-01-10,2024-12-29,True,307.56309705596726,0.2645454545454545,-12.640861324944158,581.655318156689,33.52543080499431,reversal,,RUB->KZT
reversal,KZT,wf_2025,,3,0.2307692307692307,0.2422360248447205,161,39,1.1470588235294117,13,13,0,13,0,0.6764705882352942,0.0,34,2025-01-10,2025-08-30,True,308.4944567092766,0.2196153846153846,-24.948516764257786,426.65600937128954,-28.251652766435175,reversal,,RUB->KZT
reversal,TJS,oot,,3,0.1666666666666666,0.3714285714285714,245,91,1.7169811320754718,12,12,0,12,0,0.7735849056603774,0.0,53,2025-09-02,2026-09-02,True,205.94439907755023,0.33,8.701932818949777,244.95163215769503,-0.6978413995696128,reversal,,RUB->TJS
reversal,TJS,wf_2022,,3,0.4615384615384615,0.3522267206477733,247,87,1.7058823529411764,13,13,0,13,0,0.7647058823529411,0.0,51,2022-01-11,2022-12-31,True,784.6038394106242,0.3715384615384616,-29.98565904398541,1806.9806729744864,-9.601709040057973,reversal,,RUB->TJS
reversal,TJS,wf_2023,,3,0.1666666666666666,0.4453441295546558,247,110,2.156862745098039,6,6,0,6,0,0.8823529411764706,0.0,51,2023-01-10,2023-12-30,True,139.48067316882538,0.2375,6.075165146402937,236.9597983521419,8.074149778177768,reversal,,RUB->TJS
reversal,TJS,wf_2024,,3,0.5,0.407258064516129,248,101,1.9803921568627452,12,12,0,12,0,0.7647058823529411,0.0,51,2024-01-10,2024-12-29,True,87.82520496247325,0.3204166666666666,23.53184546251296,356.0007735624694,65.87410984577103,reversal,,RUB->TJS
reversal,TJS,wf_2025,,3,0.5,0.3416149068322981,161,55,1.6176470588235294,10,10,0,10,0,0.7352941176470589,0.0,34,2025-01-10,2025-08-30,True,256.1355377075629,0.3379999999999999,4.525573738006972,327.0064142618401,4.892900211976638,reversal,,RUB->TJS
reversal,UZS,oot,,3,0.2222222222222222,0.3918367346938775,245,96,1.8113207547169812,9,9,0,9,0,0.8301886792452831,0.0,53,2025-09-02,2026-09-02,True,178.2801921879855,0.2472222222222222,-16.016571113583566,312.86075480821427,-9.193088898741884,reversal,,RUB->UZS
reversal,UZS,wf_2022,,3,0.3333333333333333,0.3198380566801619,247,79,1.5490196078431373,15,15,0,15,0,0.7254901960784313,0.0,51,2022-01-11,2022-12-31,True,637.9718240500986,0.252,-29.09475643070997,949.1962654250746,-3.92165412550858,reversal,,RUB->UZS
reversal,UZS,wf_2023,,3,0.1428571428571428,0.4453441295546558,247,110,2.156862745098039,7,7,0,7,0,0.8627450980392157,0.0,51,2023-01-10,2023-12-30,True,154.34085623569337,0.2835714285714285,11.015557924325094,244.45738138799572,6.7833371547035695,reversal,,RUB->UZS
reversal,UZS,wf_2024,,3,0.5,0.3911290322580645,248,97,1.9019607843137256,10,10,0,10,0,0.803921568627451,0.0,51,2024-01-10,2024-12-29,True,39.559649970496665,0.363,22.34048305799849,373.71131495511406,74.8300293707137,reversal,,RUB->UZS
reversal,UZS,wf_2025,,3,0.3125,0.2484472049689441,161,40,1.1764705882352942,16,16,0,16,0,0.5882352941176471,0.0,34,2025-01-10,2025-08-30,True,253.27159152234603,0.268125,-7.379051246292695,315.01947574381984,-10.664765202949289,reversal,,RUB->UZS
seasonality,AMD,oot,,3,0.34,0.3755102040816326,245,92,1.7358490566037736,50,50,0,50,0,0.7547169811320755,0.1886792452830188,53,2025-09-02,2026-09-02,True,213.02925400334735,0.3528999999999999,-0.5369874098422176,231.48532702516115,-4.1879940689187904,seasonality,,RUB->AMD
seasonality,AMD,wf_2022,,3,0.2653061224489796,0.3441295546558704,247,85,1.6666666666666667,49,49,0,49,0,0.7254901960784313,0.1764705882352941,51,2022-01-11,2022-12-31,True,849.447853141644,0.2528571428571428,74.89326870417743,915.075747338408,108.83941190698316,seasonality,,RUB->AMD
seasonality,AMD,wf_2023,,3,0.4375,0.4534412955465587,247,112,2.196078431372549,48,48,0,48,0,0.7450980392156863,0.196078431372549,51,2023-01-10,2023-12-30,True,322.3314317809601,0.4169791666666666,-0.9743116273175508,351.3605931045217,8.022405012091392,seasonality,,RUB->AMD
seasonality,AMD,wf_2024,,3,0.36,0.407258064516129,248,101,1.9803921568627452,50,50,0,50,0,0.7254901960784313,0.1764705882352941,51,2024-01-10,2024-12-29,True,178.36708335267514,0.3313999999999999,10.22703596753226,259.10727672250056,21.19924669161395,seasonality,,RUB->AMD
seasonality,AMD,wf_2025,,3,0.2105263157894736,0.2608695652173913,161,42,1.2352941176470589,38,38,0,38,0,0.6470588235294118,0.2352941176470588,34,2025-01-10,2025-08-30,True,277.6411855710879,0.2161842105263157,-31.141422837787463,354.9014537239381,-32.61001046846602,seasonality,,RUB->AMD
seasonality,KGS,oot,,3,0.3947368421052631,0.3551020408163265,245,87,1.6415094339622642,39,38,1,38,1,0.7924528301886793,0.1320754716981132,53,2025-09-02,2026-09-02,True,284.6193842679448,0.408157894736842,23.890559645309185,442.6916359962362,28.360457940772168,seasonality,,RUB->KGS
seasonality,KGS,wf_2022,,3,0.3396226415094339,0.340080971659919,247,84,1.6470588235294117,53,53,0,53,0,0.7058823529411765,0.2156862745098039,51,2022-01-11,2022-12-31,True,1344.1593640380202,0.3423584905660377,54.35625548705508,1355.119813198252,47.02131693557222,seasonality,,RUB->KGS
seasonality,KGS,wf_2023,,3,0.4354838709677419,0.4493927125506073,247,111,2.176470588235294,62,62,0,62,0,0.6274509803921569,0.2549019607843137,51,2023-01-10,2023-12-30,True,315.16659324763685,0.4245967741935483,10.148119252120432,335.701469731942,16.563706489815353,seasonality,,RUB->KGS
seasonality,KGS,wf_2024,,3,0.3620689655172414,0.4193548387096774,248,104,2.0392156862745097,58,58,0,58,0,0.6666666666666666,0.2352941176470588,51,2024-01-10,2024-12-29,True,310.9986687605648,0.3343965517241379,-4.944239289317438,410.02217734002807,0.2511175372788767,seasonality,,RUB->KGS
seasonality,KGS,wf_2025,,3,0.2162162162162162,0.2298136645962732,161,37,1.088235294117647,37,37,0,37,0,0.6764705882352942,0.2352941176470588,34,2025-01-10,2025-08-30,True,393.1193544365903,0.2109459459459459,-14.534823110455804,406.9323073005302,-14.472985571541916,seasonality,,RUB->KGS
seasonality,KZT,oot,,3,0.3076923076923077,0.3836734693877551,245,94,1.7735849056603774,52,52,0,52,0,0.6981132075471698,0.1698113207547169,53,2025-09-02,2026-09-02,True,372.6668186569473,0.2998076923076923,9.96287853707599,409.260409343197,12.602512505105146,seasonality,,RUB->KZT
seasonality,KZT,wf_2022,,3,0.3584905660377358,0.3036437246963562,247,75,1.4705882352941178,53,53,0,53,0,0.7254901960784313,0.196078431372549,51,2022-01-11,2022-12-31,True,754.6051488638598,0.3400943396226415,90.24628323830795,846.0117294782301,93.97480446732804,seasonality,,RUB->KZT
seasonality,KZT,wf_2023,,3,0.3389830508474576,0.4048582995951417,247,100,1.96078431372549,59,59,0,59,0,0.6862745098039216,0.2352941176470588,51,2023-01-10,2023-12-30,True,347.727045291228,0.3648305084745762,12.027944553275574,420.385363081894,6.439942184894418,seasonality,,RUB->KZT
seasonality,KZT,wf_2024,,3,0.2857142857142857,0.3346774193548387,248,83,1.6274509803921569,56,56,0,56,0,0.6862745098039216,0.2156862745098039,51,2024-01-10,2024-12-29,True,400.71232180568825,0.2675892857142856,-10.962012193309414,532.1084371351947,-4.787644610809161,seasonality,,RUB->KZT
seasonality,KZT,wf_2025,,3,0.3,0.2422360248447205,161,39,1.1470588235294117,40,40,0,40,0,0.6176470588235294,0.2352941176470588,34,2025-01-10,2025-08-30,True,444.505219692703,0.301125,-12.186540028530148,526.5783878366761,-24.88287245911483,seasonality,,RUB->KZT
seasonality,TJS,oot,,3,0.5869565217391305,0.3714285714285714,245,91,1.7169811320754718,47,46,1,46,1,0.6981132075471698,0.1509433962264151,53,2025-09-02,2026-09-02,True,308.39345322048393,0.5581521739130435,54.48605003447792,358.12135111380064,60.221789116894215,seasonality,,RUB->TJS
seasonality,TJS,wf_2022,,3,0.2083333333333333,0.3522267206477733,247,87,1.7058823529411764,48,48,0,48,0,0.7647058823529411,0.196078431372549,51,2022-01-11,2022-12-31,True,1267.8982107185984,0.183125,-19.005655175371217,1283.4817002901516,-15.02087527005171,seasonality,,RUB->TJS
seasonality,TJS,wf_2023,,3,0.375,0.4453441295546558,247,110,2.156862745098039,48,48,0,48,0,0.7450980392156863,0.1764705882352941,51,2023-01-10,2023-12-30,True,363.02706171410114,0.3467708333333333,-11.66305503809516,378.69604299318735,-9.29199570766597,seasonality,,RUB->TJS
seasonality,TJS,wf_2024,,3,0.4509803921568627,0.407258064516129,248,101,1.9803921568627452,51,51,0,51,0,0.7058823529411765,0.2156862745098039,51,2024-01-10,2024-12-29,True,368.3842481752814,0.4163725490196078,15.097285041490926,583.123461964993,26.56732802443802,seasonality,,RUB->TJS
seasonality,TJS,wf_2025,,3,0.303030303030303,0.3416149068322981,161,55,1.6176470588235294,33,33,0,33,0,0.7058823529411765,0.1764705882352941,34,2025-01-10,2025-08-30,True,424.0149907557331,0.3196969696969697,-1.1024762775623052,432.88684457811496,-8.780031108993079,seasonality,,RUB->TJS
seasonality,UZS,oot,,3,0.3478260869565217,0.3918367346938775,245,96,1.8113207547169812,48,46,2,46,2,0.7547169811320755,0.1698113207547169,53,2025-09-02,2026-09-02,True,335.9178087542256,0.3653260869565217,12.751415457097346,395.5835310791008,10.368946690291978,seasonality,,RUB->UZS
seasonality,UZS,wf_2022,,3,0.3076923076923077,0.3198380566801619,247,79,1.5490196078431373,52,52,0,52,0,0.7058823529411765,0.2156862745098039,51,2022-01-11,2022-12-31,True,1020.3136657634784,0.3006730769230769,17.6526876896938,1169.561013536456,31.63129151578446,seasonality,,RUB->UZS
seasonality,UZS,wf_2023,,3,0.5,0.4453441295546558,247,110,2.156862745098039,54,54,0,54,0,0.7058823529411765,0.196078431372549,51,2023-01-10,2023-12-30,True,323.6433219305823,0.4537037037037036,17.275254358423066,373.94342897633106,27.717417437879977,seasonality,,RUB->UZS
seasonality,UZS,wf_2024,,3,0.3518518518518518,0.3911290322580645,248,97,1.9019607843137256,54,54,0,54,0,0.6862745098039216,0.2156862745098039,51,2024-01-10,2024-12-29,True,635.632283986916,0.3463888888888889,-23.77051059678456,678.4652857936454,-33.92070509100781,seasonality,,RUB->UZS
seasonality,UZS,wf_2025,,3,0.2903225806451613,0.2484472049689441,161,40,1.1764705882352942,31,31,0,31,0,0.7352941176470589,0.1764705882352941,34,2025-01-10,2025-08-30,True,435.9795115662246,0.2570967741935483,-18.21072425729726,456.0188203710316,-20.44096997652923,seasonality,,RUB->UZS
catboost_a,AMD,wf_oos,5.0,3,0.3296703296703296,0.3887195121951219,656,255,1.8478260869565215,91,91,0,91,0,0.6956521739130435,0.1014492753623188,138,2023-01-10,2025-08-30,True,528.5791351982937,0.2975274725274725,-8.652442856375746,483.75932125431456,-3.633422380880337,catboost,A,RUB->AMD
catboost_a,KGS,wf_oos,5.0,3,0.3106796116504854,0.3841463414634146,656,252,1.826086956521739,103,103,0,103,0,0.6521739130434783,0.1014492753623188,138,2023-01-10,2025-08-30,False,,0.2871844660194174,-15.59889327762324,449.48250941696745,-11.450630900980704,catboost,A,RUB->KGS
catboost_a,KZT,wf_oos,5.0,3,0.26,0.3384146341463415,656,222,1.608695652173913,100,100,0,100,0,0.6594202898550725,0.108695652173913,138,2023-01-10,2025-08-30,False,,0.26275,-10.213839746081025,504.3452647435156,-5.668906493680978,catboost,A,RUB->KZT
catboost_a,TJS,wf_oos,5.0,3,0.3737373737373737,0.4054878048780488,656,266,1.927536231884058,99,99,0,99,0,0.6884057971014492,0.1159420289855072,138,2023-01-10,2025-08-30,True,534.7138184069706,0.3353535353535353,-5.2239379460886175,525.5707600228573,0.2127590170170676,catboost,A,RUB->TJS
catboost_a,UZS,wf_oos,5.0,3,0.3043478260869565,0.3765243902439024,656,247,1.789855072463768,92,92,0,92,0,0.6884057971014492,0.1014492753623188,138,2023-01-10,2025-08-30,True,635.632283986916,0.2972282608695652,-19.52850793369428,511.8988364571052,-25.951624106797365,catboost,A,RUB->UZS
catboost_ab,AMD,wf_oos,5.0,3,0.3503649635036496,0.3887195121951219,656,255,1.8478260869565215,137,137,0,137,0,0.7028985507246377,0.1956521739130435,138,2023-01-10,2025-08-30,False,,0.3458759124087591,-0.912001932214506,468.70613035839096,2.677787537844601,catboost,"A,B",RUB->AMD
catboost_ab,KGS,wf_oos,5.0,3,0.3694267515923566,0.3841463414634146,656,252,1.826086956521739,157,157,0,157,0,0.6304347826086957,0.2246376811594203,138,2023-01-10,2025-08-30,False,,0.3498726114649682,-5.840973805445283,465.45938917279767,5.048173722195689,catboost,"A,B",RUB->KGS
catboost_ab,KZT,wf_oos,5.0,3,0.3333333333333333,0.3384146341463415,656,222,1.608695652173913,141,141,0,141,0,0.6666666666666666,0.1956521739130435,138,2023-01-10,2025-08-30,False,,0.2989007092198581,-4.03926768093409,494.80930698411765,4.719859725094059,catboost,"A,B",RUB->KZT
catboost_ab,TJS,wf_oos,5.0,3,0.3495934959349593,0.4054878048780488,656,266,1.927536231884058,123,123,0,123,0,0.7028985507246377,0.181159420289855,138,2023-01-10,2025-08-30,False,,0.3345528455284552,-9.947032845849408,485.1444541048549,-5.6851183201322275,catboost,"A,B",RUB->TJS
catboost_ab,UZS,wf_oos,5.0,3,0.352112676056338,0.3765243902439024,656,247,1.789855072463768,142,142,0,142,0,0.6811594202898551,0.2028985507246377,138,2023-01-10,2025-08-30,False,,0.3440492957746478,-9.210504762948547,497.0596209497159,-6.472125788127171,catboost,"A,B",RUB->UZS
catboost_abc,AMD,wf_oos,5.0,3,0.2857142857142857,0.3887195121951219,656,255,1.8478260869565215,21,21,0,21,0,0.927536231884058,0.0289855072463768,138,2023-01-10,2025-08-30,True,249.92828380200257,0.2661904761904762,-10.3807348899965,333.55936847891127,-2.5932374470369997,catboost,"A,B,C",RUB->AMD
catboost_abc,KGS,wf_oos,5.0,3,0.4705882352941176,0.3841463414634146,656,252,1.826086956521739,34,34,0,34,0,0.8840579710144928,0.036231884057971,138,2023-01-10,2025-08-30,True,233.07480855503027,0.4014705882352942,15.027971806350886,329.59200118148357,29.940550942760325,catboost,"A,B,C",RUB->KGS
catboost_abc,KZT,wf_oos,5.0,3,0.5833333333333334,0.3384146341463415,656,222,1.608695652173913,12,12,0,12,0,0.9637681159420288,0.0144927536231884,138,2023-01-10,2025-08-30,True,102.3372385855863,0.5504166666666667,54.22449030328886,181.79927809887408,53.179566962895954,catboost,"A,B,C",RUB->KZT
catboost_abc,TJS,wf_oos,5.0,3,0.3684210526315789,0.4054878048780488,656,266,1.927536231884058,19,19,0,19,0,0.927536231884058,0.0144927536231884,138,2023-01-10,2025-08-30,True,209.1242630255063,0.3268421052631579,20.0952762896528,332.0068755677387,11.726758676607766,catboost,"A,B,C",RUB->TJS
catboost_abc,UZS,wf_oos,5.0,3,0.3333333333333333,0.3765243902439024,656,247,1.789855072463768,27,27,0,27,0,0.9057971014492754,0.0289855072463768,138,2023-01-10,2025-08-30,True,228.54637087611664,0.2868518518518518,2.5695842932370283,289.56173752639415,13.257549884799484,catboost,"A,B,C",RUB->UZS
catboost_abcd,AMD,wf_oos,5.0,3,0.3695652173913043,0.3887195121951219,656,255,1.8478260869565215,92,92,0,92,0,0.7681159420289855,0.1159420289855072,138,2023-01-10,2025-08-30,True,381.24024550174784,0.3353260869565217,8.690950759430574,355.2610556200512,10.600360298067436,catboost,"A,B,C,D",RUB->AMD
catboost_abcd,KGS,wf_oos,5.0,3,0.3473684210526316,0.3841463414634146,656,252,1.826086956521739,95,95,0,95,0,0.7028985507246377,0.1231884057971014,138,2023-01-10,2025-08-30,True,306.9835765049338,0.3492631578947369,11.504251705488697,317.78221325126873,11.985768489605196,catboost,"A,B,C,D",RUB->KGS
catboost_abcd,KZT,wf_oos,5.0,3,0.3636363636363636,0.3384146341463415,656,222,1.608695652173913,88,88,0,88,0,0.7246376811594203,0.108695652173913,138,2023-01-10,2025-08-30,True,358.7787558293325,0.3351704545454545,12.34248086222154,367.5433440123325,14.378923991270309,catboost,"A,B,C,D",RUB->KZT
catboost_abcd,TJS,wf_oos,5.0,3,0.3684210526315789,0.4054878048780488,656,266,1.927536231884058,76,76,0,76,0,0.7608695652173914,0.0942028985507246,138,2023-01-10,2025-08-30,True,240.26959791979235,0.3092105263157895,8.948267094332037,320.66156625757304,19.19086506464158,catboost,"A,B,C,D",RUB->TJS
catboost_abcd,UZS,wf_oos,5.0,3,0.3953488372093023,0.3765243902439024,656,247,1.789855072463768,86,86,0,86,0,0.7391304347826086,0.0942028985507246,138,2023-01-10,2025-08-30,True,301.93526816226733,0.3484302325581395,12.084890360090547,319.6582309721706,20.733853181450137,catboost,"A,B,C,D",RUB->UZS
level,AMD,wf_oos,,3,0.2765957446808511,0.3887195121951219,656,255,1.8478260869565215,141,141,0,141,0,0.7246376811594203,0.217391304347826,138,2023-01-10,2025-08-30,False,,0.2361702127659574,-23.369751245171827,521.7327080438046,-12.606684876861063,level,,RUB->AMD
level,KGS,wf_oos,,3,0.2444444444444444,0.3841463414634146,656,252,1.826086956521739,135,135,0,135,0,0.7391304347826086,0.2028985507246377,138,2023-01-10,2025-08-30,False,,0.2285925925925926,-21.037774321267065,560.9671063928104,-15.79758314031148,level,,RUB->KGS
level,KZT,wf_oos,,3,0.287292817679558,0.3384146341463415,656,222,1.608695652173913,181,181,0,181,0,0.6666666666666666,0.2681159420289855,138,2023-01-10,2025-08-30,False,,0.2467955801104972,-29.93533501735899,635.5253477017111,-18.21489273131096,level,,RUB->KZT
level,TJS,wf_oos,,3,0.3058823529411765,0.4054878048780488,656,266,1.927536231884058,85,85,0,85,0,0.8260869565217391,0.1231884057971014,138,2023-01-10,2025-08-30,True,570.7172184189524,0.2788235294117647,-21.890845430368053,614.8304755958445,-5.651412269322755,level,,RUB->TJS
level,UZS,wf_oos,,3,0.2756410256410256,0.3765243902439024,656,247,1.789855072463768,156,156,0,156,0,0.6956521739130435,0.2536231884057971,138,2023-01-10,2025-08-30,False,,0.2389423076923077,-23.732454356784924,601.0574314537866,-11.655252859663824,level,,RUB->UZS
logreg_a,AMD,wf_oos,5.0,3,0.3417721518987341,0.3887195121951219,656,255,1.8478260869565215,79,79,0,79,0,0.6956521739130435,0.072463768115942,138,2023-01-10,2025-08-30,True,394.2884526284396,0.3286708860759493,8.281127475874017,391.0384351926007,12.582968986638438,logreg,A,RUB->AMD
logreg_a,KGS,wf_oos,5.0,3,0.3086419753086419,0.3841463414634146,656,252,1.826086956521739,81,81,0,81,0,0.6811594202898551,0.072463768115942,138,2023-01-10,2025-08-30,True,315.4060651540891,0.3251234567901234,-2.1563838177379195,364.5429071624158,-7.089652487893688,logreg,A,RUB->KGS
logreg_a,KZT,wf_oos,5.0,3,0.2289156626506024,0.3384146341463415,656,222,1.608695652173913,83,83,0,83,0,0.6666666666666666,0.0797101449275362,138,2023-01-10,2025-08-30,True,488.96234342802234,0.2750602409638554,-1.522775733391282,419.601394332013,-7.093176710788086,logreg,A,RUB->KZT
logreg_a,TJS,wf_oos,5.0,3,0.3975903614457831,0.4054878048780488,656,266,1.927536231884058,83,83,0,83,0,0.6884057971014492,0.0869565217391304,138,2023-01-10,2025-08-30,True,427.0280515988931,0.3710240963855422,12.172505772480037,486.7428695985798,15.904254596176482,logreg,A,RUB->TJS
logreg_a,UZS,wf_oos,5.0,3,0.3246753246753247,0.3765243902439024,656,247,1.789855072463768,77,77,0,77,0,0.6739130434782609,0.072463768115942,138,2023-01-10,2025-08-30,True,528.5818122011059,0.3355194805194805,-4.589911738132333,454.72087314839354,-18.741892998571306,logreg,A,RUB->UZS
logreg_ab,AMD,wf_oos,5.0,3,0.35,0.3887195121951219,656,255,1.8478260869565215,40,40,0,40,0,0.8623188405797102,0.0434782608695652,138,2023-01-10,2025-08-30,True,273.09733251155865,0.307625,10.82532018073738,354.12312918126537,16.198159326449552,logreg,"A,B",RUB->AMD
logreg_ab,KGS,wf_oos,5.0,3,0.3333333333333333,0.3841463414634146,656,252,1.826086956521739,33,33,0,33,0,0.8768115942028986,0.036231884057971,138,2023-01-10,2025-08-30,True,129.85195857808975,0.3407575757575757,8.19400262735511,154.9189157791099,3.976897779218254,logreg,"A,B",RUB->KGS
logreg_ab,KZT,wf_oos,5.0,3,0.2,0.3384146341463415,656,222,1.608695652173913,30,30,0,30,0,0.8695652173913043,0.0289855072463768,138,2023-01-10,2025-08-30,True,307.56309705596726,0.2238333333333333,-4.826431119176117,422.46798009136154,3.962809279097682,logreg,"A,B",RUB->KZT
logreg_ab,TJS,wf_oos,5.0,3,0.4680851063829787,0.4054878048780488,656,266,1.927536231884058,47,47,0,47,0,0.8333333333333334,0.0507246376811594,138,2023-01-10,2025-08-30,True,261.5576133812225,0.4058510638297872,19.994821250839728,433.4273164014885,29.858511585723832,logreg,"A,B",RUB->TJS
logreg_ab,UZS,wf_oos,5.0,3,0.4074074074074074,0.3765243902439024,656,247,1.789855072463768,27,27,0,27,0,0.8768115942028986,0.0217391304347826,138,2023-01-10,2025-08-30,True,127.04768234761896,0.4268518518518519,16.21650363934829,290.4047865408675,26.401306236126057,logreg,"A,B",RUB->UZS
logreg_abc,AMD,wf_oos,5.0,3,,0.3887195121951219,656,255,1.8478260869565215,0,0,0,0,0,1.0,0.0,138,2023-01-10,2025-08-30,True,,,,,,logreg,"A,B,C",RUB->AMD
logreg_abc,KGS,wf_oos,5.0,3,,0.3841463414634146,656,252,1.826086956521739,0,0,0,0,0,1.0,0.0,138,2023-01-10,2025-08-30,True,,,,,,logreg,"A,B,C",RUB->KGS
logreg_abc,KZT,wf_oos,5.0,3,,0.3384146341463415,656,222,1.608695652173913,0,0,0,0,0,1.0,0.0,138,2023-01-10,2025-08-30,True,,,,,,logreg,"A,B,C",RUB->KZT
logreg_abc,TJS,wf_oos,5.0,3,0.6666666666666666,0.4054878048780488,656,266,1.927536231884058,3,3,0,3,0,0.9855072463768116,0.0,138,2023-01-10,2025-08-30,True,90.05210973527318,0.5333333333333333,86.39055278636029,140.26460974528308,53.46264933790682,logreg,"A,B,C",RUB->TJS
logreg_abc,UZS,wf_oos,5.0,3,,0.3765243902439024,656,247,1.789855072463768,0,0,0,0,0,1.0,0.0,138,2023-01-10,2025-08-30,True,,,,,,logreg,"A,B,C",RUB->UZS
logreg_abcd,AMD,wf_oos,5.0,3,0.3695652173913043,0.3887195121951219,656,255,1.8478260869565215,46,46,0,46,0,0.8043478260869565,0.0289855072463768,138,2023-01-10,2025-08-30,True,323.5941697984606,0.3341304347826087,-0.4891587953055976,370.3438465307436,-8.34960490557076,logreg,"A,B,C,D",RUB->AMD
logreg_abcd,KGS,wf_oos,5.0,3,0.1904761904761904,0.3841463414634146,656,252,1.826086956521739,21,21,0,21,0,0.8985507246376812,0.0072463768115942,138,2023-01-10,2025-08-30,True,188.79769354361997,0.2880952380952381,2.1322450522748535,251.5652158319045,-15.62587683617717,logreg,"A,B,C,D",RUB->KGS
logreg_abcd,KZT,wf_oos,5.0,3,0.2857142857142857,0.3384146341463415,656,222,1.608695652173913,14,14,0,14,0,0.927536231884058,0.0072463768115942,138,2023-01-10,2025-08-30,True,132.17720541948674,0.2425,3.776932117407947,214.8041908195313,17.417204065602796,logreg,"A,B,C,D",RUB->KZT
logreg_abcd,TJS,wf_oos,5.0,3,0.5161290322580645,0.4054878048780488,656,266,1.927536231884058,31,31,0,31,0,0.8840579710144928,0.0289855072463768,138,2023-01-10,2025-08-30,True,229.8650313774404,0.4516129032258064,32.45445544044671,304.9788011369095,39.09027089366286,logreg,"A,B,C,D",RUB->TJS
logreg_abcd,UZS,wf_oos,5.0,3,0.375,0.3765243902439024,656,247,1.789855072463768,24,24,0,24,0,0.8913043478260869,0.0144927536231884,138,2023-01-10,2025-08-30,True,198.14428214857705,0.3495833333333333,14.755257415095326,261.9872834941767,-0.6061360693213954,logreg,"A,B,C,D",RUB->UZS
momentum,AMD,wf_oos,,3,0.3707865168539326,0.3887195121951219,656,255,1.8478260869565215,89,89,0,89,0,0.6521739130434783,0.072463768115942,138,2023-01-10,2025-08-30,True,513.3800111802329,0.2476966292134831,-39.02857257492005,605.6921897918378,-1.2623242693883614,momentum,,RUB->AMD
momentum,KGS,wf_oos,,3,0.3260869565217391,0.3841463414634146,656,252,1.826086956521739,92,92,0,92,0,0.6594202898550725,0.0869565217391304,138,2023-01-10,2025-08-30,True,474.0632866983216,0.2008695652173913,-46.083496645062176,571.3673124161922,0.4828313035260798,momentum,,RUB->KGS
momentum,KZT,wf_oos,,3,0.3809523809523809,0.3384146341463415,656,222,1.608695652173913,84,84,0,84,0,0.6159420289855072,0.0434782608695652,138,2023-01-10,2025-08-30,True,474.7845633116299,0.239047619047619,-35.12213224584961,641.8254133823351,10.010385581434036,momentum,,RUB->KZT
momentum,TJS,wf_oos,,3,0.3170731707317073,0.4054878048780488,656,266,1.927536231884058,82,82,0,82,0,0.6884057971014492,0.0652173913043478,138,2023-01-10,2025-08-30,True,477.8463665901742,0.2383536585365853,-48.286262891032074,575.4070898149816,-14.176752446492094,momentum,,RUB->TJS
momentum,UZS,wf_oos,,3,0.3636363636363636,0.3765243902439024,656,247,1.789855072463768,99,99,0,99,0,0.6014492753623188,0.0869565217391304,138,2023-01-10,2025-08-30,True,477.6122325618344,0.2330808080808081,-41.75838390976806,613.2232187755052,10.00818200664749,momentum,,RUB->UZS
random,AMD,wf_oos,,3,0.4147465437788018,0.3887195121951219,656,255,1.8478260869565215,217,217,0,217,0,0.1521739130434782,0.1739130434782608,138,2023-01-10,2025-08-30,False,,0.4194930875576037,16.02874442386484,452.6473249499221,23.271826847532427,random,,RUB->AMD
random,KGS,wf_oos,,3,0.4383561643835616,0.3841463414634146,656,252,1.826086956521739,219,219,0,219,0,0.1594202898550724,0.1666666666666666,138,2023-01-10,2025-08-30,False,,0.3988356164383562,11.774769982240436,399.7704977322971,18.12031689555609,random,,RUB->KGS
random,KZT,wf_oos,,3,0.345,0.3384146341463415,656,222,1.608695652173913,200,200,0,200,0,0.1594202898550724,0.1521739130434782,138,2023-01-10,2025-08-30,False,,0.341625,0.2626963061873132,521.144253664435,-9.787322767453327,random,,RUB->KZT
random,TJS,wf_oos,,3,0.3796791443850267,0.4054878048780488,656,266,1.927536231884058,187,187,0,187,0,0.2318840579710145,0.144927536231884,138,2023-01-10,2025-08-30,False,,0.3539037433155081,3.271464229942353,466.99516367446626,4.180503007920405,random,,RUB->TJS
random,UZS,wf_oos,,3,0.380281690140845,0.3765243902439024,656,247,1.789855072463768,213,213,0,213,0,0.1304347826086956,0.1884057971014492,138,2023-01-10,2025-08-30,False,,0.3798826291079812,0.4692323695867346,478.57615560881794,-4.041006722503436,random,,RUB->UZS
reversal,AMD,wf_oos,,3,0.4137931034482758,0.3887195121951219,656,255,1.8478260869565215,29,29,0,29,0,0.7971014492753623,0.0,138,2023-01-10,2025-08-30,True,370.84697835009985,0.3408620689655172,12.778170586554138,457.3909020430115,30.199893967604073,reversal,,RUB->AMD
reversal,KGS,wf_oos,,3,0.2666666666666666,0.3841463414634146,656,252,1.826086956521739,30,30,0,30,0,0.7971014492753623,0.0,138,2023-01-10,2025-08-30,True,286.1206573052524,0.2818333333333333,2.2114421904556054,388.3732238025858,1.2138710215614137,reversal,,RUB->KGS
reversal,KZT,wf_oos,,3,0.303030303030303,0.3384146341463415,656,222,1.608695652173913,33,33,0,33,0,0.782608695652174,0.0,138,2023-01-10,2025-08-30,True,467.3775876425643,0.2583333333333333,-2.489208541716366,547.5099159404236,14.927468054850902,reversal,,RUB->KZT
reversal,TJS,wf_oos,,3,0.4285714285714285,0.4054878048780488,656,266,1.927536231884058,28,28,0,28,0,0.8043478260869565,0.0,138,2023-01-10,2025-08-30,True,289.9138325284145,0.3110714285714286,14.663061759350274,389.5579618394624,31.709400676360193,reversal,,RUB->TJS
reversal,UZS,wf_oos,,3,0.3333333333333333,0.3765243902439024,656,247,1.789855072463768,33,33,0,33,0,0.7753623188405797,0.0,138,2023-01-10,2025-08-30,True,274.4694648055073,0.2987878787878788,5.25308732304105,374.9851124694167,18.94386092554162,reversal,,RUB->UZS
seasonality,AMD,wf_oos,,3,0.3455882352941176,0.3887195121951219,656,255,1.8478260869565215,136,136,0,136,0,0.717391304347826,0.1956521739130435,138,2023-01-10,2025-08-30,False,,0.3269485294117648,-5.574607531288863,337.82504103864744,1.5136571864659938,seasonality,,RUB->AMD
seasonality,KGS,wf_oos,,3,0.3566878980891719,0.3841463414634146,656,252,1.826086956521739,157,157,0,157,0,0.6594202898550725,0.2391304347826087,138,2023-01-10,2025-08-30,False,,0.3394585987261146,-1.3161280688275188,396.76956419810494,3.2230200852463433,seasonality,,RUB->KGS
seasonality,KZT,wf_oos,,3,0.3096774193548387,0.3384146341463415,656,222,1.608695652173913,155,155,0,155,0,0.6739130434782609,0.2246376811594203,138,2023-01-10,2025-08-30,False,,0.3123548387096774,-2.623799606919925,493.600404721468,-5.699783275233129,seasonality,,RUB->KZT
seasonality,TJS,wf_oos,,3,0.3863636363636363,0.4054878048780488,656,266,1.927536231884058,132,132,0,132,0,0.7246376811594203,0.1884057971014492,138,2023-01-10,2025-08-30,False,,0.36875,1.8323840972915375,489.5464893778348,4.690734156678795,seasonality,,RUB->TJS
seasonality,UZS,wf_oos,,3,0.39568345323741,0.3765243902439024,656,247,1.789855072463768,139,139,0,139,0,0.7101449275362319,0.1956521739130435,138,2023-01-10,2025-08-30,False,,0.3673741007194245,-6.635244817256687,547.6719503902723,-6.968687788066973,seasonality,,RUB->UZS
catboost_a,AMD,oot,5.0,5,,0.3045267489711934,243,74,1.3962264150943395,0,0,0,0,0,1.0,0.0,53,2025-09-02,2026-09-02,True,,,,,,catboost,A,RUB->AMD
catboost_a,AMD,wf_2022,5.0,5,,0.291497975708502,247,72,1.411764705882353,0,0,0,0,0,1.0,0.0,51,2022-01-11,2022-12-31,True,,,,,,catboost,A,RUB->AMD
catboost_a,AMD,wf_2023,5.0,5,0.2857142857142857,0.3846153846153846,247,95,1.8627450980392155,7,7,0,7,0,0.8627450980392157,0.0,51,2023-01-10,2023-12-30,True,167.01122551711344,0.2464285714285713,38.08310490771002,378.63800215496974,58.26822737294528,catboost,A,RUB->AMD
catboost_a,AMD,wf_2024,5.0,5,0.2419354838709677,0.3548387096774194,248,88,1.7254901960784317,62,62,0,62,0,0.5882352941176471,0.2352941176470588,51,2024-01-10,2024-12-29,True,533.0276332047106,0.2156451612903225,-10.40907072940665,626.481819307261,3.852504815133831,catboost,A,RUB->AMD
catboost_a,AMD,wf_2025,5.0,5,0.2272727272727272,0.1987577639751552,161,32,0.9411764705882352,22,22,0,22,0,0.5882352941176471,0.0588235294117647,34,2025-01-10,2025-08-30,True,295.7277335295694,0.2249999999999999,-15.243236008478457,389.4217058332071,-31.77773295127417,catboost,A,RUB->AMD
catboost_a,KGS,oot,5.0,5,,0.2880658436213992,243,70,1.320754716981132,0,0,0,0,0,1.0,0.0,53,2025-09-02,2026-09-02,True,,,,,,catboost,A,RUB->KGS
catboost_a,KGS,wf_2022,5.0,5,,0.2631578947368421,247,65,1.2745098039215683,0,0,0,0,0,1.0,0.0,51,2022-01-11,2022-12-31,True,,,,,,catboost,A,RUB->KGS
catboost_a,KGS,wf_2023,5.0,5,0.3333333333333333,0.3805668016194332,247,94,1.843137254901961,6,6,0,6,0,0.8823529411764706,0.0,51,2023-01-10,2023-12-30,True,157.5412668050551,0.2483333333333333,1.933542064144571,319.47802977156306,-1.4451310098203165,catboost,A,RUB->KGS
catboost_a,KGS,wf_2024,5.0,5,0.2933333333333333,0.375,248,93,1.8235294117647056,75,75,0,75,0,0.4901960784313725,0.2549019607843137,51,2024-01-10,2024-12-29,True,536.9228378741898,0.2568666666666667,-15.58389224870255,678.8916056890599,-1.7066203120455825,catboost,A,RUB->KGS
catboost_a,KGS,wf_2025,5.0,5,0.0909090909090909,0.1739130434782608,161,28,0.8235294117647058,22,22,0,22,0,0.5294117647058824,0.0294117647058823,34,2025-01-10,2025-08-30,True,425.42312050450136,0.2079545454545454,-25.68852343131852,479.92741494513865,-51.21422813980739,catboost,A,RUB->KGS
catboost_a,KZT,oot,5.0,5,,0.3292181069958848,243,80,1.509433962264151,0,0,0,0,0,1.0,0.0,53,2025-09-02,2026-09-02,True,,,,,,catboost,A,RUB->KZT
catboost_a,KZT,wf_2022,5.0,5,,0.2591093117408907,247,64,1.2549019607843137,0,0,0,0,0,1.0,0.0,51,2022-01-11,2022-12-31,True,,,,,,catboost,A,RUB->KZT
catboost_a,KZT,wf_2023,5.0,5,0.3333333333333333,0.3603238866396761,247,89,1.7450980392156863,9,9,0,9,0,0.8431372549019608,0.0,51,2023-01-10,2023-12-30,True,102.63026927027316,0.2922222222222222,82.04316510175804,214.38372747839696,67.79005050151696,catboost,A,RUB->KZT
catboost_a,KZT,wf_2024,5.0,5,0.2153846153846154,0.2701612903225806,248,67,1.3137254901960784,65,65,0,65,0,0.5490196078431373,0.2352941176470588,51,2024-01-10,2024-12-29,True,470.7111932486865,0.2048461538461538,-16.073918480971525,611.3606956888335,-3.2309524883860075,catboost,A,RUB->KZT
catboost_a,KZT,wf_2025,5.0,5,0.1153846153846153,0.1677018633540372,161,27,0.7941176470588235,26,26,0,26,0,0.5294117647058824,0.088235294117647,34,2025-01-10,2025-08-30,True,381.2632189785558,0.1382692307692307,-28.27071496815873,483.8603616686371,-43.425498576594464,catboost,A,RUB->KZT
catboost_a,TJS,oot,5.0,5,,0.3004115226337449,243,73,1.3773584905660377,0,0,0,0,0,1.0,0.0,53,2025-09-02,2026-09-02,True,,,,,,catboost,A,RUB->TJS
catboost_a,TJS,wf_2022,5.0,5,0.6,0.3117408906882591,247,77,1.5098039215686274,5,5,0,5,0,0.9019607843137256,0.0,51,2022-01-11,2022-12-31,True,301.37043593993917,0.296,53.5811046370327,1409.4537963381445,390.0043217377349,catboost,A,RUB->TJS
catboost_a,TJS,wf_2023,5.0,5,0.1666666666666666,0.3805668016194332,247,94,1.843137254901961,6,6,0,6,0,0.8823529411764706,0.0,51,2023-01-10,2023-12-30,True,162.39801525470867,0.2108333333333333,-0.3161153298635991,334.86270199473756,-4.620616240052687,catboost,A,RUB->TJS
catboost_a,TJS,wf_2024,5.0,5,0.3484848484848485,0.3548387096774194,248,88,1.7254901960784317,66,66,0,66,0,0.5686274509803921,0.2549019607843137,51,2024-01-10,2024-12-29,True,615.9783350467226,0.3075757575757576,-0.9683884165490594,725.7580765936367,9.27900573457196,catboost,A,RUB->TJS
catboost_a,TJS,wf_2025,5.0,5,0.3333333333333333,0.2981366459627329,161,48,1.411764705882353,27,27,0,27,0,0.5588235294117647,0.088235294117647,34,2025-01-10,2025-08-30,True,446.0715060451817,0.2992592592592592,-3.062887514531699,491.42759034769193,-7.628528397666871,catboost,A,RUB->TJS
catboost_a,UZS,oot,5.0,5,,0.3415637860082304,243,83,1.5660377358490567,0,0,0,0,0,1.0,0.0,53,2025-09-02,2026-09-02,True,,,,,,catboost,A,RUB->UZS
catboost_a,UZS,wf_2022,5.0,5,,0.2631578947368421,247,65,1.2745098039215683,0,0,0,0,0,1.0,0.0,51,2022-01-11,2022-12-31,True,,,,,,catboost,A,RUB->UZS
catboost_a,UZS,wf_2023,5.0,5,0.1428571428571428,0.3846153846153846,247,95,1.8627450980392155,7,7,0,7,0,0.8627450980392157,0.0,51,2023-01-10,2023-12-30,True,180.03717400388598,0.2678571428571428,10.769608628616291,322.5805080514823,-5.181832364414665,catboost,A,RUB->UZS
catboost_a,UZS,wf_2024,5.0,5,0.3015873015873015,0.3346774193548387,248,83,1.6274509803921569,63,63,0,63,0,0.6078431372549019,0.2549019607843137,51,2024-01-10,2024-12-29,True,706.5252643137021,0.2735714285714285,-16.76456979938135,679.7950416186859,-18.69706370795416,catboost,A,RUB->UZS
catboost_a,UZS,wf_2025,5.0,5,0.1363636363636363,0.1614906832298136,161,26,0.7647058823529411,22,22,0,22,0,0.5294117647058824,0.0294117647058823,34,2025-01-10,2025-08-30,True,428.12126227587214,0.1456818181818181,-28.64007012384297,475.37813286413774,-48.76350111436965,catboost,A,RUB->UZS
catboost_ab,AMD,oot,5.0,5,0.3846153846153846,0.3045267489711934,243,74,1.3962264150943395,13,13,0,13,0,0.8679245283018868,0.0377358490566037,53,2025-09-02,2026-09-02,True,101.48528374531595,0.558076923076923,69.49781123816155,222.65541996816503,60.794721970512875,catboost,"A,B",RUB->AMD
catboost_ab,AMD,wf_2022,5.0,5,0.15625,0.291497975708502,247,72,1.411764705882353,32,32,0,32,0,0.7254901960784313,0.0980392156862745,51,2022-01-11,2022-12-31,True,965.3864754682768,0.16484375,-5.8950206275192025,1080.7491885597235,-34.938008887519636,catboost,"A,B",RUB->AMD
catboost_ab,AMD,wf_2023,5.0,5,0.3092783505154639,0.3846153846153846,247,95,1.8627450980392155,97,97,0,97,0,0.4705882352941176,0.392156862745098,51,2023-01-10,2023-12-30,True,525.3980068946489,0.2818041237113401,6.311261974066026,550.5821766799955,19.763506695306155,catboost,"A,B",RUB->AMD
catboost_ab,AMD,wf_2024,5.0,5,0.25,0.3548387096774194,248,88,1.7254901960784317,40,40,0,40,0,0.7254901960784313,0.1372549019607843,51,2024-01-10,2024-12-29,True,427.8764482714528,0.2761249999999999,6.388796224864843,640.9750601798918,-0.5080381223073737,catboost,"A,B",RUB->AMD
catboost_ab,AMD,wf_2025,5.0,5,,0.1987577639751552,161,32,0.9411764705882352,0,0,0,0,0,1.0,0.0,34,2025-01-10,2025-08-30,True,,,,,,catboost,"A,B",RUB->AMD
catboost_ab,KGS,oot,5.0,5,0.3333333333333333,0.2880658436213992,243,70,1.320754716981132,13,12,1,12,1,0.8679245283018868,0.0377358490566037,53,2025-09-02,2026-09-02,True,188.699930340015,0.4625,78.04059646241376,485.4419251149183,95.89126054095888,catboost,"A,B",RUB->KGS
catboost_ab,KGS,wf_2022,5.0,5,0.1515151515151515,0.2631578947368421,247,65,1.2745098039215683,33,33,0,33,0,0.6862745098039216,0.0784313725490196,51,2022-01-11,2022-12-31,True,900.0986482446585,0.1865151515151515,-79.25033904477817,1003.2125858103926,-81.2173640184952,catboost,"A,B",RUB->KGS
catboost_ab,KGS,wf_2023,5.0,5,0.3431372549019608,0.3805668016194332,247,94,1.843137254901961,102,102,0,102,0,0.392156862745098,0.4313725490196078,51,2023-01-10,2023-12-30,False,,0.3207352941176471,12.341671254573177,497.7140006033576,28.22696153352638,catboost,"A,B",RUB->KGS
catboost_ab,KGS,wf_2024,5.0,5,0.2363636363636363,0.375,248,93,1.8235294117647056,55,55,0,55,0,0.6078431372549019,0.1764705882352941,51,2024-01-10,2024-12-29,True,536.9228378741898,0.2351818181818182,-23.628136169610535,726.9250351283347,-13.955633520920856,catboost,"A,B",RUB->KGS
catboost_ab,KGS,wf_2025,5.0,5,,0.1739130434782608,161,28,0.8235294117647058,0,0,0,0,0,1.0,0.0,34,2025-01-10,2025-08-30,True,,,,,,catboost,"A,B",RUB->KGS
catboost_ab,KZT,oot,5.0,5,0.2333333333333333,0.3292181069958848,243,80,1.509433962264151,30,30,0,30,0,0.7358490566037735,0.0754716981132075,53,2025-09-02,2026-09-02,True,272.1092052130518,0.331,43.16186531698109,427.3616741880355,51.50370927112769,catboost,"A,B",RUB->KZT
catboost_ab,KZT,wf_2022,5.0,5,0.2631578947368421,0.2591093117408907,247,64,1.2549019607843137,38,38,0,38,0,0.6470588235294118,0.0980392156862745,51,2022-01-11,2022-12-31,True,1078.066800580839,0.2207894736842104,-46.39931058991341,1161.214869288403,-16.855601748549862,catboost,"A,B",RUB->KZT
catboost_ab,KZT,wf_2023,5.0,5,0.3137254901960784,0.3603238866396761,247,89,1.7450980392156863,102,102,0,102,0,0.3725490196078431,0.4117647058823529,51,2023-01-10,2023-12-30,False,,0.2773529411764706,6.499007384825149,591.7507929740304,19.89498047843995,catboost,"A,B",RUB->KZT
catboost_ab,KZT,wf_2024,5.0,5,0.2051282051282051,0.2701612903225806,248,67,1.3137254901960784,39,39,0,39,0,0.7254901960784313,0.1176470588235294,51,2024-01-10,2024-12-29,True,441.19066729001895,0.1983333333333333,-10.343623483828788,628.0527258303766,-11.366227835502835,catboost,"A,B",RUB->KZT
catboost_ab,KZT,wf_2025,5.0,5,,0.1677018633540372,161,27,0.7941176470588235,0,0,0,0,0,1.0,0.0,34,2025-01-10,2025-08-30,True,,,,,,catboost,"A,B",RUB->KZT
catboost_ab,TJS,oot,5.0,5,0.5769230769230769,0.3004115226337449,243,73,1.3773584905660377,27,26,1,26,1,0.7358490566037735,0.0754716981132075,53,2025-09-02,2026-09-02,True,321.18268126943985,0.5936538461538461,119.95063123032988,420.3235767150504,111.27372587239594,catboost,"A,B",RUB->TJS
catboost_ab,TJS,wf_2022,5.0,5,0.1538461538461538,0.3117408906882591,247,77,1.5098039215686274,39,39,0,39,0,0.6470588235294118,0.1176470588235294,51,2022-01-11,2022-12-31,True,1943.30034655692,0.1329487179487179,-148.4119553972103,2327.555392546319,-143.00610187421137,catboost,"A,B",RUB->TJS
catboost_ab,TJS,wf_2023,5.0,5,0.2674418604651162,0.3805668016194332,247,94,1.843137254901961,86,86,0,86,0,0.4705882352941176,0.3333333333333333,51,2023-01-10,2023-12-30,True,412.8242128683132,0.2600581395348837,-0.7674807189872762,494.8015703197985,14.019581687891767,catboost,"A,B",RUB->TJS
catboost_ab,TJS,wf_2024,5.0,5,0.2972972972972973,0.3548387096774194,248,88,1.7254901960784317,37,37,0,37,0,0.7254901960784313,0.1568627450980392,51,2024-01-10,2024-12-29,True,615.9783350467226,0.3356756756756756,-9.662606141072342,765.7237776392676,-18.546870142304854,catboost,"A,B",RUB->TJS
catboost_ab,TJS,wf_2025,5.0,5,,0.2981366459627329,161,48,1.411764705882353,0,0,0,0,0,1.0,0.0,34,2025-01-10,2025-08-30,True,,,,,,catboost,"A,B",RUB->TJS
catboost_ab,UZS,oot,5.0,5,0.4090909090909091,0.3415637860082304,243,83,1.5660377358490567,24,22,2,22,2,0.7547169811320755,0.0754716981132075,53,2025-09-02,2026-09-02,True,350.0757479830741,0.4161363636363636,51.16404510190025,440.6899525918517,38.471247698232645,catboost,"A,B",RUB->UZS
catboost_ab,UZS,wf_2022,5.0,5,0.2105263157894736,0.2631578947368421,247,65,1.2745098039215683,38,38,0,38,0,0.6470588235294118,0.0980392156862745,51,2022-01-11,2022-12-31,True,1474.213625677664,0.2139473684210526,-166.82049326248102,1853.2613291061143,-192.63490828667884,catboost,"A,B",RUB->UZS
catboost_ab,UZS,wf_2023,5.0,5,0.3461538461538461,0.3846153846153846,247,95,1.8627450980392155,104,104,0,104,0,0.4509803921568627,0.4313725490196078,51,2023-01-10,2023-12-30,False,,0.3341826923076923,13.739697374796323,470.01951194893826,25.642936771162105,catboost,"A,B",RUB->UZS
catboost_ab,UZS,wf_2024,5.0,5,0.2368421052631578,0.3346774193548387,248,83,1.6274509803921569,38,38,0,38,0,0.6862745098039216,0.1176470588235294,51,2024-01-10,2024-12-29,True,706.5252643137021,0.2364473684210526,-33.75649107845665,757.1552174982507,-48.877662740051,catboost,"A,B",RUB->UZS
catboost_ab,UZS,wf_2025,5.0,5,,0.1614906832298136,161,26,0.7647058823529411,0,0,0,0,0,1.0,0.0,34,2025-01-10,2025-08-30,True,,,,,,catboost,"A,B",RUB->UZS
catboost_abc,AMD,oot,5.0,5,0.4,0.3045267489711934,243,74,1.3962264150943395,20,20,0,20,0,0.8113207547169812,0.0566037735849056,53,2025-09-02,2026-09-02,True,201.58017403310205,0.45175,36.76221562240111,268.6351369574377,35.4893998325001,catboost,"A,B,C",RUB->AMD
catboost_abc,AMD,wf_2022,5.0,5,0.1666666666666666,0.291497975708502,247,72,1.411764705882353,6,6,0,6,0,0.9215686274509804,0.0,51,2022-01-11,2022-12-31,True,288.8353414506488,0.1025,-46.32603786116176,424.6999188185557,-70.59147804586182,catboost,"A,B,C",RUB->AMD
catboost_abc,AMD,wf_2023,5.0,5,0.2,0.3846153846153846,247,95,1.8627450980392155,20,20,0,20,0,0.8235294117647058,0.0784313725490196,51,2023-01-10,2023-12-30,True,411.6907841848288,0.1712499999999999,-5.581279315259614,564.3990966856112,4.141333202835611,catboost,"A,B,C",RUB->AMD
catboost_abc,AMD,wf_2024,5.0,5,,0.3548387096774194,248,88,1.7254901960784317,0,0,0,0,0,1.0,0.0,51,2024-01-10,2024-12-29,True,,,,,,catboost,"A,B,C",RUB->AMD
catboost_abc,AMD,wf_2025,5.0,5,0.0,0.1987577639751552,161,32,0.9411764705882352,1,1,0,1,0,0.9705882352941176,0.0,34,2025-01-10,2025-08-30,True,37.58537795246042,0.47,23.88377388785825,22.946636394858924,-4.381213054307498,catboost,"A,B,C",RUB->AMD
catboost_abc,KGS,oot,5.0,5,0.4347826086956521,0.2880658436213992,243,70,1.320754716981132,24,23,1,23,1,0.7547169811320755,0.0754716981132075,53,2025-09-02,2026-09-02,True,200.32441803625065,0.4580434782608695,76.69004094329654,397.3115959736515,101.87745111526252,catboost,"A,B,C",RUB->KGS
catboost_abc,KGS,wf_2022,5.0,5,0.1538461538461538,0.2631578947368421,247,65,1.2745098039215683,13,13,0,13,0,0.8823529411764706,0.0588235294117647,51,2022-01-11,2022-12-31,True,421.014009006051,0.1573076923076923,-109.22127654318976,941.8849471147134,-69.50390138613965,catboost,"A,B,C",RUB->KGS
catboost_abc,KGS,wf_2023,5.0,5,0.3448275862068966,0.3805668016194332,247,94,1.843137254901961,29,29,0,29,0,0.7254901960784313,0.0784313725490196,51,2023-01-10,2023-12-30,True,341.6603908789799,0.3203448275862069,30.912498678945536,410.7355256407986,47.72499239318551,catboost,"A,B,C",RUB->KGS
catboost_abc,KGS,wf_2024,5.0,5,1.0,0.375,248,93,1.8235294117647056,1,1,0,1,0,0.9803921568627452,0.0,51,2024-01-10,2024-12-29,True,0.0,0.36,76.16571698850267,68.50920583056234,327.96450282999155,catboost,"A,B,C",RUB->KGS
catboost_abc,KGS,wf_2025,5.0,5,0.25,0.1739130434782608,161,28,0.8235294117647058,4,4,0,4,0,0.9705882352941176,0.0294117647058823,34,2025-01-10,2025-08-30,True,24.166875197197403,0.3925,13.605649714451802,43.26569690903407,6.113311026023915,catboost,"A,B,C",RUB->KGS
catboost_abc,KZT,oot,5.0,5,0.1578947368421052,0.3292181069958848,243,80,1.509433962264151,19,19,0,19,0,0.8113207547169812,0.0377358490566037,53,2025-09-02,2026-09-02,True,248.65753346277407,0.2968421052631578,33.17552045681366,367.6272790050947,9.310199847606626,catboost,"A,B,C",RUB->KZT
catboost_abc,KZT,wf_2022,5.0,5,0.375,0.2591093117408907,247,64,1.2549019607843137,8,8,0,8,0,0.9019607843137256,0.0196078431372549,51,2022-01-11,2022-12-31,True,668.5474075333686,0.250625,-185.3995538134263,1132.676856049299,-83.41962633995365,catboost,"A,B,C",RUB->KZT
catboost_abc,KZT,wf_2023,5.0,5,0.5833333333333334,0.3603238866396761,247,89,1.7450980392156863,12,12,0,12,0,0.9019607843137256,0.0392156862745098,51,2023-01-10,2023-12-30,True,147.84440116061768,0.5470833333333335,105.86114268378368,272.4514651367391,109.57021477785496,catboost,"A,B,C",RUB->KZT
catboost_abc,KZT,wf_2024,5.0,5,,0.2701612903225806,248,67,1.3137254901960784,0,0,0,0,0,1.0,0.0,51,2024-01-10,2024-12-29,True,,,,,,catboost,"A,B,C",RUB->KZT
catboost_abc,KZT,wf_2025,5.0,5,,0.1677018633540372,161,27,0.7941176470588235,0,0,0,0,0,1.0,0.0,34,2025-01-10,2025-08-30,True,,,,,,catboost,"A,B,C",RUB->KZT
catboost_abc,TJS,oot,5.0,5,0.4146341463414634,0.3004115226337449,243,73,1.3773584905660377,42,41,1,41,1,0.6037735849056604,0.1132075471698113,53,2025-09-02,2026-09-02,True,294.01147374200946,0.4085365853658537,54.79030119570348,362.56037267135906,61.09632155400329,catboost,"A,B,C",RUB->TJS
catboost_abc,TJS,wf_2022,5.0,5,0.0909090909090909,0.3117408906882591,247,77,1.5098039215686274,11,11,0,11,0,0.8627450980392157,0.0196078431372549,51,2022-01-11,2022-12-31,True,1661.9843286030584,0.1131818181818181,-361.9165675830193,2387.95969563875,-358.0171699069471,catboost,"A,B,C",RUB->TJS
catboost_abc,TJS,wf_2023,5.0,5,0.3076923076923077,0.3805668016194332,247,94,1.843137254901961,13,13,0,13,0,0.8627450980392157,0.0392156862745098,51,2023-01-10,2023-12-30,True,245.2016355762874,0.2753846153846154,36.23708269883422,394.65184518991447,23.35146033240136,catboost,"A,B,C",RUB->TJS
catboost_abc,TJS,wf_2024,5.0,5,,0.3548387096774194,248,88,1.7254901960784317,0,0,0,0,0,1.0,0.0,51,2024-01-10,2024-12-29,True,,,,,,catboost,"A,B,C",RUB->TJS
catboost_abc,TJS,wf_2025,5.0,5,0.3333333333333333,0.2981366459627329,161,48,1.411764705882353,6,6,0,6,0,0.9117647058823528,0.0,34,2025-01-10,2025-08-30,True,94.52120066155524,0.3308333333333333,49.455256800153855,275.8725112102925,43.713604138984614,catboost,"A,B,C",RUB->TJS
catboost_abc,UZS,oot,5.0,5,0.5,0.3415637860082304,243,83,1.5660377358490567,24,22,2,22,2,0.7924528301886793,0.0754716981132075,53,2025-09-02,2026-09-02,True,342.5243481437725,0.4629545454545454,65.86440437427686,440.6899525918517,51.77021084135993,catboost,"A,B,C",RUB->UZS
catboost_abc,UZS,wf_2022,5.0,5,0.2727272727272727,0.2631578947368421,247,65,1.2745098039215683,11,11,0,11,0,0.8823529411764706,0.0392156862745098,51,2022-01-11,2022-12-31,True,1257.4788955965191,0.2272727272727272,-304.5922220454767,1806.278057950017,-257.142816282214,catboost,"A,B,C",RUB->UZS
catboost_abc,UZS,wf_2023,5.0,5,0.25,0.3846153846153846,247,95,1.8627450980392155,24,24,0,24,0,0.7843137254901961,0.0784313725490196,51,2023-01-10,2023-12-30,True,293.8449965713686,0.2258333333333333,10.783403126441383,407.3265532472019,22.303627896178245,catboost,"A,B,C",RUB->UZS
catboost_abc,UZS,wf_2024,5.0,5,1.0,0.3346774193548387,248,83,1.6274509803921569,1,1,0,1,0,0.9803921568627452,0.0,51,2024-01-10,2024-12-29,True,0.0,0.46,114.69531546189678,53.424726267344816,309.3563096637264,catboost,"A,B,C",RUB->UZS
catboost_abc,UZS,wf_2025,5.0,5,0.0,0.1614906832298136,161,26,0.7647058823529411,2,2,0,2,0,0.9705882352941176,0.0,34,2025-01-10,2025-08-30,True,156.93952389823738,0.1975,-28.767682721391555,142.3455466467359,-97.55492593761127,catboost,"A,B,C",RUB->UZS
catboost_abcd,AMD,oot,5.0,5,0.3529411764705882,0.3045267489711934,243,74,1.3962264150943395,17,17,0,17,0,0.7735849056603774,0.0188679245283018,53,2025-09-02,2026-09-02,True,155.2072862991225,0.4376470588235294,62.26777744078137,256.7239359887467,57.936153469383335,catboost,"A,B,C,D",RUB->AMD
catboost_abcd,AMD,wf_2022,5.0,5,0.0,0.291497975708502,247,72,1.411764705882353,4,4,0,4,0,0.9411764705882352,0.0,51,2022-01-11,2022-12-31,True,284.4781470461438,0.06125,-100.45356503226677,532.9093213349338,-144.70183397430614,catboost,"A,B,C,D",RUB->AMD
catboost_abcd,AMD,wf_2023,5.0,5,0.2608695652173913,0.3846153846153846,247,95,1.8627450980392155,69,69,0,69,0,0.6078431372549019,0.2549019607843137,51,2023-01-10,2023-12-30,True,476.9516132328562,0.2400724637681159,8.990087602578267,492.7058823718736,9.87197169885606,catboost,"A,B,C,D",RUB->AMD
catboost_abcd,AMD,wf_2024,5.0,5,0.5,0.3548387096774194,248,88,1.7254901960784317,10,10,0,10,0,0.9019607843137256,0.0392156862745098,51,2024-01-10,2024-12-29,True,34.86951203835398,0.411,58.0369339501219,82.86211465731068,64.77537449112646,catboost,"A,B,C,D",RUB->AMD
catboost_abcd,AMD,wf_2025,5.0,5,0.2307692307692307,0.1987577639751552,161,32,0.9411764705882352,13,13,0,13,0,0.7941176470588235,0.0294117647058823,34,2025-01-10,2025-08-30,True,250.6373071452468,0.2696153846153846,-13.087092280598563,359.8237071730559,-13.655921119357137,catboost,"A,B,C,D",RUB->AMD
catboost_abcd,KGS,oot,5.0,5,0.4,0.2880658436213992,243,70,1.320754716981132,20,20,0,20,0,0.7547169811320755,0.0377358490566037,53,2025-09-02,2026-09-02,True,173.07098445545367,0.4525,77.80733458618073,463.04583704706937,110.74889602981077,catboost,"A,B,C,D",RUB->KGS
catboost_abcd,KGS,wf_2022,5.0,5,0.0,0.2631578947368421,247,65,1.2745098039215683,1,1,0,1,0,0.9803921568627452,0.0,51,2022-01-11,2022-12-31,True,379.06342772675794,0.165,128.582602100406,1155.7198726344895,989.9841717230884,catboost,"A,B,C,D",RUB->KGS
catboost_abcd,KGS,wf_2023,5.0,5,0.3134328358208955,0.3805668016194332,247,94,1.843137254901961,67,67,0,67,0,0.5490196078431373,0.2941176470588235,51,2023-01-10,2023-12-30,True,404.1679018497199,0.3022388059701492,19.901894134107884,446.1601152093745,27.33520851147328,catboost,"A,B,C,D",RUB->KGS
catboost_abcd,KGS,wf_2024,5.0,5,0.2857142857142857,0.375,248,93,1.8235294117647056,14,14,0,14,0,0.8235294117647058,0.0196078431372549,51,2024-01-10,2024-12-29,True,114.89109178813628,0.3510714285714285,27.625673740500265,178.24780707008983,14.104614536504243,catboost,"A,B,C,D",RUB->KGS
catboost_abcd,KGS,wf_2025,5.0,5,0.1428571428571428,0.1739130434782608,161,28,0.8235294117647058,14,14,0,14,0,0.7352941176470589,0.0294117647058823,34,2025-01-10,2025-08-30,True,268.7508400305219,0.2175,-24.188647697961752,408.6950259750925,-38.825834124249475,catboost,"A,B,C,D",RUB->KGS
catboost_abcd,KZT,oot,5.0,5,0.4615384615384615,0.3292181069958848,243,80,1.509433962264151,13,13,0,13,0,0.8490566037735849,0.0377358490566037,53,2025-09-02,2026-09-02,True,229.6690043498999,0.395,78.07763050743063,467.2222286852129,128.03523901940164,catboost,"A,B,C,D",RUB->KZT
catboost_abcd,KZT,wf_2022,5.0,5,0.0,0.2591093117408907,247,64,1.2549019607843137,1,1,0,1,0,0.9803921568627452,0.0,51,2022-01-11,2022-12-31,True,113.8439657180612,0.145,49.60551722580316,602.7719197145605,613.7293529322685,catboost,"A,B,C,D",RUB->KZT
catboost_abcd,KZT,wf_2023,5.0,5,0.3125,0.3603238866396761,247,89,1.7450980392156863,64,64,0,64,0,0.5882352941176471,0.2745098039215686,51,2023-01-10,2023-12-30,True,501.886480693182,0.2759375,20.584210053118504,518.7261312669779,21.569420493390297,catboost,"A,B,C,D",RUB->KZT
catboost_abcd,KZT,wf_2024,5.0,5,0.25,0.2701612903225806,248,67,1.3137254901960784,12,12,0,12,0,0.803921568627451,0.0,51,2024-01-10,2024-12-29,True,131.22790255922777,0.285,38.18554742513928,191.083517309148,44.074098862117985,catboost,"A,B,C,D",RUB->KZT
catboost_abcd,KZT,wf_2025,5.0,5,0.0833333333333333,0.1677018633540372,161,27,0.7941176470588235,12,12,0,12,0,0.7941176470588235,0.0294117647058823,34,2025-01-10,2025-08-30,True,273.19003931829354,0.1679166666666667,-28.582118796181263,480.363582744297,-30.066797260074793,catboost,"A,B,C,D",RUB->KZT
catboost_abcd,TJS,oot,5.0,5,0.4736842105263157,0.3004115226337449,243,73,1.3773584905660377,19,19,0,19,0,0.7735849056603774,0.0377358490566037,53,2025-09-02,2026-09-02,True,149.78765851300977,0.4692105263157894,88.13388706029554,417.76589099407533,134.87665509458475,catboost,"A,B,C,D",RUB->TJS
catboost_abcd,TJS,wf_2022,5.0,5,0.0,0.3117408906882591,247,77,1.5098039215686274,2,2,0,2,0,0.9607843137254902,0.0,51,2022-01-11,2022-12-31,True,394.4800987433072,0.085,-270.9303321325842,917.8759293897436,-54.333805895175885,catboost,"A,B,C,D",RUB->TJS
catboost_abcd,TJS,wf_2023,5.0,5,0.2727272727272727,0.3805668016194332,247,94,1.843137254901961,55,55,0,55,0,0.6274509803921569,0.2156862745098039,51,2023-01-10,2023-12-30,True,311.47247160025233,0.2625454545454545,17.527587991413316,392.515041605792,25.481326798342096,catboost,"A,B,C,D",RUB->TJS
catboost_abcd,TJS,wf_2024,5.0,5,0.5454545454545454,0.3548387096774194,248,88,1.7254901960784317,11,11,0,11,0,0.8431372549019608,0.0196078431372549,51,2024-01-10,2024-12-29,True,43.29987579723138,0.3904545454545454,37.02764141569673,85.22939051464961,44.03355737882258,catboost,"A,B,C,D",RUB->TJS
catboost_abcd,TJS,wf_2025,5.0,5,0.3,0.2981366459627329,161,48,1.411764705882353,10,10,0,10,0,0.8235294117647058,0.0294117647058823,34,2025-01-10,2025-08-30,True,303.52566801221093,0.213,-24.746690130925252,410.0468570869351,-5.256775630666732,catboost,"A,B,C,D",RUB->TJS
catboost_abcd,UZS,oot,5.0,5,0.4615384615384615,0.3415637860082304,243,83,1.5660377358490567,13,13,0,13,0,0.8490566037735849,0.0188679245283018,53,2025-09-02,2026-09-02,True,184.892987049003,0.4965384615384616,92.5823300952376,440.9632559962872,109.24946092004058,catboost,"A,B,C,D",RUB->UZS
catboost_abcd,UZS,wf_2022,5.0,5,0.0,0.2631578947368421,247,65,1.2745098039215683,3,3,0,3,0,0.9411764705882352,0.0,51,2022-01-11,2022-12-31,True,426.73780122779226,0.06,-252.87422118403055,898.1833998463591,-68.35100705295656,catboost,"A,B,C,D",RUB->UZS
catboost_abcd,UZS,wf_2023,5.0,5,0.3125,0.3846153846153846,247,95,1.8627450980392155,64,64,0,64,0,0.6078431372549019,0.2352941176470588,51,2023-01-10,2023-12-30,True,369.7616974533697,0.2921875,21.728731634903564,378.97088917548786,26.28248206786003,catboost,"A,B,C,D",RUB->UZS
catboost_abcd,UZS,wf_2024,5.0,5,0.7,0.3346774193548387,248,83,1.6274509803921569,10,10,0,10,0,0.8235294117647058,0.0,51,2024-01-10,2024-12-29,True,44.31118759788788,0.4865,67.30086817051146,108.29413396572488,90.47839241390356,catboost,"A,B,C,D",RUB->UZS
catboost_abcd,UZS,wf_2025,5.0,5,0.25,0.1614906832298136,161,26,0.7647058823529411,12,12,0,12,0,0.7941176470588235,0.0294117647058823,34,2025-01-10,2025-08-30,True,277.96681368015186,0.1875,-30.576869083923803,425.4392793630135,-14.99530476403804,catboost,"A,B,C,D",RUB->UZS
level,AMD,oot,,5,0.2857142857142857,0.3045267489711934,243,74,1.3962264150943395,42,42,0,42,0,0.7169811320754716,0.1320754716981132,53,2025-09-02,2026-09-02,True,312.4760535689819,0.2013095238095238,1.262345091357182,327.4369774496338,30.57967260279441,level,,RUB->AMD
level,AMD,wf_2022,,5,0.15625,0.291497975708502,247,72,1.411764705882353,32,32,0,32,0,0.8235294117647058,0.1372549019607843,51,2022-01-11,2022-12-31,True,983.7859004159184,0.136875,-4.765321701146834,1111.9585916953504,35.77983076622801,level,,RUB->AMD
level,AMD,wf_2023,,5,0.16,0.3846153846153846,247,95,1.8627450980392155,25,25,0,25,0,0.8823529411764706,0.0980392156862745,51,2023-01-10,2023-12-30,True,352.7534707240689,0.1838,-29.344921502823063,379.1247344194536,-27.288170419220005,level,,RUB->AMD
level,AMD,wf_2024,,5,0.3571428571428571,0.3548387096774194,248,88,1.7254901960784317,28,28,0,28,0,0.8431372549019608,0.1372549019607843,51,2024-01-10,2024-12-29,True,283.1110015653122,0.2925,22.905757726501687,532.474639061714,65.39816419731405,level,,RUB->AMD
level,AMD,wf_2025,,5,0.2045454545454545,0.1987577639751552,161,32,0.9411764705882352,88,88,0,88,0,0.2941176470588235,0.5294117647058824,34,2025-01-10,2025-08-30,True,664.4145528844567,0.1729545454545454,-44.270526080151974,635.5633885519202,-36.67545430433773,level,,RUB->AMD
level,KGS,oot,,5,0.2295081967213114,0.2880658436213992,243,70,1.320754716981132,61,61,0,61,0,0.6226415094339622,0.2075471698113207,53,2025-09-02,2026-09-02,True,325.8895541975977,0.1742622950819672,-15.02951288412309,338.65706569306974,2.909592696271615,level,,RUB->KGS
level,KGS,wf_2022,,5,0.1666666666666666,0.2631578947368421,247,65,1.2745098039215683,42,42,0,42,0,0.7647058823529411,0.1764705882352941,51,2022-01-11,2022-12-31,True,985.7894846568108,0.1134523809523809,-87.45864609740994,1367.5476507189578,7.787281446593219,level,,RUB->KGS
level,KGS,wf_2023,,5,0.2857142857142857,0.3805668016194332,247,94,1.843137254901961,14,14,0,14,0,0.9215686274509804,0.0588235294117647,51,2023-01-10,2023-12-30,True,209.51986686472736,0.3292857142857143,13.598047404788094,377.64471287330207,18.51527796644627,level,,RUB->KGS
level,KGS,wf_2024,,5,0.3636363636363636,0.375,248,93,1.8235294117647056,22,22,0,22,0,0.8627450980392157,0.0784313725490196,51,2024-01-10,2024-12-29,True,573.9168155493792,0.3304545454545454,47.80562508275429,717.1229421248701,68.952737156706,level,,RUB->KGS
level,KGS,wf_2025,,5,0.1515151515151515,0.1739130434782608,161,28,0.8235294117647058,99,99,0,99,0,0.2647058823529412,0.6176470588235294,34,2025-01-10,2025-08-30,True,663.4491635147932,0.1452020202020202,-47.00030395549741,629.8642702966054,-42.57566994377401,level,,RUB->KGS
level,KZT,oot,,5,0.3684210526315789,0.3292181069958848,243,80,1.509433962264151,19,19,0,19,0,0.8679245283018868,0.0754716981132075,53,2025-09-02,2026-09-02,True,266.85501416119496,0.291578947368421,19.60646392070419,385.9692900896944,75.97455021835013,level,,RUB->KZT
level,KZT,wf_2022,,5,0.196078431372549,0.2591093117408907,247,64,1.2549019607843137,51,51,0,51,0,0.7058823529411765,0.2156862745098039,51,2022-01-11,2022-12-31,True,1059.0250505618526,0.1470588235294117,-113.77921246792955,1103.744411985179,-19.746440774948713,level,,RUB->KZT
level,KZT,wf_2023,,5,0.1904761904761904,0.3603238866396761,247,89,1.7450980392156863,21,21,0,21,0,0.8823529411764706,0.0784313725490196,51,2023-01-10,2023-12-30,True,263.6743497326899,0.1366666666666666,-6.41374442758379,303.4462497421542,1.7355064090861032,level,,RUB->KZT
level,KZT,wf_2024,,5,0.2,0.2701612903225806,248,67,1.3137254901960784,45,45,0,45,0,0.803921568627451,0.196078431372549,51,2024-01-10,2024-12-29,True,873.9212610645209,0.2068888888888889,-41.156497852005906,965.5117624344816,-37.93302808607832,level,,RUB->KZT
level,KZT,wf_2025,,5,0.2,0.1677018633540372,161,27,0.7941176470588235,115,115,0,115,0,0.1176470588235294,0.6764705882352942,34,2025-01-10,2025-08-30,False,,0.1714347826086956,-48.75261544099941,727.6038140597623,-31.98153563683838,level,,RUB->KZT
level,TJS,oot,,5,0.2571428571428571,0.3004115226337449,243,73,1.3773584905660377,70,70,0,70,0,0.5849056603773585,0.2075471698113207,53,2025-09-02,2026-09-02,True,301.27386954535405,0.2238571428571428,-2.5216254054193303,314.1956462751964,7.215962819665714,level,,RUB->TJS
level,TJS,wf_2022,,5,0.2051282051282051,0.3117408906882591,247,77,1.5098039215686274,39,39,0,39,0,0.7843137254901961,0.1764705882352941,51,2022-01-11,2022-12-31,True,932.277603316606,0.1664102564102564,-103.89191287012947,1474.3408919835465,4.13412658358265,level,,RUB->TJS
level,TJS,wf_2023,,5,0.25,0.3805668016194332,247,94,1.843137254901961,12,12,0,12,0,0.9411764705882352,0.0588235294117647,51,2023-01-10,2023-12-30,True,108.99334410321649,0.2954166666666666,38.00279289256354,372.0680328525785,54.54282533069418,level,,RUB->TJS
level,TJS,wf_2024,,5,0.3666666666666666,0.3548387096774194,248,88,1.7254901960784317,30,30,0,30,0,0.803921568627451,0.1176470588235294,51,2024-01-10,2024-12-29,True,421.986590350269,0.3013333333333333,29.446514805721645,638.2459368236252,64.07541474523086,level,,RUB->TJS
level,TJS,wf_2025,,5,0.2325581395348837,0.2981366459627329,161,48,1.411764705882353,43,43,0,43,0,0.6764705882352942,0.2352941176470588,34,2025-01-10,2025-08-30,True,672.632041067716,0.2046511627906976,-69.61220915713311,675.1880879740233,-62.04906408646691,level,,RUB->TJS
level,UZS,oot,,5,0.3265306122448979,0.3415637860082304,243,83,1.5660377358490567,49,49,0,49,0,0.6981132075471698,0.1698113207547169,53,2025-09-02,2026-09-02,True,341.19704446246635,0.2365306122448979,-18.10855848952226,375.34960001818973,6.206549742917612,level,,RUB->UZS
level,UZS,wf_2022,,5,0.108695652173913,0.2631578947368421,247,65,1.2745098039215683,46,46,0,46,0,0.7647058823529411,0.196078431372549,51,2022-01-11,2022-12-31,True,1031.8917348448558,0.0920652173913043,-119.92756013176955,1126.7234160403211,-54.34849467983486,level,,RUB->UZS
level,UZS,wf_2023,,5,0.1481481481481481,0.3846153846153846,247,95,1.8627450980392155,27,27,0,27,0,0.8823529411764706,0.1176470588235294,51,2023-01-10,2023-12-30,True,356.27764455410824,0.1635185185185185,-36.80679780977259,400.0428079428776,-35.03687858662598,level,,RUB->UZS
level,UZS,wf_2024,,5,0.2941176470588235,0.3346774193548387,248,83,1.6274509803921569,51,51,0,51,0,0.7058823529411765,0.2352941176470588,51,2024-01-10,2024-12-29,True,524.8515157797868,0.2245098039215686,3.2300868249444625,748.5223327261301,30.728654784770065,level,,RUB->UZS
level,UZS,wf_2025,,5,0.141025641025641,0.1614906832298136,161,26,0.7647058823529411,78,78,0,78,0,0.3823529411764705,0.5,34,2025-01-10,2025-08-30,True,664.6609860504022,0.1257051282051282,-48.416322539168526,678.780784704822,-39.89111263767475,level,,RUB->UZS
logreg_a,AMD,oot,5.0,5,0.2105263157894736,0.3045267489711934,243,74,1.3962264150943395,38,38,0,38,0,0.660377358490566,0.1320754716981132,53,2025-09-02,2026-09-02,True,271.7161618682136,0.3031578947368421,6.834319940541473,295.0676748454641,-8.647170205113591,logreg,A,RUB->AMD
logreg_a,AMD,wf_2022,5.0,5,0.5,0.291497975708502,247,72,1.411764705882353,2,2,0,2,0,0.9607843137254902,0.0,51,2022-01-11,2022-12-31,True,45.15772480693458,0.425,608.5335280590396,334.60271709301617,643.821777562149,logreg,A,RUB->AMD
logreg_a,AMD,wf_2023,5.0,5,0.2857142857142857,0.3846153846153846,247,95,1.8627450980392155,7,7,0,7,0,0.8627450980392157,0.0,51,2023-01-10,2023-12-30,True,167.01122551711344,0.2228571428571428,30.517646282730112,387.24438791781705,58.26822737294528,logreg,A,RUB->AMD
logreg_a,AMD,wf_2024,5.0,5,0.28,0.3548387096774194,248,88,1.7254901960784317,50,50,0,50,0,0.5882352941176471,0.1568627450980392,51,2024-01-10,2024-12-29,True,339.0006258950522,0.2588,18.589857192575675,452.9749375954579,31.233838906637757,logreg,A,RUB->AMD
logreg_a,AMD,wf_2025,5.0,5,0.2272727272727272,0.1987577639751552,161,32,0.9411764705882352,22,22,0,22,0,0.5882352941176471,0.0588235294117647,34,2025-01-10,2025-08-30,True,295.7277335295694,0.2220454545454545,-16.21607454982459,393.74196149482,-31.77773295127417,logreg,A,RUB->AMD
logreg_a,KGS,oot,5.0,5,0.25,0.2880658436213992,243,70,1.320754716981132,4,4,0,4,0,0.9245283018867924,0.0,53,2025-09-02,2026-09-02,True,132.88192106850562,0.25,-13.155158869036184,347.348832773475,14.109611491912595,logreg,A,RUB->KGS
logreg_a,KGS,wf_2022,5.0,5,,0.2631578947368421,247,65,1.2745098039215683,0,0,0,0,0,1.0,0.0,51,2022-01-11,2022-12-31,True,,,,,,logreg,A,RUB->KGS
logreg_a,KGS,wf_2023,5.0,5,0.3333333333333333,0.3805668016194332,247,94,1.843137254901961,6,6,0,6,0,0.8823529411764706,0.0,51,2023-01-10,2023-12-30,True,157.5412668050551,0.2366666666666666,1.448784562148988,320.5407877050028,-1.4451310098203165,logreg,A,RUB->KGS
logreg_a,KGS,wf_2024,5.0,5,0.2830188679245283,0.375,248,93,1.8235294117647056,53,53,0,53,0,0.5686274509803921,0.1764705882352941,51,2024-01-10,2024-12-29,True,378.50708378708913,0.3033962264150943,5.7555918594874775,564.0725522238624,4.382412631075293,logreg,A,RUB->KGS
logreg_a,KGS,wf_2025,5.0,5,0.0909090909090909,0.1739130434782608,161,28,0.8235294117647058,22,22,0,22,0,0.5294117647058824,0.0294117647058823,34,2025-01-10,2025-08-30,True,425.42312050450136,0.2009090909090909,-27.37757170597893,485.4345188912157,-51.21422813980739,logreg,A,RUB->KGS
logreg_a,KZT,oot,5.0,5,0.4,0.3292181069958848,243,80,1.509433962264151,5,5,0,5,0,0.9245283018867924,0.0,53,2025-09-02,2026-09-02,True,70.21266672151549,0.258,9.186717897437608,211.91408362699164,27.059746692115866,logreg,A,RUB->KZT
logreg_a,KZT,wf_2022,5.0,5,,0.2591093117408907,247,64,1.2549019607843137,0,0,0,0,0,1.0,0.0,51,2022-01-11,2022-12-31,True,,,,,,logreg,A,RUB->KZT
logreg_a,KZT,wf_2023,5.0,5,0.3333333333333333,0.3603238866396761,247,89,1.7450980392156863,9,9,0,9,0,0.8431372549019608,0.0,51,2023-01-10,2023-12-30,True,102.63026927027316,0.2811111111111111,75.62894468112076,218.8224158309783,67.79005050151696,logreg,A,RUB->KZT
logreg_a,KZT,wf_2024,5.0,5,0.1875,0.2701612903225806,248,67,1.3137254901960784,48,48,0,48,0,0.5686274509803921,0.1568627450980392,51,2024-01-10,2024-12-29,True,457.8205963217109,0.2178125,-7.041329386632533,569.4304998207131,-10.52437852519028,logreg,A,RUB->KZT
logreg_a,KZT,wf_2025,5.0,5,0.1153846153846153,0.1677018633540372,161,27,0.7941176470588235,26,26,0,26,0,0.5294117647058824,0.088235294117647,34,2025-01-10,2025-08-30,True,381.2632189785558,0.1473076923076923,-27.9755805212542,490.78377601812184,-43.425498576594464,logreg,A,RUB->KZT
logreg_a,TJS,oot,5.0,5,0.5,0.3004115226337449,243,73,1.3773584905660377,47,46,1,46,1,0.5471698113207547,0.1132075471698113,53,2025-09-02,2026-09-02,True,361.2015757437623,0.4942391304347826,77.91388801598278,385.90715456071194,78.47507740268941,logreg,A,RUB->TJS
logreg_a,TJS,wf_2022,5.0,5,0.0,0.3117408906882591,247,77,1.5098039215686274,2,2,0,2,0,0.9607843137254902,0.0,51,2022-01-11,2022-12-31,True,811.6104157413117,0.0,-338.9218000674623,878.8278348704295,-418.3477574464267,logreg,A,RUB->TJS
logreg_a,TJS,wf_2023,5.0,5,0.1666666666666666,0.3805668016194332,247,94,1.843137254901961,6,6,0,6,0,0.8823529411764706,0.0,51,2023-01-10,2023-12-30,True,162.39801525470867,0.205,1.4106972113284957,324.99242506413464,-4.620616240052687,logreg,A,RUB->TJS
logreg_a,TJS,wf_2024,5.0,5,0.4,0.3548387096774194,248,88,1.7254901960784317,50,50,0,50,0,0.5686274509803921,0.1764705882352941,51,2024-01-10,2024-12-29,True,583.3355547512596,0.3631999999999999,25.64060225390024,740.9575017983522,34.389614663067626,logreg,A,RUB->TJS
logreg_a,TJS,wf_2025,5.0,5,0.3333333333333333,0.2981366459627329,161,48,1.411764705882353,27,27,0,27,0,0.5588235294117647,0.088235294117647,34,2025-01-10,2025-08-30,True,446.0715060451817,0.3038888888888889,-2.812547304338921,499.8305043598921,-7.628528397666871,logreg,A,RUB->TJS
logreg_a,UZS,oot,5.0,5,0.25,0.3415637860082304,243,83,1.5660377358490567,4,4,0,4,0,0.9245283018867924,0.0,53,2025-09-02,2026-09-02,True,128.38832509178002,0.275,51.322143598299554,248.04316100320477,8.899669752676086,logreg,A,RUB->UZS
logreg_a,UZS,wf_2022,5.0,5,,0.2631578947368421,247,65,1.2745098039215683,0,0,0,0,0,1.0,0.0,51,2022-01-11,2022-12-31,True,,,,,,logreg,A,RUB->UZS
logreg_a,UZS,wf_2023,5.0,5,0.1428571428571428,0.3846153846153846,247,95,1.8627450980392155,7,7,0,7,0,0.8627450980392157,0.0,51,2023-01-10,2023-12-30,True,180.03717400388598,0.2664285714285714,7.763866301453247,333.09075707831244,-5.181832364414665,logreg,A,RUB->UZS
logreg_a,UZS,wf_2024,5.0,5,0.3333333333333333,0.3346774193548387,248,83,1.6274509803921569,48,48,0,48,0,0.5686274509803921,0.1764705882352941,51,2024-01-10,2024-12-29,True,587.5390416389052,0.3344791666666666,5.797827829091562,593.9340208651697,-10.16781109458976,logreg,A,RUB->UZS
logreg_a,UZS,wf_2025,5.0,5,0.1363636363636363,0.1614906832298136,161,26,0.7647058823529411,22,22,0,22,0,0.5294117647058824,0.0294117647058823,34,2025-01-10,2025-08-30,True,428.12126227587214,0.1584090909090909,-26.36539155530904,485.8662747533331,-48.76350111436965,logreg,A,RUB->UZS
logreg_ab,AMD,oot,5.0,5,,0.3045267489711934,243,74,1.3962264150943395,0,0,0,0,0,1.0,0.0,53,2025-09-02,2026-09-02,True,,,,,,logreg,"A,B",RUB->AMD
logreg_ab,AMD,wf_2022,5.0,5,0.3333333333333333,0.291497975708502,247,72,1.411764705882353,6,6,0,6,0,0.8823529411764706,0.0,51,2022-01-11,2022-12-31,True,707.2311043991298,0.1725,-67.04918325109253,1069.4710750094614,-35.813940160909226,logreg,"A,B",RUB->AMD
logreg_ab,AMD,wf_2023,5.0,5,,0.3846153846153846,247,95,1.8627450980392155,0,0,0,0,0,1.0,0.0,51,2023-01-10,2023-12-30,True,,,,,,logreg,"A,B",RUB->AMD
logreg_ab,AMD,wf_2024,5.0,5,0.275,0.3548387096774194,248,88,1.7254901960784317,40,40,0,40,0,0.6274509803921569,0.1176470588235294,51,2024-01-10,2024-12-29,True,303.86937985416785,0.2525,14.73837811163368,509.2534761164698,23.988187538002247,logreg,"A,B",RUB->AMD
logreg_ab,AMD,wf_2025,5.0,5,,0.1987577639751552,161,32,0.9411764705882352,0,0,0,0,0,1.0,0.0,34,2025-01-10,2025-08-30,True,,,,,,logreg,"A,B",RUB->AMD
logreg_ab,KGS,oot,5.0,5,,0.2880658436213992,243,70,1.320754716981132,0,0,0,0,0,1.0,0.0,53,2025-09-02,2026-09-02,True,,,,,,logreg,"A,B",RUB->KGS
logreg_ab,KGS,wf_2022,5.0,5,0.3333333333333333,0.2631578947368421,247,65,1.2745098039215683,3,3,0,3,0,0.9411764705882352,0.0,51,2022-01-11,2022-12-31,True,199.2165971142164,0.1266666666666666,-94.05974709843277,434.6847824258592,-40.18809377483149,logreg,"A,B",RUB->KGS
logreg_ab,KGS,wf_2023,5.0,5,,0.3805668016194332,247,94,1.843137254901961,0,0,0,0,0,1.0,0.0,51,2023-01-10,2023-12-30,True,,,,,,logreg,"A,B",RUB->KGS
logreg_ab,KGS,wf_2024,5.0,5,0.21875,0.375,248,93,1.8235294117647056,32,32,0,32,0,0.6862745098039216,0.0980392156862745,51,2024-01-10,2024-12-29,True,170.14185055294507,0.27578125,17.844106342161798,192.4240155894241,12.981322918223134,logreg,"A,B",RUB->KGS
logreg_ab,KGS,wf_2025,5.0,5,1.0,0.1739130434782608,161,28,0.8235294117647058,1,1,0,1,0,0.9705882352941176,0.0,34,2025-01-10,2025-08-30,True,0.0,0.42,14.802009553588835,18.59464928791359,72.81632084698231,logreg,"A,B",RUB->KGS
logreg_ab,KZT,oot,5.0,5,,0.3292181069958848,243,80,1.509433962264151,0,0,0,0,0,1.0,0.0,53,2025-09-02,2026-09-02,True,,,,,,logreg,"A,B",RUB->KZT
logreg_ab,KZT,wf_2022,5.0,5,0.0909090909090909,0.2591093117408907,247,64,1.2549019607843137,11,11,0,11,0,0.9019607843137256,0.0392156862745098,51,2022-01-11,2022-12-31,True,874.5145439463316,0.179090909090909,-66.0148399607315,1114.6135799234726,-129.84610181612604,logreg,"A,B",RUB->KZT
logreg_ab,KZT,wf_2023,5.0,5,,0.3603238866396761,247,89,1.7450980392156863,0,0,0,0,0,1.0,0.0,51,2023-01-10,2023-12-30,True,,,,,,logreg,"A,B",RUB->KZT
logreg_ab,KZT,wf_2024,5.0,5,0.1333333333333333,0.2701612903225806,248,67,1.3137254901960784,30,30,0,30,0,0.6470588235294118,0.0784313725490196,51,2024-01-10,2024-12-29,True,342.41112242402096,0.1748333333333333,-10.693330835122213,654.5513596906227,1.2298363060031514,logreg,"A,B",RUB->KZT
logreg_ab,KZT,wf_2025,5.0,5,,0.1677018633540372,161,27,0.7941176470588235,0,0,0,0,0,1.0,0.0,34,2025-01-10,2025-08-30,True,,,,,,logreg,"A,B",RUB->KZT
logreg_ab,TJS,oot,5.0,5,,0.3004115226337449,243,73,1.3773584905660377,0,0,0,0,0,1.0,0.0,53,2025-09-02,2026-09-02,True,,,,,,logreg,"A,B",RUB->TJS
logreg_ab,TJS,wf_2022,5.0,5,0.2,0.3117408906882591,247,77,1.5098039215686274,10,10,0,10,0,0.803921568627451,0.0,51,2022-01-11,2022-12-31,True,729.1780725358449,0.222,-65.35460254706665,1385.0236345482192,-16.562004782644813,logreg,"A,B",RUB->TJS
logreg_ab,TJS,wf_2023,5.0,5,,0.3805668016194332,247,94,1.843137254901961,0,0,0,0,0,1.0,0.0,51,2023-01-10,2023-12-30,True,,,,,,logreg,"A,B",RUB->TJS
logreg_ab,TJS,wf_2024,5.0,5,0.4318181818181818,0.3548387096774194,248,88,1.7254901960784317,44,44,0,44,0,0.5882352941176471,0.1372549019607843,51,2024-01-10,2024-12-29,True,520.5207593343899,0.3777272727272727,22.84521727850183,730.8477363691851,35.040963765285554,logreg,"A,B",RUB->TJS
logreg_ab,TJS,wf_2025,5.0,5,0.3333333333333333,0.2981366459627329,161,48,1.411764705882353,3,3,0,3,0,0.9411764705882352,0.0,34,2025-01-10,2025-08-30,True,20.849509859184323,0.5083333333333333,88.20881597582802,38.223682555655984,57.090392509633325,logreg,"A,B",RUB->TJS
logreg_ab,UZS,oot,5.0,5,,0.3415637860082304,243,83,1.5660377358490567,0,0,0,0,0,1.0,0.0,53,2025-09-02,2026-09-02,True,,,,,,logreg,"A,B",RUB->UZS
logreg_ab,UZS,wf_2022,5.0,5,0.1,0.2631578947368421,247,65,1.2745098039215683,10,10,0,10,0,0.8627450980392157,0.0196078431372549,51,2022-01-11,2022-12-31,True,870.6103294693196,0.0805,-241.0568955372936,1158.3314810527254,-289.9634901327114,logreg,"A,B",RUB->UZS
logreg_ab,UZS,wf_2023,5.0,5,,0.3846153846153846,247,95,1.8627450980392155,0,0,0,0,0,1.0,0.0,51,2023-01-10,2023-12-30,True,,,,,,logreg,"A,B",RUB->UZS
logreg_ab,UZS,wf_2024,5.0,5,0.375,0.3346774193548387,248,83,1.6274509803921569,24,24,0,24,0,0.6862745098039216,0.0392156862745098,51,2024-01-10,2024-12-29,True,116.5413041051866,0.370625,36.15628464720431,311.77014721764624,52.23167418761716,logreg,"A,B",RUB->UZS
logreg_ab,UZS,wf_2025,5.0,5,0.0,0.1614906832298136,161,26,0.7647058823529411,3,3,0,3,0,0.9705882352941176,0.0294117647058823,34,2025-01-10,2025-08-30,True,143.7213831395671,0.1833333333333333,-28.214495181874117,158.5330039156763,-88.82171387581997,logreg,"A,B",RUB->UZS
logreg_abc,AMD,oot,5.0,5,0.125,0.3045267489711934,243,74,1.3962264150943395,8,8,0,8,0,0.8679245283018868,0.0,53,2025-09-02,2026-09-02,True,122.77092912438104,0.404375,44.314418642125275,207.28451557330453,13.358509274491448,logreg,"A,B,C",RUB->AMD
logreg_abc,AMD,wf_2022,5.0,5,1.0,0.291497975708502,247,72,1.411764705882353,1,1,0,1,0,0.9803921568627452,0.0,51,2022-01-11,2022-12-31,True,0.0,0.36,79.43060014083925,32.10295791768578,131.11289031224825,logreg,"A,B,C",RUB->AMD
logreg_abc,AMD,wf_2023,5.0,5,,0.3846153846153846,247,95,1.8627450980392155,0,0,0,0,0,1.0,0.0,51,2023-01-10,2023-12-30,True,,,,,,logreg,"A,B,C",RUB->AMD
logreg_abc,AMD,wf_2024,5.0,5,,0.3548387096774194,248,88,1.7254901960784317,0,0,0,0,0,1.0,0.0,51,2024-01-10,2024-12-29,True,,,,,,logreg,"A,B,C",RUB->AMD
logreg_abc,AMD,wf_2025,5.0,5,,0.1987577639751552,161,32,0.9411764705882352,0,0,0,0,0,1.0,0.0,34,2025-01-10,2025-08-30,True,,,,,,logreg,"A,B,C",RUB->AMD
logreg_abc,KGS,oot,5.0,5,0.2666666666666666,0.2880658436213992,243,70,1.320754716981132,18,15,3,15,3,0.7924528301886793,0.0377358490566037,53,2025-09-02,2026-09-02,True,274.14993517968213,0.3266666666666667,38.77200582052216,492.2043007840381,61.449777239434525,logreg,"A,B,C",RUB->KGS
logreg_abc,KGS,wf_2022,5.0,5,1.0,0.2631578947368421,247,65,1.2745098039215683,1,1,0,1,0,0.9803921568627452,0.0,51,2022-01-11,2022-12-31,True,0.0,0.385,58.89112879460906,44.9372685600376,116.35373090767676,logreg,"A,B,C",RUB->KGS
logreg_abc,KGS,wf_2023,5.0,5,,0.3805668016194332,247,94,1.843137254901961,0,0,0,0,0,1.0,0.0,51,2023-01-10,2023-12-30,True,,,,,,logreg,"A,B,C",RUB->KGS
logreg_abc,KGS,wf_2024,5.0,5,,0.375,248,93,1.8235294117647056,0,0,0,0,0,1.0,0.0,51,2024-01-10,2024-12-29,True,,,,,,logreg,"A,B,C",RUB->KGS
logreg_abc,KGS,wf_2025,5.0,5,,0.1739130434782608,161,28,0.8235294117647058,0,0,0,0,0,1.0,0.0,34,2025-01-10,2025-08-30,True,,,,,,logreg,"A,B,C",RUB->KGS
logreg_abc,KZT,oot,5.0,5,0.4,0.3292181069958848,243,80,1.509433962264151,5,5,0,5,0,0.9433962264150944,0.0188679245283018,53,2025-09-02,2026-09-02,True,98.0339821098366,0.4040000000000001,120.62135863055931,203.41858111442764,108.89191700947283,logreg,"A,B,C",RUB->KZT
logreg_abc,KZT,wf_2022,5.0,5,,0.2591093117408907,247,64,1.2549019607843137,0,0,0,0,0,1.0,0.0,51,2022-01-11,2022-12-31,True,,,,,,logreg,"A,B,C",RUB->KZT
logreg_abc,KZT,wf_2023,5.0,5,,0.3603238866396761,247,89,1.7450980392156863,0,0,0,0,0,1.0,0.0,51,2023-01-10,2023-12-30,True,,,,,,logreg,"A,B,C",RUB->KZT
logreg_abc,KZT,wf_2024,5.0,5,,0.2701612903225806,248,67,1.3137254901960784,0,0,0,0,0,1.0,0.0,51,2024-01-10,2024-12-29,True,,,,,,logreg,"A,B,C",RUB->KZT
logreg_abc,KZT,wf_2025,5.0,5,,0.1677018633540372,161,27,0.7941176470588235,0,0,0,0,0,1.0,0.0,34,2025-01-10,2025-08-30,True,,,,,,logreg,"A,B,C",RUB->KZT
logreg_abc,TJS,oot,5.0,5,0.3478260869565217,0.3004115226337449,243,73,1.3773584905660377,24,23,1,23,1,0.6792452830188679,0.0377358490566037,53,2025-09-02,2026-09-02,True,310.46569701382776,0.3758695652173912,64.16072374379354,367.0761462835919,59.02438188152107,logreg,"A,B,C",RUB->TJS
logreg_abc,TJS,wf_2022,5.0,5,1.0,0.3117408906882591,247,77,1.5098039215686274,1,1,0,1,0,0.9803921568627452,0.0,51,2022-01-11,2022-12-31,True,0.0,0.4,62.84357059869525,45.71752261294378,124.6435796129819,logreg,"A,B,C",RUB->TJS
logreg_abc,TJS,wf_2023,5.0,5,,0.3805668016194332,247,94,1.843137254901961,0,0,0,0,0,1.0,0.0,51,2023-01-10,2023-12-30,True,,,,,,logreg,"A,B,C",RUB->TJS
logreg_abc,TJS,wf_2024,5.0,5,,0.3548387096774194,248,88,1.7254901960784317,0,0,0,0,0,1.0,0.0,51,2024-01-10,2024-12-29,True,,,,,,logreg,"A,B,C",RUB->TJS
logreg_abc,TJS,wf_2025,5.0,5,0.6666666666666666,0.2981366459627329,161,48,1.411764705882353,3,3,0,3,0,0.9411764705882352,0.0,34,2025-01-10,2025-08-30,True,90.05210973527318,0.5233333333333333,133.62973474578294,149.30321943101163,105.06654810424304,logreg,"A,B,C",RUB->TJS
logreg_abc,UZS,oot,5.0,5,0.3333333333333333,0.3415637860082304,243,83,1.5660377358490567,18,15,3,15,3,0.8301886792452831,0.0566037735849056,53,2025-09-02,2026-09-02,True,287.6321296053015,0.3229999999999999,25.979706802417528,468.7291156496633,18.334444582870137,logreg,"A,B,C",RUB->UZS
logreg_abc,UZS,wf_2022,5.0,5,0.3333333333333333,0.2631578947368421,247,65,1.2745098039215683,3,3,0,3,0,0.9411764705882352,0.0,51,2022-01-11,2022-12-31,True,477.0674453927588,0.175,-391.90825089548423,1538.2475935734838,-227.68127873273684,logreg,"A,B,C",RUB->UZS
logreg_abc,UZS,wf_2023,5.0,5,,0.3846153846153846,247,95,1.8627450980392155,0,0,0,0,0,1.0,0.0,51,2023-01-10,2023-12-30,True,,,,,,logreg,"A,B,C",RUB->UZS
logreg_abc,UZS,wf_2024,5.0,5,,0.3346774193548387,248,83,1.6274509803921569,0,0,0,0,0,1.0,0.0,51,2024-01-10,2024-12-29,True,,,,,,logreg,"A,B,C",RUB->UZS
logreg_abc,UZS,wf_2025,5.0,5,,0.1614906832298136,161,26,0.7647058823529411,0,0,0,0,0,1.0,0.0,34,2025-01-10,2025-08-30,True,,,,,,logreg,"A,B,C",RUB->UZS
logreg_abcd,AMD,oot,5.0,5,,0.3045267489711934,243,74,1.3962264150943395,0,0,0,0,0,1.0,0.0,53,2025-09-02,2026-09-02,True,,,,,,logreg,"A,B,C,D",RUB->AMD
logreg_abcd,AMD,wf_2022,5.0,5,0.1136363636363636,0.291497975708502,247,72,1.411764705882353,44,44,0,44,0,0.6862745098039216,0.1764705882352941,51,2022-01-11,2022-12-31,True,1179.8878259711337,0.0919318181818181,-172.39734082712843,1300.7558438481412,-179.16425556726588,logreg,"A,B,C,D",RUB->AMD
logreg_abcd,AMD,wf_2023,5.0,5,,0.3846153846153846,247,95,1.8627450980392155,0,0,0,0,0,1.0,0.0,51,2023-01-10,2023-12-30,True,,,,,,logreg,"A,B,C,D",RUB->AMD
logreg_abcd,AMD,wf_2024,5.0,5,0.3333333333333333,0.3548387096774194,248,88,1.7254901960784317,24,24,0,24,0,0.7058823529411765,0.0392156862745098,51,2024-01-10,2024-12-29,True,187.3981520350232,0.328125,34.423554867064105,358.116454502914,40.39810866620724,logreg,"A,B,C,D",RUB->AMD
logreg_abcd,AMD,wf_2025,5.0,5,0.1818181818181818,0.1987577639751552,161,32,0.9411764705882352,22,22,0,22,0,0.6470588235294118,0.0588235294117647,34,2025-01-10,2025-08-30,True,373.4598896486472,0.1963636363636363,-35.38075341855773,433.5322784393729,-45.18769296945138,logreg,"A,B,C,D",RUB->AMD
logreg_abcd,KGS,oot,5.0,5,,0.2880658436213992,243,70,1.320754716981132,0,0,0,0,0,1.0,0.0,53,2025-09-02,2026-09-02,True,,,,,,logreg,"A,B,C,D",RUB->KGS
logreg_abcd,KGS,wf_2022,5.0,5,0.0967741935483871,0.2631578947368421,247,65,1.2745098039215683,31,31,0,31,0,0.7647058823529411,0.1372549019607843,51,2022-01-11,2022-12-31,True,867.8082603017638,0.1409677419354838,-88.88583460490912,982.5143663588466,-123.97611473719594,logreg,"A,B,C,D",RUB->KGS
logreg_abcd,KGS,wf_2023,5.0,5,,0.3805668016194332,247,94,1.843137254901961,0,0,0,0,0,1.0,0.0,51,2023-01-10,2023-12-30,True,,,,,,logreg,"A,B,C,D",RUB->KGS
logreg_abcd,KGS,wf_2024,5.0,5,0.2222222222222222,0.375,248,93,1.8235294117647056,9,9,0,9,0,0.8823529411764706,0.0,51,2024-01-10,2024-12-29,True,132.1522722882058,0.2744444444444445,19.9686027132942,238.9027818929583,17.67679135702243,logreg,"A,B,C,D",RUB->KGS
logreg_abcd,KGS,wf_2025,5.0,5,0.1666666666666666,0.1739130434782608,161,28,0.8235294117647058,12,12,0,12,0,0.7647058823529411,0.0294117647058823,34,2025-01-10,2025-08-30,True,180.75555676714177,0.3,-4.561543014558496,370.12045112296533,-8.378561190891162,logreg,"A,B,C,D",RUB->KGS
logreg_abcd,KZT,oot,5.0,5,,0.3292181069958848,243,80,1.509433962264151,0,0,0,0,0,1.0,0.0,53,2025-09-02,2026-09-02,True,,,,,,logreg,"A,B,C,D",RUB->KZT
logreg_abcd,KZT,wf_2022,5.0,5,0.04,0.2591093117408907,247,64,1.2549019607843137,25,25,0,25,0,0.803921568627451,0.0980392156862745,51,2022-01-11,2022-12-31,True,1026.078084522503,0.0996,-190.75439913085313,1135.9995967011728,-220.14860377506787,logreg,"A,B,C,D",RUB->KZT
logreg_abcd,KZT,wf_2023,5.0,5,,0.3603238866396761,247,89,1.7450980392156863,0,0,0,0,0,1.0,0.0,51,2023-01-10,2023-12-30,True,,,,,,logreg,"A,B,C,D",RUB->KZT
logreg_abcd,KZT,wf_2024,5.0,5,0.3076923076923077,0.2701612903225806,248,67,1.3137254901960784,13,13,0,13,0,0.8235294117647058,0.0196078431372549,51,2024-01-10,2024-12-29,True,160.10752724588207,0.2138461538461538,-5.41231468822586,249.87721676878152,13.450549209836993,logreg,"A,B,C,D",RUB->KZT
logreg_abcd,KZT,wf_2025,5.0,5,0.0,0.1677018633540372,161,27,0.7941176470588235,1,1,0,1,0,0.9705882352941176,0.0,34,2025-01-10,2025-08-30,True,5.575439290665951,0.2,32.245662857418644,76.14778269663059,50.762151279839514,logreg,"A,B,C,D",RUB->KZT
logreg_abcd,TJS,oot,5.0,5,,0.3004115226337449,243,73,1.3773584905660377,0,0,0,0,0,1.0,0.0,53,2025-09-02,2026-09-02,True,,,,,,logreg,"A,B,C,D",RUB->TJS
logreg_abcd,TJS,wf_2022,5.0,5,0.3181818181818182,0.3117408906882591,247,77,1.5098039215686274,22,22,0,22,0,0.7843137254901961,0.0392156862745098,51,2022-01-11,2022-12-31,True,507.9047554282541,0.2279545454545454,-16.161048481159632,765.7059921959467,6.1372400588440605,logreg,"A,B,C,D",RUB->TJS
logreg_abcd,TJS,wf_2023,5.0,5,,0.3805668016194332,247,94,1.843137254901961,0,0,0,0,0,1.0,0.0,51,2023-01-10,2023-12-30,True,,,,,,logreg,"A,B,C,D",RUB->TJS
logreg_abcd,TJS,wf_2024,5.0,5,0.4761904761904761,0.3548387096774194,248,88,1.7254901960784317,21,21,0,21,0,0.803921568627451,0.0588235294117647,51,2024-01-10,2024-12-29,True,155.78885587995427,0.4633333333333332,59.75939837933669,210.43390434815512,59.78477859825324,logreg,"A,B,C,D",RUB->TJS
logreg_abcd,TJS,wf_2025,5.0,5,0.5,0.2981366459627329,161,48,1.411764705882353,10,10,0,10,0,0.8235294117647058,0.0294117647058823,34,2025-01-10,2025-08-30,True,236.45678044563124,0.325,32.791433575215294,409.22436220143027,70.8470827359311,logreg,"A,B,C,D",RUB->TJS
logreg_abcd,UZS,oot,5.0,5,,0.3415637860082304,243,83,1.5660377358490567,0,0,0,0,0,1.0,0.0,53,2025-09-02,2026-09-02,True,,,,,,logreg,"A,B,C,D",RUB->UZS
logreg_abcd,UZS,wf_2022,5.0,5,0.1081081081081081,0.2631578947368421,247,65,1.2745098039215683,37,37,0,37,0,0.6862745098039216,0.1176470588235294,51,2022-01-11,2022-12-31,True,1508.0288819925072,0.1006756756756756,-228.70241720279253,1832.0972286216277,-220.0739267409944,logreg,"A,B,C,D",RUB->UZS
logreg_abcd,UZS,wf_2023,5.0,5,,0.3846153846153846,247,95,1.8627450980392155,0,0,0,0,0,1.0,0.0,51,2023-01-10,2023-12-30,True,,,,,,logreg,"A,B,C,D",RUB->UZS
logreg_abcd,UZS,wf_2024,5.0,5,0.3571428571428571,0.3346774193548387,248,83,1.6274509803921569,14,14,0,14,0,0.8431372549019608,0.0196078431372549,51,2024-01-10,2024-12-29,True,149.51502323077517,0.3899999999999999,66.66508806371121,272.64455308185444,51.00970872745985,logreg,"A,B,C,D",RUB->UZS
logreg_abcd,UZS,wf_2025,5.0,5,0.2,0.1614906832298136,161,26,0.7647058823529411,10,10,0,10,0,0.7941176470588235,0.0294117647058823,34,2025-01-10,2025-08-30,True,206.53961436395684,0.2005,-20.00749675843484,385.8718032360653,-7.463261692396083,logreg,"A,B,C,D",RUB->UZS
momentum,AMD,oot,,5,0.2222222222222222,0.3045267489711934,243,74,1.3962264150943395,36,36,0,36,0,0.6226415094339622,0.0754716981132075,53,2025-09-02,2026-09-02,True,322.68671908361796,0.1429166666666667,-43.154589608918485,342.81401454802153,-13.43823283216703,momentum,,RUB->AMD
momentum,AMD,wf_2022,,5,0.1764705882352941,0.291497975708502,247,72,1.411764705882353,51,51,0,51,0,0.5882352941176471,0.1764705882352941,51,2022-01-11,2022-12-31,True,1120.5222361961096,0.1284313725490196,-118.45443014038052,1455.23101510927,-30.872788680026716,momentum,,RUB->AMD
momentum,AMD,wf_2023,,5,0.3142857142857143,0.3846153846153846,247,95,1.8627450980392155,35,35,0,35,0,0.7058823529411765,0.1176470588235294,51,2023-01-10,2023-12-30,True,406.513938496881,0.252,-2.529103962646833,572.866409038375,26.76103767200555,momentum,,RUB->AMD
momentum,AMD,wf_2024,,5,0.3666666666666666,0.3548387096774194,248,88,1.7254901960784317,30,30,0,30,0,0.6274509803921569,0.0392156862745098,51,2024-01-10,2024-12-29,True,445.3467766702497,0.2408333333333333,-19.533154215537365,748.0809440133115,43.45021518119685,momentum,,RUB->AMD
momentum,AMD,wf_2025,,5,0.2083333333333333,0.1987577639751552,161,32,0.9411764705882352,24,24,0,24,0,0.5882352941176471,0.0588235294117647,34,2025-01-10,2025-08-30,True,504.5397135444931,0.1089583333333333,-96.79811105358068,646.75277174574,-56.24007356053469,momentum,,RUB->AMD
momentum,KGS,oot,,5,0.2448979591836734,0.2880658436213992,243,70,1.320754716981132,49,49,0,49,0,0.490566037735849,0.0943396226415094,53,2025-09-02,2026-09-02,True,341.41606418889523,0.145204081632653,-52.78507285168641,359.072319658119,-26.762975362297407,momentum,,RUB->KGS
momentum,KGS,wf_2022,,5,0.1395348837209302,0.2631578947368421,247,65,1.2745098039215683,43,43,0,43,0,0.5686274509803921,0.1176470588235294,51,2022-01-11,2022-12-31,True,840.6067967934323,0.1001162790697674,-90.21745557288912,1677.624332898924,59.46316685462055,momentum,,RUB->KGS
momentum,KGS,wf_2023,,5,0.2352941176470588,0.3805668016194332,247,94,1.843137254901961,34,34,0,34,0,0.7058823529411765,0.1176470588235294,51,2023-01-10,2023-12-30,True,386.1006249220371,0.1870588235294117,-46.71745395157395,579.4354446541918,-5.387121068195207,momentum,,RUB->KGS
momentum,KGS,wf_2024,,5,0.3870967741935484,0.375,248,93,1.8235294117647056,31,31,0,31,0,0.6274509803921569,0.0588235294117647,51,2024-01-10,2024-12-29,True,386.2268752268672,0.2208064516129032,-20.142900427358892,697.4221088910562,41.05693694133612,momentum,,RUB->KGS
momentum,KGS,wf_2025,,5,0.1481481481481481,0.1739130434782608,161,28,0.8235294117647058,27,27,0,27,0,0.6176470588235294,0.088235294117647,34,2025-01-10,2025-08-30,True,481.3548444901774,0.0833333333333333,-88.41833196647472,650.949654366466,-41.204122276649784,momentum,,RUB->KGS
momentum,KZT,oot,,5,0.2962962962962963,0.3292181069958848,243,80,1.509433962264151,27,27,0,27,0,0.7169811320754716,0.0566037735849056,53,2025-09-02,2026-09-02,True,457.5762160642131,0.1657407407407407,-47.82261357313864,503.7610624573283,-16.169982365035278,momentum,,RUB->KZT
momentum,KZT,wf_2022,,5,0.1111111111111111,0.2591093117408907,247,64,1.2549019607843137,45,45,0,45,0,0.5882352941176471,0.1176470588235294,51,2022-01-11,2022-12-31,True,1067.037724013327,0.0747777777777777,-241.39477310513905,1141.2983854680438,-196.0920103978708,momentum,,RUB->KZT
momentum,KZT,wf_2023,,5,0.2857142857142857,0.3603238866396761,247,89,1.7450980392156863,28,28,0,28,0,0.6470588235294118,0.0588235294117647,51,2023-01-10,2023-12-30,True,309.89995141240234,0.1967857142857142,-48.833606543937094,743.7564899998064,0.99633721383409,momentum,,RUB->KZT
momentum,KZT,wf_2024,,5,0.2903225806451613,0.2701612903225806,248,67,1.3137254901960784,31,31,0,31,0,0.6078431372549019,0.0196078431372549,51,2024-01-10,2024-12-29,True,431.50159918869286,0.2296774193548386,-13.485373490967234,812.0075883504577,31.320321618337463,momentum,,RUB->KZT
momentum,KZT,wf_2025,,5,0.24,0.1677018633540372,161,27,0.7941176470588235,25,25,0,25,0,0.5588235294117647,0.0588235294117647,34,2025-01-10,2025-08-30,True,418.9635312296476,0.1484,-55.50575598516847,617.6745987840678,-3.4172917402124825,momentum,,RUB->KZT
momentum,TJS,oot,,5,0.2195121951219512,0.3004115226337449,243,73,1.3773584905660377,41,41,0,41,0,0.5660377358490566,0.0943396226415094,53,2025-09-02,2026-09-02,True,306.6840943765805,0.1310975609756097,-53.803290724,318.65009889229543,-26.71142599718693,momentum,,RUB->TJS
momentum,TJS,wf_2022,,5,0.2,0.3117408906882591,247,77,1.5098039215686274,40,40,0,40,0,0.6470588235294118,0.1176470588235294,51,2022-01-11,2022-12-31,True,1382.4004918603537,0.156375,-132.96944700856886,2072.4487445550876,-68.22645564969281,momentum,,RUB->TJS
momentum,TJS,wf_2023,,5,0.25,0.3805668016194332,247,94,1.843137254901961,32,32,0,32,0,0.6862745098039216,0.0980392156862745,51,2023-01-10,2023-12-30,True,399.52024966997567,0.2109375,-46.877006790724664,588.8875146729513,-4.889436199609559,momentum,,RUB->TJS
momentum,TJS,wf_2024,,5,0.2941176470588235,0.3548387096774194,248,88,1.7254901960784317,34,34,0,34,0,0.6470588235294118,0.0588235294117647,51,2024-01-10,2024-12-29,True,381.04378236658533,0.2455882352941176,-20.179593874902466,694.1504848237909,11.220704450123124,momentum,,RUB->TJS
momentum,TJS,wf_2025,,5,0.125,0.2981366459627329,161,48,1.411764705882353,16,16,0,16,0,0.7352941176470589,0.0294117647058823,34,2025-01-10,2025-08-30,True,492.8545571372314,0.124375,-111.41284457050374,694.4437688174711,-60.20007970028239,momentum,,RUB->TJS
momentum,UZS,oot,,5,0.25,0.3415637860082304,243,83,1.5660377358490567,36,36,0,36,0,0.6981132075471698,0.1132075471698113,53,2025-09-02,2026-09-02,True,369.1559799662971,0.1511111111111111,-51.374389936849845,410.355374098675,-12.086287346554276,momentum,,RUB->UZS
momentum,UZS,wf_2022,,5,0.1698113207547169,0.2631578947368421,247,65,1.2745098039215683,53,53,0,53,0,0.5490196078431373,0.1568627450980392,51,2022-01-11,2022-12-31,True,1537.0027963679747,0.1340566037735849,-189.63320606380853,1796.4469600849045,-113.25324240841144,momentum,,RUB->UZS
momentum,UZS,wf_2023,,5,0.2564102564102564,0.3846153846153846,247,95,1.8627450980392155,39,39,0,39,0,0.6470588235294118,0.1372549019607843,51,2023-01-10,2023-12-30,True,354.2324663215752,0.232051282051282,-25.27985754481291,566.241057796314,13.267915093750684,momentum,,RUB->UZS
momentum,UZS,wf_2024,,5,0.3142857142857143,0.3346774193548387,248,83,1.6274509803921569,35,35,0,35,0,0.6274509803921569,0.0784313725490196,51,2024-01-10,2024-12-29,True,394.2705250861964,0.1917142857142857,-24.135491877211106,704.0430716096039,36.6594576696491,momentum,,RUB->UZS
momentum,UZS,wf_2025,,5,0.2,0.1614906832298136,161,26,0.7647058823529411,25,25,0,25,0,0.4705882352941176,0.0294117647058823,34,2025-01-10,2025-08-30,True,494.50643904041544,0.0696,-87.25577067750167,683.6827430630417,-7.486022302095694,momentum,,RUB->UZS
random,AMD,oot,,5,0.3604651162790697,0.3045267489711934,243,74,1.3962264150943395,88,86,2,86,2,0.1886792452830188,0.2264150943396226,53,2025-09-02,2026-09-02,True,386.8002396907654,0.3417441860465116,25.33900567103503,364.7642162100343,20.289211565559363,random,,RUB->AMD
random,AMD,wf_2022,,5,0.3333333333333333,0.291497975708502,247,72,1.411764705882353,81,81,0,81,0,0.1372549019607843,0.2156862745098039,51,2022-01-11,2022-12-31,True,1117.8064352593549,0.312716049382716,22.91895762991812,1265.8518818846171,37.3224317484209,random,,RUB->AMD
random,AMD,wf_2023,,5,0.44,0.3846153846153846,247,95,1.8627450980392155,75,75,0,75,0,0.1372549019607843,0.1176470588235294,51,2023-01-10,2023-12-30,True,480.1300891525444,0.4221999999999999,55.597674970495426,519.128555692249,56.07608986379387,random,,RUB->AMD
random,AMD,wf_2024,,5,0.4111111111111111,0.3548387096774194,248,88,1.7254901960784317,90,90,0,90,0,0.1568627450980392,0.2745098039215686,51,2024-01-10,2024-12-29,True,493.3388509045979,0.3887222222222222,26.306454852944356,571.9058942606839,35.977735846839266,random,,RUB->AMD
random,AMD,wf_2025,,5,0.173076923076923,0.1987577639751552,161,32,0.9411764705882352,52,52,0,52,0,0.1176470588235294,0.1176470588235294,34,2025-01-10,2025-08-30,True,436.825368160485,0.1991346153846153,-33.404469348315196,569.3729997170495,-14.360523364096691,random,,RUB->AMD
random,KGS,oot,,5,0.3382352941176471,0.2880658436213992,243,70,1.320754716981132,70,68,2,68,2,0.1886792452830188,0.1132075471698113,53,2025-09-02,2026-09-02,True,335.0177244467645,0.2942647058823529,11.420734638159797,382.356611927391,25.234330211554788,random,,RUB->KGS
random,KGS,wf_2022,,5,0.1917808219178082,0.2631578947368421,247,65,1.2745098039215683,73,73,0,73,0,0.2156862745098039,0.1764705882352941,51,2022-01-11,2022-12-31,True,1479.028247297082,0.2361643835616438,-46.11447320640834,1520.2210725053708,-78.8257204908868,random,,RUB->KGS
random,KGS,wf_2023,,5,0.4605263157894737,0.3805668016194332,247,94,1.843137254901961,76,76,0,76,0,0.1176470588235294,0.0784313725490196,51,2023-01-10,2023-12-30,True,449.9334168472813,0.4058552631578947,34.82460703630542,442.46495705826936,42.62398761651408,random,,RUB->KGS
random,KGS,wf_2024,,5,0.3793103448275862,0.375,248,93,1.8235294117647056,87,87,0,87,0,0.1372549019607843,0.2156862745098039,51,2024-01-10,2024-12-29,True,493.64873012575447,0.3722413793103448,20.657046496370786,510.4259295435193,25.222505775570472,random,,RUB->KGS
random,KGS,wf_2025,,5,0.25,0.1739130434782608,161,28,0.8235294117647058,56,56,0,56,0,0.2058823529411764,0.2352941176470588,34,2025-01-10,2025-08-30,True,321.261577915755,0.2420535714285714,-12.98645746561754,494.5194981140596,-9.887150039943,random,,RUB->KGS
random,KZT,oot,,5,0.2528735632183908,0.3292181069958848,243,80,1.509433962264151,87,87,0,87,0,0.1698113207547169,0.1886792452830188,53,2025-09-02,2026-09-02,True,530.9914974586078,0.2905172413793103,6.708297623567757,540.4257029134064,5.336900405711507,random,,RUB->KZT
random,KZT,wf_2022,,5,0.3255813953488372,0.2591093117408907,247,64,1.2549019607843137,86,86,0,86,0,0.196078431372549,0.2352941176470588,51,2022-01-11,2022-12-31,True,1092.9313417765195,0.296453488372093,13.305126658030291,1083.7689948443638,23.1272203644322,random,,RUB->KZT
random,KZT,wf_2023,,5,0.44,0.3603238866396761,247,89,1.7450980392156863,75,75,0,75,0,0.1176470588235294,0.1372549019607843,51,2023-01-10,2023-12-30,True,806.6651078823024,0.3606,33.43798261436671,658.0326523322937,38.37691799159154,random,,RUB->KZT
random,KZT,wf_2024,,5,0.25,0.2701612903225806,248,67,1.3137254901960784,68,68,0,68,0,0.1764705882352941,0.1176470588235294,51,2024-01-10,2024-12-29,True,822.1048930017562,0.2770588235294118,-0.5973145907686115,674.2404546242714,-25.25103776337159,random,,RUB->KZT
random,KZT,wf_2025,,5,0.1578947368421052,0.1677018633540372,161,27,0.7941176470588235,57,57,0,57,0,0.1470588235294117,0.2352941176470588,34,2025-01-10,2025-08-30,True,612.5610202853079,0.1592105263157894,-46.90088845485288,627.9842463345153,-64.96799894724333,random,,RUB->KZT
random,TJS,oot,,5,0.2535211267605634,0.3004115226337449,243,73,1.3773584905660377,73,71,2,71,2,0.2452830188679245,0.1320754716981132,53,2025-09-02,2026-09-02,True,423.20248694083546,0.2737323943661972,-16.73065860142001,419.0075461657258,-21.266549095054508,random,,RUB->TJS
random,TJS,wf_2022,,5,0.3661971830985915,0.3117408906882591,247,77,1.5098039215686274,71,71,0,71,0,0.1372549019607843,0.1176470588235294,51,2022-01-11,2022-12-31,True,1093.876827262929,0.3238732394366196,56.11619433512367,1670.2376974682145,114.68030328393068,random,,RUB->TJS
random,TJS,wf_2023,,5,0.3333333333333333,0.3805668016194332,247,94,1.843137254901961,60,60,0,60,0,0.2352941176470588,0.1176470588235294,51,2023-01-10,2023-12-30,True,433.8725587803891,0.3398333333333333,24.340379012421582,489.3463521733874,28.94027008039701,random,,RUB->TJS
random,TJS,wf_2024,,5,0.2941176470588235,0.3548387096774194,248,88,1.7254901960784317,68,68,0,68,0,0.2549019607843137,0.1176470588235294,51,2024-01-10,2024-12-29,True,585.7133028081352,0.2883088235294117,3.4228123770503993,698.3779551879724,5.889459363691124,random,,RUB->TJS
random,TJS,wf_2025,,5,0.288135593220339,0.2981366459627329,161,48,1.411764705882353,59,59,0,59,0,0.1470588235294117,0.2352941176470588,34,2025-01-10,2025-08-30,True,538.7551271727102,0.2766101694915254,-11.73311327670645,619.916264090202,-22.52345643890462,random,,RUB->TJS
random,UZS,oot,,5,0.3492063492063492,0.3415637860082304,243,83,1.5660377358490567,63,63,0,63,0,0.2452830188679245,0.0754716981132075,53,2025-09-02,2026-09-02,True,393.74650158263466,0.3718253968253968,28.93525685935414,397.5167458334308,28.735813151082127,random,,RUB->UZS
random,UZS,wf_2022,,5,0.3132530120481928,0.2631578947368421,247,65,1.2745098039215683,83,83,0,83,0,0.2352941176470588,0.2941176470588235,51,2022-01-11,2022-12-31,True,1087.2248908329811,0.3004819277108433,23.47758579673973,1190.143784840793,60.5933177442092,random,,RUB->UZS
random,UZS,wf_2023,,5,0.4216867469879518,0.3846153846153846,247,95,1.8627450980392155,83,83,0,83,0,0.1176470588235294,0.2352941176470588,51,2023-01-10,2023-12-30,True,650.1629834349262,0.3960843373493976,20.80659647969628,536.4612072218391,12.249680167696038,random,,RUB->UZS
random,UZS,wf_2024,,5,0.3658536585365853,0.3346774193548387,248,83,1.6274509803921569,82,82,0,82,0,0.0588235294117647,0.196078431372549,51,2024-01-10,2024-12-29,True,597.9768855925948,0.3057926829268292,8.81045272617204,581.929132348056,9.967524556477477,random,,RUB->UZS
random,UZS,wf_2025,,5,0.125,0.1614906832298136,161,26,0.7647058823529411,48,48,0,48,0,0.2058823529411764,0.1176470588235294,34,2025-01-10,2025-08-30,True,569.5579722786737,0.1604166666666666,-41.4874272463381,624.6192445113847,-54.68324868714907,random,,RUB->UZS
reversal,AMD,oot,,5,0.1,0.3045267489711934,243,74,1.3962264150943395,10,10,0,10,0,0.8113207547169812,0.0,53,2025-09-02,2026-09-02,True,175.77204657409328,0.237,12.195593547519955,319.24849408354714,8.128195447956179,reversal,,RUB->AMD
reversal,AMD,wf_2022,,5,0.3636363636363636,0.291497975708502,247,72,1.411764705882353,11,11,0,11,0,0.7843137254901961,0.0,51,2022-01-11,2022-12-31,True,858.9177646881233,0.2263636363636363,24.891193129775385,1090.9543337387588,-4.330608251388929,reversal,,RUB->AMD
reversal,AMD,wf_2023,,5,0.2857142857142857,0.3846153846153846,247,95,1.8627450980392155,7,7,0,7,0,0.8627450980392157,0.0,51,2023-01-10,2023-12-30,True,167.01122551711344,0.247142857142857,39.549688015295416,388.1503948168037,58.26822737294528,reversal,,RUB->AMD
reversal,AMD,wf_2024,,5,0.2727272727272727,0.3548387096774194,248,88,1.7254901960784317,11,11,0,11,0,0.7843137254901961,0.0,51,2024-01-10,2024-12-29,True,264.49099942818987,0.23,9.433763646595024,685.2942466005179,50.59029094039204,reversal,,RUB->AMD
reversal,AMD,wf_2025,,5,0.3636363636363636,0.1987577639751552,161,32,0.9411764705882352,11,11,0,11,0,0.7058823529411765,0.0,34,2025-01-10,2025-08-30,True,198.1674749352922,0.3295454545454545,8.02770197580343,386.738405816109,11.7471161934995,reversal,,RUB->AMD
reversal,KGS,oot,,5,0.0909090909090909,0.2880658436213992,243,70,1.320754716981132,11,11,0,11,0,0.7924528301886793,0.0,53,2025-09-02,2026-09-02,True,221.7392470814725,0.2309090909090909,2.4665752705206416,337.54353141693605,-7.094521201500155,reversal,,RUB->KGS
reversal,KGS,wf_2022,,5,0.3333333333333333,0.2631578947368421,247,65,1.2745098039215683,12,12,0,12,0,0.7647058823529411,0.0,51,2022-01-11,2022-12-31,True,752.1917059488694,0.3045833333333334,87.45220869835538,1115.9843485482104,70.75580551794229,reversal,,RUB->KGS
reversal,KGS,wf_2023,,5,0.3333333333333333,0.3805668016194332,247,94,1.843137254901961,6,6,0,6,0,0.8823529411764706,0.0,51,2023-01-10,2023-12-30,True,157.5412668050551,0.2333333333333333,0.066857887238926,315.92147995669825,-1.4451310098203165,reversal,,RUB->KGS
reversal,KGS,wf_2024,,5,0.25,0.375,248,93,1.8235294117647056,8,8,0,8,0,0.8431372549019608,0.0,51,2024-01-10,2024-12-29,True,76.07835981144717,0.34125,58.732262261835366,372.984152861428,79.37803769048581,reversal,,RUB->KGS
reversal,KGS,wf_2025,,5,0.0625,0.1739130434782608,161,28,0.8235294117647058,16,16,0,16,0,0.5882352941176471,0.0,34,2025-01-10,2025-08-30,True,354.4061114485983,0.1959375,-16.37016789058803,554.0851108168259,-37.87741613118748,reversal,,RUB->KGS
reversal,KZT,oot,,5,0.4444444444444444,0.3292181069958848,243,80,1.509433962264151,9,9,0,9,0,0.8490566037735849,0.0,53,2025-09-02,2026-09-02,True,179.24241951083928,0.2416666666666666,3.313842756636067,333.76534462999075,53.76636831600217,reversal,,RUB->KZT
reversal,KZT,wf_2022,,5,0.3076923076923077,0.2591093117408907,247,64,1.2549019607843137,13,13,0,13,0,0.7843137254901961,0.0,51,2022-01-11,2022-12-31,True,718.9184754332416,0.2757692307692308,117.73648998725947,927.6485216647316,126.68193137192397,reversal,,RUB->KZT
reversal,KZT,wf_2023,,5,0.3333333333333333,0.3603238866396761,247,89,1.7450980392156863,9,9,0,9,0,0.8431372549019608,0.0,51,2023-01-10,2023-12-30,True,102.63026927027316,0.29,79.79121790583605,222.1473839319504,67.79005050151696,reversal,,RUB->KZT
reversal,KZT,wf_2024,,5,0.2727272727272727,0.2701612903225806,248,67,1.3137254901960784,11,11,0,11,0,0.7843137254901961,0.0,51,2024-01-10,2024-12-29,True,342.41112242402096,0.2036363636363636,-33.477325968232655,782.3594796068032,16.6682811310671,reversal,,RUB->KZT
reversal,KZT,wf_2025,,5,0.2307692307692307,0.1677018633540372,161,27,0.7941176470588235,13,13,0,13,0,0.6764705882352942,0.0,34,2025-01-10,2025-08-30,True,315.8400671955834,0.1976923076923077,-26.107311219524657,552.5444930072953,-23.292822447403488,reversal,,RUB->KZT
reversal,TJS,oot,,5,0.1666666666666666,0.3004115226337449,243,73,1.3773584905660377,12,12,0,12,0,0.7735849056603774,0.0,53,2025-09-02,2026-09-02,True,205.94439907755023,0.27875,21.08805103772496,289.86837408857497,11.455422819023813,reversal,,RUB->TJS
reversal,TJS,wf_2022,,5,0.3846153846153846,0.3117408906882591,247,77,1.5098039215686274,13,13,0,13,0,0.7647058823529411,0.0,51,2022-01-11,2022-12-31,True,944.346218646213,0.3138461538461539,-13.216382456621927,1787.4323921610846,26.082608171287884,reversal,,RUB->TJS
reversal,TJS,wf_2023,,5,0.1666666666666666,0.3805668016194332,247,94,1.843137254901961,6,6,0,6,0,0.8823529411764706,0.0,51,2023-01-10,2023-12-30,True,162.39801525470867,0.2066666666666666,5.573051269494061,315.76757131317646,-4.620616240052687,reversal,,RUB->TJS
reversal,TJS,wf_2024,,5,0.3333333333333333,0.3548387096774194,248,88,1.7254901960784317,12,12,0,12,0,0.7647058823529411,0.0,51,2024-01-10,2024-12-29,True,106.80218292275302,0.2695833333333333,39.99572266317679,416.3153188453928,82.7301257572601,reversal,,RUB->TJS
reversal,TJS,wf_2025,,5,0.5,0.2981366459627329,161,48,1.411764705882353,10,10,0,10,0,0.7352941176470589,0.0,34,2025-01-10,2025-08-30,True,349.2382434080854,0.2995,10.40104105344928,539.1357265815808,9.341023754841904,reversal,,RUB->TJS
reversal,UZS,oot,,5,0.2222222222222222,0.3415637860082304,243,83,1.5660377358490567,9,9,0,9,0,0.8301886792452831,0.0,53,2025-09-02,2026-09-02,True,216.01041655391165,0.2288888888888889,-13.340803991732509,355.94934332025963,-25.250539909866443,reversal,,RUB->UZS
reversal,UZS,wf_2022,,5,0.2666666666666666,0.2631578947368421,247,65,1.2745098039215683,15,15,0,15,0,0.7254901960784313,0.0,51,2022-01-11,2022-12-31,True,854.9878525782527,0.2056666666666666,-38.47879655838951,1124.126105347724,-33.77635909049457,reversal,,RUB->UZS
reversal,UZS,wf_2023,,5,0.1428571428571428,0.3846153846153846,247,95,1.8627450980392155,7,7,0,7,0,0.8627450980392157,0.0,51,2023-01-10,2023-12-30,True,180.03717400388598,0.2814285714285713,9.47762536604753,332.76973207755896,-5.181832364414665,reversal,,RUB->UZS
reversal,UZS,wf_2024,,5,0.3,0.3346774193548387,248,83,1.6274509803921569,10,10,0,10,0,0.803921568627451,0.0,51,2024-01-10,2024-12-29,True,89.78837515204009,0.285,34.34410379855721,423.41135653962687,79.28216054496306,reversal,,RUB->UZS
reversal,UZS,wf_2025,,5,0.1875,0.1614906832298136,161,26,0.7647058823529411,16,16,0,16,0,0.5882352941176471,0.0,34,2025-01-10,2025-08-30,True,347.74810342834024,0.159375,-13.628657497674135,520.8325301443107,-23.180669034665176,reversal,,RUB->UZS
seasonality,AMD,oot,,5,0.26,0.3045267489711934,243,74,1.3962264150943395,50,50,0,50,0,0.7547169811320755,0.1886792452830188,53,2025-09-02,2026-09-02,True,255.7772228861865,0.2653,2.482202211174532,262.00190660236194,-1.1422174491126051,seasonality,,RUB->AMD
seasonality,AMD,wf_2022,,5,0.2244897959183673,0.291497975708502,247,72,1.411764705882353,49,49,0,49,0,0.7254901960784313,0.1764705882352941,51,2022-01-11,2022-12-31,True,1032.0365786101816,0.2060204081632652,82.26671751469075,1139.4970919225896,125.66491006219962,seasonality,,RUB->AMD
seasonality,AMD,wf_2023,,5,0.3541666666666667,0.3846153846153846,247,95,1.8627450980392155,48,48,0,48,0,0.7450980392156863,0.196078431372549,51,2023-01-10,2023-12-30,True,489.01267495495705,0.3244791666666666,-0.172107221522591,542.9352123227311,8.02089867194688,seasonality,,RUB->AMD
seasonality,AMD,wf_2024,,5,0.28,0.3548387096774194,248,88,1.7254901960784317,50,50,0,50,0,0.7254901960784313,0.1764705882352941,51,2024-01-10,2024-12-29,True,220.50210273919384,0.2578,18.43934130695843,263.3616620150843,31.349525451246336,seasonality,,RUB->AMD
seasonality,AMD,wf_2025,,5,0.1052631578947368,0.1987577639751552,161,32,0.9411764705882352,38,38,0,38,0,0.6470588235294118,0.2352941176470588,34,2025-01-10,2025-08-30,True,368.7043338920293,0.1126315789473684,-46.26091442968352,427.317057150024,-45.63117795305383,seasonality,,RUB->AMD
seasonality,KGS,oot,,5,0.3055555555555556,0.2880658436213992,243,70,1.320754716981132,39,36,3,36,3,0.7924528301886793,0.1320754716981132,53,2025-09-02,2026-09-02,True,356.0166272210239,0.3166666666666666,24.383169312836007,458.3924224384394,29.20199251041844,seasonality,,RUB->KGS
seasonality,KGS,wf_2022,,5,0.2075471698113207,0.2631578947368421,247,65,1.2745098039215683,53,53,0,53,0,0.7058823529411765,0.2156862745098039,51,2022-01-11,2022-12-31,True,1676.1492050242855,0.1995283018867924,47.691527106757384,1692.4233810435585,29.823580192518076,seasonality,,RUB->KGS
seasonality,KGS,wf_2023,,5,0.3548387096774194,0.3805668016194332,247,94,1.843137254901961,62,62,0,62,0,0.6274509803921569,0.2549019607843137,51,2023-01-10,2023-12-30,True,472.3370430179457,0.3421774193548387,15.24049774867727,499.65937237382417,26.11382655358068,seasonality,,RUB->KGS
seasonality,KGS,wf_2024,,5,0.293103448275862,0.375,248,93,1.8235294117647056,58,58,0,58,0,0.6666666666666666,0.2352941176470588,51,2024-01-10,2024-12-29,True,556.1915394207574,0.2893965517241379,-4.763414384393389,740.0426419408204,-1.4001096796422086,seasonality,,RUB->KGS
seasonality,KGS,wf_2025,,5,0.2162162162162162,0.1739130434782608,161,28,0.8235294117647058,37,37,0,37,0,0.6764705882352942,0.2352941176470588,34,2025-01-10,2025-08-30,True,431.7351183104559,0.1952702702702702,-28.38908368501268,533.3683356343292,-23.021820460952252,seasonality,,RUB->KGS
seasonality,KZT,oot,,5,0.25,0.3292181069958848,243,80,1.509433962264151,52,52,0,52,0,0.6981132075471698,0.1698113207547169,53,2025-09-02,2026-09-02,True,431.9350154093553,0.2597115384615385,9.922500959065566,454.62856039252046,8.181871721932767,seasonality,,RUB->KZT
seasonality,KZT,wf_2022,,5,0.320754716981132,0.2591093117408907,247,64,1.2549019607843137,53,53,0,53,0,0.7254901960784313,0.196078431372549,51,2022-01-11,2022-12-31,True,960.8778114764264,0.2982075471698113,90.67835928384642,1048.1824397694627,104.36757309985238,seasonality,,RUB->KZT
seasonality,KZT,wf_2023,,5,0.3050847457627119,0.3603238866396761,247,89,1.7450980392156863,59,59,0,59,0,0.6862745098039216,0.2352941176470588,51,2023-01-10,2023-12-30,True,509.0524051945824,0.3341525423728814,21.220039204223585,522.9725882554011,14.992730489905194,seasonality,,RUB->KZT
seasonality,KZT,wf_2024,,5,0.1964285714285714,0.2701612903225806,248,67,1.3137254901960784,56,56,0,56,0,0.6862745098039216,0.2156862745098039,51,2024-01-10,2024-12-29,True,701.4989757223526,0.1840178571428571,-27.75077195737296,923.1658897714008,-22.75919757499566,seasonality,,RUB->KZT
seasonality,KZT,wf_2025,,5,0.175,0.1677018633540372,161,27,0.7941176470588235,40,40,0,40,0,0.6176470588235294,0.2352941176470588,34,2025-01-10,2025-08-30,True,480.58495570012735,0.177875,-24.118384916596113,743.2997737029561,-31.266610192762165,seasonality,,RUB->KZT
seasonality,TJS,oot,,5,0.5434782608695652,0.3004115226337449,243,73,1.3773584905660377,47,46,1,46,1,0.6981132075471698,0.1509433962264151,53,2025-09-02,2026-09-02,True,350.31154353391213,0.5082608695652174,74.87678201205847,381.87402038137145,80.18965896030704,seasonality,,RUB->TJS
seasonality,TJS,wf_2022,,5,0.1458333333333333,0.3117408906882591,247,77,1.5098039215686274,48,48,0,48,0,0.7647058823529411,0.196078431372549,51,2022-01-11,2022-12-31,True,1875.0468482263504,0.1220833333333333,-94.02655507979354,2094.303917573415,-90.67502765669434,seasonality,,RUB->TJS
seasonality,TJS,wf_2023,,5,0.25,0.3805668016194332,247,94,1.843137254901961,48,48,0,48,0,0.7450980392156863,0.1764705882352941,51,2023-01-10,2023-12-30,True,410.7528095699288,0.25,-6.245336291288021,451.8476892000111,-4.782823046606747,seasonality,,RUB->TJS
seasonality,TJS,wf_2024,,5,0.392156862745098,0.3548387096774194,248,88,1.7254901960784317,51,51,0,51,0,0.7058823529411765,0.2156862745098039,51,2024-01-10,2024-12-29,True,583.3355547512596,0.3759803921568627,27.87976067451943,741.2134452269388,35.2435828170658,seasonality,,RUB->TJS
seasonality,TJS,wf_2025,,5,0.2727272727272727,0.2981366459627329,161,48,1.411764705882353,33,33,0,33,0,0.7058823529411765,0.1764705882352941,34,2025-01-10,2025-08-30,True,454.2126993919431,0.2960606060606061,-9.548098067833308,557.1958964190374,-12.962005261281238,seasonality,,RUB->TJS
seasonality,UZS,oot,,5,0.3181818181818182,0.3415637860082304,243,83,1.5660377358490567,48,44,4,44,4,0.7547169811320755,0.1698113207547169,53,2025-09-02,2026-09-02,True,370.8850289464167,0.3284090909090909,21.63433356387089,411.5991533389461,21.348423308399894,seasonality,,RUB->UZS
seasonality,UZS,wf_2022,,5,0.2692307692307692,0.2631578947368421,247,65,1.2745098039215683,52,52,0,52,0,0.7058823529411765,0.2156862745098039,51,2022-01-11,2022-12-31,True,1417.6699330233928,0.2447115384615384,-19.97580822238232,1563.0129375710535,-11.001991396352384,seasonality,,RUB->UZS
seasonality,UZS,wf_2023,,5,0.4444444444444444,0.3846153846153846,247,95,1.8627450980392155,54,54,0,54,0,0.7058823529411765,0.196078431372549,51,2023-01-10,2023-12-30,True,432.07643639681226,0.4077777777777778,34.498986551652756,471.5115666825794,42.971787904448334,seasonality,,RUB->UZS
seasonality,UZS,wf_2024,,5,0.3148148148148148,0.3346774193548387,248,83,1.6274509803921569,54,54,0,54,0,0.6862745098039216,0.2156862745098039,51,2024-01-10,2024-12-29,True,760.1984582818782,0.2986111111111111,-21.419637579906976,777.3401682498155,-29.332544764254468,seasonality,,RUB->UZS
seasonality,UZS,wf_2025,,5,0.1935483870967742,0.1614906832298136,161,26,0.7647058823529411,31,31,0,31,0,0.7352941176470589,0.1764705882352941,34,2025-01-10,2025-08-30,True,472.78696042658464,0.1569354838709677,-28.963540308119025,584.4375716133011,-23.90473746983703,seasonality,,RUB->UZS
catboost_a,AMD,wf_oos,5.0,5,0.2417582417582417,0.3277439024390244,656,215,1.5579710144927537,91,91,0,91,0,0.6956521739130435,0.1014492753623188,138,2023-01-10,2025-08-30,True,535.2348309789647,0.2191758241758242,-8.729937939040799,603.2973297472694,-0.5755740085617292,catboost,A,RUB->AMD
catboost_a,KGS,wf_oos,5.0,5,0.2524271844660194,0.3277439024390244,656,215,1.5579710144927537,103,103,0,103,0,0.6521739130434783,0.1014492753623188,138,2023-01-10,2025-08-30,False,,0.2458737864077669,-16.761900274756997,620.3003147518035,-12.26582843240877,catboost,A,RUB->KGS
catboost_a,KZT,wf_oos,5.0,5,0.2,0.2789634146341463,656,183,1.326086956521739,100,100,0,100,0,0.6594202898550725,0.108695652173913,138,2023-01-10,2025-08-30,False,,0.19805,-11.173343404316428,610.6399306990077,-7.289644202228939,catboost,A,RUB->KZT
catboost_a,TJS,wf_oos,5.0,5,0.3333333333333333,0.3506097560975609,656,230,1.6666666666666667,99,99,0,99,0,0.6884057971014492,0.1159420289855072,138,2023-01-10,2025-08-30,True,691.1750183670273,0.3019696969696969,-0.6299955578975812,701.2465020631364,3.825458730347753,catboost,A,RUB->TJS
catboost_a,UZS,wf_oos,5.0,5,0.25,0.3109756097560975,656,204,1.4782608695652173,92,92,0,92,0,0.6884057971014492,0.1014492753623188,138,2023-01-10,2025-08-30,True,766.7414326034293,0.246195652173913,-17.009731249185414,651.0269744705811,-24.858531137697252,catboost,A,RUB->UZS
catboost_ab,AMD,wf_oos,5.0,5,0.291970802919708,0.3277439024390244,656,215,1.5579710144927537,137,137,0,137,0,0.7028985507246377,0.1956521739130435,138,2023-01-10,2025-08-30,False,,0.2801824817518248,6.442662100315566,580.5527211695484,13.844807478484684,catboost,"A,B",RUB->AMD
catboost_ab,KGS,wf_oos,5.0,5,0.3057324840764331,0.3277439024390244,656,215,1.5579710144927537,157,157,0,157,0,0.6304347826086957,0.2246376811594203,138,2023-01-10,2025-08-30,False,,0.2916878980891719,-0.3566999390551379,613.5412842547793,13.44961931700028,catboost,"A,B",RUB->KGS
catboost_ab,KZT,wf_oos,5.0,5,0.2836879432624113,0.2789634146341463,656,183,1.326086956521739,141,141,0,141,0,0.6666666666666666,0.1956521739130435,138,2023-01-10,2025-08-30,False,,0.2575886524822695,2.0856909010927724,606.2608209622022,11.24826328522174,catboost,"A,B",RUB->KZT
catboost_ab,TJS,wf_oos,5.0,5,0.2764227642276423,0.3506097560975609,656,230,1.6666666666666667,123,123,0,123,0,0.7028985507246377,0.181159420289855,138,2023-01-10,2025-08-30,False,,0.2809756097560976,-3.2713529629801235,630.495173863741,4.223169348726931,catboost,"A,B",RUB->TJS
catboost_ab,UZS,wf_oos,5.0,5,0.3169014084507042,0.3109756097560975,656,204,1.4782608695652173,142,142,0,142,0,0.6811594202898551,0.2028985507246377,138,2023-01-10,2025-08-30,False,,0.3078521126760563,0.5673920745995757,597.9768810566103,5.700804507598022,catboost,"A,B",RUB->UZS
catboost_abc,AMD,wf_oos,5.0,5,0.1904761904761904,0.3277439024390244,656,215,1.5579710144927537,21,21,0,21,0,0.927536231884058,0.0289855072463768,138,2023-01-10,2025-08-30,True,411.6907841848288,0.1809523809523809,-6.817796640949244,514.7989285450681,3.7354976667811775,catboost,"A,B,C",RUB->AMD
catboost_abc,KGS,wf_oos,5.0,5,0.3529411764705882,0.3277439024390244,656,215,1.5579710144927537,34,34,0,34,0,0.8840579710144928,0.036231884057971,138,2023-01-10,2025-08-30,True,341.6603908789799,0.3251470588235294,29.894228179327065,411.5295455368328,51.071839009896095,catboost,"A,B,C",RUB->KGS
catboost_abc,KZT,wf_oos,5.0,5,0.5833333333333334,0.2789634146341463,656,183,1.326086956521739,12,12,0,12,0,0.9637681159420288,0.0144927536231884,138,2023-01-10,2025-08-30,True,147.84440116061768,0.5566666666666668,107.65539542957372,274.7959319779069,109.57021477785496,catboost,"A,B,C",RUB->KZT
catboost_abc,TJS,wf_oos,5.0,5,0.3157894736842105,0.3506097560975609,656,230,1.6666666666666667,19,19,0,19,0,0.927536231884058,0.0144927536231884,138,2023-01-10,2025-08-30,True,303.3327682693128,0.2978947368421052,42.113537257209885,408.90285016504646,29.78161100816449,catboost,"A,B,C",RUB->TJS
catboost_abc,UZS,wf_oos,5.0,5,0.2592592592592592,0.3109756097560975,656,204,1.4782608695652173,27,27,0,27,0,0.9057971014492754,0.0289855072463768,138,2023-01-10,2025-08-30,True,301.381225259056,0.2287037037037036,11.955654144237,400.416832277696,24.05679730728821,catboost,"A,B,C",RUB->UZS
catboost_abcd,AMD,wf_oos,5.0,5,0.2826086956521739,0.3277439024390244,656,215,1.5579710144927537,92,92,0,92,0,0.7681159420289855,0.1159420289855072,138,2023-01-10,2025-08-30,True,476.9516132328562,0.2631521739130434,10.620179529557214,469.9263894924211,12.515139321529242,catboost,"A,B,C,D",RUB->AMD
catboost_abcd,KGS,wf_oos,5.0,5,0.2842105263157894,0.3277439024390244,656,215,1.5579710144927537,95,95,0,95,0,0.7028985507246377,0.1231884057971014,138,2023-01-10,2025-08-30,True,408.6715304447419,0.297578947368421,14.05344726897638,440.69423351177807,15.63538837937134,catboost,"A,B,C,D",RUB->KGS
catboost_abcd,KZT,wf_oos,5.0,5,0.2727272727272727,0.2789634146341463,656,183,1.326086956521739,88,88,0,88,0,0.7246376811594203,0.108695652173913,138,2023-01-10,2025-08-30,True,512.9683649163601,0.265965909090909,16.846481443715668,510.96065317886286,17.59693785001701,catboost,"A,B,C,D",RUB->KZT
catboost_abcd,TJS,wf_oos,5.0,5,0.3157894736842105,0.3506097560975609,656,230,1.6666666666666667,76,76,0,76,0,0.7608695652173914,0.0942028985507246,138,2023-01-10,2025-08-30,True,352.7530614860157,0.2732236842105263,14.695041559402878,405.26884313563414,24.122030904857844,catboost,"A,B,C,D",RUB->TJS
catboost_abcd,UZS,wf_oos,5.0,5,0.3488372093023256,0.3109756097560975,656,204,1.4782608695652173,86,86,0,86,0,0.7391304347826086,0.0942028985507246,138,2023-01-10,2025-08-30,True,392.57915463058305,0.3008720930232558,19.35280538482543,399.7215174037112,27.987431619925815,catboost,"A,B,C,D",RUB->UZS
level,AMD,wf_oos,,5,0.226950354609929,0.3277439024390244,656,215,1.5579710144927537,141,141,0,141,0,0.7246376811594203,0.217391304347826,138,2023-01-10,2025-08-30,False,,0.1997517730496454,-27.72090934606277,610.9960028247609,-14.74110384210941,level,,RUB->AMD
level,KGS,wf_oos,,5,0.2,0.3277439024390244,656,215,1.5579710144927537,135,135,0,135,0,0.7391304347826086,0.2028985507246377,138,2023-01-10,2025-08-30,False,,0.1948148148148148,-25.60101472929584,665.1211361975606,-18.06531270708035,level,,RUB->KGS
level,KZT,wf_oos,,5,0.1988950276243093,0.2789634146341463,656,183,1.326086956521739,181,181,0,181,0,0.6666666666666666,0.2681159420289855,138,2023-01-10,2025-08-30,False,,0.1786464088397789,-41.50306014829752,811.5219014624208,-29.549266450381932,level,,RUB->KZT
level,TJS,wf_oos,,5,0.2823529411764706,0.3506097560975609,656,230,1.6666666666666667,85,85,0,85,0,0.8260869565217391,0.1231884057971014,138,2023-01-10,2025-08-30,True,683.2926157314092,0.2528235294117646,-19.49982281478408,685.1262935489632,-1.074510698739081,level,,RUB->TJS
level,UZS,wf_oos,,5,0.1923076923076923,0.3109756097560975,656,204,1.4782608695652173,156,156,0,156,0,0.6956521739130435,0.2536231884057971,138,2023-01-10,2025-08-30,False,,0.1641025641025641,-29.44562408561308,699.7758726869812,-15.96372508688627,level,,RUB->UZS
logreg_a,AMD,wf_oos,5.0,5,0.2658227848101265,0.3277439024390244,656,215,1.5579710144927537,79,79,0,79,0,0.6956521739130435,0.072463768115942,138,2023-01-10,2025-08-30,True,430.2391833531552,0.2475316455696202,10.447417303806208,487.64105070736014,16.081764709043963,logreg,A,RUB->AMD
logreg_a,KGS,wf_oos,5.0,5,0.2345679012345679,0.3277439024390244,656,215,1.5579710144927537,81,81,0,81,0,0.6811594202898551,0.072463768115942,138,2023-01-10,2025-08-30,True,534.7993627929673,0.2737037037037036,-3.792925950318901,541.6329987494155,-11.149579452934493,logreg,A,RUB->KGS
logreg_a,KZT,wf_oos,5.0,5,0.180722891566265,0.2789634146341463,656,183,1.326086956521739,83,83,0,83,0,0.6666666666666666,0.0797101449275362,138,2023-01-10,2025-08-30,True,518.7766873474242,0.2062650602409638,-3.5464841841440524,543.1225847473778,-12.33882744201129,logreg,A,RUB->KZT
logreg_a,TJS,wf_oos,5.0,5,0.3614457831325301,0.3506097560975609,656,230,1.6666666666666667,83,83,0,83,0,0.6884057971014492,0.0869565217391304,138,2023-01-10,2025-08-30,True,668.1616461392834,0.3324096385542169,15.596260377701206,674.5413518180169,17.901045409350115,logreg,A,RUB->TJS
logreg_a,UZS,wf_oos,5.0,5,0.2597402597402597,0.3109756097560975,656,204,1.4782608695652173,77,77,0,77,0,0.6739130434782609,0.072463768115942,138,2023-01-10,2025-08-30,True,710.1804204777662,0.2755194805194805,-4.952812658291597,607.9245130671211,-20.74188030658888,logreg,A,RUB->UZS
logreg_ab,AMD,wf_oos,5.0,5,0.275,0.3277439024390244,656,215,1.5579710144927537,40,40,0,40,0,0.8623188405797102,0.0434782608695652,138,2023-01-10,2025-08-30,True,303.86937985416785,0.252875,13.92648307438029,539.2984645718227,23.988187538002247,logreg,"A,B",RUB->AMD
logreg_ab,KGS,wf_oos,5.0,5,0.2424242424242424,0.3277439024390244,656,215,1.5579710144927537,33,33,0,33,0,0.8768115942028986,0.036231884057971,138,2023-01-10,2025-08-30,True,170.14185055294507,0.2783333333333334,17.270204789190316,193.89611007598847,14.79450467364008,logreg,"A,B",RUB->KGS
logreg_ab,KZT,wf_oos,5.0,5,0.1333333333333333,0.2789634146341463,656,183,1.326086956521739,30,30,0,30,0,0.8695652173913043,0.0289855072463768,138,2023-01-10,2025-08-30,True,342.41112242402096,0.1731666666666666,-9.099392238174762,641.2203658916006,1.2298363060031514,logreg,"A,B",RUB->KZT
logreg_ab,TJS,wf_oos,5.0,5,0.425531914893617,0.3506097560975609,656,230,1.6666666666666667,47,47,0,47,0,0.8333333333333334,0.0507246376811594,138,2023-01-10,2025-08-30,True,520.5207593343899,0.3814893617021276,28.082705725876075,730.4638212263054,36.448374110669455,logreg,"A,B",RUB->TJS
logreg_ab,UZS,wf_oos,5.0,5,0.3333333333333333,0.3109756097560975,656,204,1.4782608695652173,27,27,0,27,0,0.8768115942028986,0.0217391304347826,138,2023-01-10,2025-08-30,True,141.379057649472,0.3503703703703704,30.84934357423356,309.0790261201952,36.55907551390192,logreg,"A,B",RUB->UZS
logreg_abc,AMD,wf_oos,5.0,5,,0.3277439024390244,656,215,1.5579710144927537,0,0,0,0,0,1.0,0.0,138,2023-01-10,2025-08-30,True,,,,,,logreg,"A,B,C",RUB->AMD
logreg_abc,KGS,wf_oos,5.0,5,,0.3277439024390244,656,215,1.5579710144927537,0,0,0,0,0,1.0,0.0,138,2023-01-10,2025-08-30,True,,,,,,logreg,"A,B,C",RUB->KGS
logreg_abc,KZT,wf_oos,5.0,5,,0.2789634146341463,656,183,1.326086956521739,0,0,0,0,0,1.0,0.0,138,2023-01-10,2025-08-30,True,,,,,,logreg,"A,B,C",RUB->KZT
logreg_abc,TJS,wf_oos,5.0,5,0.6666666666666666,0.3506097560975609,656,230,1.6666666666666667,3,3,0,3,0,0.9855072463768116,0.0,138,2023-01-10,2025-08-30,True,90.05210973527318,0.5366666666666666,136.0437816965485,145.31319724500315,105.06654810424304,logreg,"A,B,C",RUB->TJS
logreg_abc,UZS,wf_oos,5.0,5,,0.3109756097560975,656,204,1.4782608695652173,0,0,0,0,0,1.0,0.0,138,2023-01-10,2025-08-30,True,,,,,,logreg,"A,B,C",RUB->UZS
logreg_abcd,AMD,wf_oos,5.0,5,0.2608695652173913,0.3277439024390244,656,215,1.5579710144927537,46,46,0,46,0,0.8043478260869565,0.0289855072463768,138,2023-01-10,2025-08-30,True,389.1958785944687,0.2585869565217391,-1.1107361264456304,480.120881152465,-0.5342312464990582,logreg,"A,B,C,D",RUB->AMD
logreg_abcd,KGS,wf_oos,5.0,5,0.1904761904761904,0.3277439024390244,656,215,1.5579710144927537,21,21,0,21,0,0.8985507246376812,0.0072463768115942,138,2023-01-10,2025-08-30,True,238.13306607060312,0.2871428571428571,6.048855960547091,326.5640233184416,2.788018472500379,logreg,"A,B,C,D",RUB->KGS
logreg_abcd,KZT,wf_oos,5.0,5,0.2857142857142857,0.2789634146341463,656,183,1.326086956521739,14,14,0,14,0,0.927536231884058,0.0072463768115942,138,2023-01-10,2025-08-30,True,160.10752724588207,0.2217857142857142,-1.9257870268780253,254.04709911755984,16.115663643408602,logreg,"A,B,C,D",RUB->KZT
logreg_abcd,TJS,wf_oos,5.0,5,0.4838709677419355,0.3506097560975609,656,230,1.6666666666666667,31,31,0,31,0,0.8840579710144928,0.0289855072463768,138,2023-01-10,2025-08-30,True,303.77290386990154,0.4162903225806451,51.356428573255045,374.6373860779035,63.35326380395579,logreg,"A,B,C,D",RUB->TJS
logreg_abcd,UZS,wf_oos,5.0,5,0.2916666666666667,0.3109756097560975,656,204,1.4782608695652173,24,24,0,24,0,0.8913043478260869,0.0144927536231884,138,2023-01-10,2025-08-30,True,243.41567115115305,0.3125,30.722139571483503,349.44675469321146,26.64597105251988,logreg,"A,B,C,D",RUB->UZS
momentum,AMD,wf_oos,,5,0.3033707865168539,0.3277439024390244,656,215,1.5579710144927537,89,89,0,89,0,0.6521739130434783,0.072463768115942,138,2023-01-10,2025-08-30,True,594.0467605332311,0.2125842696629213,-33.50696488112014,696.6120333254102,10.004280994418732,momentum,,RUB->AMD
momentum,KGS,wf_oos,,5,0.2608695652173913,0.3277439024390244,656,215,1.5579710144927537,92,92,0,92,0,0.6594202898550725,0.0869565217391304,138,2023-01-10,2025-08-30,True,580.0784386578019,0.1667934782608695,-49.483978144126816,675.8257777952313,-0.249004050073495,momentum,,RUB->KGS
momentum,KZT,wf_oos,,5,0.2738095238095238,0.2789634146341463,656,183,1.326086956521739,84,84,0,84,0,0.6159420289855072,0.0434782608695652,138,2023-01-10,2025-08-30,True,560.6082156141459,0.1979166666666666,-36.41133221684454,774.2536658566515,10.873751412506,momentum,,RUB->KZT
momentum,TJS,wf_oos,,5,0.2439024390243902,0.3506097560975609,656,230,1.6666666666666667,82,82,0,82,0,0.6884057971014492,0.0652173913043478,138,2023-01-10,2025-08-30,True,591.5868742732035,0.2080487804878049,-47.25840873506419,678.879869534529,-9.001942466924852,momentum,,RUB->TJS
momentum,UZS,wf_oos,,5,0.2626262626262626,0.3109756097560975,656,204,1.4782608695652173,99,99,0,99,0,0.6014492753623188,0.0869565217391304,138,2023-01-10,2025-08-30,True,593.701492114418,0.175050505050505,-41.59095059683506,701.3215261139605,16.296759086278815,momentum,,RUB->UZS
random,AMD,wf_oos,,5,0.3640552995391705,0.3277439024390244,656,215,1.5579710144927537,217,217,0,217,0,0.1521739130434782,0.1739130434782608,138,2023-01-10,2025-08-30,False,,0.3541474654377879,22.957424961165053,587.2665824915294,30.86154723994031,random,,RUB->AMD
random,KGS,wf_oos,,5,0.3744292237442922,0.3277439024390244,656,215,1.5579710144927537,219,219,0,219,0,0.1594202898550724,0.1666666666666666,138,2023-01-10,2025-08-30,False,,0.3493835616438356,16.73113311706461,497.5587184643062,22.2835646533922,random,,RUB->KGS
random,KZT,wf_oos,,5,0.295,0.2789634146341463,656,183,1.326086956521739,200,200,0,200,0,0.1594202898550724,0.1521739130434782,138,2023-01-10,2025-08-30,False,,0.275075,-1.0548978578698245,701.6243150055991,-12.70988829266386,random,,RUB->KZT
random,TJS,wf_oos,,5,0.3048128342245989,0.3506097560975609,656,230,1.6666666666666667,187,187,0,187,0,0.2318840579710145,0.144927536231884,138,2023-01-10,2025-08-30,False,,0.3040909090909091,6.071410089090271,629.0998776086681,4.320938565023768,random,,RUB->TJS
random,UZS,wf_oos,,5,0.3333333333333333,0.3109756097560975,656,204,1.4782608695652173,213,213,0,213,0,0.1304347826086956,0.1884057971014492,138,2023-01-10,2025-08-30,False,,0.3093427230046949,1.9858401083206951,614.2976678588255,-3.712373095930663,random,,RUB->UZS
reversal,AMD,wf_oos,,5,0.3103448275862069,0.3277439024390244,656,215,1.5579710144927537,29,29,0,29,0,0.7971014492753623,0.0,138,2023-01-10,2025-08-30,True,384.9273806021687,0.2772413793103448,18.517678487653356,598.7100930886863,37.70996793391116,reversal,,RUB->AMD
reversal,KGS,wf_oos,,5,0.1666666666666666,0.3277439024390244,656,215,1.5579710144927537,30,30,0,30,0,0.7971014492753623,0.0,138,2023-01-10,2025-08-30,True,390.7200344841853,0.2421666666666667,5.137431813873033,516.711862641679,0.6771619121988341,reversal,,RUB->KGS
reversal,KZT,wf_oos,,5,0.2727272727272727,0.2789634146341463,656,183,1.326086956521739,33,33,0,33,0,0.782608695652174,0.0,138,2023-01-10,2025-08-30,True,474.6181324519099,0.2392424242424242,2.765745199827515,741.5032420988646,14.868328943610464,reversal,,RUB->KZT
reversal,TJS,wf_oos,,5,0.3571428571428571,0.3506097560975609,656,230,1.6666666666666667,28,28,0,28,0,0.8043478260869565,0.0,138,2023-01-10,2025-08-30,True,395.00222997538305,0.2705357142857143,20.709457519588216,521.6712544990983,37.80171604268657,reversal,,RUB->TJS
reversal,UZS,wf_oos,,5,0.2121212121212121,0.3109756097560975,656,204,1.4782608695652173,33,33,0,33,0,0.7753623188405797,0.0,138,2023-01-10,2025-08-30,True,380.653227810404,0.2224242424242424,7.534248333322044,508.5451097557801,11.686608313457128,reversal,,RUB->UZS
seasonality,AMD,wf_oos,,5,0.2573529411764705,0.3277439024390244,656,215,1.5579710144927537,136,136,0,136,0,0.717391304347826,0.1956521739130435,138,2023-01-10,2025-08-30,False,,0.240625,-6.55189061689853,471.385355582119,1.6065782838214848,seasonality,,RUB->AMD
seasonality,KGS,wf_oos,,5,0.2993630573248407,0.3277439024390244,656,215,1.5579710144927537,157,157,0,157,0,0.6594202898550725,0.2391304347826087,138,2023-01-10,2025-08-30,False,,0.2879299363057325,-2.2322957216614077,605.0934319323235,4.369703999028797,seasonality,,RUB->KGS
seasonality,KZT,wf_oos,,5,0.232258064516129,0.2789634146341463,656,183,1.326086956521739,155,155,0,155,0,0.6739130434782609,0.2246376811594203,138,2023-01-10,2025-08-30,False,,0.2401290322580644,-7.789219729514449,723.9879776862115,-10.584570148424758,seasonality,,RUB->KZT
seasonality,TJS,wf_oos,,5,0.3106060606060606,0.3506097560975609,656,230,1.6666666666666667,132,132,0,132,0,0.7246376811594203,0.1884057971014492,138,2023-01-10,2025-08-30,False,,0.3092045454545454,6.296824296830884,637.9248239354254,8.637129119779928,seasonality,,RUB->TJS
seasonality,UZS,wf_oos,,5,0.3381294964028777,0.3109756097560975,656,204,1.4782608695652173,139,139,0,139,0,0.7101449275362319,0.1956521739130435,138,2023-01-10,2025-08-30,False,,0.3104316546762589,-1.2458216852311517,705.4019281151772,-0.0325736114710746,seasonality,,RUB->UZS
catboost_a,AMD,oot,5.0,10,,0.2352941176470588,238,56,1.0566037735849056,0,0,0,0,0,1.0,0.0,53,2025-09-02,2026-09-02,True,,,,,,catboost,A,RUB->AMD
catboost_a,AMD,wf_2022,5.0,10,,0.2388663967611336,247,59,1.156862745098039,0,0,0,0,0,1.0,0.0,51,2022-01-11,2022-12-31,True,,,,,,catboost,A,RUB->AMD
catboost_a,AMD,wf_2023,5.0,10,0.2857142857142857,0.3198380566801619,247,79,1.5490196078431373,7,7,0,7,0,0.8627450980392157,0.0,51,2023-01-10,2023-12-30,True,260.3062784925956,0.2035714285714285,12.378387352900484,509.5780223435984,26.451759556477572,catboost,A,RUB->AMD
catboost_a,AMD,wf_2024,5.0,10,0.2096774193548387,0.2903225806451613,248,72,1.411764705882353,62,62,0,62,0,0.5882352941176471,0.2352941176470588,51,2024-01-10,2024-12-29,True,625.750448439165,0.1821774193548387,-2.4700703978382,733.4472921295263,12.014066679903816,catboost,A,RUB->AMD
catboost_a,AMD,wf_2025,5.0,10,0.0909090909090909,0.1428571428571428,161,23,0.6764705882352942,22,22,0,22,0,0.5882352941176471,0.0588235294117647,34,2025-01-10,2025-08-30,True,590.260696703472,0.125,-52.72314134108474,859.131831594298,-65.74531387980727,catboost,A,RUB->AMD
catboost_a,KGS,oot,5.0,10,,0.2226890756302521,238,53,1.0,0,0,0,0,0,1.0,0.0,53,2025-09-02,2026-09-02,True,,,,,,catboost,A,RUB->KGS
catboost_a,KGS,wf_2022,5.0,10,,0.2064777327935222,247,51,1.0,0,0,0,0,0,1.0,0.0,51,2022-01-11,2022-12-31,True,,,,,,catboost,A,RUB->KGS
catboost_a,KGS,wf_2023,5.0,10,0.3333333333333333,0.2995951417004048,247,74,1.4509803921568627,6,6,0,6,0,0.8823529411764706,0.0,51,2023-01-10,2023-12-30,True,245.7534027550326,0.2083333333333333,-15.72777330432896,466.8377657862411,-17.10410404210919,catboost,A,RUB->KGS
catboost_a,KGS,wf_2024,5.0,10,0.2133333333333333,0.2943548387096774,248,73,1.431372549019608,75,75,0,75,0,0.4901960784313725,0.2549019607843137,51,2024-01-10,2024-12-29,True,639.2736595501556,0.1827333333333333,-1.3513077192997656,717.0011690992759,12.594948197936295,catboost,A,RUB->KGS
catboost_a,KGS,wf_2025,5.0,10,0.0454545454545454,0.124223602484472,161,20,0.5882352941176471,22,22,0,22,0,0.5294117647058824,0.0294117647058823,34,2025-01-10,2025-08-30,True,783.2317983162734,0.1249999999999999,-48.31579017060819,952.8119403838488,-74.61696546804316,catboost,A,RUB->KGS
catboost_a,KZT,oot,5.0,10,,0.2731092436974789,238,65,1.2264150943396226,0,0,0,0,0,1.0,0.0,53,2025-09-02,2026-09-02,True,,,,,,catboost,A,RUB->KZT
catboost_a,KZT,wf_2022,5.0,10,,0.2064777327935222,247,51,1.0,0,0,0,0,0,1.0,0.0,51,2022-01-11,2022-12-31,True,,,,,,catboost,A,RUB->KZT
catboost_a,KZT,wf_2023,5.0,10,0.2222222222222222,0.2834008097165992,247,70,1.3725490196078431,9,9,0,9,0,0.8431372549019608,0.0,51,2023-01-10,2023-12-30,True,146.72314762779814,0.2355555555555555,147.58892760138568,305.9013217835542,119.31811280595656,catboost,A,RUB->KZT
catboost_a,KZT,wf_2024,5.0,10,0.1384615384615384,0.2056451612903226,248,51,1.0,65,65,0,65,0,0.5490196078431373,0.2352941176470588,51,2024-01-10,2024-12-29,True,572.047502889399,0.1398461538461538,-20.260647837232543,702.9649479201735,-10.87404058104415,catboost,A,RUB->KZT
catboost_a,KZT,wf_2025,5.0,10,0.0384615384615384,0.0993788819875776,161,16,0.4705882352941176,26,26,0,26,0,0.5294117647058824,0.088235294117647,34,2025-01-10,2025-08-30,True,823.6199317525328,0.0836538461538461,-27.58103926144828,1006.4183459162248,-49.30903915444928,catboost,A,RUB->KZT
catboost_a,TJS,oot,5.0,10,,0.226890756302521,238,54,1.018867924528302,0,0,0,0,0,1.0,0.0,53,2025-09-02,2026-09-02,True,,,,,,catboost,A,RUB->TJS
catboost_a,TJS,wf_2022,5.0,10,0.4,0.2307692307692307,247,57,1.1176470588235294,5,5,0,5,0,0.9019607843137256,0.0,51,2022-01-11,2022-12-31,True,460.7465707788325,0.26,135.6832672183881,1936.8174692625669,473.0579930084288,catboost,A,RUB->TJS
catboost_a,TJS,wf_2023,5.0,10,0.1666666666666666,0.2793522267206478,247,69,1.3529411764705883,6,6,0,6,0,0.8823529411764706,0.0,51,2023-01-10,2023-12-30,True,256.95606990103806,0.1725,-21.32140518437812,495.11458916358794,-17.79979111229753,catboost,A,RUB->TJS
catboost_a,TJS,wf_2024,5.0,10,0.3181818181818182,0.2943548387096774,248,73,1.431372549019608,66,66,0,66,0,0.5686274509803921,0.2549019607843137,51,2024-01-10,2024-12-29,True,688.1821064619347,0.2621212121212121,15.426300180589164,748.001333638819,28.74630988220979,catboost,A,RUB->TJS
catboost_a,TJS,wf_2025,5.0,10,0.1851851851851851,0.2360248447204969,161,38,1.1176470588235294,27,27,0,27,0,0.5588235294117647,0.088235294117647,34,2025-01-10,2025-08-30,True,802.8822799298592,0.2257407407407407,-15.123290500321833,979.6558434606889,-22.59924576338291,catboost,A,RUB->TJS
catboost_a,UZS,oot,5.0,10,,0.2647058823529412,238,63,1.1886792452830188,0,0,0,0,0,1.0,0.0,53,2025-09-02,2026-09-02,True,,,,,,catboost,A,RUB->UZS
catboost_a,UZS,wf_2022,5.0,10,,0.2064777327935222,247,51,1.0,0,0,0,0,0,1.0,0.0,51,2022-01-11,2022-12-31,True,,,,,,catboost,A,RUB->UZS
catboost_a,UZS,wf_2023,5.0,10,0.1428571428571428,0.3036437246963562,247,75,1.4705882352941178,7,7,0,7,0,0.8627450980392157,0.0,51,2023-01-10,2023-12-30,True,285.4809175619533,0.2757142857142856,-1.8201460050168905,510.21791350404385,-8.769469536410282,catboost,A,RUB->UZS
catboost_a,UZS,wf_2024,5.0,10,0.2222222222222222,0.2620967741935484,248,65,1.2745098039215683,63,63,0,63,0,0.6078431372549019,0.2549019607843137,51,2024-01-10,2024-12-29,True,706.5252643137021,0.1984920634920634,-4.935381762775365,692.6069338596681,-2.8145644867986936,catboost,A,RUB->UZS
catboost_a,UZS,wf_2025,5.0,10,0.0909090909090909,0.0993788819875776,161,16,0.4705882352941176,22,22,0,22,0,0.5294117647058824,0.0294117647058823,34,2025-01-10,2025-08-30,True,773.7977281574774,0.1084090909090909,-32.66790418791387,1007.1011993093106,-50.46456144847666,catboost,A,RUB->UZS
catboost_ab,AMD,oot,5.0,10,0.2307692307692307,0.2352941176470588,238,56,1.0566037735849056,13,13,0,13,0,0.8679245283018868,0.0377358490566037,53,2025-09-02,2026-09-02,True,306.5012828675737,0.2773076923076923,102.29969278656804,343.1197670036638,97.97311453281075,catboost,"A,B",RUB->AMD
catboost_ab,AMD,wf_2022,5.0,10,0.09375,0.2388663967611336,247,59,1.156862745098039,32,32,0,32,0,0.7254901960784313,0.0980392156862745,51,2022-01-11,2022-12-31,True,1339.0765716842088,0.115,25.983675512443245,1447.950137374886,-24.76677314061473,catboost,"A,B",RUB->AMD
catboost_ab,AMD,wf_2023,5.0,10,0.2577319587628865,0.3198380566801619,247,79,1.5490196078431373,97,97,0,97,0,0.4705882352941176,0.392156862745098,51,2023-01-10,2023-12-30,True,738.5229405074427,0.2374742268041237,9.480451058409288,746.7754609012278,24.922620377563447,catboost,"A,B",RUB->AMD
catboost_ab,AMD,wf_2024,5.0,10,0.2,0.2903225806451613,248,72,1.411764705882353,40,40,0,40,0,0.7254901960784313,0.1372549019607843,51,2024-01-10,2024-12-29,True,466.305248669598,0.2245,25.609231976413803,670.0719986530802,21.85097102927178,catboost,"A,B",RUB->AMD
catboost_ab,AMD,wf_2025,5.0,10,,0.1428571428571428,161,23,0.6764705882352942,0,0,0,0,0,1.0,0.0,34,2025-01-10,2025-08-30,True,,,,,,catboost,"A,B",RUB->AMD
catboost_ab,KGS,oot,5.0,10,0.2,0.2226890756302521,238,53,1.0,13,10,3,10,3,0.8679245283018868,0.0377358490566037,53,2025-09-02,2026-09-02,True,272.37742187472014,0.2769999999999999,52.97429555258071,555.7023832561655,77.19189215218357,catboost,"A,B",RUB->KGS
catboost_ab,KGS,wf_2022,5.0,10,0.0606060606060606,0.2064777327935222,247,51,1.0,33,33,0,33,0,0.6862745098039216,0.0784313725490196,51,2022-01-11,2022-12-31,True,1740.1151836481022,0.1009090909090908,-159.13420576162395,1887.6930836927024,-173.5197868912686,catboost,"A,B",RUB->KGS
catboost_ab,KGS,wf_2023,5.0,10,0.2941176470588235,0.2995951417004048,247,74,1.4509803921568627,102,102,0,102,0,0.392156862745098,0.4313725490196078,51,2023-01-10,2023-12-30,False,,0.2644117647058823,27.32275157620261,691.6281885382631,49.296743106658,catboost,"A,B",RUB->KGS
catboost_ab,KGS,wf_2024,5.0,10,0.1818181818181818,0.2943548387096774,248,73,1.431372549019608,55,55,0,55,0,0.6078431372549019,0.1764705882352941,51,2024-01-10,2024-12-29,True,639.2736595501556,0.1662727272727272,-10.323853514487505,757.7093009060779,1.615928000264132,catboost,"A,B",RUB->KGS
catboost_ab,KGS,wf_2025,5.0,10,,0.124223602484472,161,20,0.5882352941176471,0,0,0,0,0,1.0,0.0,34,2025-01-10,2025-08-30,True,,,,,,catboost,"A,B",RUB->KGS
catboost_ab,KZT,oot,5.0,10,0.2,0.2731092436974789,238,65,1.2264150943396226,30,30,0,30,0,0.7358490566037735,0.0754716981132075,53,2025-09-02,2026-09-02,True,597.925875995557,0.2703333333333333,67.90892687327542,738.0041957191788,58.41669348811136,catboost,"A,B",RUB->KZT
catboost_ab,KZT,wf_2022,5.0,10,0.2105263157894736,0.2064777327935222,247,51,1.0,38,38,0,38,0,0.6470588235294118,0.0980392156862745,51,2022-01-11,2022-12-31,True,1722.979562428633,0.19,-62.04421114093095,1803.6494678702215,-49.60216136564087,catboost,"A,B",RUB->KZT
catboost_ab,KZT,wf_2023,5.0,10,0.2352941176470588,0.2834008097165992,247,70,1.3725490196078431,102,102,0,102,0,0.3725490196078431,0.4117647058823529,51,2023-01-10,2023-12-30,False,,0.2343627450980392,46.28874597654119,615.4260632110787,59.69722092522749,catboost,"A,B",RUB->KZT
catboost_ab,KZT,wf_2024,5.0,10,0.1282051282051282,0.2056451612903226,248,51,1.0,39,39,0,39,0,0.7254901960784313,0.1176470588235294,51,2024-01-10,2024-12-29,True,503.57627358287266,0.1378205128205128,-1.091942111503874,620.0764500679688,-4.761056573768738,catboost,"A,B",RUB->KZT
catboost_ab,KZT,wf_2025,5.0,10,,0.0993788819875776,161,16,0.4705882352941176,0,0,0,0,0,1.0,0.0,34,2025-01-10,2025-08-30,True,,,,,,catboost,"A,B",RUB->KZT
catboost_ab,TJS,oot,5.0,10,0.4615384615384615,0.226890756302521,238,54,1.018867924528302,27,26,1,26,1,0.7358490566037735,0.0754716981132075,53,2025-09-02,2026-09-02,True,502.73693058604385,0.4888461538461539,117.2507313985235,580.0825598216107,109.86963297984246,catboost,"A,B",RUB->TJS
catboost_ab,TJS,wf_2022,5.0,10,0.0769230769230769,0.2307692307692307,247,57,1.1176470588235294,39,39,0,39,0,0.6470588235294118,0.1176470588235294,51,2022-01-11,2022-12-31,True,3937.9972435401273,0.0807692307692307,-287.5263129610012,4061.212536073924,-309.9102638845224,catboost,"A,B",RUB->TJS
catboost_ab,TJS,wf_2023,5.0,10,0.2209302325581395,0.2793522267206478,247,69,1.3529411764705883,86,86,0,86,0,0.4705882352941176,0.3333333333333333,51,2023-01-10,2023-12-30,True,601.9660943603169,0.1984883720930232,21.384563127439733,630.7584753828712,39.7447425794289,catboost,"A,B",RUB->TJS
catboost_ab,TJS,wf_2024,5.0,10,0.2972972972972973,0.2943548387096774,248,73,1.431372549019608,37,37,0,37,0,0.7254901960784313,0.1568627450980392,51,2024-01-10,2024-12-29,True,688.1821064619347,0.2828378378378379,14.876020009290082,773.0953513204363,14.846120343785609,catboost,"A,B",RUB->TJS
catboost_ab,TJS,wf_2025,5.0,10,,0.2360248447204969,161,38,1.1176470588235294,0,0,0,0,0,1.0,0.0,34,2025-01-10,2025-08-30,True,,,,,,catboost,"A,B",RUB->TJS
catboost_ab,UZS,oot,5.0,10,0.2,0.2647058823529412,238,63,1.1886792452830188,24,20,4,20,4,0.7547169811320755,0.0754716981132075,53,2025-09-02,2026-09-02,True,496.0808866837048,0.2584999999999999,26.05690009023166,591.8796501033631,10.656799859979197,catboost,"A,B",RUB->UZS
catboost_ab,UZS,wf_2022,5.0,10,0.1578947368421052,0.2064777327935222,247,51,1.0,38,38,0,38,0,0.6470588235294118,0.0980392156862745,51,2022-01-11,2022-12-31,True,2941.0731926068843,0.1653947368421052,-260.18828785822285,3302.5111014528584,-309.2422727554205,catboost,"A,B",RUB->UZS
catboost_ab,UZS,wf_2023,5.0,10,0.25,0.3036437246963562,247,75,1.4705882352941178,104,104,0,104,0,0.4509803921568627,0.4313725490196078,51,2023-01-10,2023-12-30,False,,0.2449038461538462,34.16058032726288,620.719338883698,47.23354924220045,catboost,"A,B",RUB->UZS
catboost_ab,UZS,wf_2024,5.0,10,0.2105263157894736,0.2620967741935484,248,65,1.2745098039215683,38,38,0,38,0,0.6862745098039216,0.1176470588235294,51,2024-01-10,2024-12-29,True,706.5252643137021,0.1871052631578947,-3.556760522439069,763.7134102597436,-10.884032698864996,catboost,"A,B",RUB->UZS
catboost_ab,UZS,wf_2025,5.0,10,,0.0993788819875776,161,16,0.4705882352941176,0,0,0,0,0,1.0,0.0,34,2025-01-10,2025-08-30,True,,,,,,catboost,"A,B",RUB->UZS
catboost_abc,AMD,oot,5.0,10,0.25,0.2352941176470588,238,56,1.0566037735849056,20,20,0,20,0,0.8113207547169812,0.0566037735849056,53,2025-09-02,2026-09-02,True,447.60595013740186,0.2775,64.9512441735233,553.4815965304243,59.95150227281465,catboost,"A,B,C",RUB->AMD
catboost_abc,AMD,wf_2022,5.0,10,0.1666666666666666,0.2388663967611336,247,59,1.156862745098039,6,6,0,6,0,0.9215686274509804,0.0,51,2022-01-11,2022-12-31,True,505.8505459419025,0.105,46.86100710509525,648.2949490493133,25.687034980355445,catboost,"A,B,C",RUB->AMD
catboost_abc,AMD,wf_2023,5.0,10,0.15,0.3198380566801619,247,79,1.5490196078431373,20,20,0,20,0,0.8235294117647058,0.0784313725490196,51,2023-01-10,2023-12-30,True,664.9492662870897,0.1275,-24.006144904875537,754.5502231712046,-6.198563433978114,catboost,"A,B,C",RUB->AMD
catboost_abc,AMD,wf_2024,5.0,10,,0.2903225806451613,248,72,1.411764705882353,0,0,0,0,0,1.0,0.0,51,2024-01-10,2024-12-29,True,,,,,,catboost,"A,B,C",RUB->AMD
catboost_abc,AMD,wf_2025,5.0,10,0.0,0.1428571428571428,161,23,0.6764705882352942,1,1,0,1,0,0.9705882352941176,0.0,34,2025-01-10,2025-08-30,True,37.58537795246042,0.42,149.05633392777577,25.953466631055655,131.76426982950406,catboost,"A,B,C",RUB->AMD
catboost_abc,KGS,oot,5.0,10,0.3809523809523809,0.2226890756302521,238,53,1.0,24,21,3,21,3,0.7547169811320755,0.0754716981132075,53,2025-09-02,2026-09-02,True,324.7209008195813,0.3952380952380951,113.40885973864812,555.029148433399,135.236606675681,catboost,"A,B,C",RUB->KGS
catboost_abc,KGS,wf_2022,5.0,10,0.1538461538461538,0.2064777327935222,247,51,1.0,13,13,0,13,0,0.8823529411764706,0.0588235294117647,51,2022-01-11,2022-12-31,True,1431.5509578632718,0.1592307692307692,-182.93577340463708,1949.7385761461053,-125.8436429041046,catboost,"A,B,C",RUB->KGS
catboost_abc,KGS,wf_2023,5.0,10,0.3103448275862069,0.2995951417004048,247,74,1.4509803921568627,29,29,0,29,0,0.7254901960784313,0.0784313725490196,51,2023-01-10,2023-12-30,True,426.5711099204003,0.2963793103448276,63.445435318207146,560.1683173557788,91.25856498162877,catboost,"A,B,C",RUB->KGS
catboost_abc,KGS,wf_2024,5.0,10,1.0,0.2943548387096774,248,73,1.431372549019608,1,1,0,1,0,0.9803921568627452,0.0,51,2024-01-10,2024-12-29,True,0.0,0.26,16.436945847909737,262.85963416289087,315.88463419747194,catboost,"A,B,C",RUB->KGS
catboost_abc,KGS,wf_2025,5.0,10,0.25,0.124223602484472,161,20,0.5882352941176471,4,4,0,4,0,0.9705882352941176,0.0294117647058823,34,2025-01-10,2025-08-30,True,24.166875197197403,0.405,142.9447008434015,43.26569690903407,122.41722574388103,catboost,"A,B,C",RUB->KGS
catboost_abc,KZT,oot,5.0,10,0.1052631578947368,0.2731092436974789,238,65,1.2264150943396226,19,19,0,19,0,0.8113207547169812,0.0377358490566037,53,2025-09-02,2026-09-02,True,466.85651350078314,0.2028947368421052,62.5543030948461,739.3734518688781,33.8201275130602,catboost,"A,B,C",RUB->KZT
catboost_abc,KZT,wf_2022,5.0,10,0.375,0.2064777327935222,247,51,1.0,8,8,0,8,0,0.9019607843137256,0.0196078431372549,51,2022-01-11,2022-12-31,True,1697.90568284167,0.2175,-321.1211840382689,1823.1768007111225,-239.75924401528337,catboost,"A,B,C",RUB->KZT
catboost_abc,KZT,wf_2023,5.0,10,0.5,0.2834008097165992,247,70,1.3725490196078431,12,12,0,12,0,0.9019607843137256,0.0392156862745098,51,2023-01-10,2023-12-30,True,185.6360826834371,0.4925,199.28287504871557,375.0131873987025,233.64514172104975,catboost,"A,B,C",RUB->KZT
catboost_abc,KZT,wf_2024,5.0,10,,0.2056451612903226,248,51,1.0,0,0,0,0,0,1.0,0.0,51,2024-01-10,2024-12-29,True,,,,,,catboost,"A,B,C",RUB->KZT
catboost_abc,KZT,wf_2025,5.0,10,,0.0993788819875776,161,16,0.4705882352941176,0,0,0,0,0,1.0,0.0,34,2025-01-10,2025-08-30,True,,,,,,catboost,"A,B,C",RUB->KZT
catboost_abc,TJS,oot,5.0,10,0.3170731707317073,0.226890756302521,238,54,1.018867924528302,42,41,1,41,1,0.6037735849056604,0.1132075471698113,53,2025-09-02,2026-09-02,True,526.2221279945587,0.3303658536585365,69.66981844245919,549.8166084313275,72.07290906375857,catboost,"A,B,C",RUB->TJS
catboost_abc,TJS,wf_2022,5.0,10,0.0909090909090909,0.2307692307692307,247,57,1.1176470588235294,11,11,0,11,0,0.8627450980392157,0.0196078431372549,51,2022-01-11,2022-12-31,True,3470.9788325639283,0.1140909090909091,-589.3703959723501,4016.5330254959104,-585.1680658488654,catboost,"A,B,C",RUB->TJS
catboost_abc,TJS,wf_2023,5.0,10,0.3076923076923077,0.2793522267206478,247,69,1.3529411764705883,13,13,0,13,0,0.8627450980392157,0.0392156862745098,51,2023-01-10,2023-12-30,True,407.3833818710706,0.2603846153846154,89.49316587509358,610.2350931037499,100.6586001534667,catboost,"A,B,C",RUB->TJS
catboost_abc,TJS,wf_2024,5.0,10,,0.2943548387096774,248,73,1.431372549019608,0,0,0,0,0,1.0,0.0,51,2024-01-10,2024-12-29,True,,,,,,catboost,"A,B,C",RUB->TJS
catboost_abc,TJS,wf_2025,5.0,10,0.3333333333333333,0.2360248447204969,161,38,1.1176470588235294,6,6,0,6,0,0.9117647058823528,0.0,34,2025-01-10,2025-08-30,True,139.4105188060375,0.3366666666666667,93.37659896300846,325.5776378904621,97.90133780729052,catboost,"A,B,C",RUB->TJS
catboost_abc,UZS,oot,5.0,10,0.3,0.2647058823529412,238,63,1.1886792452830188,24,20,4,20,4,0.7924528301886793,0.0754716981132075,53,2025-09-02,2026-09-02,True,431.90875585822704,0.3119999999999999,74.37221967904168,524.1784850579334,48.53831367571611,catboost,"A,B,C",RUB->UZS
catboost_abc,UZS,wf_2022,5.0,10,0.2727272727272727,0.2064777327935222,247,51,1.0,11,11,0,11,0,0.8823529411764706,0.0392156862745098,51,2022-01-11,2022-12-31,True,2557.138487554809,0.2454545454545454,-415.2683724527323,3323.883305181321,-400.1035985048074,catboost,"A,B,C",RUB->UZS
catboost_abc,UZS,wf_2023,5.0,10,0.2083333333333333,0.3036437246963562,247,75,1.4705882352941178,24,24,0,24,0,0.7843137254901961,0.0784313725490196,51,2023-01-10,2023-12-30,True,540.5889387821402,0.1952083333333333,29.652552506824403,603.633616776003,38.89055862189326,catboost,"A,B,C",RUB->UZS
catboost_abc,UZS,wf_2024,5.0,10,1.0,0.2620967741935484,248,65,1.2745098039215683,1,1,0,1,0,0.9803921568627452,0.0,51,2024-01-10,2024-12-29,True,0.0,0.21,-7.187726611132014,301.70217197717125,303.28626974796435,catboost,"A,B,C",RUB->UZS
catboost_abc,UZS,wf_2025,5.0,10,0.0,0.0993788819875776,161,16,0.4705882352941176,2,2,0,2,0,0.9705882352941176,0.0,34,2025-01-10,2025-08-30,True,156.93952389823738,0.2325,118.23578011858332,137.37639070167808,-32.216652157754936,catboost,"A,B,C",RUB->UZS
catboost_abcd,AMD,oot,5.0,10,0.2352941176470588,0.2352941176470588,238,56,1.0566037735849056,17,17,0,17,0,0.7735849056603774,0.0188679245283018,53,2025-09-02,2026-09-02,True,289.75715413194484,0.2835294117647058,99.6854862187669,333.56097891999013,98.5852032602453,catboost,"A,B,C,D",RUB->AMD
catboost_abcd,AMD,wf_2022,5.0,10,0.0,0.2388663967611336,247,59,1.156862745098039,4,4,0,4,0,0.9411764705882352,0.0,51,2022-01-11,2022-12-31,True,698.0994102456666,0.05625,-114.26529503087892,1289.0163532314127,-173.79913078009128,catboost,"A,B,C,D",RUB->AMD
catboost_abcd,AMD,wf_2023,5.0,10,0.2028985507246377,0.3198380566801619,247,79,1.5490196078431373,69,69,0,69,0,0.6078431372549019,0.2549019607843137,51,2023-01-10,2023-12-30,True,738.5229405074427,0.1818840579710144,-3.4254859248500633,735.1535251108072,-0.8837379908359249,catboost,"A,B,C,D",RUB->AMD
catboost_abcd,AMD,wf_2024,5.0,10,0.5,0.2903225806451613,248,72,1.411764705882353,10,10,0,10,0,0.9019607843137256,0.0392156862745098,51,2024-01-10,2024-12-29,True,63.82449042914829,0.428,99.61194940422618,164.56569439662053,100.1431873389984,catboost,"A,B,C,D",RUB->AMD
catboost_abcd,AMD,wf_2025,5.0,10,0.0769230769230769,0.1428571428571428,161,23,0.6764705882352942,13,13,0,13,0,0.7941176470588235,0.0294117647058823,34,2025-01-10,2025-08-30,True,693.7582303347197,0.1711538461538461,-69.6879333575264,932.1272087861396,-81.67145789523028,catboost,"A,B,C,D",RUB->AMD
catboost_abcd,KGS,oot,5.0,10,0.3157894736842105,0.2226890756302521,238,53,1.0,20,19,1,19,1,0.7547169811320755,0.0377358490566037,53,2025-09-02,2026-09-02,True,305.55474240985797,0.3128947368421052,91.00845118762986,533.8317334297925,123.9000268812656,catboost,"A,B,C,D",RUB->KGS
catboost_abcd,KGS,wf_2022,5.0,10,0.0,0.2064777327935222,247,51,1.0,1,1,0,1,0,0.9803921568627452,0.0,51,2022-01-11,2022-12-31,True,379.06342772675794,0.215,504.9964071102022,1119.6400760627612,1236.3279828906682,catboost,"A,B,C,D",RUB->KGS
catboost_abcd,KGS,wf_2023,5.0,10,0.2835820895522388,0.2995951417004048,247,74,1.4509803921568627,67,67,0,67,0,0.5490196078431373,0.2941176470588235,51,2023-01-10,2023-12-30,True,690.8351325099806,0.2628358208955224,25.954936624202393,689.3204924761135,37.77054335641884,catboost,"A,B,C,D",RUB->KGS
catboost_abcd,KGS,wf_2024,5.0,10,0.2142857142857142,0.2943548387096774,248,73,1.431372549019608,14,14,0,14,0,0.8235294117647058,0.0196078431372549,51,2024-01-10,2024-12-29,True,195.8678710432942,0.2682142857142857,35.19049671155818,246.633801562083,17.461213924472542,catboost,"A,B,C,D",RUB->KGS
catboost_abcd,KGS,wf_2025,5.0,10,0.0714285714285714,0.124223602484472,161,20,0.5882352941176471,14,14,0,14,0,0.7352941176470589,0.0294117647058823,34,2025-01-10,2025-08-30,True,732.7374410499737,0.1192857142857142,-66.40842688071957,956.7816877348808,-93.18882207448992,catboost,"A,B,C,D",RUB->KGS
catboost_abcd,KZT,oot,5.0,10,0.3846153846153846,0.2731092436974789,238,65,1.2264150943396226,13,13,0,13,0,0.8490566037735849,0.0377358490566037,53,2025-09-02,2026-09-02,True,353.6392821474972,0.3653846153846153,136.93685859197774,518.6254385619782,168.51084079346003,catboost,"A,B,C,D",RUB->KZT
catboost_abcd,KZT,wf_2022,5.0,10,0.0,0.2064777327935222,247,51,1.0,1,1,0,1,0,0.9803921568627452,0.0,51,2022-01-11,2022-12-31,True,113.8439657180612,0.22,162.497332396521,557.8375777044821,591.6169116532876,catboost,"A,B,C,D",RUB->KZT
catboost_abcd,KZT,wf_2023,5.0,10,0.234375,0.2834008097165992,247,70,1.3725490196078431,64,64,0,64,0,0.5882352941176471,0.2745098039215686,51,2023-01-10,2023-12-30,True,563.5580429343192,0.22515625,43.58275734243291,566.6107869538533,48.83679236274835,catboost,"A,B,C,D",RUB->KZT
catboost_abcd,KZT,wf_2024,5.0,10,0.1666666666666666,0.2056451612903226,248,51,1.0,12,12,0,12,0,0.803921568627451,0.0,51,2024-01-10,2024-12-29,True,213.08790521793816,0.23125,42.703108690785236,264.69181384620236,35.83257786450338,catboost,"A,B,C,D",RUB->KZT
catboost_abcd,KZT,wf_2025,5.0,10,0.0,0.0993788819875776,161,16,0.4705882352941176,12,12,0,12,0,0.7941176470588235,0.0294117647058823,34,2025-01-10,2025-08-30,True,886.4876796185266,0.0641666666666666,-101.2891879635376,1035.570349179262,-106.93394223180792,catboost,"A,B,C,D",RUB->KZT
catboost_abcd,TJS,oot,5.0,10,0.4210526315789473,0.226890756302521,238,54,1.018867924528302,19,19,0,19,0,0.7735849056603774,0.0377358490566037,53,2025-09-02,2026-09-02,True,209.89813831835045,0.3942105263157894,117.4509521799166,541.4888612414766,150.1465693175803,catboost,"A,B,C,D",RUB->TJS
catboost_abcd,TJS,wf_2022,5.0,10,0.0,0.2307692307692307,247,57,1.1176470588235294,2,2,0,2,0,0.9607843137254902,0.0,51,2022-01-11,2022-12-31,True,906.512855527043,0.0,-392.29422417090274,1463.702949799959,-218.29723129242473,catboost,"A,B,C,D",RUB->TJS
catboost_abcd,TJS,wf_2023,5.0,10,0.2181818181818181,0.2793522267206478,247,69,1.3529411764705883,55,55,0,55,0,0.6274509803921569,0.2156862745098039,51,2023-01-10,2023-12-30,True,596.6684595924359,0.1840909090909091,24.55032715683012,654.2950739730504,41.02826025401898,catboost,"A,B,C,D",RUB->TJS
catboost_abcd,TJS,wf_2024,5.0,10,0.5454545454545454,0.2943548387096774,248,73,1.431372549019608,11,11,0,11,0,0.8431372549019608,0.0196078431372549,51,2024-01-10,2024-12-29,True,54.744540796422214,0.3868181818181817,64.78525826523226,104.54508299128142,70.08536093658519,catboost,"A,B,C,D",RUB->TJS
catboost_abcd,TJS,wf_2025,5.0,10,0.2,0.2360248447204969,161,38,1.1176470588235294,10,10,0,10,0,0.8235294117647058,0.0294117647058823,34,2025-01-10,2025-08-30,True,773.5441880204523,0.187,-80.93749641685136,1003.4583794294144,-72.32518277807809,catboost,"A,B,C,D",RUB->TJS
catboost_abcd,UZS,oot,5.0,10,0.25,0.2647058823529412,238,63,1.1886792452830188,13,12,1,12,1,0.8490566037735849,0.0188679245283018,53,2025-09-02,2026-09-02,True,223.02123954772625,0.3979166666666667,122.5346354668172,499.55367072536416,130.9711457254667,catboost,"A,B,C,D",RUB->UZS
catboost_abcd,UZS,wf_2022,5.0,10,0.0,0.2064777327935222,247,51,1.0,3,3,0,3,0,0.9411764705882352,0.0,51,2022-01-11,2022-12-31,True,742.3239907914809,0.0,-331.2601845564417,1412.974234485852,-100.537678945453,catboost,"A,B,C,D",RUB->UZS
catboost_abcd,UZS,wf_2023,5.0,10,0.234375,0.3036437246963562,247,75,1.4705882352941178,64,64,0,64,0,0.6078431372549019,0.2352941176470588,51,2023-01-10,2023-12-30,True,578.2169033716795,0.230390625,26.596923728809703,593.3927255169447,34.836508282785026,catboost,"A,B,C,D",RUB->UZS
catboost_abcd,UZS,wf_2024,5.0,10,0.5,0.2620967741935484,248,65,1.2745098039215683,10,10,0,10,0,0.8235294117647058,0.0,51,2024-01-10,2024-12-29,True,80.3838945739943,0.4095,91.7135687416438,190.18019397805185,111.68970433567014,catboost,"A,B,C,D",RUB->UZS
catboost_abcd,UZS,wf_2025,5.0,10,0.1666666666666666,0.0993788819875776,161,16,0.4705882352941176,12,12,0,12,0,0.7941176470588235,0.0294117647058823,34,2025-01-10,2025-08-30,True,777.6353398636568,0.1291666666666666,-74.75276823779163,1046.5522909290564,-68.47208468851562,catboost,"A,B,C,D",RUB->UZS
level,AMD,oot,,10,0.238095238095238,0.2352941176470588,238,56,1.0566037735849056,42,42,0,42,0,0.7169811320754716,0.1320754716981132,53,2025-09-02,2026-09-02,True,366.1011660097237,0.1663095238095238,28.179313763651912,384.259546042709,58.70758082135415,level,,RUB->AMD
level,AMD,wf_2022,,10,0.09375,0.2388663967611336,247,59,1.156862745098039,32,32,0,32,0,0.8235294117647058,0.1372549019607843,51,2022-01-11,2022-12-31,True,1395.7792034513873,0.10265625,60.18016233704806,1775.9329957243629,114.8024347602431,level,,RUB->AMD
level,AMD,wf_2023,,10,0.12,0.3198380566801619,247,79,1.5490196078431373,25,25,0,25,0,0.8823529411764706,0.0980392156862745,51,2023-01-10,2023-12-30,True,500.185777336708,0.1134,-49.52901977226525,513.5496009626928,-43.38439673742691,level,,RUB->AMD
level,AMD,wf_2024,,10,0.2857142857142857,0.2903225806451613,248,72,1.411764705882353,28,28,0,28,0,0.8431372549019608,0.1372549019607843,51,2024-01-10,2024-12-29,True,293.66480426030915,0.2323214285714285,91.10435055384454,528.9745958351308,133.50644696650554,level,,RUB->AMD
level,AMD,wf_2025,,10,0.1477272727272727,0.1428571428571428,161,23,0.6764705882352942,88,88,0,88,0,0.2941176470588235,0.5294117647058824,34,2025-01-10,2025-08-30,True,931.5594870505572,0.1193181818181818,-62.34442251292328,940.804757977512,-52.06012010267031,level,,RUB->AMD
level,KGS,oot,,10,0.180327868852459,0.2226890756302521,238,53,1.0,61,61,0,61,0,0.6226415094339622,0.2075471698113207,53,2025-09-02,2026-09-02,True,445.8036483733205,0.131639344262295,-11.021730305953682,505.2642417573708,7.602523935489267,level,,RUB->KGS
level,KGS,wf_2022,,10,0.1428571428571428,0.2064777327935222,247,51,1.0,42,42,0,42,0,0.7647058823529411,0.1764705882352941,51,2022-01-11,2022-12-31,True,1490.7366200857537,0.1029761904761904,-106.02561453308914,1735.3053031401537,-16.217494548170436,level,,RUB->KGS
level,KGS,wf_2023,,10,0.2857142857142857,0.2995951417004048,247,74,1.4509803921568627,14,14,0,14,0,0.9215686274509804,0.0588235294117647,51,2023-01-10,2023-12-30,True,228.67440442304155,0.3260714285714285,44.57213765452376,455.2180219895991,63.225647780130025,level,,RUB->KGS
level,KGS,wf_2024,,10,0.3636363636363636,0.2943548387096774,248,73,1.431372549019608,22,22,0,22,0,0.8627450980392157,0.0784313725490196,51,2024-01-10,2024-12-29,True,573.9168155493792,0.3284090909090909,100.0727916122234,761.2455440439683,129.9697576616693,level,,RUB->KGS
level,KGS,wf_2025,,10,0.0909090909090909,0.124223602484472,161,20,0.5882352941176471,99,99,0,99,0,0.2647058823529412,0.6176470588235294,34,2025-01-10,2025-08-30,True,992.529037582079,0.0846969696969696,-73.03813924383847,993.4258579265352,-67.11211334128662,level,,RUB->KGS
level,KZT,oot,,10,0.3157894736842105,0.2731092436974789,238,65,1.2264150943396226,19,19,0,19,0,0.8679245283018868,0.0754716981132075,53,2025-09-02,2026-09-02,True,299.2700737314546,0.2571052631578946,65.6817975269211,475.230392693063,116.67206894769102,level,,RUB->KZT
level,KZT,wf_2022,,10,0.1764705882352941,0.2064777327935222,247,51,1.0,51,51,0,51,0,0.7058823529411765,0.2156862745098039,51,2022-01-11,2022-12-31,True,1821.5194968588637,0.1415686274509804,-169.35652267059325,1876.5174572390256,-74.99956951138563,level,,RUB->KZT
level,KZT,wf_2023,,10,0.1428571428571428,0.2834008097165992,247,70,1.3725490196078431,21,21,0,21,0,0.8823529411764706,0.0784313725490196,51,2023-01-10,2023-12-30,True,368.7837233174536,0.1228571428571428,13.396822098314194,456.6873037190624,30.50179985034952,level,,RUB->KZT
level,KZT,wf_2024,,10,0.0888888888888888,0.2056451612903226,248,51,1.0,45,45,0,45,0,0.803921568627451,0.196078431372549,51,2024-01-10,2024-12-29,True,1005.6257932922788,0.0966666666666666,-67.02648789084425,1015.1185111693704,-62.58378285881174,level,,RUB->KZT
level,KZT,wf_2025,,10,0.1043478260869565,0.0993788819875776,161,16,0.4705882352941176,115,115,0,115,0,0.1176470588235294,0.6764705882352942,34,2025-01-10,2025-08-30,False,,0.0884782608695652,-81.4935907331929,931.4077961741464,-64.71366152899914,level,,RUB->KZT
level,TJS,oot,,10,0.1714285714285714,0.226890756302521,238,54,1.018867924528302,70,70,0,70,0,0.5849056603773585,0.2075471698113207,53,2025-09-02,2026-09-02,True,357.8075006616297,0.1517857142857142,11.226911170790036,418.2499531555152,23.380127163549982,level,,RUB->TJS
level,TJS,wf_2022,,10,0.1538461538461538,0.2307692307692307,247,57,1.1176470588235294,39,39,0,39,0,0.7843137254901961,0.1764705882352941,51,2022-01-11,2022-12-31,True,1685.7980867509436,0.1314102564102564,-133.16307046813913,2318.902121706166,9.626183888595271,level,,RUB->TJS
level,TJS,wf_2023,,10,0.25,0.2793522267206478,247,69,1.3529411764705883,12,12,0,12,0,0.9411764705882352,0.0588235294117647,51,2023-01-10,2023-12-30,True,108.99334410321649,0.2316666666666666,90.41539472941696,418.4873441622619,123.242036489144,level,,RUB->TJS
level,TJS,wf_2024,,10,0.3,0.2943548387096774,248,73,1.431372549019608,30,30,0,30,0,0.803921568627451,0.1176470588235294,51,2024-01-10,2024-12-29,True,421.986590350269,0.2486666666666666,90.31544487873651,688.2040681947267,127.97959510745714,level,,RUB->TJS
level,TJS,wf_2025,,10,0.1860465116279069,0.2360248447204969,161,38,1.1176470588235294,43,43,0,43,0,0.6764705882352942,0.2352941176470588,34,2025-01-10,2025-08-30,True,996.7798523982068,0.1602325581395349,-94.5306248274016,1034.255521713096,-82.25502238217831,level,,RUB->TJS
level,UZS,oot,,10,0.2653061224489796,0.2647058823529412,238,63,1.1886792452830188,49,49,0,49,0,0.6981132075471698,0.1698113207547169,53,2025-09-02,2026-09-02,True,464.63239716363887,0.2112244897959183,-11.414782672535912,559.7288188564423,10.228835095852965,level,,RUB->UZS
level,UZS,wf_2022,,10,0.0869565217391304,0.2064777327935222,247,51,1.0,46,46,0,46,0,0.7647058823529411,0.196078431372549,51,2022-01-11,2022-12-31,True,1717.1160457484104,0.082391304347826,-165.7447907671881,1882.5661307716227,-108.0011559498801,level,,RUB->UZS
level,UZS,wf_2023,,10,0.1481481481481481,0.3036437246963562,247,75,1.4705882352941178,27,27,0,27,0,0.8823529411764706,0.1176470588235294,51,2023-01-10,2023-12-30,True,518.4931052145992,0.1298148148148148,-62.06189920883362,537.6574641228716,-55.639371552290385,level,,RUB->UZS
level,UZS,wf_2024,,10,0.196078431372549,0.2620967741935484,248,65,1.2745098039215683,51,51,0,51,0,0.7058823529411765,0.2352941176470588,51,2024-01-10,2024-12-29,True,738.9390808953875,0.1801960784313725,26.350026934502452,774.0575754612028,50.99567963941007,level,,RUB->UZS
level,UZS,wf_2025,,10,0.1025641025641025,0.0993788819875776,161,16,0.4705882352941176,78,78,0,78,0,0.3823529411764705,0.5,34,2025-01-10,2025-08-30,True,963.5449790171388,0.0794230769230769,-66.48471986239454,1005.5773533011114,-56.30605226054191,level,,RUB->UZS
logreg_a,AMD,oot,5.0,10,0.1052631578947368,0.2352941176470588,238,56,1.0566037735849056,38,38,0,38,0,0.660377358490566,0.1320754716981132,53,2025-09-02,2026-09-02,True,467.2468266448613,0.1605263157894737,15.504147320305718,535.6339742352538,1.1284095041119149,logreg,A,RUB->AMD
logreg_a,AMD,wf_2022,5.0,10,0.5,0.2388663967611336,247,59,1.156862745098039,2,2,0,2,0,0.9607843137254902,0.0,51,2022-01-11,2022-12-31,True,71.93403122989662,0.38,769.9824149416676,331.8484212517535,645.7739341369306,logreg,A,RUB->AMD
logreg_a,AMD,wf_2023,5.0,10,0.2857142857142857,0.3198380566801619,247,79,1.5490196078431373,7,7,0,7,0,0.8627450980392157,0.0,51,2023-01-10,2023-12-30,True,260.3062784925956,0.2107142857142856,12.530944254306345,510.07075839715384,26.451759556477572,logreg,A,RUB->AMD
logreg_a,AMD,wf_2024,5.0,10,0.22,0.2903225806451613,248,72,1.411764705882353,50,50,0,50,0,0.5882352941176471,0.1568627450980392,51,2024-01-10,2024-12-29,True,398.8452420855366,0.2278,28.112079360741877,555.1672989267032,40.55048910171986,logreg,A,RUB->AMD
logreg_a,AMD,wf_2025,5.0,10,0.0909090909090909,0.1428571428571428,161,23,0.6764705882352942,22,22,0,22,0,0.5882352941176471,0.0588235294117647,34,2025-01-10,2025-08-30,True,590.260696703472,0.1138636363636363,-52.937722260515486,859.4796650193438,-65.74531387980727,logreg,A,RUB->AMD
logreg_a,KGS,oot,5.0,10,0.0,0.2226890756302521,238,53,1.0,4,4,0,4,0,0.9245283018867924,0.0,53,2025-09-02,2026-09-02,True,255.1396947017065,0.05,-68.00177661855616,457.72851470974854,-59.905347553829706,logreg,A,RUB->KGS
logreg_a,KGS,wf_2022,5.0,10,,0.2064777327935222,247,51,1.0,0,0,0,0,0,1.0,0.0,51,2022-01-11,2022-12-31,True,,,,,,logreg,A,RUB->KGS
logreg_a,KGS,wf_2023,5.0,10,0.3333333333333333,0.2995951417004048,247,74,1.4509803921568627,6,6,0,6,0,0.8823529411764706,0.0,51,2023-01-10,2023-12-30,True,245.7534027550326,0.2125,-15.435124798567449,468.2334641033207,-17.10410404210919,logreg,A,RUB->KGS
logreg_a,KGS,wf_2024,5.0,10,0.2075471698113207,0.2943548387096774,248,73,1.431372549019608,53,53,0,53,0,0.5686274509803921,0.1764705882352941,51,2024-01-10,2024-12-29,True,513.6742130719325,0.2377358490566037,20.430253462388784,651.3215910164839,14.232475036275698,logreg,A,RUB->KGS
logreg_a,KGS,wf_2025,5.0,10,0.0454545454545454,0.124223602484472,161,20,0.5882352941176471,22,22,0,22,0,0.5294117647058824,0.0294117647058823,34,2025-01-10,2025-08-30,True,783.2317983162734,0.1247727272727272,-45.454414433643144,947.3953891727642,-74.61696546804316,logreg,A,RUB->KGS
logreg_a,KZT,oot,5.0,10,0.2,0.2731092436974789,238,65,1.2264150943396226,5,5,0,5,0,0.9245283018867924,0.0,53,2025-09-02,2026-09-02,True,116.15135592483038,0.212,43.934457501549005,217.82999298462252,47.81498942545737,logreg,A,RUB->KZT
logreg_a,KZT,wf_2022,5.0,10,,0.2064777327935222,247,51,1.0,0,0,0,0,0,1.0,0.0,51,2022-01-11,2022-12-31,True,,,,,,logreg,A,RUB->KZT
logreg_a,KZT,wf_2023,5.0,10,0.2222222222222222,0.2834008097165992,247,70,1.3725490196078431,9,9,0,9,0,0.8431372549019608,0.0,51,2023-01-10,2023-12-30,True,146.72314762779814,0.2316666666666666,151.46409682831523,286.55282621080454,119.31811280595656,logreg,A,RUB->KZT
logreg_a,KZT,wf_2024,5.0,10,0.0833333333333333,0.2056451612903226,248,51,1.0,48,48,0,48,0,0.5686274509803921,0.1568627450980392,51,2024-01-10,2024-12-29,True,721.9657277469476,0.1228125,-27.689587288754936,860.9689002356342,-32.93726943656266,logreg,A,RUB->KZT
logreg_a,KZT,wf_2025,5.0,10,0.0384615384615384,0.0993788819875776,161,16,0.4705882352941176,26,26,0,26,0,0.5294117647058824,0.088235294117647,34,2025-01-10,2025-08-30,True,823.6199317525328,0.0846153846153846,-28.744398067773272,1007.8105769760658,-49.30903915444928,logreg,A,RUB->KZT
logreg_a,TJS,oot,5.0,10,0.4130434782608695,0.226890756302521,238,54,1.018867924528302,47,46,1,46,1,0.5471698113207547,0.1132075471698113,53,2025-09-02,2026-09-02,True,580.976416410321,0.4093478260869566,87.33279632373502,566.829970246859,87.42098322280364,logreg,A,RUB->TJS
logreg_a,TJS,wf_2022,5.0,10,0.0,0.2307692307692307,247,57,1.1176470588235294,2,2,0,2,0,0.9607843137254902,0.0,51,2022-01-11,2022-12-31,True,1444.272141646774,0.0,-648.2622486085195,1544.66112964241,-709.7927613492411,logreg,A,RUB->TJS
logreg_a,TJS,wf_2023,5.0,10,0.1666666666666666,0.2793522267206478,247,69,1.3529411764705883,6,6,0,6,0,0.8823529411764706,0.0,51,2023-01-10,2023-12-30,True,256.95606990103806,0.1816666666666666,-15.055554610404627,493.9094290657327,-17.79979111229753,logreg,A,RUB->TJS
logreg_a,TJS,wf_2024,5.0,10,0.34,0.2943548387096774,248,73,1.431372549019608,50,50,0,50,0,0.5686274509803921,0.1764705882352941,51,2024-01-10,2024-12-29,True,665.1687342341908,0.3199999999999999,48.61679440450072,755.1840331441766,56.61646824120765,logreg,A,RUB->TJS
logreg_a,TJS,wf_2025,5.0,10,0.1851851851851851,0.2360248447204969,161,38,1.1176470588235294,27,27,0,27,0,0.5588235294117647,0.088235294117647,34,2025-01-10,2025-08-30,True,802.8822799298592,0.2229629629629629,-13.33860049150366,985.320768786538,-22.59924576338291,logreg,A,RUB->TJS
logreg_a,UZS,oot,5.0,10,0.0,0.2647058823529412,238,63,1.1886792452830188,4,4,0,4,0,0.9245283018867924,0.0,53,2025-09-02,2026-09-02,True,222.8249937152077,0.18875,45.633072287745584,352.09311027360434,25.15789294219584,logreg,A,RUB->UZS
logreg_a,UZS,wf_2022,5.0,10,,0.2064777327935222,247,51,1.0,0,0,0,0,0,1.0,0.0,51,2022-01-11,2022-12-31,True,,,,,,logreg,A,RUB->UZS
logreg_a,UZS,wf_2023,5.0,10,0.1428571428571428,0.3036437246963562,247,75,1.4705882352941178,7,7,0,7,0,0.8627450980392157,0.0,51,2023-01-10,2023-12-30,True,285.4809175619533,0.2685714285714285,-0.6803705912179752,510.99360812058336,-8.769469536410282,logreg,A,RUB->UZS
logreg_a,UZS,wf_2024,5.0,10,0.2083333333333333,0.2620967741935484,248,65,1.2745098039215683,48,48,0,48,0,0.5686274509803921,0.1764705882352941,51,2024-01-10,2024-12-29,True,610.416796587212,0.254375,19.724934643463804,627.4358489895014,3.5358873415142185,logreg,A,RUB->UZS
logreg_a,UZS,wf_2025,5.0,10,0.0909090909090909,0.0993788819875776,161,16,0.4705882352941176,22,22,0,22,0,0.5294117647058824,0.0294117647058823,34,2025-01-10,2025-08-30,True,773.7977281574774,0.1077272727272727,-33.69715409813488,1008.9863617573168,-50.46456144847666,logreg,A,RUB->UZS
logreg_ab,AMD,oot,5.0,10,,0.2352941176470588,238,56,1.0566037735849056,0,0,0,0,0,1.0,0.0,53,2025-09-02,2026-09-02,True,,,,,,logreg,"A,B",RUB->AMD
logreg_ab,AMD,wf_2022,5.0,10,0.3333333333333333,0.2388663967611336,247,59,1.156862745098039,6,6,0,6,0,0.8823529411764706,0.0,51,2022-01-11,2022-12-31,True,814.5385671770522,0.1774999999999999,18.07212597294879,1529.254184754214,58.39835423535445,logreg,"A,B",RUB->AMD
logreg_ab,AMD,wf_2023,5.0,10,,0.3198380566801619,247,79,1.5490196078431373,0,0,0,0,0,1.0,0.0,51,2023-01-10,2023-12-30,True,,,,,,logreg,"A,B",RUB->AMD
logreg_ab,AMD,wf_2024,5.0,10,0.2,0.2903225806451613,248,72,1.411764705882353,40,40,0,40,0,0.6274509803921569,0.1176470588235294,51,2024-01-10,2024-12-29,True,393.706301067616,0.223625,24.653388847017126,630.2304804036128,31.256903825713813,logreg,"A,B",RUB->AMD
logreg_ab,AMD,wf_2025,5.0,10,,0.1428571428571428,161,23,0.6764705882352942,0,0,0,0,0,1.0,0.0,34,2025-01-10,2025-08-30,True,,,,,,logreg,"A,B",RUB->AMD
logreg_ab,KGS,oot,5.0,10,,0.2226890756302521,238,53,1.0,0,0,0,0,0,1.0,0.0,53,2025-09-02,2026-09-02,True,,,,,,logreg,"A,B",RUB->KGS
logreg_ab,KGS,wf_2022,5.0,10,0.3333333333333333,0.2064777327935222,247,51,1.0,3,3,0,3,0,0.9411764705882352,0.0,51,2022-01-11,2022-12-31,True,252.81520569823064,0.15,80.42256216602819,582.7188782542888,285.8626779453366,logreg,"A,B",RUB->KGS
logreg_ab,KGS,wf_2023,5.0,10,,0.2995951417004048,247,74,1.4509803921568627,0,0,0,0,0,1.0,0.0,51,2023-01-10,2023-12-30,True,,,,,,logreg,"A,B",RUB->KGS
logreg_ab,KGS,wf_2024,5.0,10,0.1875,0.2943548387096774,248,73,1.431372549019608,32,32,0,32,0,0.6862745098039216,0.0980392156862745,51,2024-01-10,2024-12-29,True,216.9003133640044,0.22796875,35.48115920534652,249.1687375036189,31.430582995171303,logreg,"A,B",RUB->KGS
logreg_ab,KGS,wf_2025,5.0,10,1.0,0.124223602484472,161,20,0.5882352941176471,1,1,0,1,0,0.9705882352941176,0.0,34,2025-01-10,2025-08-30,True,0.0,0.37,134.8945605879215,20.855918096460854,268.0444334689191,logreg,"A,B",RUB->KGS
logreg_ab,KZT,oot,5.0,10,,0.2731092436974789,238,65,1.2264150943396226,0,0,0,0,0,1.0,0.0,53,2025-09-02,2026-09-02,True,,,,,,logreg,"A,B",RUB->KZT
logreg_ab,KZT,wf_2022,5.0,10,0.0909090909090909,0.2064777327935222,247,51,1.0,11,11,0,11,0,0.9019607843137256,0.0392156862745098,51,2022-01-11,2022-12-31,True,1041.4509940529535,0.1927272727272727,121.71801291438511,1526.0583514772431,104.1207329503421,logreg,"A,B",RUB->KZT
logreg_ab,KZT,wf_2023,5.0,10,,0.2834008097165992,247,70,1.3725490196078431,0,0,0,0,0,1.0,0.0,51,2023-01-10,2023-12-30,True,,,,,,logreg,"A,B",RUB->KZT
logreg_ab,KZT,wf_2024,5.0,10,0.0666666666666666,0.2056451612903226,248,51,1.0,30,30,0,30,0,0.6470588235294118,0.0784313725490196,51,2024-01-10,2024-12-29,True,587.1680655763951,0.11,-25.315656636403027,934.3913953367354,-12.141190310236857,logreg,"A,B",RUB->KZT
logreg_ab,KZT,wf_2025,5.0,10,,0.0993788819875776,161,16,0.4705882352941176,0,0,0,0,0,1.0,0.0,34,2025-01-10,2025-08-30,True,,,,,,logreg,"A,B",RUB->KZT
logreg_ab,TJS,oot,5.0,10,,0.226890756302521,238,54,1.018867924528302,0,0,0,0,0,1.0,0.0,53,2025-09-02,2026-09-02,True,,,,,,logreg,"A,B",RUB->TJS
logreg_ab,TJS,wf_2022,5.0,10,0.2,0.2307692307692307,247,57,1.1176470588235294,10,10,0,10,0,0.803921568627451,0.0,51,2022-01-11,2022-12-31,True,982.2427628980298,0.2175,26.002786448779982,2237.5022210504467,114.8552687286998,logreg,"A,B",RUB->TJS
logreg_ab,TJS,wf_2023,5.0,10,,0.2793522267206478,247,69,1.3529411764705883,0,0,0,0,0,1.0,0.0,51,2023-01-10,2023-12-30,True,,,,,,logreg,"A,B",RUB->TJS
logreg_ab,TJS,wf_2024,5.0,10,0.3636363636363636,0.2943548387096774,248,73,1.431372549019608,44,44,0,44,0,0.5882352941176471,0.1372549019607843,51,2024-01-10,2024-12-29,True,658.4686336984344,0.32625,43.05165675690598,755.0314273615077,54.542101394565016,logreg,"A,B",RUB->TJS
logreg_ab,TJS,wf_2025,5.0,10,0.3333333333333333,0.2360248447204969,161,38,1.1176470588235294,3,3,0,3,0,0.9411764705882352,0.0,34,2025-01-10,2025-08-30,True,20.849509859184323,0.555,167.67452618407907,38.386018200545905,147.75471024995286,logreg,"A,B",RUB->TJS
logreg_ab,UZS,oot,5.0,10,,0.2647058823529412,238,63,1.1886792452830188,0,0,0,0,0,1.0,0.0,53,2025-09-02,2026-09-02,True,,,,,,logreg,"A,B",RUB->UZS
logreg_ab,UZS,wf_2022,5.0,10,0.1,0.2064777327935222,247,51,1.0,10,10,0,10,0,0.8627450980392157,0.0196078431372549,51,2022-01-11,2022-12-31,True,1691.6861963245472,0.06,-306.94857275120273,2081.767834429331,-330.544960066542,logreg,"A,B",RUB->UZS
logreg_ab,UZS,wf_2023,5.0,10,,0.3036437246963562,247,75,1.4705882352941178,0,0,0,0,0,1.0,0.0,51,2023-01-10,2023-12-30,True,,,,,,logreg,"A,B",RUB->UZS
logreg_ab,UZS,wf_2024,5.0,10,0.25,0.2620967741935484,248,65,1.2745098039215683,24,24,0,24,0,0.6862745098039216,0.0392156862745098,51,2024-01-10,2024-12-29,True,184.31827192170357,0.2745833333333333,51.48684842513771,378.5773361428904,68.20707212471142,logreg,"A,B",RUB->UZS
logreg_ab,UZS,wf_2025,5.0,10,0.0,0.0993788819875776,161,16,0.4705882352941176,3,3,0,3,0,0.9705882352941176,0.0294117647058823,34,2025-01-10,2025-08-30,True,143.7213831395671,0.1916666666666666,107.827286780309,155.04226490143293,3.141291508084175,logreg,"A,B",RUB->UZS
logreg_abc,AMD,oot,5.0,10,0.0,0.2352941176470588,238,56,1.0566037735849056,8,8,0,8,0,0.8679245283018868,0.0,53,2025-09-02,2026-09-02,True,261.3925256625831,0.20125,71.29749308141741,330.62101341855674,55.383665760289915,logreg,"A,B,C",RUB->AMD
logreg_abc,AMD,wf_2022,5.0,10,1.0,0.2388663967611336,247,59,1.156862745098039,1,1,0,1,0,0.9803921568627452,0.0,51,2022-01-11,2022-12-31,True,0.0,0.405,338.2805631344984,29.047600671463,682.6581265011988,logreg,"A,B,C",RUB->AMD
logreg_abc,AMD,wf_2023,5.0,10,,0.3198380566801619,247,79,1.5490196078431373,0,0,0,0,0,1.0,0.0,51,2023-01-10,2023-12-30,True,,,,,,logreg,"A,B,C",RUB->AMD
logreg_abc,AMD,wf_2024,5.0,10,,0.2903225806451613,248,72,1.411764705882353,0,0,0,0,0,1.0,0.0,51,2024-01-10,2024-12-29,True,,,,,,logreg,"A,B,C",RUB->AMD
logreg_abc,AMD,wf_2025,5.0,10,,0.1428571428571428,161,23,0.6764705882352942,0,0,0,0,0,1.0,0.0,34,2025-01-10,2025-08-30,True,,,,,,logreg,"A,B,C",RUB->AMD
logreg_abc,KGS,oot,5.0,10,0.0833333333333333,0.2226890756302521,238,53,1.0,18,12,6,12,6,0.7924528301886793,0.0377358490566037,53,2025-09-02,2026-09-02,True,341.0980733066555,0.2070833333333333,15.90281387573211,555.9543257061066,27.95089828150817,logreg,"A,B,C",RUB->KGS
logreg_abc,KGS,wf_2022,5.0,10,1.0,0.2064777327935222,247,51,1.0,1,1,0,1,0,0.9803921568627452,0.0,51,2022-01-11,2022-12-31,True,0.0,0.4,305.2459944850176,43.49975820129004,672.938956599256,logreg,"A,B,C",RUB->KGS
logreg_abc,KGS,wf_2023,5.0,10,,0.2995951417004048,247,74,1.4509803921568627,0,0,0,0,0,1.0,0.0,51,2023-01-10,2023-12-30,True,,,,,,logreg,"A,B,C",RUB->KGS
logreg_abc,KGS,wf_2024,5.0,10,,0.2943548387096774,248,73,1.431372549019608,0,0,0,0,0,1.0,0.0,51,2024-01-10,2024-12-29,True,,,,,,logreg,"A,B,C",RUB->KGS
logreg_abc,KGS,wf_2025,5.0,10,,0.124223602484472,161,20,0.5882352941176471,0,0,0,0,0,1.0,0.0,34,2025-01-10,2025-08-30,True,,,,,,logreg,"A,B,C",RUB->KGS
logreg_abc,KZT,oot,5.0,10,0.4,0.2731092436974789,238,65,1.2264150943396226,5,5,0,5,0,0.9433962264150944,0.0188679245283018,53,2025-09-02,2026-09-02,True,98.0339821098366,0.3939999999999999,282.38146013970885,355.3123632684305,309.4049898528984,logreg,"A,B,C",RUB->KZT
logreg_abc,KZT,wf_2022,5.0,10,,0.2064777327935222,247,51,1.0,0,0,0,0,0,1.0,0.0,51,2022-01-11,2022-12-31,True,,,,,,logreg,"A,B,C",RUB->KZT
logreg_abc,KZT,wf_2023,5.0,10,,0.2834008097165992,247,70,1.3725490196078431,0,0,0,0,0,1.0,0.0,51,2023-01-10,2023-12-30,True,,,,,,logreg,"A,B,C",RUB->KZT
logreg_abc,KZT,wf_2024,5.0,10,,0.2056451612903226,248,51,1.0,0,0,0,0,0,1.0,0.0,51,2024-01-10,2024-12-29,True,,,,,,logreg,"A,B,C",RUB->KZT
logreg_abc,KZT,wf_2025,5.0,10,,0.0993788819875776,161,16,0.4705882352941176,0,0,0,0,0,1.0,0.0,34,2025-01-10,2025-08-30,True,,,,,,logreg,"A,B,C",RUB->KZT
logreg_abc,TJS,oot,5.0,10,0.2608695652173913,0.226890756302521,238,54,1.018867924528302,24,23,1,23,1,0.6792452830188679,0.0377358490566037,53,2025-09-02,2026-09-02,True,401.56320891877414,0.3058695652173913,64.4036027327017,533.3276010878158,68.0310160694198,logreg,"A,B,C",RUB->TJS
logreg_abc,TJS,wf_2022,5.0,10,1.0,0.2307692307692307,247,57,1.1176470588235294,1,1,0,1,0,0.9803921568627452,0.0,51,2022-01-11,2022-12-31,True,0.0,0.405,309.1591783541056,45.077527933636446,682.6130114340723,logreg,"A,B,C",RUB->TJS
logreg_abc,TJS,wf_2023,5.0,10,,0.2793522267206478,247,69,1.3529411764705883,0,0,0,0,0,1.0,0.0,51,2023-01-10,2023-12-30,True,,,,,,logreg,"A,B,C",RUB->TJS
logreg_abc,TJS,wf_2024,5.0,10,,0.2943548387096774,248,73,1.431372549019608,0,0,0,0,0,1.0,0.0,51,2024-01-10,2024-12-29,True,,,,,,logreg,"A,B,C",RUB->TJS
logreg_abc,TJS,wf_2025,5.0,10,0.3333333333333333,0.2360248447204969,161,38,1.1176470588235294,3,3,0,3,0,0.9411764705882352,0.0,34,2025-01-10,2025-08-30,True,135.9016221494236,0.2933333333333333,171.49992616289563,237.82099075913897,158.8617446459824,logreg,"A,B,C",RUB->TJS
logreg_abc,UZS,oot,5.0,10,0.0,0.2647058823529412,238,63,1.1886792452830188,18,13,5,13,5,0.8301886792452831,0.0566037735849056,53,2025-09-02,2026-09-02,True,349.1287904669731,0.1223076923076923,-40.822255175537165,522.9468287102806,-59.895598174674475,logreg,"A,B,C",RUB->UZS
logreg_abc,UZS,wf_2022,5.0,10,0.3333333333333333,0.2064777327935222,247,51,1.0,3,3,0,3,0,0.9411764705882352,0.0,51,2022-01-11,2022-12-31,True,1285.3507920236843,0.1483333333333333,-519.7144227497184,2434.7757675400585,-273.03625286811103,logreg,"A,B,C",RUB->UZS
logreg_abc,UZS,wf_2023,5.0,10,,0.3036437246963562,247,75,1.4705882352941178,0,0,0,0,0,1.0,0.0,51,2023-01-10,2023-12-30,True,,,,,,logreg,"A,B,C",RUB->UZS
logreg_abc,UZS,wf_2024,5.0,10,,0.2620967741935484,248,65,1.2745098039215683,0,0,0,0,0,1.0,0.0,51,2024-01-10,2024-12-29,True,,,,,,logreg,"A,B,C",RUB->UZS
logreg_abc,UZS,wf_2025,5.0,10,,0.0993788819875776,161,16,0.4705882352941176,0,0,0,0,0,1.0,0.0,34,2025-01-10,2025-08-30,True,,,,,,logreg,"A,B,C",RUB->UZS
logreg_abcd,AMD,oot,5.0,10,,0.2352941176470588,238,56,1.0566037735849056,0,0,0,0,0,1.0,0.0,53,2025-09-02,2026-09-02,True,,,,,,logreg,"A,B,C,D",RUB->AMD
logreg_abcd,AMD,wf_2022,5.0,10,0.0909090909090909,0.2388663967611336,247,59,1.156862745098039,44,44,0,44,0,0.6862745098039216,0.1764705882352941,51,2022-01-11,2022-12-31,True,1933.0674229141769,0.0873863636363636,-181.883383764154,2126.2267578474884,-161.09669003207182,logreg,"A,B,C,D",RUB->AMD
logreg_abcd,AMD,wf_2023,5.0,10,,0.3198380566801619,247,79,1.5490196078431373,0,0,0,0,0,1.0,0.0,51,2023-01-10,2023-12-30,True,,,,,,logreg,"A,B,C,D",RUB->AMD
logreg_abcd,AMD,wf_2024,5.0,10,0.3333333333333333,0.2903225806451613,248,72,1.411764705882353,24,24,0,24,0,0.7058823529411765,0.0392156862745098,51,2024-01-10,2024-12-29,True,255.6070045969165,0.33125,50.81700914983925,428.7785318610185,59.849451133180416,logreg,"A,B,C,D",RUB->AMD
logreg_abcd,AMD,wf_2025,5.0,10,0.0909090909090909,0.1428571428571428,161,23,0.6764705882352942,22,22,0,22,0,0.6470588235294118,0.0588235294117647,34,2025-01-10,2025-08-30,True,623.9156526610614,0.1206818181818181,-55.442482289590025,836.5966771839478,-55.48809566334387,logreg,"A,B,C,D",RUB->AMD
logreg_abcd,KGS,oot,5.0,10,,0.2226890756302521,238,53,1.0,0,0,0,0,0,1.0,0.0,53,2025-09-02,2026-09-02,True,,,,,,logreg,"A,B,C,D",RUB->KGS
logreg_abcd,KGS,wf_2022,5.0,10,0.0967741935483871,0.2064777327935222,247,51,1.0,31,31,0,31,0,0.7647058823529411,0.1372549019607843,51,2022-01-11,2022-12-31,True,1477.601296314101,0.1361290322580645,-47.96358188325891,1621.0100442209864,-44.532244188506176,logreg,"A,B,C,D",RUB->KGS
logreg_abcd,KGS,wf_2023,5.0,10,,0.2995951417004048,247,74,1.4509803921568627,0,0,0,0,0,1.0,0.0,51,2023-01-10,2023-12-30,True,,,,,,logreg,"A,B,C,D",RUB->KGS
logreg_abcd,KGS,wf_2024,5.0,10,0.2222222222222222,0.2943548387096774,248,73,1.431372549019608,9,9,0,9,0,0.8823529411764706,0.0,51,2024-01-10,2024-12-29,True,172.5581888487402,0.2005555555555556,20.33206096462809,264.1278298148616,22.936551449631462,logreg,"A,B,C,D",RUB->KGS
logreg_abcd,KGS,wf_2025,5.0,10,0.1666666666666666,0.124223602484472,161,20,0.5882352941176471,12,12,0,12,0,0.7647058823529411,0.0294117647058823,34,2025-01-10,2025-08-30,True,307.7812994870741,0.2295833333333333,30.333081788927156,859.2236894611918,35.3527194639212,logreg,"A,B,C,D",RUB->KGS
logreg_abcd,KZT,oot,5.0,10,,0.2731092436974789,238,65,1.2264150943396226,0,0,0,0,0,1.0,0.0,53,2025-09-02,2026-09-02,True,,,,,,logreg,"A,B,C,D",RUB->KZT
logreg_abcd,KZT,wf_2022,5.0,10,0.04,0.2064777327935222,247,51,1.0,25,25,0,25,0,0.803921568627451,0.0980392156862745,51,2022-01-11,2022-12-31,True,1805.14958252108,0.091,-284.21550630301425,1876.4232190551077,-281.2136316866313,logreg,"A,B,C,D",RUB->KZT
logreg_abcd,KZT,wf_2023,5.0,10,,0.2834008097165992,247,70,1.3725490196078431,0,0,0,0,0,1.0,0.0,51,2023-01-10,2023-12-30,True,,,,,,logreg,"A,B,C,D",RUB->KZT
logreg_abcd,KZT,wf_2024,5.0,10,0.2307692307692307,0.2056451612903226,248,51,1.0,13,13,0,13,0,0.8235294117647058,0.0196078431372549,51,2024-01-10,2024-12-29,True,261.5046908012122,0.1153846153846153,-38.917437990188226,468.6822321969318,-10.219232178036654,logreg,"A,B,C,D",RUB->KZT
logreg_abcd,KZT,wf_2025,5.0,10,0.0,0.0993788819875776,161,16,0.4705882352941176,1,1,0,1,0,0.9705882352941176,0.0,34,2025-01-10,2025-08-30,True,5.575439290665951,0.155,49.25724725587822,97.38648102427,65.28017447991586,logreg,"A,B,C,D",RUB->KZT
logreg_abcd,TJS,oot,5.0,10,,0.226890756302521,238,54,1.018867924528302,0,0,0,0,0,1.0,0.0,53,2025-09-02,2026-09-02,True,,,,,,logreg,"A,B,C,D",RUB->TJS
logreg_abcd,TJS,wf_2022,5.0,10,0.1818181818181818,0.2307692307692307,247,57,1.1176470588235294,22,22,0,22,0,0.7843137254901961,0.0392156862745098,51,2022-01-11,2022-12-31,True,1025.30091367083,0.1468181818181818,121.20677410288994,1511.3263295431964,160.996590146066,logreg,"A,B,C,D",RUB->TJS
logreg_abcd,TJS,wf_2023,5.0,10,,0.2793522267206478,247,69,1.3529411764705883,0,0,0,0,0,1.0,0.0,51,2023-01-10,2023-12-30,True,,,,,,logreg,"A,B,C,D",RUB->TJS
logreg_abcd,TJS,wf_2024,5.0,10,0.4761904761904761,0.2943548387096774,248,73,1.431372549019608,21,21,0,21,0,0.803921568627451,0.0588235294117647,51,2024-01-10,2024-12-29,True,193.85066521430485,0.4109523809523809,83.00862072593651,248.8886669477168,87.6297213031681,logreg,"A,B,C,D",RUB->TJS
logreg_abcd,TJS,wf_2025,5.0,10,0.4,0.2360248447204969,161,38,1.1176470588235294,10,10,0,10,0,0.8235294117647058,0.0294117647058823,34,2025-01-10,2025-08-30,True,515.1031441218854,0.2425,36.38086682470914,978.9655033692044,82.47359459831138,logreg,"A,B,C,D",RUB->TJS
logreg_abcd,UZS,oot,5.0,10,,0.2647058823529412,238,63,1.1886792452830188,0,0,0,0,0,1.0,0.0,53,2025-09-02,2026-09-02,True,,,,,,logreg,"A,B,C,D",RUB->UZS
logreg_abcd,UZS,wf_2022,5.0,10,0.1081081081081081,0.2064777327935222,247,51,1.0,37,37,0,37,0,0.6862745098039216,0.1176470588235294,51,2022-01-11,2022-12-31,True,2428.087090559653,0.0829729729729729,-300.95506531087005,2518.933849753894,-280.3461212059732,logreg,"A,B,C,D",RUB->UZS
logreg_abcd,UZS,wf_2023,5.0,10,,0.3036437246963562,247,75,1.4705882352941178,0,0,0,0,0,1.0,0.0,51,2023-01-10,2023-12-30,True,,,,,,logreg,"A,B,C,D",RUB->UZS
logreg_abcd,UZS,wf_2024,5.0,10,0.3571428571428571,0.2620967741935484,248,65,1.2745098039215683,14,14,0,14,0,0.8431372549019608,0.0196078431372549,51,2024-01-10,2024-12-29,True,203.50296254244472,0.3832142857142857,108.40858038130337,304.3358711761543,110.51267965296636,logreg,"A,B,C,D",RUB->UZS
logreg_abcd,UZS,wf_2025,5.0,10,0.2,0.0993788819875776,161,16,0.4705882352941176,10,10,0,10,0,0.7941176470588235,0.0294117647058823,34,2025-01-10,2025-08-30,True,342.88125501520256,0.1639999999999999,11.873014733720735,933.2756089499468,43.8277611318163,logreg,"A,B,C,D",RUB->UZS
momentum,AMD,oot,,10,0.1388888888888889,0.2352941176470588,238,56,1.0566037735849056,36,36,0,36,0,0.6226415094339622,0.0754716981132075,53,2025-09-02,2026-09-02,True,459.42048299060406,0.0793055555555555,-59.69364737932749,574.8036389994796,-21.702555610619008,momentum,,RUB->AMD
momentum,AMD,wf_2022,,10,0.1568627450980392,0.2388663967611336,247,59,1.156862745098039,51,51,0,51,0,0.5882352941176471,0.1764705882352941,51,2022-01-11,2022-12-31,True,2204.9199229311894,0.1237254901960784,-134.29256378982558,2362.6843470481053,-56.83930257941637,momentum,,RUB->AMD
momentum,AMD,wf_2023,,10,0.2857142857142857,0.3198380566801619,247,79,1.5490196078431373,35,35,0,35,0,0.7058823529411765,0.1176470588235294,51,2023-01-10,2023-12-30,True,493.0242112522634,0.229,26.978675510120148,580.5806327169055,67.30709787132136,momentum,,RUB->AMD
momentum,AMD,wf_2024,,10,0.3333333333333333,0.2903225806451613,248,72,1.411764705882353,30,30,0,30,0,0.6274509803921569,0.0392156862745098,51,2024-01-10,2024-12-29,True,549.1061267128891,0.1788333333333333,11.342294829937623,801.7918506072518,82.75778407288918,momentum,,RUB->AMD
momentum,AMD,wf_2025,,10,0.2083333333333333,0.1428571428571428,161,23,0.6764705882352942,24,24,0,24,0,0.5882352941176471,0.0588235294117647,34,2025-01-10,2025-08-30,True,721.7591028872548,0.0816666666666666,-122.83069941804564,944.8957662695356,-76.04521134448817,momentum,,RUB->AMD
momentum,KGS,oot,,10,0.1458333333333333,0.2226890756302521,238,53,1.0,49,48,1,48,1,0.490566037735849,0.0943396226415094,53,2025-09-02,2026-09-02,True,561.4899163822025,0.0867708333333333,-73.5566371445977,652.7716863640936,-46.199086756845965,momentum,,RUB->KGS
momentum,KGS,wf_2022,,10,0.1395348837209302,0.2064777327935222,247,51,1.0,43,43,0,43,0,0.5686274509803921,0.1176470588235294,51,2022-01-11,2022-12-31,True,1808.5223971822888,0.1041860465116279,-130.18712926997887,1984.3395853428112,-7.521617204243864,momentum,,RUB->KGS
momentum,KGS,wf_2023,,10,0.2058823529411764,0.2995951417004048,247,74,1.4509803921568627,34,34,0,34,0,0.7058823529411765,0.1176470588235294,51,2023-01-10,2023-12-30,True,511.41324431616215,0.1411764705882353,-31.118697816500116,650.7489989127629,11.679452438310664,momentum,,RUB->KGS
momentum,KGS,wf_2024,,10,0.3225806451612903,0.2943548387096774,248,73,1.431372549019608,31,31,0,31,0,0.6274509803921569,0.0588235294117647,51,2024-01-10,2024-12-29,True,417.2353801787256,0.145,-0.2155010638287381,699.4061493273772,72.76233015362955,momentum,,RUB->KGS
momentum,KGS,wf_2025,,10,0.1111111111111111,0.124223602484472,161,20,0.5882352941176471,27,27,0,27,0,0.6176470588235294,0.088235294117647,34,2025-01-10,2025-08-30,True,769.5476156563976,0.0724074074074074,-119.12396787345278,1000.8183955125836,-69.3528841550347,momentum,,RUB->KGS
momentum,KZT,oot,,10,0.1851851851851851,0.2731092436974789,238,65,1.2264150943396226,27,27,0,27,0,0.7169811320754716,0.0566037735849056,53,2025-09-02,2026-09-02,True,654.0341823872843,0.1046296296296296,-68.04743911242139,733.2005568793221,-32.47851871111594,momentum,,RUB->KZT
momentum,KZT,wf_2022,,10,0.1111111111111111,0.2064777327935222,247,51,1.0,45,45,0,45,0,0.5882352941176471,0.1176470588235294,51,2022-01-11,2022-12-31,True,1846.8674844063207,0.0784444444444444,-304.67954140405925,1892.262183554319,-228.4919814902879,momentum,,RUB->KZT
momentum,KZT,wf_2023,,10,0.2142857142857142,0.2834008097165992,247,70,1.3725490196078431,28,28,0,28,0,0.6470588235294118,0.0588235294117647,51,2023-01-10,2023-12-30,True,381.9433286577363,0.1851785714285714,-8.008104051928145,761.5237432699688,47.78078165124579,momentum,,RUB->KZT
momentum,KZT,wf_2024,,10,0.2580645161290322,0.2056451612903226,248,51,1.0,31,31,0,31,0,0.6078431372549019,0.0196078431372549,51,2024-01-10,2024-12-29,True,712.084088005605,0.1937096774193548,-6.747558336807415,1006.2006268401536,34.47289140349766,momentum,,RUB->KZT
momentum,KZT,wf_2025,,10,0.24,0.0993788819875776,161,16,0.4705882352941176,25,25,0,25,0,0.5588235294117647,0.0588235294117647,34,2025-01-10,2025-08-30,True,627.5440445449719,0.1124,-81.02652618693548,822.0519789011983,-26.899237638531343,momentum,,RUB->KZT
momentum,TJS,oot,,10,0.125,0.226890756302521,238,54,1.018867924528302,41,40,1,40,1,0.5660377358490566,0.0943396226415094,53,2025-09-02,2026-09-02,True,545.5406825361905,0.067375,-73.59090207655872,598.7544311983702,-44.9008059684092,momentum,,RUB->TJS
momentum,TJS,wf_2022,,10,0.1,0.2307692307692307,247,57,1.1176470588235294,40,40,0,40,0,0.6470588235294118,0.1176470588235294,51,2022-01-11,2022-12-31,True,2209.789682698046,0.1007499999999999,-167.23010277252592,3363.845979290778,-102.29243481216844,momentum,,RUB->TJS
momentum,TJS,wf_2023,,10,0.25,0.2793522267206478,247,69,1.3529411764705883,32,32,0,32,0,0.6862745098039216,0.0980392156862745,51,2023-01-10,2023-12-30,True,542.2583617628147,0.16109375,-26.695157788498147,686.5201813187789,21.40083526101754,momentum,,RUB->TJS
momentum,TJS,wf_2024,,10,0.2647058823529412,0.2943548387096774,248,73,1.431372549019608,34,34,0,34,0,0.6470588235294118,0.0588235294117647,51,2024-01-10,2024-12-29,True,405.4619842830451,0.1789705882352941,6.462282680435143,696.9393610583647,49.15934008719597,momentum,,RUB->TJS
momentum,TJS,wf_2025,,10,0.125,0.2360248447204969,161,38,1.1176470588235294,16,16,0,16,0,0.7352941176470589,0.0294117647058823,34,2025-01-10,2025-08-30,True,784.5034339192232,0.1275,-114.66557159163548,1034.9625202723214,-56.65624909569664,momentum,,RUB->TJS
momentum,UZS,oot,,10,0.1944444444444444,0.2647058823529412,238,63,1.1886792452830188,36,36,0,36,0,0.6981132075471698,0.1132075471698113,53,2025-09-02,2026-09-02,True,451.94075027207026,0.1030555555555555,-72.91502080953737,612.6878239433495,-32.31769028007761,momentum,,RUB->UZS
momentum,UZS,wf_2022,,10,0.1509433962264151,0.2064777327935222,247,51,1.0,53,53,0,53,0,0.5490196078431373,0.1568627450980392,51,2022-01-11,2022-12-31,True,2847.437642956354,0.1230188679245283,-266.90830672177566,3068.349401755123,-197.53824541413752,momentum,,RUB->UZS
momentum,UZS,wf_2023,,10,0.2051282051282051,0.3036437246963562,247,75,1.4705882352941178,39,39,0,39,0,0.6470588235294118,0.1372549019607843,51,2023-01-10,2023-12-30,True,464.4808157759543,0.1825641025641025,-9.562065428454211,687.1653389078809,43.79424647199358,momentum,,RUB->UZS
momentum,UZS,wf_2024,,10,0.2857142857142857,0.2620967741935484,248,65,1.2745098039215683,35,35,0,35,0,0.6274509803921569,0.0784313725490196,51,2024-01-10,2024-12-29,True,602.8785697208402,0.1277142857142857,-19.366858167762636,749.9905580008909,48.20800237741798,momentum,,RUB->UZS
momentum,UZS,wf_2025,,10,0.2,0.0993788819875776,161,16,0.4705882352941176,25,25,0,25,0,0.4705882352941176,0.0294117647058823,34,2025-01-10,2025-08-30,True,756.5231342160796,0.0585999999999999,-121.20162886214608,970.0330635556726,-39.29810002475565,momentum,,RUB->UZS
random,AMD,oot,,10,0.2738095238095238,0.2352941176470588,238,56,1.0566037735849056,88,84,4,84,4,0.1886792452830188,0.2264150943396226,53,2025-09-02,2026-09-02,True,502.73632240745945,0.2489880952380952,33.508947102694805,481.3193888523388,24.833572469531003,random,,RUB->AMD
random,AMD,wf_2022,,10,0.2839506172839506,0.2388663967611336,247,59,1.156862745098039,81,81,0,81,0,0.1372549019607843,0.2156862745098039,51,2022-01-11,2022-12-31,True,2475.627439679791,0.2429012345679012,36.041687190469,2475.863352587367,61.82129229890491,random,,RUB->AMD
random,AMD,wf_2023,,10,0.3466666666666667,0.3198380566801619,247,79,1.5490196078431373,75,75,0,75,0,0.1372549019607843,0.1176470588235294,51,2023-01-10,2023-12-30,True,586.4285482053981,0.352,96.0448777743126,673.420411763522,100.9128669909815,random,,RUB->AMD
random,AMD,wf_2024,,10,0.3444444444444444,0.2903225806451613,248,72,1.411764705882353,90,90,0,90,0,0.1568627450980392,0.2745098039215686,51,2024-01-10,2024-12-29,True,802.2727015580856,0.319,50.18771124923953,801.9163239263517,53.607243538808646,random,,RUB->AMD
random,AMD,wf_2025,,10,0.1538461538461538,0.1428571428571428,161,23,0.6764705882352942,52,52,0,52,0,0.1176470588235294,0.1176470588235294,34,2025-01-10,2025-08-30,True,772.3932111857735,0.149326923076923,-49.73311580899329,886.8133111084129,-26.13761541760223,random,,RUB->AMD
random,KGS,oot,,10,0.2686567164179104,0.2226890756302521,238,53,1.0,70,67,3,67,3,0.1886792452830188,0.1132075471698113,53,2025-09-02,2026-09-02,True,610.4286707906233,0.2427611940298507,17.26360874643884,621.6264648067299,13.605157924653886,random,,RUB->KGS
random,KGS,wf_2022,,10,0.1506849315068493,0.2064777327935222,247,51,1.0,73,73,0,73,0,0.2156862745098039,0.1764705882352941,51,2022-01-11,2022-12-31,True,1891.8180888673123,0.1761643835616438,-62.26998336962922,2009.7359555020157,-81.98121489285681,random,,RUB->KGS
random,KGS,wf_2023,,10,0.3684210526315789,0.2995951417004048,247,74,1.4509803921568627,76,76,0,76,0,0.1176470588235294,0.0784313725490196,51,2023-01-10,2023-12-30,True,584.7491392341699,0.3193421052631578,62.58440889041551,635.0768479909776,65.41535747661788,random,,RUB->KGS
random,KGS,wf_2024,,10,0.3333333333333333,0.2943548387096774,248,73,1.431372549019608,87,87,0,87,0,0.1372549019607843,0.2156862745098039,51,2024-01-10,2024-12-29,True,769.3709603379427,0.2970689655172414,33.7383322068018,668.7591838811666,35.195262564431346,random,,RUB->KGS
random,KGS,wf_2025,,10,0.1785714285714285,0.124223602484472,161,20,0.5882352941176471,56,56,0,56,0,0.2058823529411764,0.2352941176470588,34,2025-01-10,2025-08-30,True,597.5935861407859,0.1803571428571428,-25.683485894992756,808.6449418087129,-19.16738110651554,random,,RUB->KGS
random,KZT,oot,,10,0.2325581395348837,0.2731092436974789,238,65,1.2264150943396226,87,86,1,86,1,0.1698113207547169,0.1886792452830188,53,2025-09-02,2026-09-02,True,707.4436315817021,0.2409302325581395,19.125134791436366,729.1562642381336,17.55904842422264,random,,RUB->KZT
random,KZT,wf_2022,,10,0.2674418604651162,0.2064777327935222,247,51,1.0,86,86,0,86,0,0.196078431372549,0.2352941176470588,51,2022-01-11,2022-12-31,True,1794.4454104237411,0.2529651162790697,25.46792881215903,1795.2796667250316,26.705686448049033,random,,RUB->KZT
random,KZT,wf_2023,,10,0.36,0.2834008097165992,247,70,1.3725490196078431,75,75,0,75,0,0.1176470588235294,0.1372549019607843,51,2023-01-10,2023-12-30,True,870.4195862188495,0.2975333333333333,68.68008350225001,806.0988228090006,72.20636974470551,random,,RUB->KZT
random,KZT,wf_2024,,10,0.2058823529411764,0.2056451612903226,248,51,1.0,68,68,0,68,0,0.1764705882352941,0.1176470588235294,51,2024-01-10,2024-12-29,True,949.0955649638556,0.2039705882352941,3.793465702773945,987.7719926121196,-5.569959377953543,random,,RUB->KZT
random,KZT,wf_2025,,10,0.1052631578947368,0.0993788819875776,161,16,0.4705882352941176,57,57,0,57,0,0.1470588235294117,0.2352941176470588,34,2025-01-10,2025-08-30,True,937.3760815150574,0.1152631578947368,-86.24890868517515,967.3301151371472,-108.43580871380044,random,,RUB->KZT
random,TJS,oot,,10,0.1549295774647887,0.226890756302521,238,54,1.018867924528302,73,71,2,71,2,0.2452830188679245,0.1320754716981132,53,2025-09-02,2026-09-02,True,587.2842058078649,0.2082394366197183,-8.683392305413891,582.2009311357663,-17.44417355682749,random,,RUB->TJS
random,TJS,wf_2022,,10,0.2676056338028169,0.2307692307692307,247,57,1.1176470588235294,71,71,0,71,0,0.1372549019607843,0.1176470588235294,51,2022-01-11,2022-12-31,True,2277.354660352801,0.2629577464788732,102.79325097810724,3098.750691986553,158.05938034918276,random,,RUB->TJS
random,TJS,wf_2023,,10,0.2166666666666666,0.2793522267206478,247,69,1.3529411764705883,60,60,0,60,0,0.2352941176470588,0.1176470588235294,51,2023-01-10,2023-12-30,True,691.253748806955,0.2223333333333333,22.52079277443668,730.9244393284881,24.14169467981134,random,,RUB->TJS
random,TJS,wf_2024,,10,0.2205882352941176,0.2943548387096774,248,73,1.431372549019608,68,68,0,68,0,0.2549019607843137,0.1176470588235294,51,2024-01-10,2024-12-29,True,857.8814283384606,0.223235294117647,20.707964087885884,901.1249417557104,14.069194302097824,random,,RUB->TJS
random,TJS,wf_2025,,10,0.2372881355932203,0.2360248447204969,161,38,1.1176470588235294,59,59,0,59,0,0.1470588235294117,0.2352941176470588,34,2025-01-10,2025-08-30,True,886.3607102632037,0.2369491525423728,-11.880788443696543,979.599160866591,-23.975636118740542,random,,RUB->TJS
random,UZS,oot,,10,0.2786885245901639,0.2647058823529412,238,63,1.1886792452830188,63,61,2,61,2,0.2452830188679245,0.0754716981132075,53,2025-09-02,2026-09-02,True,543.3889612357027,0.2989344262295081,46.33522517097446,546.819232019629,51.90678130532584,random,,RUB->UZS
random,UZS,wf_2022,,10,0.2289156626506024,0.2064777327935222,247,51,1.0,83,83,0,83,0,0.2352941176470588,0.2941176470588235,51,2022-01-11,2022-12-31,True,1706.1603899644404,0.2363253012048193,5.402819054527788,2103.6405027371484,25.14348056521762,random,,RUB->UZS
random,UZS,wf_2023,,10,0.3373493975903614,0.3036437246963562,247,75,1.4705882352941178,83,83,0,83,0,0.1176470588235294,0.2352941176470588,51,2023-01-10,2023-12-30,True,776.6318862999436,0.315722891566265,44.54202113570957,738.8172688366988,35.86726185248914,random,,RUB->UZS
random,UZS,wf_2024,,10,0.2682926829268293,0.2620967741935484,248,65,1.2745098039215683,82,82,0,82,0,0.0588235294117647,0.196078431372549,51,2024-01-10,2024-12-29,True,600.5608144876846,0.2403658536585366,21.359053011587477,662.5398067697034,22.86967947256588,random,,RUB->UZS
random,UZS,wf_2025,,10,0.0833333333333333,0.0993788819875776,161,16,0.4705882352941176,48,48,0,48,0,0.2058823529411764,0.1176470588235294,34,2025-01-10,2025-08-30,True,1006.3964996137854,0.1191666666666666,-77.27973660414119,1019.1447399070676,-91.90263030447989,random,,RUB->UZS
reversal,AMD,oot,,10,0.0,0.2352941176470588,238,56,1.0566037735849056,10,10,0,10,0,0.8113207547169812,0.0,53,2025-09-02,2026-09-02,True,235.8640007634656,0.14,22.2884302167456,356.86292451214706,35.256292123265865,reversal,,RUB->AMD
reversal,AMD,wf_2022,,10,0.2727272727272727,0.2388663967611336,247,59,1.156862745098039,11,11,0,11,0,0.7843137254901961,0.0,51,2022-01-11,2022-12-31,True,1205.2790496323075,0.2195454545454545,52.37686754299593,1624.3644739263275,39.61689632042526,reversal,,RUB->AMD
reversal,AMD,wf_2023,,10,0.2857142857142857,0.3198380566801619,247,79,1.5490196078431373,7,7,0,7,0,0.8627450980392157,0.0,51,2023-01-10,2023-12-30,True,260.3062784925956,0.2114285714285713,11.67682187607874,511.52149432092006,26.451759556477572,reversal,,RUB->AMD
reversal,AMD,wf_2024,,10,0.1818181818181818,0.2903225806451613,248,72,1.411764705882353,11,11,0,11,0,0.7843137254901961,0.0,51,2024-01-10,2024-12-29,True,332.2752928831614,0.1963636363636363,9.26863676387736,777.5868717697891,60.96057013622349,reversal,,RUB->AMD
reversal,AMD,wf_2025,,10,0.0909090909090909,0.1428571428571428,161,23,0.6764705882352942,11,11,0,11,0,0.7058823529411765,0.0,34,2025-01-10,2025-08-30,True,278.6758368705473,0.1845454545454545,-3.7944868161772383,598.9127828077429,-0.7689404463943732,reversal,,RUB->AMD
reversal,KGS,oot,,10,0.0,0.2226890756302521,238,53,1.0,11,11,0,11,0,0.7924528301886793,0.0,53,2025-09-02,2026-09-02,True,353.7247090339082,0.1336363636363636,-5.490710921009236,461.9464745737875,-1.52234572798136,reversal,,RUB->KGS
reversal,KGS,wf_2022,,10,0.25,0.2064777327935222,247,51,1.0,12,12,0,12,0,0.7647058823529411,0.0,51,2022-01-11,2022-12-31,True,883.8494240629916,0.2341666666666667,131.9064720246934,1493.3771044103214,174.34237128715344,reversal,,RUB->KGS
reversal,KGS,wf_2023,,10,0.3333333333333333,0.2995951417004048,247,74,1.4509803921568627,6,6,0,6,0,0.8823529411764706,0.0,51,2023-01-10,2023-12-30,True,245.7534027550326,0.2091666666666666,-15.581285919774547,467.2350567085009,-17.10410404210919,reversal,,RUB->KGS
reversal,KGS,wf_2024,,10,0.125,0.2943548387096774,248,73,1.431372549019608,8,8,0,8,0,0.8431372549019608,0.0,51,2024-01-10,2024-12-29,True,118.70354958971552,0.2625,85.23703873301572,393.85220669366834,93.39471282972868,reversal,,RUB->KGS
reversal,KGS,wf_2025,,10,0.0,0.124223602484472,161,20,0.5882352941176471,16,16,0,16,0,0.5882352941176471,0.0,34,2025-01-10,2025-08-30,True,479.3104155944387,0.1015625,-42.213842956538144,957.908585060159,-63.470879998571704,reversal,,RUB->KGS
reversal,KZT,oot,,10,0.2222222222222222,0.2731092436974789,238,65,1.2264150943396226,9,9,0,9,0,0.8490566037735849,0.0,53,2025-09-02,2026-09-02,True,218.75164719812724,0.1877777777777778,10.02799810511495,398.2645616787889,47.20993943499452,reversal,,RUB->KZT
reversal,KZT,wf_2022,,10,0.2307692307692307,0.2064777327935222,247,51,1.0,13,13,0,13,0,0.7843137254901961,0.0,51,2022-01-11,2022-12-31,True,1117.5008167125509,0.24,123.0538587125576,1634.370932293174,143.30994551472082,reversal,,RUB->KZT
reversal,KZT,wf_2023,,10,0.2222222222222222,0.2834008097165992,247,70,1.3725490196078431,9,9,0,9,0,0.8431372549019608,0.0,51,2023-01-10,2023-12-30,True,146.72314762779814,0.2277777777777778,147.81608922220917,287.8905133774305,119.31811280595656,reversal,,RUB->KZT
reversal,KZT,wf_2024,,10,0.1818181818181818,0.2056451612903226,248,51,1.0,11,11,0,11,0,0.7843137254901961,0.0,51,2024-01-10,2024-12-29,True,584.2365766027306,0.1272727272727272,-87.78827812798085,995.2111473846978,-39.27242283735793,reversal,,RUB->KZT
reversal,KZT,wf_2025,,10,0.0769230769230769,0.0993788819875776,161,16,0.4705882352941176,13,13,0,13,0,0.6764705882352942,0.0,34,2025-01-10,2025-08-30,True,360.86271039279393,0.1257692307692307,-6.287288941393276,615.6740716818988,-11.525902884776697,reversal,,RUB->KZT
reversal,TJS,oot,,10,0.0833333333333333,0.226890756302521,238,54,1.018867924528302,12,12,0,12,0,0.7735849056603774,0.0,53,2025-09-02,2026-09-02,True,227.5920154093507,0.1829166666666666,35.81876356671167,319.9411690459922,42.99878008412028,reversal,,RUB->TJS
reversal,TJS,wf_2022,,10,0.3076923076923077,0.2307692307692307,247,57,1.1176470588235294,13,13,0,13,0,0.7647058823529411,0.0,51,2022-01-11,2022-12-31,True,1379.8227290765317,0.2742307692307692,-9.221875875202416,2635.653133447154,84.19112421058391,reversal,,RUB->TJS
reversal,TJS,wf_2023,,10,0.1666666666666666,0.2793522267206478,247,69,1.3529411764705883,6,6,0,6,0,0.8823529411764706,0.0,51,2023-01-10,2023-12-30,True,256.95606990103806,0.1791666666666666,-20.587300905387306,492.71679778979177,-17.79979111229753,reversal,,RUB->TJS
reversal,TJS,wf_2024,,10,0.1666666666666666,0.2943548387096774,248,73,1.431372549019608,12,12,0,12,0,0.7647058823529411,0.0,51,2024-01-10,2024-12-29,True,144.86399225710358,0.1970833333333333,45.89316267718297,478.9298869362865,88.10942709021172,reversal,,RUB->TJS
reversal,TJS,wf_2025,,10,0.3,0.2360248447204969,161,38,1.1176470588235294,10,10,0,10,0,0.7352941176470589,0.0,34,2025-01-10,2025-08-30,True,480.4605186075226,0.181,1.5654362695222386,972.3135271439264,5.161456113884958,reversal,,RUB->TJS
reversal,UZS,oot,,10,0.1111111111111111,0.2647058823529412,238,63,1.1886792452830188,9,9,0,9,0,0.8301886792452831,0.0,53,2025-09-02,2026-09-02,True,268.9907898382886,0.1944444444444444,-7.367649483353636,387.7006203777387,-4.097603658986072,reversal,,RUB->UZS
reversal,UZS,wf_2022,,10,0.2,0.2064777327935222,247,51,1.0,15,15,0,15,0,0.7254901960784313,0.0,51,2022-01-11,2022-12-31,True,1449.6930764446436,0.1613333333333333,-43.445740678490296,1800.226107347745,-21.179142187732648,reversal,,RUB->UZS
reversal,UZS,wf_2023,,10,0.1428571428571428,0.3036437246963562,247,75,1.4705882352941178,7,7,0,7,0,0.8627450980392157,0.0,51,2023-01-10,2023-12-30,True,285.4809175619533,0.2614285714285714,1.1691516443252497,506.76754671725826,-8.769469536410282,reversal,,RUB->UZS
reversal,UZS,wf_2024,,10,0.1,0.2620967741935484,248,65,1.2745098039215683,10,10,0,10,0,0.803921568627451,0.0,51,2024-01-10,2024-12-29,True,160.50625061385304,0.2,37.93672067365426,434.67295092523767,77.8238592618732,reversal,,RUB->UZS
reversal,UZS,wf_2025,,10,0.125,0.0993788819875776,161,16,0.4705882352941176,16,16,0,16,0,0.5882352941176471,0.0,34,2025-01-10,2025-08-30,True,449.1842021636412,0.0959375,-28.761651455651716,962.7082886946672,-27.186152186938124,reversal,,RUB->UZS
seasonality,AMD,oot,,10,0.14,0.2352941176470588,238,56,1.0566037735849056,50,50,0,50,0,0.7547169811320755,0.1886792452830188,53,2025-09-02,2026-09-02,True,516.4100230987185,0.1429,9.91251337908762,539.6275858984129,12.0975863175959,seasonality,,RUB->AMD
seasonality,AMD,wf_2022,,10,0.1632653061224489,0.2388663967611336,247,59,1.156862745098039,49,49,0,49,0,0.7254901960784313,0.1764705882352941,51,2022-01-11,2022-12-31,True,1585.8186733753791,0.17,18.68969708804962,1686.5330045334556,49.65380651797001,seasonality,,RUB->AMD
seasonality,AMD,wf_2023,,10,0.2916666666666667,0.3198380566801619,247,79,1.5490196078431373,48,48,0,48,0,0.7450980392156863,0.196078431372549,51,2023-01-10,2023-12-30,True,738.5229405074427,0.2794791666666666,2.075854274833506,753.0057533610603,8.760620183522683,seasonality,,RUB->AMD
seasonality,AMD,wf_2024,,10,0.24,0.2903225806451613,248,72,1.411764705882353,50,50,0,50,0,0.7254901960784313,0.1764705882352941,51,2024-01-10,2024-12-29,True,272.07521582108285,0.2183,33.53653054317744,322.02391212804827,45.62387418796106,seasonality,,RUB->AMD
seasonality,AMD,wf_2025,,10,0.0526315789473684,0.1428571428571428,161,23,0.6764705882352942,38,38,0,38,0,0.6470588235294118,0.2352941176470588,34,2025-01-10,2025-08-30,True,827.0884846072044,0.0578947368421052,-82.93217582130994,923.126074966609,-83.98307411445764,seasonality,,RUB->AMD
seasonality,KGS,oot,,10,0.2058823529411764,0.2226890756302521,238,53,1.0,39,34,5,34,5,0.7924528301886793,0.1320754716981132,53,2025-09-02,2026-09-02,True,588.7194916460659,0.2194117647058823,7.954257923394303,626.438507443905,10.867867188042576,seasonality,,RUB->KGS
seasonality,KGS,wf_2022,,10,0.1320754716981132,0.2064777327935222,247,51,1.0,53,53,0,53,0,0.7058823529411765,0.2156862745098039,51,2022-01-11,2022-12-31,True,1978.4620758919743,0.135754716981132,-0.6057041241882684,1986.643932668618,-13.930327167156802,seasonality,,RUB->KGS
seasonality,KGS,wf_2023,,10,0.2903225806451613,0.2995951417004048,247,74,1.4509803921568627,62,62,0,62,0,0.6274509803921569,0.2549019607843137,51,2023-01-10,2023-12-30,True,690.8351325099806,0.2735483870967742,28.98406776205974,713.8937273210495,43.850483400433035,seasonality,,RUB->KGS
seasonality,KGS,wf_2024,,10,0.2068965517241379,0.2943548387096774,248,73,1.431372549019608,58,58,0,58,0,0.6666666666666666,0.2352941176470588,51,2024-01-10,2024-12-29,True,685.1692267306788,0.2041379310344827,8.378173424783654,776.2819524007739,10.689406322932776,seasonality,,RUB->KGS
seasonality,KGS,wf_2025,,10,0.1351351351351351,0.124223602484472,161,20,0.5882352941176471,37,37,0,37,0,0.6764705882352942,0.2352941176470588,34,2025-01-10,2025-08-30,True,851.3116346099187,0.1156756756756756,-45.53010332721646,949.190724291082,-42.38235897555673,seasonality,,RUB->KGS
seasonality,KZT,oot,,10,0.1923076923076923,0.2731092436974789,238,65,1.2264150943396226,52,52,0,52,0,0.6981132075471698,0.1698113207547169,53,2025-09-02,2026-09-02,True,734.740329350188,0.2073076923076923,11.779048509871275,766.9149006174339,6.107643450929765,seasonality,,RUB->KZT
seasonality,KZT,wf_2022,,10,0.2452830188679245,0.2064777327935222,247,51,1.0,53,53,0,53,0,0.7254901960784313,0.196078431372549,51,2022-01-11,2022-12-31,True,1756.2043268365142,0.2156603773584905,13.684260965367493,1786.0122829205618,25.65157526707199,seasonality,,RUB->KZT
seasonality,KZT,wf_2023,,10,0.2372881355932203,0.2834008097165992,247,70,1.3725490196078431,59,59,0,59,0,0.6862745098039216,0.2352941176470588,51,2023-01-10,2023-12-30,True,563.5580429343192,0.2637288135593221,57.11819989211917,563.6779278354959,53.01670904237807,seasonality,,RUB->KZT
seasonality,KZT,wf_2024,,10,0.0892857142857142,0.2056451612903226,248,51,1.0,56,56,0,56,0,0.6862745098039216,0.2156862745098039,51,2024-01-10,2024-12-29,True,890.9082716854404,0.0976785714285714,-45.758583494236554,991.1188215579656,-44.98488686381607,seasonality,,RUB->KZT
seasonality,KZT,wf_2025,,10,0.075,0.0993788819875776,161,16,0.4705882352941176,40,40,0,40,0,0.6176470588235294,0.2352941176470588,34,2025-01-10,2025-08-30,True,967.8355590661112,0.077875,-54.055317198932606,1023.3166173760244,-59.07604912620618,seasonality,,RUB->KZT
seasonality,TJS,oot,,10,0.4565217391304347,0.226890756302521,238,54,1.018867924528302,47,46,1,46,1,0.6981132075471698,0.1509433962264151,53,2025-09-02,2026-09-02,True,580.976416410321,0.4231521739130434,85.66783459210052,567.4371345801035,88.32733830857751,seasonality,,RUB->TJS
seasonality,TJS,wf_2022,,10,0.0625,0.2307692307692307,247,57,1.1176470588235294,48,48,0,48,0,0.7647058823529411,0.196078431372549,51,2022-01-11,2022-12-31,True,3937.9972435401273,0.0539583333333333,-260.38199755034185,3989.711225266387,-272.82660615723046,seasonality,,RUB->TJS
seasonality,TJS,wf_2023,,10,0.1666666666666666,0.2793522267206478,247,69,1.3529411764705883,48,48,0,48,0,0.7450980392156863,0.1764705882352941,51,2023-01-10,2023-12-30,True,556.8105546656685,0.1791666666666666,19.221078899809974,594.9443001031738,21.356785036155788,seasonality,,RUB->TJS
seasonality,TJS,wf_2024,,10,0.3529411764705882,0.2943548387096774,248,73,1.431372549019608,51,51,0,51,0,0.7058823529411765,0.2156862745098039,51,2024-01-10,2024-12-29,True,665.1687342341908,0.3297058823529412,56.248386293333624,755.1819136194173,63.920481644702136,seasonality,,RUB->TJS
seasonality,TJS,wf_2025,,10,0.1818181818181818,0.2360248447204969,161,38,1.1176470588235294,33,33,0,33,0,0.7058823529411765,0.1764705882352941,34,2025-01-10,2025-08-30,True,895.3568674779578,0.2596969696969696,-22.145344982656763,995.0048610412688,-30.53656385830011,seasonality,,RUB->TJS
seasonality,UZS,oot,,10,0.2142857142857142,0.2647058823529412,238,63,1.1886792452830188,48,42,6,42,6,0.7547169811320755,0.1698113207547169,53,2025-09-02,2026-09-02,True,587.0584703947998,0.2322619047619047,26.598991058685023,631.3934730657555,28.574969482386138,seasonality,,RUB->UZS
seasonality,UZS,wf_2022,,10,0.1923076923076923,0.2064777327935222,247,51,1.0,52,52,0,52,0,0.7058823529411765,0.2156862745098039,51,2022-01-11,2022-12-31,True,2902.265474096911,0.1714423076923077,-132.7747582669832,3173.833327938191,-142.15577893112948,seasonality,,RUB->UZS
seasonality,UZS,wf_2023,,10,0.2962962962962963,0.3036437246963562,247,75,1.4705882352941178,54,54,0,54,0,0.7058823529411765,0.196078431372549,51,2023-01-10,2023-12-30,True,582.5142981199467,0.2759259259259259,62.90745860145136,619.9474316461194,67.89247221008753,seasonality,,RUB->UZS
seasonality,UZS,wf_2024,,10,0.2222222222222222,0.2620967741935484,248,65,1.2745098039215683,54,54,0,54,0,0.6862745098039216,0.2156862745098039,51,2024-01-10,2024-12-29,True,774.0208228345549,0.2164814814814815,-3.406083472878079,777.7527750691365,-7.548107068701902,seasonality,,RUB->UZS
seasonality,UZS,wf_2025,,10,0.1290322580645161,0.0993788819875776,161,16,0.4705882352941176,31,31,0,31,0,0.7352941176470589,0.1764705882352941,34,2025-01-10,2025-08-30,True,934.4030847462908,0.1158064516129032,-29.74133090323723,1038.8785397003064,-26.622921200870188,seasonality,,RUB->UZS
catboost_a,AMD,wf_oos,5.0,10,0.1868131868131868,0.2652439024390244,656,174,1.2608695652173914,91,91,0,91,0,0.6956521739130435,0.1014492753623188,138,2023-01-10,2025-08-30,True,821.1735645927849,0.1664285714285714,-14.033004251533884,820.2470634075714,-5.674312684685499,catboost,A,RUB->AMD
catboost_a,KGS,wf_oos,5.0,10,0.1844660194174757,0.2545731707317073,656,167,1.210144927536232,103,103,0,103,0,0.6521739130434783,0.1014492753623188,138,2023-01-10,2025-08-30,False,,0.1731067961165048,-11.169530266197183,837.5727981230436,-7.762881065091091,catboost,A,RUB->KGS
catboost_a,KZT,wf_oos,5.0,10,0.12,0.2088414634146341,656,137,0.9927536231884058,100,100,0,100,0,0.6594202898550725,0.108695652173913,138,2023-01-10,2025-08-30,False,,0.13115,-7.745269903217761,903.5073978231673,-9.14984640529942,catboost,A,RUB->KZT
catboost_a,TJS,wf_oos,5.0,10,0.2727272727272727,0.274390243902439,656,180,1.3043478260869563,99,99,0,99,0,0.6884057971014492,0.1159420289855072,138,2023-01-10,2025-08-30,True,910.7615019004364,0.2517676767676767,6.449624843623703,878.7475998457722,11.92200070647194,catboost,A,RUB->TJS
catboost_a,UZS,wf_oos,5.0,10,0.1847826086956521,0.2378048780487804,656,156,1.1304347826086956,92,92,0,92,0,0.6884057971014492,0.1014492753623188,138,2023-01-10,2025-08-30,True,930.8152154239484,0.1803260869565217,-11.53262553307888,886.6588152937601,-14.662219579235607,catboost,A,RUB->UZS
catboost_ab,AMD,wf_oos,5.0,10,0.2408759124087591,0.2652439024390244,656,174,1.2608695652173914,137,137,0,137,0,0.7028985507246377,0.1956521739130435,138,2023-01-10,2025-08-30,False,,0.2322992700729927,14.058194450589976,745.6905874152325,24.025788451054932,catboost,"A,B",RUB->AMD
catboost_ab,KGS,wf_oos,5.0,10,0.2547770700636942,0.2545731707317073,656,167,1.210144927536232,157,157,0,157,0,0.6304347826086957,0.2246376811594203,138,2023-01-10,2025-08-30,False,,0.2299044585987261,14.579782279424784,729.9299282424302,32.59327284645634,catboost,"A,B",RUB->KGS
catboost_ab,KZT,wf_oos,5.0,10,0.2056737588652482,0.2088414634146341,656,137,0.9927536231884058,141,141,0,141,0,0.6666666666666666,0.1956521739130435,138,2023-01-10,2025-08-30,False,,0.2068794326241134,31.75998053251111,634.3021413370715,41.86833565954768,catboost,"A,B",RUB->KZT
catboost_ab,TJS,wf_oos,5.0,10,0.2439024390243902,0.274390243902439,656,180,1.3043478260869563,123,123,0,123,0,0.7028985507246377,0.181159420289855,138,2023-01-10,2025-08-30,False,,0.2263821138211382,20.884853703290755,712.108509348273,32.254913126430516,catboost,"A,B",RUB->TJS
catboost_ab,UZS,wf_oos,5.0,10,0.2394366197183098,0.2378048780487804,656,156,1.1304347826086956,142,142,0,142,0,0.6811594202898551,0.2028985507246377,138,2023-01-10,2025-08-30,False,,0.2301760563380281,23.745968340404843,678.4564831495155,31.68095689177449,catboost,"A,B",RUB->UZS
catboost_abc,AMD,wf_oos,5.0,10,0.1428571428571428,0.2652439024390244,656,174,1.2608695652173914,21,21,0,21,0,0.927536231884058,0.0289855072463768,138,2023-01-10,2025-08-30,True,664.9492662870897,0.1454761904761904,-16.254453557742504,739.7108334358414,0.3710952928543701,catboost,"A,B,C",RUB->AMD
catboost_abc,KGS,wf_oos,5.0,10,0.3235294117647059,0.2545731707317073,656,167,1.210144927536232,34,34,0,34,0,0.8840579710144928,0.036231884057971,138,2023-01-10,2025-08-30,True,426.5711099204003,0.3052941176470588,71.00841883734918,561.4218240315845,101.53093887177148,catboost,"A,B,C",RUB->KGS
catboost_abc,KZT,wf_oos,5.0,10,0.5,0.2088414634146341,656,137,0.9927536231884058,12,12,0,12,0,0.9637681159420288,0.0144927536231884,138,2023-01-10,2025-08-30,True,185.6360826834371,0.495,201.77755100664496,366.63144791018465,233.64514172104975,catboost,"A,B,C",RUB->KZT
catboost_abc,TJS,wf_oos,5.0,10,0.3157894736842105,0.274390243902439,656,180,1.3043478260869563,19,19,0,19,0,0.927536231884058,0.0144927536231884,138,2023-01-10,2025-08-30,True,416.9765409989803,0.2821052631578947,90.73672705976612,604.9056562478833,99.78788572835845,catboost,"A,B,C",RUB->TJS
catboost_abc,UZS,wf_oos,5.0,10,0.2222222222222222,0.2378048780487804,656,156,1.1304347826086956,27,27,0,27,0,0.9057971014492754,0.0289855072463768,138,2023-01-10,2025-08-30,True,540.5889387821402,0.1922222222222222,34.14483459113169,600.6119199300721,43.415791568810846,catboost,"A,B,C",RUB->UZS
catboost_abcd,AMD,wf_oos,5.0,10,0.217391304347826,0.2652439024390244,656,174,1.2608695652173914,92,92,0,92,0,0.7681159420289855,0.1159420289855072,138,2023-01-10,2025-08-30,True,854.4061982290575,0.2071739130434782,-1.2067937438960978,845.5008484484782,-1.3182065284313962,catboost,"A,B,C,D",RUB->AMD
catboost_abcd,KGS,wf_oos,5.0,10,0.2421052631578947,0.2545731707317073,656,167,1.210144927536232,95,95,0,95,0,0.7028985507246377,0.1231884057971014,138,2023-01-10,2025-08-30,True,849.1997096514106,0.239578947368421,13.243013441328516,849.7287928496439,15.47831463978757,catboost,"A,B,C,D",RUB->KGS
catboost_abcd,KZT,wf_oos,5.0,10,0.1931818181818181,0.2088414634146341,656,137,0.9927536231884058,88,88,0,88,0,0.7246376811594203,0.108695652173913,138,2023-01-10,2025-08-30,True,886.4876796185266,0.2033522727272727,24.387609069233612,900.9566564639126,25.82202657736636,catboost,"A,B,C,D",RUB->KZT
catboost_abcd,TJS,wf_oos,5.0,10,0.2631578947368421,0.274390243902439,656,180,1.3043478260869563,76,76,0,76,0,0.7608695652173914,0.0942028985507246,138,2023-01-10,2025-08-30,True,851.9244676608656,0.2084210526315789,15.76461924357481,915.7279352294504,30.318966532798687,catboost,"A,B,C,D",RUB->TJS
catboost_abcd,UZS,wf_oos,5.0,10,0.2558139534883721,0.2378048780487804,656,156,1.1304347826086956,86,86,0,86,0,0.7391304347826086,0.0942028985507246,138,2023-01-10,2025-08-30,True,871.8362261431766,0.237906976744186,21.17192042894757,880.5285721717369,29.35777392084599,catboost,"A,B,C,D",RUB->UZS
level,AMD,wf_oos,,10,0.1702127659574468,0.2652439024390244,656,174,1.2608695652173914,141,141,0,141,0,0.7246376811594203,0.217391304347826,138,2023-01-10,2025-08-30,False,,0.1414893617021276,-29.40388450776356,905.920501170616,-13.671772853961023,level,,RUB->AMD
level,KGS,wf_oos,,10,0.1555555555555555,0.2545731707317073,656,167,1.210144927536232,135,135,0,135,0,0.7391304347826086,0.2028985507246377,138,2023-01-10,2025-08-30,False,,0.1498518518518518,-31.864991124241087,966.289664352584,-21.478559135620955,level,,RUB->KGS
level,KZT,wf_oos,,10,0.1049723756906077,0.2088414634146341,656,137,0.9927536231884058,181,181,0,181,0,0.6666666666666666,0.2681159420289855,138,2023-01-10,2025-08-30,False,,0.0954143646408839,-66.79414805127834,994.0237177521674,-53.13703595372426,level,,RUB->KZT
level,TJS,wf_oos,,10,0.2352941176470588,0.274390243902439,656,180,1.3043478260869563,85,85,0,85,0,0.8260869565217391,0.1231884057971014,138,2023-01-10,2025-08-30,True,996.7798523982068,0.1988823529411764,-3.931909651800909,1005.9328383729088,20.956780337173825,level,,RUB->TJS
level,UZS,wf_oos,,10,0.141025641025641,0.2378048780487804,656,156,1.1304347826086956,156,156,0,156,0,0.6956521739130435,0.2536231884057971,138,2023-01-10,2025-08-30,False,,0.1229807692307692,-35.38047271856781,939.7085706122188,-21.111252862975608,level,,RUB->UZS
logreg_a,AMD,wf_oos,5.0,10,0.189873417721519,0.2652439024390244,656,174,1.2608695652173914,79,79,0,79,0,0.6956521739130435,0.072463768115942,138,2023-01-10,2025-08-30,True,737.4372319647748,0.195379746835443,3.8755810958723975,789.8074998603054,9.699871729437666,logreg,A,RUB->AMD
logreg_a,KGS,wf_oos,5.0,10,0.1728395061728395,0.2545731707317073,656,167,1.210144927536232,81,81,0,81,0,0.6811594202898551,0.072463768115942,138,2023-01-10,2025-08-30,True,909.9573378266898,0.2080864197530864,-0.7184270855334758,850.2386174012328,-12.22069984724682,logreg,A,RUB->KGS
logreg_a,KZT,wf_oos,5.0,10,0.0843373493975903,0.2088414634146341,656,137,0.9927536231884058,83,83,0,83,0,0.6666666666666666,0.0797101449275362,138,2023-01-10,2025-08-30,True,998.6584329248402,0.1226506024096385,-8.511623325837883,944.394770963277,-21.556155852013017,logreg,A,RUB->KZT
logreg_a,TJS,wf_oos,5.0,10,0.2771084337349397,0.274390243902439,656,180,1.3043478260869563,83,83,0,83,0,0.6884057971014492,0.0869565217391304,138,2023-01-10,2025-08-30,True,910.7615019004364,0.2863253012048193,24.09992175189492,876.2925194607301,25.468012406930825,logreg,A,RUB->TJS
logreg_a,UZS,wf_oos,5.0,10,0.1688311688311688,0.2378048780487804,656,156,1.1304347826086956,77,77,0,77,0,0.6739130434782609,0.072463768115942,138,2023-01-10,2025-08-30,True,930.8152154239484,0.2171428571428571,3.6648352319849273,910.4847504355976,-13.011481119852933,logreg,A,RUB->UZS
logreg_ab,AMD,wf_oos,5.0,10,0.2,0.2652439024390244,656,174,1.2608695652173914,40,40,0,40,0,0.8623188405797102,0.0434782608695652,138,2023-01-10,2025-08-30,True,393.706301067616,0.226,24.828273443653735,636.1124110089,31.256903825713813,logreg,"A,B",RUB->AMD
logreg_ab,KGS,wf_oos,5.0,10,0.2121212121212121,0.2545731707317073,656,167,1.210144927536232,33,33,0,33,0,0.8768115942028986,0.036231884057971,138,2023-01-10,2025-08-30,True,216.9003133640044,0.2345454545454545,38.58094805959891,252.74175200911063,38.60069967619397,logreg,"A,B",RUB->KGS
logreg_ab,KZT,wf_oos,5.0,10,0.0666666666666666,0.2088414634146341,656,137,0.9927536231884058,30,30,0,30,0,0.8695652173913043,0.0289855072463768,138,2023-01-10,2025-08-30,True,587.1680655763951,0.1135,-23.988225059089803,930.1629987669724,-12.141190310236857,logreg,"A,B",RUB->KZT
logreg_ab,TJS,wf_oos,5.0,10,0.3617021276595745,0.274390243902439,656,180,1.3043478260869563,47,47,0,47,0,0.8333333333333334,0.0507246376811594,138,2023-01-10,2025-08-30,True,658.4686336984344,0.3395744680851064,51.27392313938204,755.027188311989,60.49184238533445,logreg,"A,B",RUB->TJS
logreg_ab,UZS,wf_oos,5.0,10,0.2222222222222222,0.2378048780487804,656,156,1.1304347826086956,27,27,0,27,0,0.8768115942028986,0.0217391304347826,138,2023-01-10,2025-08-30,True,191.18891692663183,0.257037037037037,56.05971966690359,378.4524292496522,60.977540945086176,logreg,"A,B",RUB->UZS
logreg_abc,AMD,wf_oos,5.0,10,,0.2652439024390244,656,174,1.2608695652173914,0,0,0,0,0,1.0,0.0,138,2023-01-10,2025-08-30,True,,,,,,logreg,"A,B,C",RUB->AMD
logreg_abc,KGS,wf_oos,5.0,10,,0.2545731707317073,656,167,1.210144927536232,0,0,0,0,0,1.0,0.0,138,2023-01-10,2025-08-30,True,,,,,,logreg,"A,B,C",RUB->KGS
logreg_abc,KZT,wf_oos,5.0,10,,0.2088414634146341,656,137,0.9927536231884058,0,0,0,0,0,1.0,0.0,138,2023-01-10,2025-08-30,True,,,,,,logreg,"A,B,C",RUB->KZT
logreg_abc,TJS,wf_oos,5.0,10,0.3333333333333333,0.274390243902439,656,180,1.3043478260869563,3,3,0,3,0,0.9855072463768116,0.0,138,2023-01-10,2025-08-30,True,135.9016221494236,0.2583333333333333,158.9846410148671,245.9127014977982,158.8617446459824,logreg,"A,B,C",RUB->TJS
logreg_abc,UZS,wf_oos,5.0,10,,0.2378048780487804,656,156,1.1304347826086956,0,0,0,0,0,1.0,0.0,138,2023-01-10,2025-08-30,True,,,,,,logreg,"A,B,C",RUB->UZS
logreg_abcd,AMD,wf_oos,5.0,10,0.217391304347826,0.2652439024390244,656,174,1.2608695652173914,46,46,0,46,0,0.8043478260869565,0.0289855072463768,138,2023-01-10,2025-08-30,True,639.6516416068829,0.2270652173913043,-0.8108184266832832,772.457536296549,4.688015708755757,logreg,"A,B,C,D",RUB->AMD
logreg_abcd,KGS,wf_oos,5.0,10,0.1904761904761904,0.2545731707317073,656,167,1.210144927536232,21,21,0,21,0,0.8985507246376812,0.0072463768115942,138,2023-01-10,2025-08-30,True,369.1254869516585,0.2171428571428571,28.875341654092335,587.0024297730469,30.031504600654173,logreg,"A,B,C,D",RUB->KGS
logreg_abcd,KZT,wf_oos,5.0,10,0.2142857142857142,0.2088414634146341,656,137,0.9927536231884058,14,14,0,14,0,0.927536231884058,0.0072463768115942,138,2023-01-10,2025-08-30,True,261.5046908012122,0.1267857142857142,-30.44276526552435,454.2776773927255,-4.826417416754332,logreg,"A,B,C,D",RUB->KZT
logreg_abcd,TJS,wf_oos,5.0,10,0.4516129032258064,0.274390243902439,656,180,1.3043478260869563,31,31,0,31,0,0.8840579710144928,0.0289855072463768,138,2023-01-10,2025-08-30,True,556.9437954904926,0.3556451612903226,67.48003316670503,901.8821384203144,85.96645462418206,logreg,"A,B,C,D",RUB->TJS
logreg_abcd,UZS,wf_oos,5.0,10,0.2916666666666667,0.2378048780487804,656,156,1.1304347826086956,24,24,0,24,0,0.8913043478260869,0.0144927536231884,138,2023-01-10,2025-08-30,True,399.58728846544966,0.291875,69.97284722277936,646.1905583506357,82.72729693582049,logreg,"A,B,C,D",RUB->UZS
momentum,AMD,wf_oos,,10,0.2808988764044944,0.2652439024390244,656,174,1.2608695652173914,89,89,0,89,0,0.6521739130434783,0.072463768115942,138,2023-01-10,2025-08-30,True,800.7422915898528,0.1759550561797752,-17.026799369955764,871.8292433538985,33.858391858597834,momentum,,RUB->AMD
momentum,KGS,wf_oos,,10,0.217391304347826,0.2545731707317073,656,167,1.210144927536232,92,92,0,92,0,0.6594202898550725,0.0869565217391304,138,2023-01-10,2025-08-30,True,810.8819007825003,0.1231521739130434,-46.71993124748564,886.1299832604911,8.480497233468922,momentum,,RUB->KGS
momentum,KZT,wf_oos,,10,0.238095238095238,0.2088414634146341,656,137,0.9927536231884058,84,84,0,84,0,0.6159420289855072,0.0434782608695652,138,2023-01-10,2025-08-30,True,805.0391879819339,0.1695833333333333,-29.09471991885749,949.3843153886514,20.643340223571737,momentum,,RUB->KZT
momentum,TJS,wf_oos,,10,0.2317073170731707,0.274390243902439,656,180,1.3043478260869563,82,82,0,82,0,0.6884057971014492,0.0652173913043478,138,2023-01-10,2025-08-30,True,823.8897424855004,0.1630487804878048,-29.959565162170033,893.0513295780413,17.679808607147297,momentum,,RUB->TJS
momentum,UZS,wf_oos,,10,0.2323232323232323,0.2378048780487804,656,156,1.1304347826086956,99,99,0,99,0,0.6014492753623188,0.0869565217391304,138,2023-01-10,2025-08-30,True,811.6437167860638,0.1331818181818181,-39.87627875950252,877.0433276879197,24.37174944442917,momentum,,RUB->UZS
random,AMD,wf_oos,,10,0.2995391705069124,0.2652439024390244,656,174,1.2608695652173914,217,217,0,217,0,0.1521739130434782,0.1739130434782608,138,2023-01-10,2025-08-30,False,,0.2877880184331797,41.11838305576924,814.8888531892837,50.84774627235519,random,,RUB->AMD
random,KGS,wf_oos,,10,0.3059360730593607,0.2545731707317073,656,167,1.210144927536232,219,219,0,219,0,0.1594202898550724,0.1666666666666666,138,2023-01-10,2025-08-30,False,,0.2755707762557077,28.011125744452865,723.8368355407437,31.78165145828136,random,,RUB->KGS
random,KZT,wf_oos,,10,0.235,0.2088414634146341,656,137,0.9927536231884058,200,200,0,200,0,0.1594202898550724,0.1521739130434782,138,2023-01-10,2025-08-30,False,,0.21625,2.7518499988930585,964.4986259162612,-5.72060301767277,random,,RUB->KZT
random,TJS,wf_oos,,10,0.2245989304812834,0.274390243902439,656,180,1.3043478260869563,187,187,0,187,0,0.2318840579710145,0.144927536231884,138,2023-01-10,2025-08-30,False,,0.224572192513369,10.531081059811084,896.7263518974304,5.297563434896473,random,,RUB->TJS
random,UZS,wf_oos,,10,0.2535211267605634,0.2378048780487804,656,156,1.1304347826086956,213,213,0,213,0,0.1304347826086956,0.1884057971014492,138,2023-01-10,2025-08-30,False,,0.2427230046948356,8.973794759017371,890.1458227866661,2.0702826098214446,random,,RUB->UZS
reversal,AMD,wf_oos,,10,0.1724137931034483,0.2652439024390244,656,174,1.2608695652173914,29,29,0,29,0,0.7971014492753623,0.0,138,2023-01-10,2025-08-30,True,523.1927249924136,0.188103448275862,5.426389008142894,713.3394981215353,29.21621529253321,reversal,,RUB->AMD
reversal,KGS,wf_oos,,10,0.1,0.2545731707317073,656,167,1.210144927536232,30,30,0,30,0,0.7971014492753623,0.0,138,2023-01-10,2025-08-30,True,572.1151478287755,0.1648333333333333,-4.232772385501953,825.2922581048988,-12.366700053065763,reversal,,RUB->KGS
reversal,KZT,wf_oos,,10,0.1515151515151515,0.2088414634146341,656,137,0.9927536231884058,33,33,0,33,0,0.782608695652174,0.0,138,2023-01-10,2025-08-30,True,673.611873078515,0.1604545454545454,11.526847857794628,935.4603851097844,14.909988683047713,reversal,,RUB->KZT
reversal,TJS,wf_oos,,10,0.2142857142857142,0.274390243902439,656,180,1.3043478260869563,28,28,0,28,0,0.8043478260869565,0.0,138,2023-01-10,2025-08-30,True,583.7770157659863,0.1825,15.327886637974212,833.408539225025,35.79031926955733,reversal,,RUB->TJS
reversal,UZS,wf_oos,,10,0.1212121212121212,0.2378048780487804,656,156,1.1304347826086956,33,33,0,33,0,0.7753623188405797,0.0,138,2023-01-10,2025-08-30,True,561.8116184724364,0.1675757575757575,0.7287886867017735,812.3262784280072,8.54163245069241,reversal,,RUB->UZS
seasonality,AMD,wf_oos,,10,0.2058823529411764,0.2652439024390244,656,174,1.2608695652173914,136,136,0,136,0,0.717391304347826,0.1956521739130435,138,2023-01-10,2025-08-30,False,,0.195735294117647,-10.00722650909189,836.6656288580908,-3.60039219222242,seasonality,,RUB->AMD
seasonality,KGS,wf_oos,,10,0.2229299363057325,0.2545731707317073,656,167,1.210144927536232,157,157,0,157,0,0.6594202898550725,0.2391304347826087,138,2023-01-10,2025-08-30,False,,0.2110191082802547,3.641831202868625,847.0287476947176,11.27750481185574,seasonality,,RUB->KGS
seasonality,KZT,wf_oos,,10,0.1419354838709677,0.2088414634146341,656,137,0.9927536231884058,155,155,0,155,0,0.6739130434782609,0.2246376811594203,138,2023-01-10,2025-08-30,False,,0.1560645161290322,-9.068708844588372,980.7888218620196,-11.31748255433317,seasonality,,RUB->KZT
seasonality,TJS,wf_oos,,10,0.2424242424242424,0.274390243902439,656,180,1.3043478260869563,132,132,0,132,0,0.7246376811594203,0.1884057971014492,138,2023-01-10,2025-08-30,False,,0.2574621212121212,23.014078432040115,880.142305435972,24.828512411298355,seasonality,,RUB->TJS
seasonality,UZS,wf_oos,,10,0.2302158273381295,0.2378048780487804,656,156,1.1304347826086956,139,139,0,139,0,0.7101449275362319,0.1956521739130435,138,2023-01-10,2025-08-30,False,,0.2175899280575539,16.969667096033582,914.493455554658,17.50564863602769,seasonality,,RUB->UZS
catboost_a,AMD,oot,5.0,20,,0.1842105263157894,228,42,0.7924528301886793,0,0,0,0,0,1.0,0.0,53,2025-09-02,2026-09-02,True,,,,,,catboost,A,RUB->AMD
catboost_a,AMD,wf_2022,5.0,20,,0.1700404858299595,247,42,0.8235294117647058,0,0,0,0,0,1.0,0.0,51,2022-01-11,2022-12-31,True,,,,,,catboost,A,RUB->AMD
catboost_a,AMD,wf_2023,5.0,20,0.1428571428571428,0.291497975708502,247,72,1.411764705882353,7,7,0,7,0,0.8627450980392157,0.0,51,2023-01-10,2023-12-30,True,464.3721194825354,0.1614285714285714,-34.926058821002826,677.5528275872721,-21.83451567229147,catboost,A,RUB->AMD
catboost_a,AMD,wf_2024,5.0,20,0.1451612903225806,0.2137096774193548,248,53,1.03921568627451,62,62,0,62,0,0.5882352941176471,0.2352941176470588,51,2024-01-10,2024-12-29,True,906.8147723157814,0.1266935483870967,-24.56988386192782,936.6993547810632,-6.645511633143411,catboost,A,RUB->AMD
catboost_a,AMD,wf_2025,5.0,20,0.0,0.093167701863354,161,15,0.4411764705882353,22,22,0,22,0,0.5882352941176471,0.0588235294117647,34,2025-01-10,2025-08-30,True,1026.614940762032,0.0161363636363636,-146.98942299824867,1226.956312279906,-153.2258679650005,catboost,A,RUB->AMD
catboost_a,KGS,oot,5.0,20,,0.1666666666666666,228,38,0.7169811320754716,0,0,0,0,0,1.0,0.0,53,2025-09-02,2026-09-02,True,,,,,,catboost,A,RUB->KGS
catboost_a,KGS,wf_2022,5.0,20,,0.1659919028340081,247,41,0.803921568627451,0,0,0,0,0,1.0,0.0,51,2022-01-11,2022-12-31,True,,,,,,catboost,A,RUB->KGS
catboost_a,KGS,wf_2023,5.0,20,0.3333333333333333,0.2591093117408907,247,64,1.2549019607843137,6,6,0,6,0,0.8823529411764706,0.0,51,2023-01-10,2023-12-30,True,351.76469873196095,0.215,-23.501649919582725,627.1553514304175,-20.248343647056675,catboost,A,RUB->KGS
catboost_a,KGS,wf_2024,5.0,20,0.12,0.2096774193548387,248,52,1.0196078431372548,75,75,0,75,0,0.4901960784313725,0.2549019607843137,51,2024-01-10,2024-12-29,True,806.6469023313587,0.1153999999999999,19.567232631096125,819.1264085873103,34.48602173920729,catboost,A,RUB->KGS
catboost_a,KGS,wf_2025,5.0,20,0.0454545454545454,0.0993788819875776,161,16,0.4705882352941176,22,22,0,22,0,0.5294117647058824,0.0294117647058823,34,2025-01-10,2025-08-30,True,1144.761025247891,0.0968181818181818,-111.3157296736163,1377.11159093198,-130.47308123296455,catboost,A,RUB->KGS
catboost_a,KZT,oot,5.0,20,,0.2105263157894736,228,48,0.9056603773584906,0,0,0,0,0,1.0,0.0,53,2025-09-02,2026-09-02,True,,,,,,catboost,A,RUB->KZT
catboost_a,KZT,wf_2022,5.0,20,,0.145748987854251,247,36,0.7058823529411765,0,0,0,0,0,1.0,0.0,51,2022-01-11,2022-12-31,True,,,,,,catboost,A,RUB->KZT
catboost_a,KZT,wf_2023,5.0,20,0.2222222222222222,0.2226720647773279,247,55,1.0784313725490196,9,9,0,9,0,0.8431372549019608,0.0,51,2023-01-10,2023-12-30,True,319.99619875685823,0.1583333333333333,158.73046703991815,437.87416146933253,144.84351412965987,catboost,A,RUB->KZT
catboost_a,KZT,wf_2024,5.0,20,0.1076923076923077,0.1532258064516129,248,38,0.7450980392156863,65,65,0,65,0,0.5490196078431373,0.2352941176470588,51,2024-01-10,2024-12-29,True,985.6394696393806,0.1107692307692307,-36.72481738042439,1131.0931613275204,-24.76145838051071,catboost,A,RUB->KZT
catboost_a,KZT,wf_2025,5.0,20,0.0,0.0496894409937888,161,8,0.2352941176470588,26,26,0,26,0,0.5294117647058824,0.088235294117647,34,2025-01-10,2025-08-30,True,986.7835645962988,0.0359615384615384,-66.70845848044435,1088.9421509910724,-83.77547896483155,catboost,A,RUB->KZT
catboost_a,TJS,oot,5.0,20,,0.1666666666666666,228,38,0.7169811320754716,0,0,0,0,0,1.0,0.0,53,2025-09-02,2026-09-02,True,,,,,,catboost,A,RUB->TJS
catboost_a,TJS,wf_2022,5.0,20,0.4,0.1902834008097166,247,47,0.9215686274509804,5,5,0,5,0,0.9019607843137256,0.0,51,2022-01-11,2022-12-31,True,897.6326595692047,0.296,-36.271840831243146,2845.2632599134186,275.2709674790259,catboost,A,RUB->TJS
catboost_a,TJS,wf_2023,5.0,20,0.1666666666666666,0.2307692307692307,247,57,1.1176470588235294,6,6,0,6,0,0.8823529411764706,0.0,51,2023-01-10,2023-12-30,True,375.4277219802301,0.1841666666666666,-25.54930142433333,652.8506014155807,-22.552608084182214,catboost,A,RUB->TJS
catboost_a,TJS,wf_2024,5.0,20,0.1969696969696969,0.1854838709677419,248,46,0.9019607843137256,66,66,0,66,0,0.5686274509803921,0.2549019607843137,51,2024-01-10,2024-12-29,True,776.2132224605609,0.1899242424242424,26.12791725159296,806.1171899571896,37.462607411910575,catboost,A,RUB->TJS
catboost_a,TJS,wf_2025,5.0,20,0.1481481481481481,0.1801242236024844,161,29,0.8529411764705882,27,27,0,27,0,0.5588235294117647,0.088235294117647,34,2025-01-10,2025-08-30,True,1162.3040635446782,0.179074074074074,-35.45319602978205,1382.8111669873645,-41.69755714756298,catboost,A,RUB->TJS
catboost_a,UZS,oot,5.0,20,,0.2105263157894736,228,48,0.9056603773584906,0,0,0,0,0,1.0,0.0,53,2025-09-02,2026-09-02,True,,,,,,catboost,A,RUB->UZS
catboost_a,UZS,wf_2022,5.0,20,,0.1538461538461538,247,38,0.7450980392156863,0,0,0,0,0,1.0,0.0,51,2022-01-11,2022-12-31,True,,,,,,catboost,A,RUB->UZS
catboost_a,UZS,wf_2023,5.0,20,0.1428571428571428,0.2226720647773279,247,55,1.0784313725490196,7,7,0,7,0,0.8627450980392157,0.0,51,2023-01-10,2023-12-30,True,401.81637756400994,0.1771428571428571,-17.675911551549817,717.5439601511799,-12.39530763242585,catboost,A,RUB->UZS
catboost_a,UZS,wf_2024,5.0,20,0.0634920634920634,0.1814516129032258,248,45,0.8823529411764706,63,63,0,63,0,0.6078431372549019,0.2549019607843137,51,2024-01-10,2024-12-29,True,761.4067582138641,0.0941269841269841,-28.90391079240831,751.3106133589035,-28.411964223564528,catboost,A,RUB->UZS
catboost_a,UZS,wf_2025,5.0,20,0.0454545454545454,0.0745341614906832,161,12,0.3529411764705882,22,22,0,22,0,0.5294117647058824,0.0294117647058823,34,2025-01-10,2025-08-30,True,1147.7628234034962,0.0720454545454545,-71.55416243412027,1312.9550772465882,-76.21785075016648,catboost,A,RUB->UZS
catboost_ab,AMD,oot,5.0,20,0.2307692307692307,0.1842105263157894,228,42,0.7924528301886793,13,13,0,13,0,0.8679245283018868,0.0377358490566037,53,2025-09-02,2026-09-02,True,468.36507067888624,0.2623076923076923,80.87900368979412,587.1616275852741,70.38864722701834,catboost,"A,B",RUB->AMD
catboost_ab,AMD,wf_2022,5.0,20,0.03125,0.1700404858299595,247,42,0.8235294117647058,32,32,0,32,0,0.7254901960784313,0.0980392156862745,51,2022-01-11,2022-12-31,True,2362.741585889148,0.07953125,157.28243250122284,2704.865680709734,71.9962288952134,catboost,"A,B",RUB->AMD
catboost_ab,AMD,wf_2023,5.0,20,0.2164948453608247,0.291497975708502,247,72,1.411764705882353,97,97,0,97,0,0.4705882352941176,0.392156862745098,51,2023-01-10,2023-12-30,True,786.4202541550532,0.1996391752577319,26.688493636351577,787.8215535174361,42.50941653108264,catboost,"A,B",RUB->AMD
catboost_ab,AMD,wf_2024,5.0,20,0.15,0.2137096774193548,248,53,1.03921568627451,40,40,0,40,0,0.7254901960784313,0.1372549019607843,51,2024-01-10,2024-12-29,True,563.8275702739035,0.1595,17.01697666071263,735.4238745500581,16.498026354856783,catboost,"A,B",RUB->AMD
catboost_ab,AMD,wf_2025,5.0,20,,0.093167701863354,161,15,0.4411764705882353,0,0,0,0,0,1.0,0.0,34,2025-01-10,2025-08-30,True,,,,,,catboost,"A,B",RUB->AMD
catboost_ab,KGS,oot,5.0,20,0.1,0.1666666666666666,228,38,0.7169811320754716,13,10,3,10,3,0.8679245283018868,0.0377358490566037,53,2025-09-02,2026-09-02,True,813.0100178345376,0.1865,-56.583456635281706,1255.5087897935173,-53.34130820013905,catboost,"A,B",RUB->KGS
catboost_ab,KGS,wf_2022,5.0,20,0.0606060606060606,0.1659919028340081,247,41,0.803921568627451,33,33,0,33,0,0.6862745098039216,0.0784313725490196,51,2022-01-11,2022-12-31,True,2990.305681271941,0.0683333333333333,-161.17745262292914,3527.8810132787917,-170.0306202858768,catboost,"A,B",RUB->KGS
catboost_ab,KGS,wf_2023,5.0,20,0.2352941176470588,0.2591093117408907,247,64,1.2549019607843137,102,102,0,102,0,0.392156862745098,0.4313725490196078,51,2023-01-10,2023-12-30,False,,0.2226470588235294,65.75377122735499,750.8893759387606,86.46984497455209,catboost,"A,B",RUB->KGS
catboost_ab,KGS,wf_2024,5.0,20,0.0909090909090909,0.2096774193548387,248,52,1.0196078431372548,55,55,0,55,0,0.6078431372549019,0.1764705882352941,51,2024-01-10,2024-12-29,True,663.1391131915674,0.0874545454545454,25.679200425220102,775.5874294138027,41.729019936082935,catboost,"A,B",RUB->KGS
catboost_ab,KGS,wf_2025,5.0,20,,0.0993788819875776,161,16,0.4705882352941176,0,0,0,0,0,1.0,0.0,34,2025-01-10,2025-08-30,True,,,,,,catboost,"A,B",RUB->KGS
catboost_ab,KZT,oot,5.0,20,0.1333333333333333,0.2105263157894736,228,48,0.9056603773584906,30,30,0,30,0,0.7358490566037735,0.0754716981132075,53,2025-09-02,2026-09-02,True,1084.5785503404725,0.2198333333333333,41.743952481940575,1148.6907455755209,28.314547312527143,catboost,"A,B",RUB->KZT
catboost_ab,KZT,wf_2022,5.0,20,0.131578947368421,0.145748987854251,247,36,0.7058823529411765,38,38,0,38,0,0.6470588235294118,0.0980392156862745,51,2022-01-11,2022-12-31,True,3075.8837160828343,0.1151315789473684,-158.7472379108713,3663.205351601388,-136.62428638927813,catboost,"A,B",RUB->KZT
catboost_ab,KZT,wf_2023,5.0,20,0.1862745098039215,0.2226720647773279,247,55,1.0784313725490196,102,102,0,102,0,0.3725490196078431,0.4117647058823529,51,2023-01-10,2023-12-30,False,,0.1714215686274509,112.23824325501823,657.5581340140776,129.7185125854929,catboost,"A,B",RUB->KZT
catboost_ab,KZT,wf_2024,5.0,20,0.1025641025641025,0.1532258064516129,248,38,0.7450980392156863,39,39,0,39,0,0.7254901960784313,0.1176470588235294,51,2024-01-10,2024-12-29,True,518.0065650407392,0.1169230769230769,1.115733721416729,647.800577385956,1.4065396783236015,catboost,"A,B",RUB->KZT
catboost_ab,KZT,wf_2025,5.0,20,,0.0496894409937888,161,8,0.2352941176470588,0,0,0,0,0,1.0,0.0,34,2025-01-10,2025-08-30,True,,,,,,catboost,"A,B",RUB->KZT
catboost_ab,TJS,oot,5.0,20,0.3076923076923077,0.1666666666666666,228,38,0.7169811320754716,27,26,1,26,1,0.7358490566037735,0.0754716981132075,53,2025-09-02,2026-09-02,True,981.369650497629,0.3736538461538462,53.781748423250235,1114.0968357900415,33.01253170507463,catboost,"A,B",RUB->TJS
catboost_ab,TJS,wf_2022,5.0,20,0.0769230769230769,0.1902834008097166,247,47,0.9215686274509804,39,39,0,39,0,0.6470588235294118,0.1176470588235294,51,2022-01-11,2022-12-31,True,5504.800426184992,0.0717948717948717,-451.96998661268066,6196.708088329845,-479.5393494634665,catboost,"A,B",RUB->TJS
catboost_ab,TJS,wf_2023,5.0,20,0.2093023255813953,0.2307692307692307,247,57,1.1176470588235294,86,86,0,86,0,0.4705882352941176,0.3333333333333333,51,2023-01-10,2023-12-30,True,758.3681829561577,0.1880813953488372,68.5700824234777,769.8692670021858,87.27326442689788,catboost,"A,B",RUB->TJS
catboost_ab,TJS,wf_2024,5.0,20,0.1891891891891892,0.1854838709677419,248,46,0.9019607843137256,37,37,0,37,0,0.7254901960784313,0.1568627450980392,51,2024-01-10,2024-12-29,True,700.4178064263393,0.1901351351351351,54.22403318084798,781.5021661364601,56.99657950154571,catboost,"A,B",RUB->TJS
catboost_ab,TJS,wf_2025,5.0,20,,0.1801242236024844,161,29,0.8529411764705882,0,0,0,0,0,1.0,0.0,34,2025-01-10,2025-08-30,True,,,,,,catboost,"A,B",RUB->TJS
catboost_ab,UZS,oot,5.0,20,0.15,0.2105263157894736,228,48,0.9056603773584906,24,20,4,20,4,0.7547169811320755,0.0754716981132075,53,2025-09-02,2026-09-02,True,1002.6078090038402,0.1599999999999999,-64.06901359827998,1274.934741501812,-92.36529907631328,catboost,"A,B",RUB->UZS
catboost_ab,UZS,wf_2022,5.0,20,0.1578947368421052,0.1538461538461538,247,38,0.7450980392156863,38,38,0,38,0,0.6470588235294118,0.0980392156862745,51,2022-01-11,2022-12-31,True,4874.197338579665,0.1517105263157894,-314.8513009405296,5717.135284312921,-355.9052119451657,catboost,"A,B",RUB->UZS
catboost_ab,UZS,wf_2023,5.0,20,0.173076923076923,0.2226720647773279,247,55,1.0784313725490196,104,104,0,104,0,0.4509803921568627,0.4313725490196078,51,2023-01-10,2023-12-30,False,,0.16,42.94944586633852,828.1279014524422,57.237994101116215,catboost,"A,B",RUB->UZS
catboost_ab,UZS,wf_2024,5.0,20,0.0789473684210526,0.1814516129032258,248,45,0.8823529411764706,38,38,0,38,0,0.6862745098039216,0.1176470588235294,51,2024-01-10,2024-12-29,True,761.4067582138641,0.1117105263157894,1.216615730244802,822.8130162903016,-1.832730445938186,catboost,"A,B",RUB->UZS
catboost_ab,UZS,wf_2025,5.0,20,,0.0745341614906832,161,12,0.3529411764705882,0,0,0,0,0,1.0,0.0,34,2025-01-10,2025-08-30,True,,,,,,catboost,"A,B",RUB->UZS
catboost_abc,AMD,oot,5.0,20,0.25,0.1842105263157894,228,42,0.7924528301886793,20,20,0,20,0,0.8113207547169812,0.0566037735849056,53,2025-09-02,2026-09-02,True,571.9870732514529,0.2734999999999999,57.15419864019882,587.2046914702303,38.08099642215296,catboost,"A,B,C",RUB->AMD
catboost_abc,AMD,wf_2022,5.0,20,0.1666666666666666,0.1700404858299595,247,42,0.8235294117647058,6,6,0,6,0,0.9215686274509804,0.0,51,2022-01-11,2022-12-31,True,606.7590466619235,0.1016666666666666,528.557301989732,850.9323581839897,531.8062623491106,catboost,"A,B,C",RUB->AMD
catboost_abc,AMD,wf_2023,5.0,20,0.15,0.291497975708502,247,72,1.411764705882353,20,20,0,20,0,0.8235294117647058,0.0784313725490196,51,2023-01-10,2023-12-30,True,752.7040130024245,0.1317499999999999,-13.578680277055437,775.4825209504635,-8.788638927295755,catboost,"A,B,C",RUB->AMD
catboost_abc,AMD,wf_2024,5.0,20,,0.2137096774193548,248,53,1.03921568627451,0,0,0,0,0,1.0,0.0,51,2024-01-10,2024-12-29,True,,,,,,catboost,"A,B,C",RUB->AMD
catboost_abc,AMD,wf_2025,5.0,20,0.0,0.093167701863354,161,15,0.4411764705882353,1,1,0,1,0,0.9705882352941176,0.0,34,2025-01-10,2025-08-30,True,37.58537795246042,0.38,266.6642563660592,26.724968519864124,258.8408317652191,catboost,"A,B,C",RUB->AMD
catboost_abc,KGS,oot,5.0,20,0.2857142857142857,0.1666666666666666,228,38,0.7169811320754716,24,21,3,21,3,0.7547169811320755,0.0754716981132075,53,2025-09-02,2026-09-02,True,762.4951290075153,0.3173809523809524,100.24246417320006,1116.8778216885337,106.35345248207052,catboost,"A,B,C",RUB->KGS
catboost_abc,KGS,wf_2022,5.0,20,0.1538461538461538,0.1659919028340081,247,41,0.803921568627451,13,13,0,13,0,0.8823529411764706,0.0588235294117647,51,2022-01-11,2022-12-31,True,2340.819888219649,0.1484615384615384,-13.541532113701283,3604.909415490358,62.48347317838792,catboost,"A,B,C",RUB->KGS
catboost_abc,KGS,wf_2023,5.0,20,0.3103448275862069,0.2591093117408907,247,64,1.2549019607843137,29,29,0,29,0,0.7254901960784313,0.0784313725490196,51,2023-01-10,2023-12-30,True,728.7407472175507,0.2691379310344827,123.83971840937792,769.1728296464171,144.50727994404212,catboost,"A,B,C",RUB->KGS
catboost_abc,KGS,wf_2024,5.0,20,0.0,0.2096774193548387,248,52,1.0196078431372548,1,1,0,1,0,0.9803921568627452,0.0,51,2024-01-10,2024-12-29,True,37.78812348211646,0.0,-10.284197455538845,285.63569092646526,240.5929005659968,catboost,"A,B,C",RUB->KGS
catboost_abc,KGS,wf_2025,5.0,20,0.25,0.0993788819875776,161,16,0.4705882352941176,4,4,0,4,0,0.9705882352941176,0.0294117647058823,34,2025-01-10,2025-08-30,True,24.166875197197403,0.4,264.498430202226,42.83485469955338,253.99119312765507,catboost,"A,B,C",RUB->KGS
catboost_abc,KZT,oot,5.0,20,0.1052631578947368,0.2105263157894736,228,48,0.9056603773584906,19,19,0,19,0,0.8113207547169812,0.0377358490566037,53,2025-09-02,2026-09-02,True,987.6966026469112,0.1518421052631579,23.886429897933677,1133.3368655655208,-8.237218408429301,catboost,"A,B,C",RUB->KZT
catboost_abc,KZT,wf_2022,5.0,20,0.25,0.145748987854251,247,36,0.7058823529411765,8,8,0,8,0,0.9019607843137256,0.0196078431372549,51,2022-01-11,2022-12-31,True,2684.1182456871697,0.14875,-496.1678310037787,3560.760615014896,-439.5721640567176,catboost,"A,B,C",RUB->KZT
catboost_abc,KZT,wf_2023,5.0,20,0.3333333333333333,0.2226720647773279,247,55,1.0784313725490196,12,12,0,12,0,0.9019607843137256,0.0392156862745098,51,2023-01-10,2023-12-30,True,240.39612970042157,0.29625,262.2278229277373,376.54844684004826,282.32964719592763,catboost,"A,B,C",RUB->KZT
catboost_abc,KZT,wf_2024,5.0,20,,0.1532258064516129,248,38,0.7450980392156863,0,0,0,0,0,1.0,0.0,51,2024-01-10,2024-12-29,True,,,,,,catboost,"A,B,C",RUB->KZT
catboost_abc,KZT,wf_2025,5.0,20,,0.0496894409937888,161,8,0.2352941176470588,0,0,0,0,0,1.0,0.0,34,2025-01-10,2025-08-30,True,,,,,,catboost,"A,B,C",RUB->KZT
catboost_abc,TJS,oot,5.0,20,0.2195121951219512,0.1666666666666666,228,38,0.7169811320754716,42,41,1,41,1,0.6037735849056604,0.1132075471698113,53,2025-09-02,2026-09-02,True,755.9803071502182,0.2557317073170732,40.92061540792932,952.5214520660768,31.827870706893673,catboost,"A,B,C",RUB->TJS
catboost_abc,TJS,wf_2022,5.0,20,0.0909090909090909,0.1902834008097166,247,47,0.9215686274509804,11,11,0,11,0,0.8627450980392157,0.0196078431372549,51,2022-01-11,2022-12-31,True,4769.1971122292725,0.1013636363636363,-709.2741729317423,5947.587512378902,-706.3932425705236,catboost,"A,B,C",RUB->TJS
catboost_abc,TJS,wf_2023,5.0,20,0.3076923076923077,0.2307692307692307,247,57,1.1176470588235294,13,13,0,13,0,0.8627450980392157,0.0392156862745098,51,2023-01-10,2023-12-30,True,693.3410231809277,0.2519230769230769,110.15527623417653,789.2852879630113,111.83259549682442,catboost,"A,B,C",RUB->TJS
catboost_abc,TJS,wf_2024,5.0,20,,0.1854838709677419,248,46,0.9019607843137256,0,0,0,0,0,1.0,0.0,51,2024-01-10,2024-12-29,True,,,,,,catboost,"A,B,C",RUB->TJS
catboost_abc,TJS,wf_2025,5.0,20,0.3333333333333333,0.1801242236024844,161,29,0.8529411764705882,6,6,0,6,0,0.9117647058823528,0.0,34,2025-01-10,2025-08-30,True,139.4105188060375,0.3291666666666667,185.14284468851875,326.9342635811091,169.55651353582604,catboost,"A,B,C",RUB->TJS
catboost_abc,UZS,oot,5.0,20,0.25,0.2105263157894736,228,48,0.9056603773584906,24,20,4,20,4,0.7924528301886793,0.0754716981132075,53,2025-09-02,2026-09-02,True,996.4869810524796,0.2375,-2.6039592551521595,1274.934741501812,-33.188122566305545,catboost,"A,B,C",RUB->UZS
catboost_abc,UZS,wf_2022,5.0,20,0.2727272727272727,0.1538461538461538,247,38,0.7450980392156863,11,11,0,11,0,0.8823529411764706,0.0392156862745098,51,2022-01-11,2022-12-31,True,4092.184240966928,0.2445454545454544,-367.6361390941582,5753.222486360448,-308.97559998961844,catboost,"A,B,C",RUB->UZS
catboost_abc,UZS,wf_2023,5.0,20,0.2083333333333333,0.2226720647773279,247,55,1.0784313725490196,24,24,0,24,0,0.7843137254901961,0.0784313725490196,51,2023-01-10,2023-12-30,True,777.940444028525,0.1929166666666666,77.0024747575403,821.2455287742914,78.93409507389208,catboost,"A,B,C",RUB->UZS
catboost_abc,UZS,wf_2024,5.0,20,0.0,0.1814516129032258,248,45,0.8823529411764706,1,1,0,1,0,0.9803921568627452,0.0,51,2024-01-10,2024-12-29,True,85.87185797724884,0.0,-53.18806749265127,350.12455393143756,213.8342397271664,catboost,"A,B,C",RUB->UZS
catboost_abc,UZS,wf_2025,5.0,20,0.0,0.0745341614906832,161,12,0.3529411764705882,2,2,0,2,0,0.9705882352941176,0.0,34,2025-01-10,2025-08-30,True,156.93952389823738,0.1975,278.8720769682815,139.32857853187565,174.51660237447598,catboost,"A,B,C",RUB->UZS
catboost_abcd,AMD,oot,5.0,20,0.1764705882352941,0.1842105263157894,228,42,0.7924528301886793,17,17,0,17,0,0.7735849056603774,0.0188679245283018,53,2025-09-02,2026-09-02,True,499.2455811039172,0.2508823529411764,99.92241513480104,557.2607752630954,81.71279013091402,catboost,"A,B,C,D",RUB->AMD
catboost_abcd,AMD,wf_2022,5.0,20,0.0,0.1700404858299595,247,42,0.8235294117647058,4,4,0,4,0,0.9411764705882352,0.0,51,2022-01-11,2022-12-31,True,1195.2339209685426,0.0475,-140.69205207686278,2980.6956344241653,-127.7816171952615,catboost,"A,B,C,D",RUB->AMD
catboost_abcd,AMD,wf_2023,5.0,20,0.1739130434782608,0.291497975708502,247,72,1.411764705882353,69,69,0,69,0,0.6078431372549019,0.2549019607843137,51,2023-01-10,2023-12-30,True,785.7438786249094,0.149927536231884,-23.976776290210637,780.3997285814496,-23.325896045051763,catboost,"A,B,C,D",RUB->AMD
catboost_abcd,AMD,wf_2024,5.0,20,0.4,0.2137096774193548,248,53,1.03921568627451,10,10,0,10,0,0.9019607843137256,0.0392156862745098,51,2024-01-10,2024-12-29,True,189.82598216460556,0.3865,175.53149989929173,338.7415775816662,174.567149228696,catboost,"A,B,C,D",RUB->AMD
catboost_abcd,AMD,wf_2025,5.0,20,0.0,0.093167701863354,161,15,0.4411764705882353,13,13,0,13,0,0.7941176470588235,0.0294117647058823,34,2025-01-10,2025-08-30,True,867.4680272501024,0.0626923076923076,-134.17550228274078,933.8255359219004,-151.00009491492827,catboost,"A,B,C,D",RUB->AMD
catboost_abcd,KGS,oot,5.0,20,0.1578947368421052,0.1666666666666666,228,38,0.7169811320754716,20,19,1,19,1,0.7547169811320755,0.0377358490566037,53,2025-09-02,2026-09-02,True,744.4813846020667,0.2113157894736841,42.50942252849316,1212.3808577313453,53.20994477293857,catboost,"A,B,C,D",RUB->KGS
catboost_abcd,KGS,wf_2022,5.0,20,0.0,0.1659919028340081,247,41,0.803921568627451,1,1,0,1,0,0.9803921568627452,0.0,51,2022-01-11,2022-12-31,True,379.06342772675794,0.0,131.75731414402895,1106.687251676084,729.33586840225,catboost,"A,B,C,D",RUB->KGS
catboost_abcd,KGS,wf_2023,5.0,20,0.2238805970149253,0.2591093117408907,247,64,1.2549019607843137,67,67,0,67,0,0.5490196078431373,0.2941176470588235,51,2023-01-10,2023-12-30,True,732.908942677664,0.2234328358208955,36.31215841640284,743.2669395412752,47.501538565036995,catboost,"A,B,C,D",RUB->KGS
catboost_abcd,KGS,wf_2024,5.0,20,0.2142857142857142,0.2096774193548387,248,52,1.0196078431372548,14,14,0,14,0,0.8235294117647058,0.0196078431372549,51,2024-01-10,2024-12-29,True,246.65239141997785,0.2174999999999999,108.31473364556476,280.33188865424995,103.4118572479076,catboost,"A,B,C,D",RUB->KGS
catboost_abcd,KGS,wf_2025,5.0,20,0.0714285714285714,0.0993788819875776,161,16,0.4705882352941176,14,14,0,14,0,0.7352941176470589,0.0294117647058823,34,2025-01-10,2025-08-30,True,879.4200546634772,0.0678571428571428,-115.80666347662547,957.0347198496742,-140.92218579655494,catboost,"A,B,C,D",RUB->KGS
catboost_abcd,KZT,oot,5.0,20,0.2307692307692307,0.2105263157894736,228,48,0.9056603773584906,13,13,0,13,0,0.8490566037735849,0.0377358490566037,53,2025-09-02,2026-09-02,True,660.4739555977482,0.2919230769230769,186.3801001099858,1136.2949825293415,192.39401312729248,catboost,"A,B,C,D",RUB->KZT
catboost_abcd,KZT,wf_2022,5.0,20,0.0,0.145748987854251,247,36,0.7058823529411765,1,1,0,1,0,0.9803921568627452,0.0,51,2022-01-11,2022-12-31,True,880.3899067442255,0.0,-210.29980712445723,1305.2284847904164,137.74814365813626,catboost,"A,B,C,D",RUB->KZT
catboost_abcd,KZT,wf_2023,5.0,20,0.1875,0.2226720647773279,247,55,1.0784313725490196,64,64,0,64,0,0.5882352941176471,0.2745098039215686,51,2023-01-10,2023-12-30,True,563.5580429343192,0.173203125,87.48044974118945,582.0645067324441,94.30050053627473,catboost,"A,B,C,D",RUB->KZT
catboost_abcd,KZT,wf_2024,5.0,20,0.1666666666666666,0.1532258064516129,248,38,0.7450980392156863,12,12,0,12,0,0.803921568627451,0.0,51,2024-01-10,2024-12-29,True,333.4516132888137,0.1879166666666666,48.588782926825985,492.03048529569946,42.87932375099307,catboost,"A,B,C,D",RUB->KZT
catboost_abcd,KZT,wf_2025,5.0,20,0.0,0.0496894409937888,161,8,0.2352941176470588,12,12,0,12,0,0.7941176470588235,0.0294117647058823,34,2025-01-10,2025-08-30,True,933.398395997592,0.0,-192.8053565658898,1037.0263423829815,-214.70381435143688,catboost,"A,B,C,D",RUB->KZT
catboost_abcd,TJS,oot,5.0,20,0.1578947368421052,0.1666666666666666,228,38,0.7169811320754716,19,19,0,19,0,0.7735849056603774,0.0377358490566037,53,2025-09-02,2026-09-02,True,613.5599940934097,0.2676315789473684,86.25790189224927,1095.4941045241687,96.82223257099092,catboost,"A,B,C,D",RUB->TJS
catboost_abcd,TJS,wf_2022,5.0,20,0.0,0.1902834008097166,247,47,0.9215686274509804,2,2,0,2,0,0.9607843137254902,0.0,51,2022-01-11,2022-12-31,True,2268.6417997722097,0.0,-923.1116476301836,3006.1980898539814,-740.6623728432371,catboost,"A,B,C,D",RUB->TJS
catboost_abcd,TJS,wf_2023,5.0,20,0.2,0.2307692307692307,247,57,1.1176470588235294,55,55,0,55,0,0.6274509803921569,0.2156862745098039,51,2023-01-10,2023-12-30,True,758.3681829561577,0.1702727272727272,26.686028772780418,772.1123189658647,42.39858917458442,catboost,"A,B,C,D",RUB->TJS
catboost_abcd,TJS,wf_2024,5.0,20,0.4545454545454545,0.1854838709677419,248,46,0.9019607843137256,11,11,0,11,0,0.8431372549019608,0.0196078431372549,51,2024-01-10,2024-12-29,True,122.86254536427154,0.3281818181818181,159.39275707865596,287.5873934237955,178.98274451083688,catboost,"A,B,C,D",RUB->TJS
catboost_abcd,TJS,wf_2025,5.0,20,0.1,0.1801242236024844,161,29,0.8529411764705882,10,10,0,10,0,0.8235294117647058,0.0294117647058823,34,2025-01-10,2025-08-30,True,926.6016292869352,0.078,-136.72577273233307,1003.7225518790436,-141.37637228518784,catboost,"A,B,C,D",RUB->TJS
catboost_abcd,UZS,oot,5.0,20,0.1666666666666666,0.2105263157894736,228,48,0.9056603773584906,13,12,1,12,1,0.8490566037735849,0.0188679245283018,53,2025-09-02,2026-09-02,True,666.8349662416331,0.2566666666666666,71.8867890543794,1214.9968160657722,63.70466965953032,catboost,"A,B,C,D",RUB->UZS
catboost_abcd,UZS,wf_2022,5.0,20,0.0,0.1538461538461538,247,38,0.7450980392156863,3,3,0,3,0,0.9411764705882352,0.0,51,2022-01-11,2022-12-31,True,1710.6481400114233,0.0,-545.1129542746828,3159.966292842046,-340.16249242711814,catboost,"A,B,C,D",RUB->UZS
catboost_abcd,UZS,wf_2023,5.0,20,0.15625,0.2226720647773279,247,55,1.0784313725490196,64,64,0,64,0,0.6078431372549019,0.2352941176470588,51,2023-01-10,2023-12-30,True,789.6459300487279,0.151015625,-0.0148387360921975,807.0427725983687,8.271268631959597,catboost,"A,B,C,D",RUB->UZS
catboost_abcd,UZS,wf_2024,5.0,20,0.4,0.1814516129032258,248,45,0.8823529411764706,10,10,0,10,0,0.8235294117647058,0.0,51,2024-01-10,2024-12-29,True,169.5518715730979,0.3465,108.24628124836984,351.7777217968851,122.90132942137876,catboost,"A,B,C,D",RUB->UZS
catboost_abcd,UZS,wf_2025,5.0,20,0.0833333333333333,0.0745341614906832,161,12,0.3529411764705882,12,12,0,12,0,0.7941176470588235,0.0294117647058823,34,2025-01-10,2025-08-30,True,975.2080028077162,0.0820833333333333,-116.31348490841216,1045.5930720254626,-118.40705293180405,catboost,"A,B,C,D",RUB->UZS
level,AMD,oot,,20,0.1904761904761904,0.1842105263157894,228,42,0.7924528301886793,42,42,0,42,0,0.7169811320754716,0.1320754716981132,53,2025-09-02,2026-09-02,True,401.34320203296704,0.1427380952380952,62.781779481928496,452.1993395775277,92.13554599521672,level,,RUB->AMD
level,AMD,wf_2022,,20,0.09375,0.1700404858299595,247,42,0.8235294117647058,32,32,0,32,0,0.8235294117647058,0.1372549019607843,51,2022-01-11,2022-12-31,True,1463.9629181910595,0.1,139.24408559280906,1921.4161056095036,207.42322932349344,level,,RUB->AMD
level,AMD,wf_2023,,20,0.12,0.291497975708502,247,72,1.411764705882353,25,25,0,25,0,0.8823529411764706,0.0980392156862745,51,2023-01-10,2023-12-30,True,612.4300204326589,0.1124,-69.30273088263215,663.4596706951686,-64.46497704893041,level,,RUB->AMD
level,AMD,wf_2024,,20,0.25,0.2137096774193548,248,53,1.03921568627451,28,28,0,28,0,0.8431372549019608,0.1372549019607843,51,2024-01-10,2024-12-29,True,293.66480426030915,0.2148214285714285,215.19297433911208,530.9862963022584,265.62452870514545,level,,RUB->AMD
level,AMD,wf_2025,,20,0.0681818181818181,0.093167701863354,161,15,0.4411764705882353,88,88,0,88,0,0.2941176470588235,0.5294117647058824,34,2025-01-10,2025-08-30,True,1146.2687586372226,0.0472727272727272,-101.52556492887658,1195.9511682029463,-91.82992607072264,level,,RUB->AMD
level,KGS,oot,,20,0.1475409836065573,0.1666666666666666,228,38,0.7169811320754716,61,61,0,61,0,0.6226415094339622,0.2075471698113207,53,2025-09-02,2026-09-02,True,624.8956163969664,0.1068852459016393,-12.544304573874047,655.8424572654584,9.400751076910169,level,,RUB->KGS
level,KGS,wf_2022,,20,0.0952380952380952,0.1659919028340081,247,41,0.803921568627451,42,42,0,42,0,0.7647058823529411,0.1764705882352941,51,2022-01-11,2022-12-31,True,2108.156317684756,0.0767857142857142,-175.0517401567383,2304.1269695115834,-92.08795853259883,level,,RUB->KGS
level,KGS,wf_2023,,20,0.2857142857142857,0.2591093117408907,247,64,1.2549019607843137,14,14,0,14,0,0.9215686274509804,0.0588235294117647,51,2023-01-10,2023-12-30,True,228.67440442304155,0.3296428571428571,99.52073538037696,457.7337382520559,120.22709776991977,level,,RUB->KGS
level,KGS,wf_2024,,20,0.3636363636363636,0.2096774193548387,248,52,1.0196078431372548,22,22,0,22,0,0.8627450980392157,0.0784313725490196,51,2024-01-10,2024-12-29,True,573.9168155493792,0.3277272727272728,203.70360347075103,758.4089991822376,243.00438675208633,level,,RUB->KGS
level,KGS,wf_2025,,20,0.0505050505050505,0.0993788819875776,161,16,0.4705882352941176,99,99,0,99,0,0.2647058823529412,0.6176470588235294,34,2025-01-10,2025-08-30,True,1232.519058760406,0.0442929292929292,-126.0058179894908,1279.8769598178155,-119.46814768194356,level,,RUB->KGS
level,KZT,oot,,20,0.3157894736842105,0.2105263157894736,228,48,0.9056603773584906,19,19,0,19,0,0.8679245283018868,0.0754716981132075,53,2025-09-02,2026-09-02,True,299.2700737314546,0.2405263157894736,238.4292276089839,475.4122456792804,297.25346781249,level,,RUB->KZT
level,KZT,wf_2022,,20,0.0980392156862745,0.145748987854251,247,36,0.7058823529411765,51,51,0,51,0,0.7058823529411765,0.2156862745098039,51,2022-01-11,2022-12-31,True,2800.5780816624533,0.09,-329.6230481883896,3222.0291938317164,-243.2973670423737,level,,RUB->KZT
level,KZT,wf_2023,,20,0.1428571428571428,0.2226720647773279,247,55,1.0784313725490196,21,21,0,21,0,0.8823529411764706,0.0784313725490196,51,2023-01-10,2023-12-30,True,393.26191666886024,0.1233333333333333,45.47083876605786,477.3945200431641,62.79455588450095,level,,RUB->KZT
level,KZT,wf_2024,,20,0.0666666666666666,0.1532258064516129,248,38,0.7450980392156863,45,45,0,45,0,0.803921568627451,0.196078431372549,51,2024-01-10,2024-12-29,True,1025.0139952000611,0.0636666666666666,-82.45998951757011,1037.5662578035951,-74.47021157417191,level,,RUB->KZT
level,KZT,wf_2025,,20,0.0347826086956521,0.0496894409937888,161,8,0.2352941176470588,115,115,0,115,0,0.1176470588235294,0.6764705882352942,34,2025-01-10,2025-08-30,False,,0.0203478260869565,-166.4179726041161,1104.940646552706,-150.4059727977462,level,,RUB->KZT
level,TJS,oot,,20,0.1428571428571428,0.1666666666666666,228,38,0.7169811320754716,70,70,0,70,0,0.5849056603773585,0.2075471698113207,53,2025-09-02,2026-09-02,True,474.7305618140119,0.1161428571428571,31.991807934632693,498.170879637185,48.08983409979593,level,,RUB->TJS
level,TJS,wf_2022,,20,0.1538461538461538,0.1902834008097166,247,47,0.9215686274509804,39,39,0,39,0,0.7843137254901961,0.1764705882352941,51,2022-01-11,2022-12-31,True,3063.427390979733,0.135,-255.34819661325812,3456.4217041364573,-130.52989094220084,level,,RUB->TJS
level,TJS,wf_2023,,20,0.25,0.2307692307692307,247,57,1.1176470588235294,12,12,0,12,0,0.9411764705882352,0.0588235294117647,51,2023-01-10,2023-12-30,True,108.99334410321649,0.2325,143.12894482132214,432.1813108130171,178.82318256123503,level,,RUB->TJS
level,TJS,wf_2024,,20,0.2333333333333333,0.1854838709677419,248,46,0.9019607843137256,30,30,0,30,0,0.803921568627451,0.1176470588235294,51,2024-01-10,2024-12-29,True,421.986590350269,0.1913333333333333,190.17815690863156,678.9257192565705,236.0368943366152,level,,RUB->TJS
level,TJS,wf_2025,,20,0.0930232558139534,0.1801242236024844,161,29,0.8529411764705882,43,43,0,43,0,0.6764705882352942,0.2352941176470588,34,2025-01-10,2025-08-30,True,1241.2975390762383,0.0644186046511628,-157.0747375427543,1373.1305197302886,-143.38902804570503,level,,RUB->TJS
level,UZS,oot,,20,0.2244897959183673,0.2105263157894736,228,48,0.9056603773584906,49,49,0,49,0,0.6981132075471698,0.1698113207547169,53,2025-09-02,2026-09-02,True,591.7607331054513,0.1803061224489796,-2.732930296861201,668.5138218415003,20.982055441997456,level,,RUB->UZS
level,UZS,wf_2022,,20,0.0652173913043478,0.1538461538461538,247,38,0.7450980392156863,46,46,0,46,0,0.7647058823529411,0.196078431372549,51,2022-01-11,2022-12-31,True,2835.759473750471,0.0652173913043478,-269.87948163831965,3043.798005496534,-219.1040737278043,level,,RUB->UZS
level,UZS,wf_2023,,20,0.1481481481481481,0.2226720647773279,247,55,1.0784313725490196,27,27,0,27,0,0.8823529411764706,0.1176470588235294,51,2023-01-10,2023-12-30,True,680.8503503538471,0.1324074074074074,-96.446028897713,762.0169972265116,-91.0752322395241,level,,RUB->UZS
level,UZS,wf_2024,,20,0.1568627450980392,0.1814516129032258,248,45,0.8823529411764706,51,51,0,51,0,0.7058823529411765,0.2352941176470588,51,2024-01-10,2024-12-29,True,839.0222135285824,0.1487254901960784,71.49935870327778,873.8868784918415,98.87650689845331,level,,RUB->UZS
level,UZS,wf_2025,,20,0.0512820512820512,0.0745341614906832,161,12,0.3529411764705882,78,78,0,78,0,0.3823529411764705,0.5,34,2025-01-10,2025-08-30,True,1142.308629737819,0.0415384615384615,-109.4491783189226,1194.2386337064956,-99.73236706368913,level,,RUB->UZS
logreg_a,AMD,oot,5.0,20,0.1052631578947368,0.1842105263157894,228,42,0.7924528301886793,38,38,0,38,0,0.660377358490566,0.1320754716981132,53,2025-09-02,2026-09-02,True,571.9870732514529,0.1317105263157894,-8.281591450801045,582.473612749188,-25.841710465976476,logreg,A,RUB->AMD
logreg_a,AMD,wf_2022,5.0,20,0.5,0.1700404858299595,247,42,0.8235294117647058,2,2,0,2,0,0.9607843137254902,0.0,51,2022-01-11,2022-12-31,True,373.1713172711293,0.3725,588.8880897349343,574.823028660186,420.2540529465315,logreg,A,RUB->AMD
logreg_a,AMD,wf_2023,5.0,20,0.1428571428571428,0.291497975708502,247,72,1.411764705882353,7,7,0,7,0,0.8627450980392157,0.0,51,2023-01-10,2023-12-30,True,464.3721194825354,0.1607142857142857,-30.386093084700924,682.7520165362733,-21.83451567229147,logreg,A,RUB->AMD
logreg_a,AMD,wf_2024,5.0,20,0.16,0.2137096774193548,248,53,1.03921568627451,50,50,0,50,0,0.5882352941176471,0.1568627450980392,51,2024-01-10,2024-12-29,True,878.9462051062586,0.1675,27.102430226543547,935.6941198232396,43.14085551563234,logreg,A,RUB->AMD
logreg_a,AMD,wf_2025,5.0,20,0.0,0.093167701863354,161,15,0.4411764705882353,22,22,0,22,0,0.5882352941176471,0.0588235294117647,34,2025-01-10,2025-08-30,True,1026.614940762032,0.0175,-145.5977833110925,1220.932539021399,-153.2258679650005,logreg,A,RUB->AMD
logreg_a,KGS,oot,5.0,20,0.0,0.1666666666666666,228,38,0.7169811320754716,4,4,0,4,0,0.9245283018867924,0.0,53,2025-09-02,2026-09-02,True,268.34885759430716,0.05125,-86.29454841507571,512.245030634442,-78.36794599367923,logreg,A,RUB->KGS
logreg_a,KGS,wf_2022,5.0,20,,0.1659919028340081,247,41,0.803921568627451,0,0,0,0,0,1.0,0.0,51,2022-01-11,2022-12-31,True,,,,,,logreg,A,RUB->KGS
logreg_a,KGS,wf_2023,5.0,20,0.3333333333333333,0.2591093117408907,247,64,1.2549019607843137,6,6,0,6,0,0.8823529411764706,0.0,51,2023-01-10,2023-12-30,True,351.76469873196095,0.2233333333333333,-28.31659421948333,623.7355575499846,-20.248343647056675,logreg,A,RUB->KGS
logreg_a,KGS,wf_2024,5.0,20,0.1320754716981132,0.2096774193548387,248,52,1.0196078431372548,53,53,0,53,0,0.5686274509803921,0.1764705882352941,51,2024-01-10,2024-12-29,True,746.0141529050608,0.1583962264150943,60.97085760203556,788.7868036787294,56.186640632804995,logreg,A,RUB->KGS
logreg_a,KGS,wf_2025,5.0,20,0.0454545454545454,0.0993788819875776,161,16,0.4705882352941176,22,22,0,22,0,0.5294117647058824,0.0294117647058823,34,2025-01-10,2025-08-30,True,1144.761025247891,0.0881818181818181,-112.41311886740336,1368.4446878193662,-130.47308123296455,logreg,A,RUB->KGS
logreg_a,KZT,oot,5.0,20,0.2,0.2105263157894736,228,48,0.9056603773584906,5,5,0,5,0,0.9245283018867924,0.0,53,2025-09-02,2026-09-02,True,181.7201075558947,0.122,63.76190099645759,432.4394052680304,77.39904632420492,logreg,A,RUB->KZT
logreg_a,KZT,wf_2022,5.0,20,,0.145748987854251,247,36,0.7058823529411765,0,0,0,0,0,1.0,0.0,51,2022-01-11,2022-12-31,True,,,,,,logreg,A,RUB->KZT
logreg_a,KZT,wf_2023,5.0,20,0.2222222222222222,0.2226720647773279,247,55,1.0784313725490196,9,9,0,9,0,0.8431372549019608,0.0,51,2023-01-10,2023-12-30,True,319.99619875685823,0.1633333333333333,159.09779619772155,438.91014574699307,144.84351412965987,logreg,A,RUB->KZT
logreg_a,KZT,wf_2024,5.0,20,0.0625,0.1532258064516129,248,38,0.7450980392156863,48,48,0,48,0,0.5686274509803921,0.1568627450980392,51,2024-01-10,2024-12-29,True,1024.5416473276964,0.0840625,-49.68242210945583,1136.269092131833,-49.81942361895928,logreg,A,RUB->KZT
logreg_a,KZT,wf_2025,5.0,20,0.0,0.0496894409937888,161,8,0.2352941176470588,26,26,0,26,0,0.5294117647058824,0.088235294117647,34,2025-01-10,2025-08-30,True,986.7835645962988,0.038076923076923,-66.61743782469642,1090.985925760773,-83.77547896483155,logreg,A,RUB->KZT
logreg_a,TJS,oot,5.0,20,0.2826086956521739,0.1666666666666666,228,38,0.7169811320754716,47,46,1,46,1,0.5471698113207547,0.1132075471698113,53,2025-09-02,2026-09-02,True,981.369650497629,0.3134782608695652,51.8814860092057,1059.2301245851113,45.39414710181637,logreg,A,RUB->TJS
logreg_a,TJS,wf_2022,5.0,20,0.0,0.1902834008097166,247,47,0.9215686274509804,2,2,0,2,0,0.9607843137254902,0.0,51,2022-01-11,2022-12-31,True,1866.5615181973096,0.0,-622.9177323478938,2256.4485540675964,-636.2407985069896,logreg,A,RUB->TJS
logreg_a,TJS,wf_2023,5.0,20,0.1666666666666666,0.2307692307692307,247,57,1.1176470588235294,6,6,0,6,0,0.8823529411764706,0.0,51,2023-01-10,2023-12-30,True,375.4277219802301,0.1633333333333333,-27.174766431749912,647.3377187461456,-22.552608084182214,logreg,A,RUB->TJS
logreg_a,TJS,wf_2024,5.0,20,0.24,0.1854838709677419,248,46,0.9019607843137256,50,50,0,50,0,0.5686274509803921,0.1764705882352941,51,2024-01-10,2024-12-29,True,765.1493032170495,0.2384,88.52893586393871,783.4550546123672,97.96201371370522,logreg,A,RUB->TJS
logreg_a,TJS,wf_2025,5.0,20,0.1481481481481481,0.1801242236024844,161,29,0.8529411764705882,27,27,0,27,0,0.5588235294117647,0.088235294117647,34,2025-01-10,2025-08-30,True,1162.3040635446782,0.1694444444444444,-37.76878157922866,1375.6006679737302,-41.69755714756298,logreg,A,RUB->TJS
logreg_a,UZS,oot,5.0,20,0.0,0.2105263157894736,228,48,0.9056603773584906,4,4,0,4,0,0.9245283018867924,0.0,53,2025-09-02,2026-09-02,True,222.8249937152077,0.15875,72.11252525650309,352.6699766138208,47.95939650589054,logreg,A,RUB->UZS
logreg_a,UZS,wf_2022,5.0,20,,0.1538461538461538,247,38,0.7450980392156863,0,0,0,0,0,1.0,0.0,51,2022-01-11,2022-12-31,True,,,,,,logreg,A,RUB->UZS
logreg_a,UZS,wf_2023,5.0,20,0.1428571428571428,0.2226720647773279,247,55,1.0784313725490196,7,7,0,7,0,0.8627450980392157,0.0,51,2023-01-10,2023-12-30,True,401.81637756400994,0.1864285714285714,-15.501006635555004,724.6761584731144,-12.39530763242585,logreg,A,RUB->UZS
logreg_a,UZS,wf_2024,5.0,20,0.0625,0.1814516129032258,248,45,0.8823529411764706,48,48,0,48,0,0.5686274509803921,0.1764705882352941,51,2024-01-10,2024-12-29,True,749.5909411097434,0.13625,16.07760494543019,750.6784110731605,2.1372476491732706,logreg,A,RUB->UZS
logreg_a,UZS,wf_2025,5.0,20,0.0454545454545454,0.0745341614906832,161,12,0.3529411764705882,22,22,0,22,0,0.5294117647058824,0.0294117647058823,34,2025-01-10,2025-08-30,True,1147.7628234034962,0.0722727272727272,-69.77313759846923,1312.6375360904,-76.21785075016648,logreg,A,RUB->UZS
logreg_ab,AMD,oot,5.0,20,,0.1842105263157894,228,42,0.7924528301886793,0,0,0,0,0,1.0,0.0,53,2025-09-02,2026-09-02,True,,,,,,logreg,"A,B",RUB->AMD
logreg_ab,AMD,wf_2022,5.0,20,0.3333333333333333,0.1700404858299595,247,42,0.8235294117647058,6,6,0,6,0,0.8823529411764706,0.0,51,2022-01-11,2022-12-31,True,1088.0523004874467,0.1616666666666666,240.34907756680667,2607.8330518040552,291.852001956704,logreg,"A,B",RUB->AMD
logreg_ab,AMD,wf_2023,5.0,20,,0.291497975708502,247,72,1.411764705882353,0,0,0,0,0,1.0,0.0,51,2023-01-10,2023-12-30,True,,,,,,logreg,"A,B",RUB->AMD
logreg_ab,AMD,wf_2024,5.0,20,0.175,0.2137096774193548,248,53,1.03921568627451,40,40,0,40,0,0.6274509803921569,0.1176470588235294,51,2024-01-10,2024-12-29,True,792.2740379253224,0.184,38.10630477040802,933.978160373588,47.394770576383415,logreg,"A,B",RUB->AMD
logreg_ab,AMD,wf_2025,5.0,20,,0.093167701863354,161,15,0.4411764705882353,0,0,0,0,0,1.0,0.0,34,2025-01-10,2025-08-30,True,,,,,,logreg,"A,B",RUB->AMD
logreg_ab,KGS,oot,5.0,20,,0.1666666666666666,228,38,0.7169811320754716,0,0,0,0,0,1.0,0.0,53,2025-09-02,2026-09-02,True,,,,,,logreg,"A,B",RUB->KGS
logreg_ab,KGS,wf_2022,5.0,20,0.3333333333333333,0.1659919028340081,247,41,0.803921568627451,3,3,0,3,0,0.9411764705882352,0.0,51,2022-01-11,2022-12-31,True,252.81520569823064,0.1399999999999999,526.1984239587,586.979271076633,677.478290518066,logreg,"A,B",RUB->KGS
logreg_ab,KGS,wf_2023,5.0,20,,0.2591093117408907,247,64,1.2549019607843137,0,0,0,0,0,1.0,0.0,51,2023-01-10,2023-12-30,True,,,,,,logreg,"A,B",RUB->KGS
logreg_ab,KGS,wf_2024,5.0,20,0.09375,0.2096774193548387,248,52,1.0196078431372548,32,32,0,32,0,0.6862745098039216,0.0980392156862745,51,2024-01-10,2024-12-29,True,549.8342225141437,0.1384375,77.48841621239654,739.6253064347702,80.58705720939744,logreg,"A,B",RUB->KGS
logreg_ab,KGS,wf_2025,5.0,20,1.0,0.0993788819875776,161,16,0.4705882352941176,1,1,0,1,0,0.9705882352941176,0.0,34,2025-01-10,2025-08-30,True,0.0,0.365,259.77311353344567,21.139501485100077,323.07822853580694,logreg,"A,B",RUB->KGS
logreg_ab,KZT,oot,5.0,20,,0.2105263157894736,228,48,0.9056603773584906,0,0,0,0,0,1.0,0.0,53,2025-09-02,2026-09-02,True,,,,,,logreg,"A,B",RUB->KZT
logreg_ab,KZT,wf_2022,5.0,20,0.0909090909090909,0.145748987854251,247,36,0.7058823529411765,11,11,0,11,0,0.9019607843137256,0.0392156862745098,51,2022-01-11,2022-12-31,True,1247.5583992648676,0.1245454545454545,192.1747328766217,2042.7435773145912,193.24851172884635,logreg,"A,B",RUB->KZT
logreg_ab,KZT,wf_2023,5.0,20,,0.2226720647773279,247,55,1.0784313725490196,0,0,0,0,0,1.0,0.0,51,2023-01-10,2023-12-30,True,,,,,,logreg,"A,B",RUB->KZT
logreg_ab,KZT,wf_2024,5.0,20,0.0333333333333333,0.1532258064516129,248,38,0.7450980392156863,30,30,0,30,0,0.6470588235294118,0.0784313725490196,51,2024-01-10,2024-12-29,True,1005.1030057259208,0.0951666666666666,-45.84398002425068,1198.7670367311644,-33.594205541903435,logreg,"A,B",RUB->KZT
logreg_ab,KZT,wf_2025,5.0,20,,0.0496894409937888,161,8,0.2352941176470588,0,0,0,0,0,1.0,0.0,34,2025-01-10,2025-08-30,True,,,,,,logreg,"A,B",RUB->KZT
logreg_ab,TJS,oot,5.0,20,,0.1666666666666666,228,38,0.7169811320754716,0,0,0,0,0,1.0,0.0,53,2025-09-02,2026-09-02,True,,,,,,logreg,"A,B",RUB->TJS
logreg_ab,TJS,wf_2022,5.0,20,0.2,0.1902834008097166,247,47,0.9215686274509804,10,10,0,10,0,0.803921568627451,0.0,51,2022-01-11,2022-12-31,True,1266.1368327742496,0.2165,274.3972282166702,2660.2817590143677,369.39157845027074,logreg,"A,B",RUB->TJS
logreg_ab,TJS,wf_2023,5.0,20,,0.2307692307692307,247,57,1.1176470588235294,0,0,0,0,0,1.0,0.0,51,2023-01-10,2023-12-30,True,,,,,,logreg,"A,B",RUB->TJS
logreg_ab,TJS,wf_2024,5.0,20,0.25,0.1854838709677419,248,46,0.9019607843137256,44,44,0,44,0,0.5882352941176471,0.1372549019607843,51,2024-01-10,2024-12-29,True,765.1493032170495,0.2448863636363636,87.34304516122255,781.1429126336221,98.3403350810514,logreg,"A,B",RUB->TJS
logreg_ab,TJS,wf_2025,5.0,20,0.3333333333333333,0.1801242236024844,161,29,0.8529411764705882,3,3,0,3,0,0.9411764705882352,0.0,34,2025-01-10,2025-08-30,True,20.849509859184323,0.53,279.1742867920542,34.28716888597368,235.4604317986738,logreg,"A,B",RUB->TJS
logreg_ab,UZS,oot,5.0,20,,0.2105263157894736,228,48,0.9056603773584906,0,0,0,0,0,1.0,0.0,53,2025-09-02,2026-09-02,True,,,,,,logreg,"A,B",RUB->UZS
logreg_ab,UZS,wf_2022,5.0,20,0.1,0.1538461538461538,247,38,0.7450980392156863,10,10,0,10,0,0.8627450980392157,0.0196078431372549,51,2022-01-11,2022-12-31,True,2370.4839643965424,0.066,-284.5863651451116,2772.3040334256566,-287.82697752350765,logreg,"A,B",RUB->UZS
logreg_ab,UZS,wf_2023,5.0,20,,0.2226720647773279,247,55,1.0784313725490196,0,0,0,0,0,1.0,0.0,51,2023-01-10,2023-12-30,True,,,,,,logreg,"A,B",RUB->UZS
logreg_ab,UZS,wf_2024,5.0,20,0.125,0.1814516129032258,248,45,0.8823529411764706,24,24,0,24,0,0.6862745098039216,0.0392156862745098,51,2024-01-10,2024-12-29,True,447.2577641406041,0.1441666666666666,43.811698793710256,657.2476714765133,60.99180503236018,logreg,"A,B",RUB->UZS
logreg_ab,UZS,wf_2025,5.0,20,0.0,0.0745341614906832,161,12,0.3529411764705882,3,3,0,3,0,0.9705882352941176,0.0294117647058823,34,2025-01-10,2025-08-30,True,143.7213831395671,0.2133333333333333,280.22735469067175,157.71854994090708,201.06920914178357,logreg,"A,B",RUB->UZS
logreg_abc,AMD,oot,5.0,20,0.0,0.1842105263157894,228,42,0.7924528301886793,8,8,0,8,0,0.8679245283018868,0.0,53,2025-09-02,2026-09-02,True,420.11955746576166,0.179375,43.7420983750748,557.1103139344219,15.838938826468336,logreg,"A,B,C",RUB->AMD
logreg_abc,AMD,wf_2022,5.0,20,1.0,0.1700404858299595,247,42,0.8235294117647058,1,1,0,1,0,0.9803921568627452,0.0,51,2022-01-11,2022-12-31,True,0.0,0.405,1891.0763752562016,28.39543095297654,2326.008006405125,logreg,"A,B,C",RUB->AMD
logreg_abc,AMD,wf_2023,5.0,20,,0.291497975708502,247,72,1.411764705882353,0,0,0,0,0,1.0,0.0,51,2023-01-10,2023-12-30,True,,,,,,logreg,"A,B,C",RUB->AMD
logreg_abc,AMD,wf_2024,5.0,20,,0.2137096774193548,248,53,1.03921568627451,0,0,0,0,0,1.0,0.0,51,2024-01-10,2024-12-29,True,,,,,,logreg,"A,B,C",RUB->AMD
logreg_abc,AMD,wf_2025,5.0,20,,0.093167701863354,161,15,0.4411764705882353,0,0,0,0,0,1.0,0.0,34,2025-01-10,2025-08-30,True,,,,,,logreg,"A,B,C",RUB->AMD
logreg_abc,KGS,oot,5.0,20,0.0,0.1666666666666666,228,38,0.7169811320754716,18,12,6,12,6,0.7924528301886793,0.0377358490566037,53,2025-09-02,2026-09-02,True,870.2770160912645,0.1133333333333333,-84.69984448137288,1253.276354269826,-88.65353603490685,logreg,"A,B,C",RUB->KGS
logreg_abc,KGS,wf_2022,5.0,20,1.0,0.1659919028340081,247,41,0.803921568627451,1,1,0,1,0,0.9803921568627452,0.0,51,2022-01-11,2022-12-31,True,0.0,0.4,1454.194306514359,41.25744410817141,1736.1056749253944,logreg,"A,B,C",RUB->KGS
logreg_abc,KGS,wf_2023,5.0,20,,0.2591093117408907,247,64,1.2549019607843137,0,0,0,0,0,1.0,0.0,51,2023-01-10,2023-12-30,True,,,,,,logreg,"A,B,C",RUB->KGS
logreg_abc,KGS,wf_2024,5.0,20,,0.2096774193548387,248,52,1.0196078431372548,0,0,0,0,0,1.0,0.0,51,2024-01-10,2024-12-29,True,,,,,,logreg,"A,B,C",RUB->KGS
logreg_abc,KGS,wf_2025,5.0,20,,0.0993788819875776,161,16,0.4705882352941176,0,0,0,0,0,1.0,0.0,34,2025-01-10,2025-08-30,True,,,,,,logreg,"A,B,C",RUB->KGS
logreg_abc,KZT,oot,5.0,20,0.4,0.2105263157894736,228,48,0.9056603773584906,5,5,0,5,0,0.9433962264150944,0.0188679245283018,53,2025-09-02,2026-09-02,True,163.60273374090096,0.369,373.2785189357879,420.85371996135814,343.0600526612724,logreg,"A,B,C",RUB->KZT
logreg_abc,KZT,wf_2022,5.0,20,,0.145748987854251,247,36,0.7058823529411765,0,0,0,0,0,1.0,0.0,51,2022-01-11,2022-12-31,True,,,,,,logreg,"A,B,C",RUB->KZT
logreg_abc,KZT,wf_2023,5.0,20,,0.2226720647773279,247,55,1.0784313725490196,0,0,0,0,0,1.0,0.0,51,2023-01-10,2023-12-30,True,,,,,,logreg,"A,B,C",RUB->KZT
logreg_abc,KZT,wf_2024,5.0,20,,0.1532258064516129,248,38,0.7450980392156863,0,0,0,0,0,1.0,0.0,51,2024-01-10,2024-12-29,True,,,,,,logreg,"A,B,C",RUB->KZT
logreg_abc,KZT,wf_2025,5.0,20,,0.0496894409937888,161,8,0.2352941176470588,0,0,0,0,0,1.0,0.0,34,2025-01-10,2025-08-30,True,,,,,,logreg,"A,B,C",RUB->KZT
logreg_abc,TJS,oot,5.0,20,0.217391304347826,0.1666666666666666,228,38,0.7169811320754716,24,23,1,23,1,0.6792452830188679,0.0377358490566037,53,2025-09-02,2026-09-02,True,856.8190467970996,0.2328260869565217,13.176480267131089,1031.4553132275353,12.457535712386395,logreg,"A,B,C",RUB->TJS
logreg_abc,TJS,wf_2022,5.0,20,1.0,0.1902834008097166,247,47,0.9215686274509804,1,1,0,1,0,0.9803921568627452,0.0,51,2022-01-11,2022-12-31,True,0.0,0.38,1994.486867401392,43.152631324368755,2515.028777227657,logreg,"A,B,C",RUB->TJS
logreg_abc,TJS,wf_2023,5.0,20,,0.2307692307692307,247,57,1.1176470588235294,0,0,0,0,0,1.0,0.0,51,2023-01-10,2023-12-30,True,,,,,,logreg,"A,B,C",RUB->TJS
logreg_abc,TJS,wf_2024,5.0,20,,0.1854838709677419,248,46,0.9019607843137256,0,0,0,0,0,1.0,0.0,51,2024-01-10,2024-12-29,True,,,,,,logreg,"A,B,C",RUB->TJS
logreg_abc,TJS,wf_2025,5.0,20,0.3333333333333333,0.1801242236024844,161,29,0.8529411764705882,3,3,0,3,0,0.9411764705882352,0.0,34,2025-01-10,2025-08-30,True,520.3169175410949,0.1583333333333333,50.83724748449915,797.8440443863349,29.849424292966244,logreg,"A,B,C",RUB->TJS
logreg_abc,UZS,oot,5.0,20,0.0,0.2105263157894736,228,48,0.9056603773584906,18,13,5,13,5,0.8301886792452831,0.0566037735849056,53,2025-09-02,2026-09-02,True,895.9271367421501,0.0438461538461538,-154.74029751989852,1255.9641649423456,-181.24815229364796,logreg,"A,B,C",RUB->UZS
logreg_abc,UZS,wf_2022,5.0,20,0.3333333333333333,0.1538461538461538,247,38,0.7450980392156863,3,3,0,3,0,0.9411764705882352,0.0,51,2022-01-11,2022-12-31,True,1432.3854843816418,0.15,-127.1996712235305,3305.579358741275,193.73000483731872,logreg,"A,B,C",RUB->UZS
logreg_abc,UZS,wf_2023,5.0,20,,0.2226720647773279,247,55,1.0784313725490196,0,0,0,0,0,1.0,0.0,51,2023-01-10,2023-12-30,True,,,,,,logreg,"A,B,C",RUB->UZS
logreg_abc,UZS,wf_2024,5.0,20,,0.1814516129032258,248,45,0.8823529411764706,0,0,0,0,0,1.0,0.0,51,2024-01-10,2024-12-29,True,,,,,,logreg,"A,B,C",RUB->UZS
logreg_abc,UZS,wf_2025,5.0,20,,0.0745341614906832,161,12,0.3529411764705882,0,0,0,0,0,1.0,0.0,34,2025-01-10,2025-08-30,True,,,,,,logreg,"A,B,C",RUB->UZS
logreg_abcd,AMD,oot,5.0,20,,0.1842105263157894,228,42,0.7924528301886793,0,0,0,0,0,1.0,0.0,53,2025-09-02,2026-09-02,True,,,,,,logreg,"A,B,C,D",RUB->AMD
logreg_abcd,AMD,wf_2022,5.0,20,0.0681818181818181,0.1700404858299595,247,42,0.8235294117647058,44,44,0,44,0,0.6862745098039216,0.1764705882352941,51,2022-01-11,2022-12-31,True,2877.099407954453,0.0797727272727272,-73.27435663859438,3133.9613125388023,-32.761874365328055,logreg,"A,B,C,D",RUB->AMD
logreg_abcd,AMD,wf_2023,5.0,20,,0.291497975708502,247,72,1.411764705882353,0,0,0,0,0,1.0,0.0,51,2023-01-10,2023-12-30,True,,,,,,logreg,"A,B,C,D",RUB->AMD
logreg_abcd,AMD,wf_2024,5.0,20,0.3333333333333333,0.2137096774193548,248,53,1.03921568627451,24,24,0,24,0,0.7058823529411765,0.0392156862745098,51,2024-01-10,2024-12-29,True,610.9992852180155,0.3010416666666666,72.43274047073382,838.1250639788093,87.18246324614874,logreg,"A,B,C,D",RUB->AMD
logreg_abcd,AMD,wf_2025,5.0,20,0.0454545454545454,0.093167701863354,161,15,0.4411764705882353,22,22,0,22,0,0.6470588235294118,0.0588235294117647,34,2025-01-10,2025-08-30,True,1107.4215594903594,0.05,-138.34938871845503,1166.0885585876829,-137.37978133880853,logreg,"A,B,C,D",RUB->AMD
logreg_abcd,KGS,oot,5.0,20,,0.1666666666666666,228,38,0.7169811320754716,0,0,0,0,0,1.0,0.0,53,2025-09-02,2026-09-02,True,,,,,,logreg,"A,B,C,D",RUB->KGS
logreg_abcd,KGS,wf_2022,5.0,20,0.0967741935483871,0.1659919028340081,247,41,0.803921568627451,31,31,0,31,0,0.7647058823529411,0.1372549019607843,51,2022-01-11,2022-12-31,True,1835.7001289868376,0.1427419354838709,166.78169670172338,1982.4585015392672,176.24614043849235,logreg,"A,B,C,D",RUB->KGS
logreg_abcd,KGS,wf_2023,5.0,20,,0.2591093117408907,247,64,1.2549019607843137,0,0,0,0,0,1.0,0.0,51,2023-01-10,2023-12-30,True,,,,,,logreg,"A,B,C,D",RUB->KGS
logreg_abcd,KGS,wf_2024,5.0,20,0.2222222222222222,0.2096774193548387,248,52,1.0196078431372548,9,9,0,9,0,0.8823529411764706,0.0,51,2024-01-10,2024-12-29,True,335.23433427475925,0.1916666666666667,17.609013912049313,361.58505501961025,26.751053157436527,logreg,"A,B,C,D",RUB->KGS
logreg_abcd,KGS,wf_2025,5.0,20,0.1666666666666666,0.0993788819875776,161,16,0.4705882352941176,12,12,0,12,0,0.7647058823529411,0.0294117647058823,34,2025-01-10,2025-08-30,True,649.3313357503264,0.1841666666666666,35.75807808863727,1112.5914758194865,32.80018637895315,logreg,"A,B,C,D",RUB->KGS
logreg_abcd,KZT,oot,5.0,20,,0.2105263157894736,228,48,0.9056603773584906,0,0,0,0,0,1.0,0.0,53,2025-09-02,2026-09-02,True,,,,,,logreg,"A,B,C,D",RUB->KZT
logreg_abcd,KZT,wf_2022,5.0,20,0.04,0.145748987854251,247,36,0.7058823529411765,25,25,0,25,0,0.803921568627451,0.0980392156862745,51,2022-01-11,2022-12-31,True,2387.4069131053257,0.0487999999999999,-361.63083118214365,2765.32381807604,-337.30762885593737,logreg,"A,B,C,D",RUB->KZT
logreg_abcd,KZT,wf_2023,5.0,20,,0.2226720647773279,247,55,1.0784313725490196,0,0,0,0,0,1.0,0.0,51,2023-01-10,2023-12-30,True,,,,,,logreg,"A,B,C,D",RUB->KZT
logreg_abcd,KZT,wf_2024,5.0,20,0.1538461538461538,0.1532258064516129,248,38,0.7450980392156863,13,13,0,13,0,0.8235294117647058,0.0196078431372549,51,2024-01-10,2024-12-29,True,674.3158996694341,0.1092307692307692,-109.74556294102156,1130.941403704823,-87.1145433180878,logreg,"A,B,C,D",RUB->KZT
logreg_abcd,KZT,wf_2025,5.0,20,0.0,0.0496894409937888,161,8,0.2352941176470588,1,1,0,1,0,0.9705882352941176,0.0,34,2025-01-10,2025-08-30,True,508.69869094618105,0.0,-47.057466932249106,547.763542841062,-44.24312146486642,logreg,"A,B,C,D",RUB->KZT
logreg_abcd,TJS,oot,5.0,20,,0.1666666666666666,228,38,0.7169811320754716,0,0,0,0,0,1.0,0.0,53,2025-09-02,2026-09-02,True,,,,,,logreg,"A,B,C,D",RUB->TJS
logreg_abcd,TJS,wf_2022,5.0,20,0.1818181818181818,0.1902834008097166,247,47,0.9215686274509804,22,22,0,22,0,0.7843137254901961,0.0392156862745098,51,2022-01-11,2022-12-31,True,1083.2607844949744,0.1395454545454545,601.0086144655398,1503.376555556025,681.4440006053819,logreg,"A,B,C,D",RUB->TJS
logreg_abcd,TJS,wf_2023,5.0,20,,0.2307692307692307,247,57,1.1176470588235294,0,0,0,0,0,1.0,0.0,51,2023-01-10,2023-12-30,True,,,,,,logreg,"A,B,C,D",RUB->TJS
logreg_abcd,TJS,wf_2024,5.0,20,0.3809523809523809,0.1854838709677419,248,46,0.9019607843137256,21,21,0,21,0,0.803921568627451,0.0588235294117647,51,2024-01-10,2024-12-29,True,294.47160313165676,0.3338095238095238,138.76703249406407,336.22391918954395,155.14158299330794,logreg,"A,B,C,D",RUB->TJS
logreg_abcd,TJS,wf_2025,5.0,20,0.3,0.1801242236024844,161,29,0.8529411764705882,10,10,0,10,0,0.8235294117647058,0.0294117647058823,34,2025-01-10,2025-08-30,True,941.1572676081464,0.1854999999999999,-9.769651221696147,1135.0423991055018,18.400877117072156,logreg,"A,B,C,D",RUB->TJS
logreg_abcd,UZS,oot,5.0,20,,0.2105263157894736,228,48,0.9056603773584906,0,0,0,0,0,1.0,0.0,53,2025-09-02,2026-09-02,True,,,,,,logreg,"A,B,C,D",RUB->UZS
logreg_abcd,UZS,wf_2022,5.0,20,0.1081081081081081,0.1538461538461538,247,38,0.7450980392156863,37,37,0,37,0,0.6862745098039216,0.1176470588235294,51,2022-01-11,2022-12-31,True,3242.1866180390048,0.0791891891891892,-162.69717927195805,3722.24176693293,-111.38139487848252,logreg,"A,B,C,D",RUB->UZS
logreg_abcd,UZS,wf_2023,5.0,20,,0.2226720647773279,247,55,1.0784313725490196,0,0,0,0,0,1.0,0.0,51,2023-01-10,2023-12-30,True,,,,,,logreg,"A,B,C,D",RUB->UZS
logreg_abcd,UZS,wf_2024,5.0,20,0.3571428571428571,0.1814516129032258,248,45,0.8823529411764706,14,14,0,14,0,0.8431372549019608,0.0196078431372549,51,2024-01-10,2024-12-29,True,316.2879316963543,0.3910714285714285,148.7177428584364,415.0701046802634,161.1833525716494,logreg,"A,B,C,D",RUB->UZS
logreg_abcd,UZS,wf_2025,5.0,20,0.1,0.0745341614906832,161,12,0.3529411764705882,10,10,0,10,0,0.7941176470588235,0.0294117647058823,34,2025-01-10,2025-08-30,True,651.8911969863623,0.123,29.321640849485657,1129.3222198325543,51.10863816749267,logreg,"A,B,C,D",RUB->UZS
momentum,AMD,oot,,20,0.1388888888888889,0.1842105263157894,228,42,0.7924528301886793,36,36,0,36,0,0.6226415094339622,0.0754716981132075,53,2025-09-02,2026-09-02,True,587.0748078768058,0.0713888888888888,-67.92256178612894,771.7062409269985,-25.081702521349335,momentum,,RUB->AMD
momentum,AMD,wf_2022,,20,0.1372549019607843,0.1700404858299595,247,42,0.8235294117647058,51,51,0,51,0,0.5882352941176471,0.1764705882352941,51,2022-01-11,2022-12-31,True,3029.267006280073,0.1142156862745098,-51.740340309873865,3538.4156395143345,35.793466367068696,momentum,,RUB->AMD
momentum,AMD,wf_2023,,20,0.2,0.291497975708502,247,72,1.411764705882353,35,35,0,35,0,0.7058823529411765,0.1176470588235294,51,2023-01-10,2023-12-30,True,664.261414850155,0.1609999999999999,44.59836011784326,776.3196910677373,89.50276678780612,momentum,,RUB->AMD
momentum,AMD,wf_2024,,20,0.2666666666666666,0.2137096774193548,248,53,1.03921568627451,30,30,0,30,0,0.6274509803921569,0.0392156862745098,51,2024-01-10,2024-12-29,True,741.489793525687,0.159,40.3393840490659,891.0249696713296,115.1141554428348,momentum,,RUB->AMD
momentum,AMD,wf_2025,,20,0.125,0.093167701863354,161,15,0.4411764705882353,24,24,0,24,0,0.5882352941176471,0.0588235294117647,34,2025-01-10,2025-08-30,True,1109.1200293499403,0.0514583333333333,-183.75551189328223,1278.648933195973,-136.54315538288247,momentum,,RUB->AMD
momentum,KGS,oot,,20,0.1041666666666666,0.1666666666666666,228,38,0.7169811320754716,49,48,1,48,1,0.490566037735849,0.0943396226415094,53,2025-09-02,2026-09-02,True,748.8323831685836,0.0730208333333333,-82.07461062505692,887.0425414251362,-44.18497484121807,momentum,,RUB->KGS
momentum,KGS,wf_2022,,20,0.0930232558139534,0.1659919028340081,247,41,0.803921568627451,43,43,0,43,0,0.5686274509803921,0.1176470588235294,51,2022-01-11,2022-12-31,True,2949.099504389329,0.0783720930232558,-104.60476608084257,3312.7455551210933,33.80034301765692,momentum,,RUB->KGS
momentum,KGS,wf_2023,,20,0.1764705882352941,0.2591093117408907,247,64,1.2549019607843137,34,34,0,34,0,0.7058823529411765,0.1176470588235294,51,2023-01-10,2023-12-30,True,661.8421789944287,0.1158823529411764,10.260243319993744,768.9517220177498,59.40528811617331,momentum,,RUB->KGS
momentum,KGS,wf_2024,,20,0.2258064516129032,0.2096774193548387,248,52,1.0196078431372548,31,31,0,31,0,0.6274509803921569,0.0588235294117647,51,2024-01-10,2024-12-29,True,630.5765607607868,0.1187096774193548,16.117752578757646,816.8897778653828,89.487625697155,momentum,,RUB->KGS
momentum,KGS,wf_2025,,20,0.074074074074074,0.0993788819875776,161,16,0.4705882352941176,27,27,0,27,0,0.6176470588235294,0.088235294117647,34,2025-01-10,2025-08-30,True,940.523040159905,0.0446296296296296,-177.32600075000374,1325.6619086701494,-124.47473282586373,momentum,,RUB->KGS
momentum,KZT,oot,,20,0.1851851851851851,0.2105263157894736,228,48,0.9056603773584906,27,27,0,27,0,0.7169811320754716,0.0566037735849056,53,2025-09-02,2026-09-02,True,881.3443447823216,0.0894444444444444,-52.83106547974853,1055.0835088055123,-15.814531629852077,momentum,,RUB->KZT
momentum,KZT,wf_2022,,20,0.1111111111111111,0.145748987854251,247,36,0.7058823529411765,45,45,0,45,0,0.5882352941176471,0.1176470588235294,51,2022-01-11,2022-12-31,True,2827.275019431317,0.0731111111111111,-318.25573134547983,3232.5628669679218,-237.06748619071763,momentum,,RUB->KZT
momentum,KZT,wf_2023,,20,0.1428571428571428,0.2226720647773279,247,55,1.0784313725490196,28,28,0,28,0,0.6470588235294118,0.0588235294117647,51,2023-01-10,2023-12-30,True,441.2681264944039,0.0958928571428571,85.48564161885095,786.5743989979665,152.74128945012166,momentum,,RUB->KZT
momentum,KZT,wf_2024,,20,0.1935483870967742,0.1532258064516129,248,38,0.7450980392156863,31,31,0,31,0,0.6078431372549019,0.0196078431372549,51,2024-01-10,2024-12-29,True,859.3069977820799,0.1585483870967742,-17.854901919910517,1111.753129700595,28.808289597908725,momentum,,RUB->KZT
momentum,KZT,wf_2025,,20,0.08,0.0496894409937888,161,8,0.2352941176470588,25,25,0,25,0,0.5588235294117647,0.0588235294117647,34,2025-01-10,2025-08-30,True,751.4104903491101,0.06,-131.23689113412036,1034.5066700672717,-71.40035428860244,momentum,,RUB->KZT
momentum,TJS,oot,,20,0.1,0.1666666666666666,228,38,0.7169811320754716,41,40,1,40,1,0.5660377358490566,0.0943396226415094,53,2025-09-02,2026-09-02,True,627.8366463558677,0.054125,-72.53713706549063,716.9115187226765,-36.39250800884081,momentum,,RUB->TJS
momentum,TJS,wf_2022,,20,0.1,0.1902834008097166,247,47,0.9215686274509804,40,40,0,40,0,0.6470588235294118,0.1176470588235294,51,2022-01-11,2022-12-31,True,3062.031298418847,0.0997499999999999,-58.953187366202904,4156.002582670004,11.45649121351396,momentum,,RUB->TJS
momentum,TJS,wf_2023,,20,0.21875,0.2307692307692307,247,57,1.1176470588235294,32,32,0,32,0,0.6862745098039216,0.0980392156862745,51,2023-01-10,2023-12-30,True,689.6329433665871,0.13703125,4.927041255681519,783.2439159499729,53.16106457124186,momentum,,RUB->TJS
momentum,TJS,wf_2024,,20,0.1764705882352941,0.1854838709677419,248,46,0.9019607843137256,34,34,0,34,0,0.6470588235294118,0.0588235294117647,51,2024-01-10,2024-12-29,True,616.6628400152946,0.128235294117647,20.13636820911941,812.4320056781606,65.95751120719355,momentum,,RUB->TJS
momentum,TJS,wf_2025,,20,0.125,0.1801242236024844,161,29,0.8529411764705882,16,16,0,16,0,0.7352941176470589,0.0294117647058823,34,2025-01-10,2025-08-30,True,952.429762414396,0.103125,-131.26779159122282,1413.2261414308848,-68.95387005911219,momentum,,RUB->TJS
momentum,UZS,oot,,20,0.1666666666666666,0.2105263157894736,228,48,0.9056603773584906,36,36,0,36,0,0.6981132075471698,0.1132075471698113,53,2025-09-02,2026-09-02,True,590.9730202979451,0.0784722222222222,-82.92889688616296,821.009752722519,-35.44709882073409,momentum,,RUB->UZS
momentum,UZS,wf_2022,,20,0.1132075471698113,0.1538461538461538,247,38,0.7450980392156863,53,53,0,53,0,0.5490196078431373,0.1568627450980392,51,2022-01-11,2022-12-31,True,4439.492611719844,0.0929245283018868,-278.2531599575391,5162.532245610093,-196.33557785744975,momentum,,RUB->UZS
momentum,UZS,wf_2023,,20,0.1282051282051282,0.2226720647773279,247,55,1.0784313725490196,39,39,0,39,0,0.6470588235294118,0.1372549019607843,51,2023-01-10,2023-12-30,True,764.4870145428024,0.0855128205128205,-7.298069753428827,876.4749814511772,48.87674854386005,momentum,,RUB->UZS
momentum,UZS,wf_2024,,20,0.1714285714285714,0.1814516129032258,248,45,0.8823529411764706,35,35,0,35,0,0.6274509803921569,0.0784313725490196,51,2024-01-10,2024-12-29,True,790.0055734011012,0.0837142857142857,-37.20813287996394,880.0506962550644,31.913890258328507,momentum,,RUB->UZS
momentum,UZS,wf_2025,,20,0.16,0.0745341614906832,161,12,0.3529411764705882,25,25,0,25,0,0.4705882352941176,0.0294117647058823,34,2025-01-10,2025-08-30,True,934.8710699755331,0.046,-148.92290745431765,1262.8252282552714,-71.77083286303275,momentum,,RUB->UZS
random,AMD,oot,,20,0.2179487179487179,0.1842105263157894,228,42,0.7924528301886793,88,78,10,78,10,0.1886792452830188,0.2264150943396226,53,2025-09-02,2026-09-02,True,821.9667679251006,0.1883974358974359,33.294033409874835,790.183661403071,23.24809532774776,random,,RUB->AMD
random,AMD,wf_2022,,20,0.2098765432098765,0.1700404858299595,247,42,0.8235294117647058,81,81,0,81,0,0.1372549019607843,0.2156862745098039,51,2022-01-11,2022-12-31,True,3801.7934426854617,0.1774074074074074,112.77352206739047,3843.3241178950498,142.4149341451515,random,,RUB->AMD
random,AMD,wf_2023,,20,0.3333333333333333,0.291497975708502,247,72,1.411764705882353,75,75,0,75,0,0.1372549019607843,0.1176470588235294,51,2023-01-10,2023-12-30,True,858.3514574764334,0.3128666666666667,143.6241630637354,865.0581152788736,146.71036609053797,random,,RUB->AMD
random,AMD,wf_2024,,20,0.2555555555555555,0.2137096774193548,248,53,1.03921568627451,90,90,0,90,0,0.1568627450980392,0.2745098039215686,51,2024-01-10,2024-12-29,True,920.575657182655,0.2337777777777778,93.21851759421948,911.7491279983768,98.39936183597432,random,,RUB->AMD
random,AMD,wf_2025,,20,0.0961538461538461,0.093167701863354,161,15,0.4411764705882353,52,52,0,52,0,0.1176470588235294,0.1176470588235294,34,2025-01-10,2025-08-30,True,1031.2618478758973,0.0965384615384615,-85.85097472120971,1200.4331607268898,-65.2113006647824,random,,RUB->AMD
random,KGS,oot,,20,0.1666666666666666,0.1666666666666666,228,38,0.7169811320754716,70,66,4,66,4,0.1886792452830188,0.1132075471698113,53,2025-09-02,2026-09-02,True,945.9949231133198,0.1831060606060606,27.227250555089284,971.9905186048486,26.536762506440123,random,,RUB->KGS
random,KGS,wf_2022,,20,0.1095890410958904,0.1659919028340081,247,41,0.803921568627451,73,73,0,73,0,0.2156862745098039,0.1764705882352941,51,2022-01-11,2022-12-31,True,3611.36384495269,0.1354109589041096,-71.91366730870295,3565.394102396157,-86.07229928331422,random,,RUB->KGS
random,KGS,wf_2023,,20,0.3421052631578947,0.2591093117408907,247,64,1.2549019607843137,76,76,0,76,0,0.1176470588235294,0.0784313725490196,51,2023-01-10,2023-12-30,True,837.3077411257811,0.2834868421052631,117.5173045191544,866.6360417858605,124.825123193383,random,,RUB->KGS
random,KGS,wf_2024,,20,0.2183908045977011,0.2096774193548387,248,52,1.0196078431372548,87,87,0,87,0,0.1372549019607843,0.2156862745098039,51,2024-01-10,2024-12-29,True,872.7625533307526,0.2089655172413793,65.55130617037226,834.7147179969949,65.51892091976323,random,,RUB->KGS
random,KGS,wf_2025,,20,0.1428571428571428,0.0993788819875776,161,16,0.4705882352941176,56,56,0,56,0,0.2058823529411764,0.2352941176470588,34,2025-01-10,2025-08-30,True,936.8188007504856,0.15,-56.88194279367026,1283.1065747216255,-50.83007190562829,random,,RUB->KGS
random,KZT,oot,,20,0.2117647058823529,0.2105263157894736,228,48,0.9056603773584906,87,85,2,85,2,0.1698113207547169,0.1886792452830188,53,2025-09-02,2026-09-02,True,1105.6317993333912,0.2070588235294117,64.00911354944097,1036.1412410387263,55.70397126540295,random,,RUB->KZT
random,KZT,wf_2022,,20,0.1860465116279069,0.145748987854251,247,36,0.7058823529411765,86,86,0,86,0,0.196078431372549,0.2352941176470588,51,2022-01-11,2022-12-31,True,3184.436247914046,0.1856395348837209,-8.763822510707923,3111.7732944530817,-8.454481298097946,random,,RUB->KZT
random,KZT,wf_2023,,20,0.3066666666666666,0.2226720647773279,247,55,1.0784313725490196,75,75,0,75,0,0.1176470588235294,0.1372549019607843,51,2023-01-10,2023-12-30,True,873.9614451994621,0.2348666666666666,145.97877243896005,840.9295206084466,151.73460108029997,random,,RUB->KZT
random,KZT,wf_2024,,20,0.1323529411764706,0.1532258064516129,248,38,0.7450980392156863,68,68,0,68,0,0.1764705882352941,0.1176470588235294,51,2024-01-10,2024-12-29,True,1065.0657262594195,0.1388970588235294,-4.486106721428246,1165.306951251167,-12.59150332764559,random,,RUB->KZT
random,KZT,wf_2025,,20,0.0701754385964912,0.0496894409937888,161,8,0.2352941176470588,57,57,0,57,0,0.1470588235294117,0.2352941176470588,34,2025-01-10,2025-08-30,True,1089.3524670746078,0.0608771929824561,-149.52528982348886,1078.5994232177834,-166.8208885619907,random,,RUB->KZT
random,TJS,oot,,20,0.1029411764705882,0.1666666666666666,228,38,0.7169811320754716,73,68,5,68,5,0.2452830188679245,0.1320754716981132,53,2025-09-02,2026-09-02,True,992.2860261406288,0.13875,-7.563145451645137,913.1640504298884,-20.31200555349476,random,,RUB->TJS
random,TJS,wf_2022,,20,0.2394366197183098,0.1902834008097166,247,47,0.9215686274509804,71,71,0,71,0,0.1372549019607843,0.1176470588235294,51,2022-01-11,2022-12-31,True,4540.15319999046,0.230774647887324,153.6700974684942,5288.814232240902,198.24959970629956,random,,RUB->TJS
random,TJS,wf_2023,,20,0.1833333333333333,0.2307692307692307,247,57,1.1176470588235294,60,60,0,60,0,0.2352941176470588,0.1176470588235294,51,2023-01-10,2023-12-30,True,876.9216752593727,0.18225,53.66061572645548,896.7849074401645,55.04540603969199,random,,RUB->TJS
random,TJS,wf_2024,,20,0.1323529411764706,0.1854838709677419,248,46,0.9019607843137256,68,68,0,68,0,0.2549019607843137,0.1176470588235294,51,2024-01-10,2024-12-29,True,904.0687580619464,0.1191911764705882,40.67841487339804,949.7367209722617,32.73942275458903,random,,RUB->TJS
random,TJS,wf_2025,,20,0.2033898305084746,0.1801242236024844,161,29,0.8529411764705882,59,59,0,59,0,0.1470588235294117,0.2352941176470588,34,2025-01-10,2025-08-30,True,1409.695337297968,0.1800847457627118,-41.714507792699784,1455.9624436319468,-55.79672189673965,random,,RUB->TJS
random,UZS,oot,,20,0.2203389830508474,0.2105263157894736,228,48,0.9056603773584906,63,59,4,59,4,0.2452830188679245,0.0754716981132075,53,2025-09-02,2026-09-02,True,668.5922757761568,0.2540677966101695,67.3307837872084,704.1939484695337,67.62371095806023,random,,RUB->UZS
random,UZS,wf_2022,,20,0.180722891566265,0.1538461538461538,247,38,0.7450980392156863,83,83,0,83,0,0.2352941176470588,0.2941176470588235,51,2022-01-11,2022-12-31,True,3597.165791344193,0.1526506024096385,-33.49161236991553,3949.7303383029007,-19.40779324598825,random,,RUB->UZS
random,UZS,wf_2023,,20,0.253012048192771,0.2226720647773279,247,55,1.0784313725490196,83,83,0,83,0,0.1176470588235294,0.2352941176470588,51,2023-01-10,2023-12-30,True,985.8782394869388,0.2381927710843373,87.787463609103,933.3427727557272,74.21112897050905,random,,RUB->UZS
random,UZS,wf_2024,,20,0.1829268292682926,0.1814516129032258,248,45,0.8823529411764706,82,82,0,82,0,0.0588235294117647,0.196078431372549,51,2024-01-10,2024-12-29,True,694.2686315533373,0.1667682926829268,44.94245440867871,774.9626242495787,48.66887044491237,random,,RUB->UZS
random,UZS,wf_2025,,20,0.0625,0.0745341614906832,161,12,0.3529411764705882,48,48,0,48,0,0.2058823529411764,0.1176470588235294,34,2025-01-10,2025-08-30,True,1210.6168596976618,0.0929166666666666,-118.99965121398787,1360.0080770630218,-134.70249357537696,random,,RUB->UZS
reversal,AMD,oot,,20,0.0,0.1842105263157894,228,42,0.7924528301886793,10,10,0,10,0,0.8113207547169812,0.0,53,2025-09-02,2026-09-02,True,353.6951773633534,0.1035,17.51477099212181,487.6748024548286,31.318103851789125,reversal,,RUB->AMD
reversal,AMD,wf_2022,,20,0.2727272727272727,0.1700404858299595,247,42,0.8235294117647058,11,11,0,11,0,0.7843137254901961,0.0,51,2022-01-11,2022-12-31,True,1725.4499957525702,0.219090909090909,156.52158759731864,2617.5706291578936,152.8651699284255,reversal,,RUB->AMD
reversal,AMD,wf_2023,,20,0.1428571428571428,0.291497975708502,247,72,1.411764705882353,7,7,0,7,0,0.8627450980392157,0.0,51,2023-01-10,2023-12-30,True,464.3721194825354,0.1357142857142857,-37.10663303451947,681.1289421330356,-21.83451567229147,reversal,,RUB->AMD
reversal,AMD,wf_2024,,20,0.0909090909090909,0.2137096774193548,248,53,1.03921568627451,11,11,0,11,0,0.7843137254901961,0.0,51,2024-01-10,2024-12-29,True,654.9801390287513,0.1518181818181818,32.82957416147291,914.8534384243868,91.01228860080852,reversal,,RUB->AMD
reversal,AMD,wf_2025,,20,0.0,0.093167701863354,161,15,0.4411764705882353,11,11,0,11,0,0.7058823529411765,0.0,34,2025-01-10,2025-08-30,True,894.8945392682274,0.0345454545454545,-121.48181722991772,1219.399423264173,-117.98405472125204,reversal,,RUB->AMD
reversal,KGS,oot,,20,0.0,0.1666666666666666,228,38,0.7169811320754716,11,11,0,11,0,0.7924528301886793,0.0,53,2025-09-02,2026-09-02,True,487.4606400889903,0.084090909090909,-20.800574427126147,612.9343002315395,-18.097724738911552,reversal,,RUB->KGS
reversal,KGS,wf_2022,,20,0.25,0.1659919028340081,247,41,0.803921568627451,12,12,0,12,0,0.7647058823529411,0.0,51,2022-01-11,2022-12-31,True,1394.3430582461144,0.1908333333333333,174.22923940384143,2438.1480470692877,179.18157210438804,reversal,,RUB->KGS
reversal,KGS,wf_2023,,20,0.3333333333333333,0.2591093117408907,247,64,1.2549019607843137,6,6,0,6,0,0.8823529411764706,0.0,51,2023-01-10,2023-12-30,True,351.76469873196095,0.21,-27.54599848206184,621.5855242232019,-20.248343647056675,reversal,,RUB->KGS
reversal,KGS,wf_2024,,20,0.125,0.2096774193548387,248,52,1.0196078431372548,8,8,0,8,0,0.8431372549019608,0.0,51,2024-01-10,2024-12-29,True,473.44886632481973,0.20875,80.28444203937295,814.2376115441741,89.85173049564519,reversal,,RUB->KGS
reversal,KGS,wf_2025,,20,0.0,0.0993788819875776,161,16,0.4705882352941176,16,16,0,16,0,0.5882352941176471,0.0,34,2025-01-10,2025-08-30,True,1086.6402865882646,0.0528125,-142.94311629352694,1448.3186019809775,-154.13368431048627,reversal,,RUB->KGS
reversal,KZT,oot,,20,0.2222222222222222,0.2105263157894736,228,48,0.9056603773584906,9,9,0,9,0,0.8490566037735849,0.0,53,2025-09-02,2026-09-02,True,284.32039882919156,0.1344444444444444,68.70554751473887,491.1183844060189,108.73651455981218,reversal,,RUB->KZT
reversal,KZT,wf_2022,,20,0.1538461538461538,0.145748987854251,247,36,0.7058823529411765,13,13,0,13,0,0.7843137254901961,0.0,51,2022-01-11,2022-12-31,True,1727.1319536099786,0.1376923076923076,-69.84502824708595,3123.5878000392418,-12.215516445981631,reversal,,RUB->KZT
reversal,KZT,wf_2023,,20,0.2222222222222222,0.2226720647773279,247,55,1.0784313725490196,9,9,0,9,0,0.8431372549019608,0.0,51,2023-01-10,2023-12-30,True,319.99619875685823,0.1588888888888888,159.68864510290678,437.6424988551077,144.84351412965987,reversal,,RUB->KZT
reversal,KZT,wf_2024,,20,0.0909090909090909,0.1532258064516129,248,38,0.7450980392156863,11,11,0,11,0,0.7843137254901961,0.0,51,2024-01-10,2024-12-29,True,1003.3280138857888,0.0909090909090909,-154.85366279591054,1268.520499503932,-100.6484945474148,reversal,,RUB->KZT
reversal,KZT,wf_2025,,20,0.0,0.0496894409937888,161,8,0.2352941176470588,13,13,0,13,0,0.6764705882352942,0.0,34,2025-01-10,2025-08-30,True,749.5016455177667,0.0326923076923076,-69.94743193987514,1112.8577840828648,-80.7027633506931,reversal,,RUB->KZT
reversal,TJS,oot,,20,0.0833333333333333,0.1666666666666666,228,38,0.7169811320754716,12,12,0,12,0,0.7735849056603774,0.0,53,2025-09-02,2026-09-02,True,325.9487871522673,0.0954166666666666,25.05360277010016,456.7771137233233,41.26769166235749,reversal,,RUB->TJS
reversal,TJS,wf_2022,,20,0.3076923076923077,0.1902834008097166,247,47,0.9215686274509804,13,13,0,13,0,0.7647058823529411,0.0,51,2022-01-11,2022-12-31,True,2060.545673855259,0.2776923076923077,48.81078293492711,3119.034364877871,176.69232198264783,reversal,,RUB->TJS
reversal,TJS,wf_2023,,20,0.1666666666666666,0.2307692307692307,247,57,1.1176470588235294,6,6,0,6,0,0.8823529411764706,0.0,51,2023-01-10,2023-12-30,True,375.4277219802301,0.165,-30.722209843611655,652.27130815834,-22.552608084182214,reversal,,RUB->TJS
reversal,TJS,wf_2024,,20,0.0833333333333333,0.1854838709677419,248,46,0.9019607843137256,12,12,0,12,0,0.7647058823529411,0.0,51,2024-01-10,2024-12-29,True,499.99285623846754,0.125,46.69223821318996,809.1024937290183,88.03480121287605,reversal,,RUB->TJS
reversal,TJS,wf_2025,,20,0.2,0.1801242236024844,161,29,0.8529411764705882,10,10,0,10,0,0.7352941176470589,0.0,34,2025-01-10,2025-08-30,True,1095.3163702419135,0.116,-132.76653097330373,1461.1376621967338,-115.25892863679675,reversal,,RUB->TJS
reversal,UZS,oot,,20,0.1111111111111111,0.2105263157894736,228,48,0.9056603773584906,9,9,0,9,0,0.8301886792452831,0.0,53,2025-09-02,2026-09-02,True,318.7106000895783,0.1383333333333333,12.557258276077487,439.2538437544732,16.494789455434095,reversal,,RUB->UZS
reversal,UZS,wf_2022,,20,0.2,0.1538461538461538,247,38,0.7450980392156863,15,15,0,15,0,0.7254901960784313,0.0,51,2022-01-11,2022-12-31,True,2303.708255980171,0.1389999999999999,-75.06867529947722,2768.3113275840356,-40.083527200243104,reversal,,RUB->UZS
reversal,UZS,wf_2023,,20,0.1428571428571428,0.2226720647773279,247,55,1.0784313725490196,7,7,0,7,0,0.8627450980392157,0.0,51,2023-01-10,2023-12-30,True,401.81637756400994,0.1757142857142856,-16.67372698322074,709.4031060283219,-12.39530763242585,reversal,,RUB->UZS
reversal,UZS,wf_2024,,20,0.1,0.1814516129032258,248,45,0.8823529411764706,10,10,0,10,0,0.803921568627451,0.0,51,2024-01-10,2024-12-29,True,438.801178086679,0.164,28.792794918985248,795.9521742851207,75.4816124937747,reversal,,RUB->UZS
reversal,UZS,wf_2025,,20,0.0625,0.0745341614906832,161,12,0.3529411764705882,16,16,0,16,0,0.5882352941176471,0.0,34,2025-01-10,2025-08-30,True,1063.920103541504,0.0465625,-104.94880753923816,1366.992111285413,-98.32171674999216,reversal,,RUB->UZS
seasonality,AMD,oot,,20,0.12,0.1842105263157894,228,42,0.7924528301886793,50,50,0,50,0,0.7547169811320755,0.1886792452830188,53,2025-09-02,2026-09-02,True,571.9870732514529,0.1251,-14.067106745256991,579.9101390435972,-14.933887267596525,seasonality,,RUB->AMD
seasonality,AMD,wf_2022,,20,0.0816326530612244,0.1700404858299595,247,42,0.8235294117647058,49,49,0,49,0,0.7254901960784313,0.1764705882352941,51,2022-01-11,2022-12-31,True,3074.452776019401,0.0856122448979591,-163.55367292566532,3160.8292874269105,-135.015366986912,seasonality,,RUB->AMD
seasonality,AMD,wf_2023,,20,0.2916666666666667,0.291497975708502,247,72,1.411764705882353,48,48,0,48,0,0.7450980392156863,0.196078431372549,51,2023-01-10,2023-12-30,True,778.7242846497882,0.2689583333333333,71.30933161371522,786.6992382858539,74.53067085776358,seasonality,,RUB->AMD
seasonality,AMD,wf_2024,,20,0.18,0.2137096774193548,248,53,1.03921568627451,50,50,0,50,0,0.7254901960784313,0.1764705882352941,51,2024-01-10,2024-12-29,True,889.9412625034686,0.1551999999999999,22.761933777682646,942.6059257935526,34.96633442136951,seasonality,,RUB->AMD
seasonality,AMD,wf_2025,,20,0.0,0.093167701863354,161,15,0.4411764705882353,38,38,0,38,0,0.6470588235294118,0.2352941176470588,34,2025-01-10,2025-08-30,True,1056.7227438428888,0.0067105263157894,-152.6585578816582,1224.5186211549649,-153.08688647866128,seasonality,,RUB->AMD
seasonality,KGS,oot,,20,0.1470588235294117,0.1666666666666666,228,38,0.7169811320754716,39,34,5,34,5,0.7924528301886793,0.1320754716981132,53,2025-09-02,2026-09-02,True,992.8240274448616,0.1677941176470588,-68.17968508658267,1220.906039176303,-72.1282924105643,seasonality,,RUB->KGS
seasonality,KGS,wf_2022,,20,0.1132075471698113,0.1659919028340081,247,41,0.803921568627451,53,53,0,53,0,0.7058823529411765,0.2156862745098039,51,2022-01-11,2022-12-31,True,3164.004786139098,0.0791509433962264,-143.08493516553082,3475.1548671849455,-152.18713687341085,seasonality,,RUB->KGS
seasonality,KGS,wf_2023,,20,0.2096774193548387,0.2591093117408907,247,64,1.2549019607843137,62,62,0,62,0,0.6274509803921569,0.2549019607843137,51,2023-01-10,2023-12-30,True,732.2359232303817,0.217016129032258,64.29623682855474,749.939497036958,73.66177086197125,seasonality,,RUB->KGS
seasonality,KGS,wf_2024,,20,0.1206896551724138,0.2096774193548387,248,52,1.0196078431372548,58,58,0,58,0,0.6666666666666666,0.2352941176470588,51,2024-01-10,2024-12-29,True,709.7748424451073,0.125603448275862,34.46598198972834,776.2819524007739,39.98545910025083,seasonality,,RUB->KGS
seasonality,KGS,wf_2025,,20,0.081081081081081,0.0993788819875776,161,16,0.4705882352941176,37,37,0,37,0,0.6764705882352942,0.2352941176470588,34,2025-01-10,2025-08-30,True,914.5669627605048,0.0759459459459459,-91.49384278814529,949.190724291082,-86.61591650812012,seasonality,,RUB->KGS
seasonality,KZT,oot,,20,0.1346153846153846,0.2105263157894736,228,48,0.9056603773584906,52,52,0,52,0,0.6981132075471698,0.1698113207547169,53,2025-09-02,2026-09-02,True,1130.7810990343353,0.1642307692307692,-27.438264004246193,1161.8265163297408,-36.07235654576578,seasonality,,RUB->KZT
seasonality,KZT,wf_2022,,20,0.1509433962264151,0.145748987854251,247,36,0.7058823529411765,53,53,0,53,0,0.7254901960784313,0.196078431372549,51,2022-01-11,2022-12-31,True,3122.4459799176,0.1321698113207547,-143.20987901340916,3364.2312109434056,-137.1401254028804,seasonality,,RUB->KZT
seasonality,KZT,wf_2023,,20,0.1694915254237288,0.2226720647773279,247,55,1.0784313725490196,59,59,0,59,0,0.6862745098039216,0.2352941176470588,51,2023-01-10,2023-12-30,True,600.1197456912757,0.2002542372881355,131.76542398664904,596.924129654259,125.637697920692,seasonality,,RUB->KZT
seasonality,KZT,wf_2024,,20,0.0535714285714285,0.1532258064516129,248,38,0.7450980392156863,56,56,0,56,0,0.6862745098039216,0.2156862745098039,51,2024-01-10,2024-12-29,True,890.9082716854404,0.0642857142857143,-68.53774849168117,991.1188215579656,-66.69951278889472,seasonality,,RUB->KZT
seasonality,KZT,wf_2025,,20,0.0,0.0496894409937888,161,8,0.2352941176470588,40,40,0,40,0,0.6176470588235294,0.2352941176470588,34,2025-01-10,2025-08-30,True,988.6172290698464,0.031375,-124.3381753021757,1023.3166173760244,-129.8858081254817,seasonality,,RUB->KZT
seasonality,TJS,oot,,20,0.3260869565217391,0.1666666666666666,228,38,0.7169811320754716,47,46,1,46,1,0.6981132075471698,0.1509433962264151,53,2025-09-02,2026-09-02,True,981.369650497629,0.3448913043478261,50.68899560302591,1055.5803980992985,44.91419027051953,seasonality,,RUB->TJS
seasonality,TJS,wf_2022,,20,0.0416666666666666,0.1902834008097166,247,47,0.9215686274509804,48,48,0,48,0,0.7647058823529411,0.196078431372549,51,2022-01-11,2022-12-31,True,5604.127859029828,0.0327083333333333,-469.2499617929355,5926.869878626678,-490.06422728434063,seasonality,,RUB->TJS
seasonality,TJS,wf_2023,,20,0.1666666666666666,0.2307692307692307,247,57,1.1176470588235294,48,48,0,48,0,0.7450980392156863,0.1764705882352941,51,2023-01-10,2023-12-30,True,753.2068199305369,0.1751041666666666,80.11464173563859,767.30527410838,83.91224302789169,seasonality,,RUB->TJS
seasonality,TJS,wf_2024,,20,0.2549019607843137,0.1854838709677419,248,46,0.9019607843137256,51,51,0,51,0,0.7058823529411765,0.2156862745098039,51,2024-01-10,2024-12-29,True,683.4416064610544,0.2491176470588235,89.25470223248028,755.200989342251,97.3164405975121,seasonality,,RUB->TJS
seasonality,TJS,wf_2025,,20,0.0909090909090909,0.1801242236024844,161,29,0.8529411764705882,33,33,0,33,0,0.7058823529411765,0.1764705882352941,34,2025-01-10,2025-08-30,True,964.0068389821988,0.1395454545454545,-27.467518036819424,995.0048610412688,-35.09042852100866,seasonality,,RUB->TJS
seasonality,UZS,oot,,20,0.1904761904761904,0.2105263157894736,228,48,0.9056603773584906,48,42,6,42,6,0.7547169811320755,0.1698113207547169,53,2025-09-02,2026-09-02,True,1002.6078090038402,0.1945238095238095,-27.90701290476745,1165.8924224526493,-31.59669985836129,seasonality,,RUB->UZS
seasonality,UZS,wf_2022,,20,0.1153846153846153,0.1538461538461538,247,38,0.7450980392156863,52,52,0,52,0,0.7058823529411765,0.2156862745098039,51,2022-01-11,2022-12-31,True,4892.4324186895,0.1003846153846154,-308.1994125534639,5463.400663280436,-317.270541488749,seasonality,,RUB->UZS
seasonality,UZS,wf_2023,,20,0.1851851851851851,0.2226720647773279,247,55,1.0784313725490196,54,54,0,54,0,0.7058823529411765,0.196078431372549,51,2023-01-10,2023-12-30,True,779.0633442503884,0.1805555555555555,86.66314836571551,811.5284171232041,89.64801397673715,seasonality,,RUB->UZS
seasonality,UZS,wf_2024,,20,0.074074074074074,0.1814516129032258,248,45,0.8823529411764706,54,54,0,54,0,0.6862745098039216,0.2156862745098039,51,2024-01-10,2024-12-29,True,797.0492247502525,0.1074074074074074,-18.77965568571011,810.9163446848153,-23.519209110039977,seasonality,,RUB->UZS
seasonality,UZS,wf_2025,,20,0.0967741935483871,0.0745341614906832,161,12,0.3529411764705882,31,31,0,31,0,0.7352941176470589,0.1764705882352941,34,2025-01-10,2025-08-30,True,1004.1687907647544,0.0838709677419354,-47.838431059651285,1038.8785397003064,-40.300940139654806,seasonality,,RUB->UZS
catboost_a,AMD,wf_oos,5.0,20,0.1098901098901098,0.2134146341463414,656,140,1.0144927536231885,91,91,0,91,0,0.6956521739130435,0.1014492753623188,138,2023-01-10,2025-08-30,True,1037.4200103811413,0.1006043956043956,-54.24441471020602,1097.6223154467898,-43.25090578231806,catboost,A,RUB->AMD
catboost_a,KGS,wf_oos,5.0,20,0.116504854368932,0.2012195121951219,656,132,0.9565217391304348,103,103,0,103,0,0.6521739130434783,0.1014492753623188,138,2023-01-10,2025-08-30,False,,0.1157766990291261,-12.732351912654032,1107.535938318779,-3.936371054048688,catboost,A,RUB->KGS
catboost_a,KZT,wf_oos,5.0,20,0.09,0.1539634146341463,656,101,0.7318840579710145,100,100,0,100,0,0.6594202898550725,0.108695652173913,138,2023-01-10,2025-08-30,False,,0.0978,-26.196750285120416,1152.771925998667,-24.840656206518773,catboost,A,RUB->KZT
catboost_a,TJS,wf_oos,5.0,20,0.1818181818181818,0.2012195121951219,656,132,0.9565217391304348,99,99,0,99,0,0.6884057971014492,0.1159420289855072,138,2023-01-10,2025-08-30,True,1162.3040635446782,0.1859595959595959,6.39605769641975,1173.0856546488733,12.23618583532125,catboost,A,RUB->TJS
catboost_a,UZS,wf_oos,5.0,20,0.0652173913043478,0.1707317073170731,656,112,0.8115942028985508,92,92,0,92,0,0.6884057971014492,0.1014492753623188,138,2023-01-10,2025-08-30,True,1147.7628234034962,0.0946195652173913,-38.640913295799464,1148.0161603222386,-38.625148000165304,catboost,A,RUB->UZS
catboost_ab,AMD,wf_oos,5.0,20,0.1970802919708029,0.2134146341463414,656,140,1.0144927536231885,137,137,0,137,0,0.7028985507246377,0.1956521739130435,138,2023-01-10,2025-08-30,False,,0.1893065693430657,24.560924053095867,787.4966817565645,34.91485005627216,catboost,"A,B",RUB->AMD
catboost_ab,KGS,wf_oos,5.0,20,0.1847133757961783,0.2012195121951219,656,132,0.9565217391304348,157,157,0,157,0,0.6304347826086957,0.2246376811594203,138,2023-01-10,2025-08-30,False,,0.1751910828025477,51.876361632698426,763.9120088605601,70.79630754069346,catboost,"A,B",RUB->KGS
catboost_ab,KZT,wf_oos,5.0,20,0.1631205673758865,0.1539634146341463,656,101,0.7318840579710145,141,141,0,141,0,0.6666666666666666,0.1956521739130435,138,2023-01-10,2025-08-30,False,,0.1570921985815603,81.89751023098333,658.2044696400534,94.22796688776523,catboost,"A,B",RUB->KZT
catboost_ab,TJS,wf_oos,5.0,20,0.2032520325203252,0.2012195121951219,656,132,0.9565217391304348,123,123,0,123,0,0.7028985507246377,0.181159420289855,138,2023-01-10,2025-08-30,False,,0.186869918699187,64.07275902303587,773.7398855005731,78.16564375829601,catboost,"A,B",RUB->TJS
catboost_ab,UZS,wf_oos,5.0,20,0.1478873239436619,0.1707317073170731,656,112,0.8115942028985508,142,142,0,142,0,0.6811594202898551,0.2028985507246377,138,2023-01-10,2025-08-30,False,,0.1460915492957746,31.725163689280706,827.0458128400267,41.430335419510115,catboost,"A,B",RUB->UZS
catboost_abc,AMD,wf_oos,5.0,20,0.1428571428571428,0.2134146341463414,656,140,1.0144927536231885,21,21,0,21,0,0.927536231884058,0.0289855072463768,138,2023-01-10,2025-08-30,True,752.7040130024245,0.1423809523809523,-1.4505984860608383,760.7476901635232,3.955621581871618,catboost,"A,B,C",RUB->AMD
catboost_abc,KGS,wf_oos,5.0,20,0.2941176470588235,0.2012195121951219,656,132,0.9565217391304348,34,34,0,34,0,0.8840579710144928,0.036231884057971,138,2023-01-10,2025-08-30,True,728.7407472175507,0.2785294117647059,136.02023167611893,769.9912334381863,160.21378798393647,catboost,"A,B,C",RUB->KGS
catboost_abc,KZT,wf_oos,5.0,20,0.3333333333333333,0.1539634146341463,656,101,0.7318840579710145,12,12,0,12,0,0.9637681159420288,0.0144927536231884,138,2023-01-10,2025-08-30,True,240.39612970042157,0.3083333333333333,263.38684420762627,367.682662687767,282.32964719592763,catboost,"A,B,C",RUB->KZT
catboost_abc,TJS,wf_oos,5.0,20,0.3157894736842105,0.2012195121951219,656,132,0.9565217391304348,19,19,0,19,0,0.927536231884058,0.0144927536231884,138,2023-01-10,2025-08-30,True,693.3410231809277,0.2736842105263158,132.16356056735845,786.055097329989,130.06120119335125,catboost,"A,B,C",RUB->TJS
catboost_abc,UZS,wf_oos,5.0,20,0.1851851851851851,0.1707317073170731,656,112,0.8115942028985508,27,27,0,27,0,0.9057971014492754,0.0289855072463768,138,2023-01-10,2025-08-30,True,777.940444028525,0.186111111111111,85.73288055600746,821.5311212399939,91.01058245368624,catboost,"A,B,C",RUB->UZS
catboost_abcd,AMD,wf_oos,5.0,20,0.1739130434782608,0.2134146341463414,656,140,1.0144927536231885,92,92,0,92,0,0.7681159420289855,0.1159420289855072,138,2023-01-10,2025-08-30,True,886.5597027196736,0.1639673913043478,-17.648075671561923,876.0996053448534,-19.856701833866076,catboost,"A,B,C,D",RUB->AMD
catboost_abcd,KGS,wf_oos,5.0,20,0.2,0.2012195121951219,656,132,0.9565217391304348,95,95,0,95,0,0.7028985507246377,0.1231884057971014,138,2023-01-10,2025-08-30,True,886.255621596415,0.2013157894736842,25.300860191234815,887.6702053144178,27.973247201857003,catboost,"A,B,C,D",RUB->KGS
catboost_abcd,KZT,wf_oos,5.0,20,0.1590909090909091,0.1539634146341463,656,101,0.7318840579710145,88,88,0,88,0,0.7246376811594203,0.108695652173913,138,2023-01-10,2025-08-30,True,933.398395997592,0.1522159090909091,44.4185558819347,952.4611769237828,45.15156985359383,catboost,"A,B,C,D",RUB->KZT
catboost_abcd,TJS,wf_oos,5.0,20,0.2236842105263158,0.2012195121951219,656,132,0.9565217391304348,76,76,0,76,0,0.7608695652173914,0.0942028985507246,138,2023-01-10,2025-08-30,True,930.2806496399884,0.1854605263157894,24.57989492884142,964.0619531328572,37.98643251801934,catboost,"A,B,C,D",RUB->TJS
catboost_abcd,UZS,wf_oos,5.0,20,0.1744186046511628,0.1707317073170731,656,112,0.8115942028985508,86,86,0,86,0,0.7391304347826086,0.0942028985507246,138,2023-01-10,2025-08-30,True,980.1297322747108,0.1647674418604651,-3.740304747088888,975.8166768387528,3.924300598576201,catboost,"A,B,C,D",RUB->UZS
level,AMD,wf_oos,,20,0.1134751773049645,0.2134146341463414,656,140,1.0144927536231885,141,141,0,141,0,0.7246376811594203,0.217391304347826,138,2023-01-10,2025-08-30,False,,0.0912765957446808,-33.05775849784484,1097.4885249953318,-15.994121395055176,level,,RUB->AMD
level,KGS,wf_oos,,20,0.1259259259259259,0.2012195121951219,656,132,0.9565217391304348,135,135,0,135,0,0.7391304347826086,0.2028985507246377,138,2023-01-10,2025-08-30,False,,0.1192962962962963,-48.94774647081648,1201.819918821562,-35.541264764352874,level,,RUB->KGS
level,KZT,wf_oos,,20,0.0552486187845303,0.1539634146341463,656,101,0.7318840579710145,181,181,0,181,0,0.6666666666666666,0.2681159420289855,138,2023-01-10,2025-08-30,False,,0.0435082872928176,-120.78065644107626,1075.0366252747408,-106.79094319891726,level,,RUB->KZT
level,TJS,wf_oos,,20,0.1647058823529411,0.2012195121951219,656,132,0.9565217391304348,85,85,0,85,0,0.8260869565217391,0.1231884057971014,138,2023-01-10,2025-08-30,True,1241.2975390762383,0.1352941176470588,7.935326615636775,1295.4258324463212,36.014786057270136,level,,RUB->TJS
level,UZS,wf_oos,,20,0.1025641025641025,0.1707317073170731,656,112,0.8115942028985508,156,156,0,156,0,0.6956521739130435,0.2536231884057971,138,2023-01-10,2025-08-30,False,,0.0921794871794872,-48.37718162986912,1109.7701885458766,-33.30419262572938,level,,RUB->UZS
logreg_a,AMD,wf_oos,5.0,20,0.1139240506329113,0.2134146341463414,656,140,1.0144927536231885,79,79,0,79,0,0.6956521739130435,0.072463768115942,138,2023-01-10,2025-08-30,True,1037.4200103811413,0.1243670886075949,-27.232066020232388,1126.869862166118,-17.300859862714372,logreg,A,RUB->AMD
logreg_a,KGS,wf_oos,5.0,20,0.1234567901234567,0.2012195121951219,656,132,0.9565217391304348,81,81,0,81,0,0.6811594202898551,0.072463768115942,138,2023-01-10,2025-08-30,True,1144.761025247891,0.1455555555555555,6.872159488589967,1148.186556471912,-0.1729122897394571,logreg,A,RUB->KGS
logreg_a,KZT,wf_oos,5.0,20,0.0602409638554216,0.1539634146341463,656,101,0.7318840579710145,83,83,0,83,0,0.6666666666666666,0.0797101449275362,138,2023-01-10,2025-08-30,True,1126.0643406313172,0.0812048192771084,-32.73350980277071,1122.4993111124986,-39.34823083890033,logreg,A,RUB->KZT
logreg_a,TJS,wf_oos,5.0,20,0.2048192771084337,0.2012195121951219,656,132,0.9565217391304348,83,83,0,83,0,0.6884057971014492,0.0869565217391304,138,2023-01-10,2025-08-30,True,1162.3040635446782,0.2114457831325301,40.26007088566779,1174.427535230502,43.81868667705984,logreg,A,RUB->TJS
logreg_a,UZS,wf_oos,5.0,20,0.0649350649350649,0.1707317073170731,656,112,0.8115942028985508,77,77,0,77,0,0.6739130434782609,0.072463768115942,138,2023-01-10,2025-08-30,True,1147.7628234034962,0.1242857142857142,-11.720516072165328,1201.509227965821,-21.571064711302935,logreg,A,RUB->UZS
logreg_ab,AMD,wf_oos,5.0,20,0.175,0.2134146341463414,656,140,1.0144927536231885,40,40,0,40,0,0.8623188405797102,0.0434782608695652,138,2023-01-10,2025-08-30,True,792.2740379253224,0.184375,38.083086506303765,934.5765868294454,47.394770576383415,logreg,"A,B",RUB->AMD
logreg_ab,KGS,wf_oos,5.0,20,0.1212121212121212,0.2012195121951219,656,132,0.9565217391304348,33,33,0,33,0,0.8768115942028986,0.036231884057971,138,2023-01-10,2025-08-30,True,549.8342225141437,0.1478787878787879,83.0901897739869,742.3517661066048,87.93527452231893,logreg,"A,B",RUB->KGS
logreg_ab,KZT,wf_oos,5.0,20,0.0333333333333333,0.1539634146341463,656,101,0.7318840579710145,30,30,0,30,0,0.8695652173913043,0.0289855072463768,138,2023-01-10,2025-08-30,True,1005.1030057259208,0.1,-48.41465046592781,1200.3073401360164,-33.594205541903435,logreg,"A,B",RUB->KZT
logreg_ab,TJS,wf_oos,5.0,20,0.2553191489361702,0.2012195121951219,656,132,0.9565217391304348,47,47,0,47,0,0.8333333333333334,0.0507246376811594,138,2023-01-10,2025-08-30,True,765.1493032170495,0.265531914893617,99.83200932997528,781.8625345450095,107.09268168004856,logreg,"A,B",RUB->TJS
logreg_ab,UZS,wf_oos,5.0,20,0.1111111111111111,0.1707317073170731,656,112,0.8115942028985508,27,27,0,27,0,0.8768115942028986,0.0217391304347826,138,2023-01-10,2025-08-30,True,447.2577641406041,0.1516666666666666,69.19195400374646,661.0585279265756,76.55596104451833,logreg,"A,B",RUB->UZS
logreg_abc,AMD,wf_oos,5.0,20,,0.2134146341463414,656,140,1.0144927536231885,0,0,0,0,0,1.0,0.0,138,2023-01-10,2025-08-30,True,,,,,,logreg,"A,B,C",RUB->AMD
logreg_abc,KGS,wf_oos,5.0,20,,0.2012195121951219,656,132,0.9565217391304348,0,0,0,0,0,1.0,0.0,138,2023-01-10,2025-08-30,True,,,,,,logreg,"A,B,C",RUB->KGS
logreg_abc,KZT,wf_oos,5.0,20,,0.1539634146341463,656,101,0.7318840579710145,0,0,0,0,0,1.0,0.0,138,2023-01-10,2025-08-30,True,,,,,,logreg,"A,B,C",RUB->KZT
logreg_abc,TJS,wf_oos,5.0,20,0.3333333333333333,0.2012195121951219,656,132,0.9565217391304348,3,3,0,3,0,0.9855072463768116,0.0,138,2023-01-10,2025-08-30,True,520.3169175410949,0.1316666666666666,52.866382588220915,790.1049314425554,29.849424292966244,logreg,"A,B,C",RUB->TJS
logreg_abc,UZS,wf_oos,5.0,20,,0.1707317073170731,656,112,0.8115942028985508,0,0,0,0,0,1.0,0.0,138,2023-01-10,2025-08-30,True,,,,,,logreg,"A,B,C",RUB->UZS
logreg_abcd,AMD,wf_oos,5.0,20,0.1956521739130435,0.2134146341463414,656,140,1.0144927536231885,46,46,0,46,0,0.8043478260869565,0.0289855072463768,138,2023-01-10,2025-08-30,True,1109.494733044164,0.1782608695652174,-28.554630462491783,1125.279853702874,-20.21687112056996,logreg,"A,B,C,D",RUB->AMD
logreg_abcd,KGS,wf_oos,5.0,20,0.1904761904761904,0.2012195121951219,656,132,0.9565217391304348,21,21,0,21,0,0.8985507246376812,0.0072463768115942,138,2023-01-10,2025-08-30,True,723.5937274145421,0.1916666666666666,27.645320865933673,1020.7444934918326,30.20770071258888,logreg,"A,B,C,D",RUB->KGS
logreg_abcd,KZT,wf_oos,5.0,20,0.1428571428571428,0.1539634146341463,656,101,0.7318840579710145,14,14,0,14,0,0.927536231884058,0.0072463768115942,138,2023-01-10,2025-08-30,True,683.9708887081604,0.0957142857142857,-107.98267454177665,1166.3108197807194,-84.05229890000055,logreg,"A,B,C,D",RUB->KZT
logreg_abcd,TJS,wf_oos,5.0,20,0.3548387096774194,0.2012195121951219,656,132,0.9565217391304348,31,31,0,31,0,0.8840579710144928,0.0289855072463768,138,2023-01-10,2025-08-30,True,941.1572676081464,0.2793548387096774,89.92640071350355,1055.6815045446838,111.03167787194155,logreg,"A,B,C,D",RUB->TJS
logreg_abcd,UZS,wf_oos,5.0,20,0.25,0.1707317073170731,656,112,0.8115942028985508,24,24,0,24,0,0.8913043478260869,0.0144927536231884,138,2023-01-10,2025-08-30,True,740.4368535571405,0.2814583333333333,97.758757940057,1060.7574371502733,115.3188882365841,logreg,"A,B,C,D",RUB->UZS
momentum,AMD,wf_oos,,20,0.2022471910112359,0.2134146341463414,656,140,1.0144927536231885,89,89,0,89,0,0.6521739130434783,0.072463768115942,138,2023-01-10,2025-08-30,True,1121.1363777013853,0.1292696629213483,-19.47462081422906,1157.226098819904,37.179615412012126,momentum,,RUB->AMD
momentum,KGS,wf_oos,,20,0.1630434782608695,0.2012195121951219,656,132,0.9565217391304348,92,92,0,92,0,0.6594202898550725,0.0869565217391304,138,2023-01-10,2025-08-30,True,947.465071739964,0.0944021739130434,-43.69204281851859,1148.2222240945018,15.576939198514966,momentum,,RUB->KGS
momentum,KZT,wf_oos,,20,0.1428571428571428,0.1539634146341463,656,101,0.7318840579710145,84,84,0,84,0,0.6159420289855072,0.0434782608695652,138,2023-01-10,2025-08-30,True,951.3771996183395,0.1048809523809523,-17.81204118842083,1090.0134971836171,40.295288391946606,momentum,,RUB->KZT
momentum,TJS,wf_oos,,20,0.1829268292682926,0.2012195121951219,656,132,0.9565217391304348,82,82,0,82,0,0.6884057971014492,0.0652173913043478,138,2023-01-10,2025-08-30,True,952.429762414396,0.1299390243902439,-15.053309962800808,1148.7216022960397,34.639603980225914,momentum,,RUB->TJS
momentum,UZS,wf_oos,,20,0.1515151515151515,0.1707317073170731,656,112,0.8115942028985508,99,99,0,99,0,0.6014492753623188,0.0869565217391304,138,2023-01-10,2025-08-30,True,934.8710699755331,0.0748989898989899,-53.401739958115385,1130.303138765643,12.413217481577997,momentum,,RUB->UZS
random,AMD,wf_oos,,20,0.2442396313364055,0.2134146341463414,656,140,1.0144927536231885,217,217,0,217,0,0.1521739130434782,0.1739130434782608,138,2023-01-10,2025-08-30,False,,0.2269585253456221,67.11974603586735,1046.8971050583991,75.8904718316099,random,,RUB->AMD
random,KGS,wf_oos,,20,0.2420091324200913,0.2012195121951219,656,132,0.9565217391304348,219,219,0,219,0,0.1594202898550724,0.1666666666666666,138,2023-01-10,2025-08-30,False,,0.2200913242009132,52.63398651380197,1005.3679765166002,56.348728109595086,random,,RUB->KGS
random,KZT,wf_oos,,20,0.18,0.1539634146341463,656,101,0.7318840579710145,200,200,0,200,0,0.1594202898550724,0.1521739130434782,138,2023-01-10,2025-08-30,False,,0.15475,11.25213209395085,1099.7496744269613,5.075411033545634,random,,RUB->KZT
random,TJS,wf_oos,,20,0.1711229946524064,0.2012195121951219,656,132,0.9565217391304348,187,187,0,187,0,0.2318840579710145,0.144927536231884,138,2023-01-10,2025-08-30,False,,0.1599465240641711,18.593007133683248,1300.006550764222,11.96255891864136,random,,RUB->TJS
random,UZS,wf_oos,,20,0.1830985915492957,0.1707317073170731,656,112,0.8115942028985508,213,213,0,213,0,0.1304347826086956,0.1884057971014492,138,2023-01-10,2025-08-30,False,,0.1782159624413145,25.197760080533797,1174.0133628420326,17.29883281416419,random,,RUB->UZS
reversal,AMD,wf_oos,,20,0.0689655172413793,0.2134146341463414,656,140,1.0144927536231885,29,29,0,29,0,0.7971014492753623,0.0,138,2023-01-10,2025-08-30,True,966.4882328682482,0.1062068965517241,-43.673326975804315,1134.1504829719586,-15.501070242445476,reversal,,RUB->AMD
reversal,KGS,wf_oos,,20,0.1,0.2012195121951219,656,132,0.9565217391304348,30,30,0,30,0,0.7971014492753623,0.0,138,2023-01-10,2025-08-30,True,1100.0731905723708,0.1261666666666666,-57.995584587590926,1385.1266459217704,-62.29383889616528,reversal,,RUB->KGS
reversal,KZT,wf_oos,,20,0.0909090909090909,0.1539634146341463,656,101,0.7318840579710145,33,33,0,33,0,0.782608695652174,0.0,138,2023-01-10,2025-08-30,True,1105.050499160517,0.0834848484848484,-34.989615972908894,1227.5826652225096,-25.83871928526164,reversal,,RUB->KZT
reversal,TJS,wf_oos,,20,0.1428571428571428,0.2012195121951219,656,132,0.9565217391304348,28,28,0,28,0,0.8043478260869565,0.0,138,2023-01-10,2025-08-30,True,1097.1505476845405,0.1316071428571428,-29.431401900120164,1378.585706564078,-8.267404297091023,reversal,,RUB->TJS
reversal,UZS,wf_oos,,20,0.0909090909090909,0.1707317073170731,656,112,0.8115942028985508,33,33,0,33,0,0.7753623188405797,0.0,138,2023-01-10,2025-08-30,True,1063.920103541504,0.1101515151515151,-45.115158139686834,1307.756232680841,-27.42722716633662,reversal,,RUB->UZS
seasonality,AMD,wf_oos,,20,0.1691176470588235,0.2134146341463414,656,140,1.0144927536231885,136,136,0,136,0,0.717391304347826,0.1956521739130435,138,2023-01-10,2025-08-30,False,,0.153860294117647,-9.203005452724724,1063.487751455582,-3.6140644407941287,seasonality,,RUB->AMD
seasonality,KGS,wf_oos,,20,0.1464968152866242,0.2012195121951219,656,132,0.9565217391304348,157,157,0,157,0,0.6594202898550725,0.2391304347826087,138,2023-01-10,2025-08-30,False,,0.1504458598726114,16.39089940151395,873.6067268374899,23.448391786345994,seasonality,,RUB->KGS
seasonality,KZT,wf_oos,,20,0.0838709677419354,0.1539634146341463,656,101,0.7318840579710145,155,155,0,155,0,0.6739130434782609,0.2246376811594203,138,2023-01-10,2025-08-30,False,,0.1080645161290322,-7.083835877709382,989.565403696726,-9.79342492823577,seasonality,,RUB->KZT
seasonality,TJS,wf_oos,,20,0.1818181818181818,0.2012195121951219,656,132,0.9565217391304348,132,132,0,132,0,0.7246376811594203,0.1884057971014492,138,2023-01-10,2025-08-30,False,,0.1948863636363636,56.299191494679725,917.9225341415906,59.340469656201755,seasonality,,RUB->TJS
seasonality,UZS,wf_oos,,20,0.1223021582733813,0.1707317073170731,656,112,0.8115942028985508,139,139,0,139,0,0.7101449275362319,0.1956521739130435,138,2023-01-10,2025-08-30,False,,0.130431654676259,15.442107131640707,963.9804571030362,16.702347614908984,seasonality,,RUB->UZS
